CLAVE_ART,TITULO
1,Art. 1: Diseno de APIs REST
2,Art. 2: Ingenieria de Software
3,Art. 3: SO Distribuidos
4,Art. 4: Ciberseguridad
5,Art. 5: Analisis Estadistico
6,Art. 6: Enrutamiento
7,Art. 7: Riesgos Industriales con IA
8,Art. 8: Contenedores Docker
9,Art. 9: Business Intelligence
10,Art. 10: Sistemas Embebidos
11,Art. 11: Blockchain
12,Art. 12: DevOps
13,Art. 13: Redes Fisicas
14,Art. 14: Blockchain
15,Art. 15: Ingenieria de Software
16,Art. 16: Ciberseguridad
17,Art. 17: DevOps
18,Art. 18: Mineria de Datos
19,Art. 19: Lenguaje Natural (NLP)
20,Art. 20: Machine Learning
21,Art. 21: Criptografia
22,Art. 22: Enrutamiento
23,Art. 23: Ingenieria de Software
24,Art. 24: Seguridad Industrial
25,Art. 25: Cableado Estructurado
26,Art. 26: IoT y Domotica
27,Art. 27: Diseno de APIs REST
28,Art. 28: DevOps
29,Art. 29: Sistemas Embebidos
30,Art. 30: Cableado Estructurado
31,Art. 31: Telemetria
32,Art. 32: Lenguaje Natural (NLP)
33,Art. 33: Redes Fisicas
34,Art. 34: Business Intelligence
35,Art. 35: Bases de Datos
36,Art. 36: Redes Neuronales
37,Art. 37: DevOps
38,Art. 38: Contenedores Docker
39,Art. 39: Ciberseguridad
40,Art. 40: Bases de Datos
41,Art. 41: Desarrollo Movil
42,Art. 42: Lenguaje Natural (NLP)
43,Art. 43: Sistemas de Control
44,Art. 44: Realidad Aumentada
45,Art. 45: Blockchain
46,Art. 46: Telemetria
47,Art. 47: Enrutamiento
48,Art. 48: Computacion Cuantica
49,Art. 49: Analisis Estadistico
50,Art. 50: Desarrollo Movil
51,Art. 51: Analisis Estadistico
52,Art. 52: Robotica Industrial
53,Art. 53: Contenedores Docker
54,Art. 54: Diseno de APIs REST
55,Art. 55: Diseno de APIs REST
56,Art. 56: Pipelines ETL
57,Art. 57: Big Data
58,Art. 58: Desarrollo Movil
59,Art. 59: Analisis Estadistico
60,Art. 60: Mineria de Datos
61,Art. 61: Bases de Datos
62,Art. 62: Bases de Datos
63,Art. 63: Sistemas Embebidos
64,Art. 64: Backtesting de Algoritmos
65,Art. 65: Sistemas Embebidos
66,Art. 66: Seguridad Industrial
67,Art. 67: Desarrollo Movil
68,Art. 68: Vision Artificial
69,Art. 69: Automatizacion de Pruebas
70,Art. 70: Big Data
71,Art. 71: Big Data
72,Art. 72: Diseno de APIs REST
73,Art. 73: Pipelines ETL
74,Art. 74: Edge Computing
75,Art. 75: Machine Learning
76,Art. 76: Vision Artificial
77,Art. 77: Redes Fisicas
78,Art. 78: Mineria de Datos
79,Art. 79: Cableado Estructurado
80,Art. 80: Computacion Cuantica
81,Art. 81: Bases de Datos
82,Art. 82: Modelos Probabilisticos
83,Art. 83: Analisis Estadistico
84,Art. 84: Algoritmos Predictivos
85,Art. 85: Optimizacion SQL
86,Art. 86: Realidad Aumentada
87,Art. 87: Algoritmos Predictivos
88,Art. 88: DevOps
89,Art. 89: IoT y Domotica
90,Art. 90: Realidad Aumentada
91,Art. 91: Analisis Estadistico
92,Art. 92: Redes Fisicas
93,Art. 93: Enrutamiento
94,Art. 94: Automatizacion de Pruebas
95,Art. 95: Modelos Probabilisticos
96,Art. 96: Vision Artificial
97,Art. 97: Computacion Cuantica
98,Art. 98: Telemetria
99,Art. 99: Bases de Datos
100,Art. 100: Vision Artificial
101,Art. 101: Telemetria
102,Art. 102: Computacion Cuantica
103,Art. 103: Riesgos Industriales con IA
104,Art. 104: Microservicios
105,Art. 105: Business Intelligence
106,Art. 106: Algoritmos Predictivos
107,Art. 107: Edge Computing
108,Art. 108: Machine Learning
109,Art. 109: Telemetria
110,Art. 110: Mineria de Datos
111,Art. 111: Robotica Industrial
112,Art. 112: Redes Neuronales
113,Art. 113: Cloud Computing
114,Art. 114: Blockchain
115,Art. 115: Mineria de Datos
116,Art. 116: Software Seguro
117,Art. 117: SO Distribuidos
118,Art. 118: DevOps
119,Art. 119: Algoritmos Predictivos
120,Art. 120: Edge Computing
121,Art. 121: Riesgos Industriales con IA
122,Art. 122: Redes Neuronales
123,Art. 123: Big Data
124,Art. 124: Enrutamiento
125,Art. 125: Contenedores Docker
126,Art. 126: Seguridad Industrial
127,Art. 127: Sistemas Embebidos
128,Art. 128: Modelos Probabilisticos
129,Art. 129: Big Data
130,Art. 130: Cloud Computing
131,Art. 131: Microservicios
132,Art. 132: Robotica Industrial
133,Art. 133: Ingenieria de Software
134,Art. 134: Seguridad Industrial
135,Art. 135: DevOps
136,Art. 136: Riesgos Industriales con IA
137,Art. 137: Riesgos Industriales con IA
138,Art. 138: Sistemas de Control
139,Art. 139: Telemetria
140,Art. 140: Redes Fisicas
141,Art. 141: Mineria de Datos
142,Art. 142: Edge Computing
143,Art. 143: Edge Computing
144,Art. 144: Big Data
145,Art. 145: IoT y Domotica
146,Art. 146: Ciberseguridad
147,Art. 147: Seguridad Industrial
148,Art. 148: Sistemas de Control
149,Art. 149: Contenedores Docker
150,Art. 150: Backtesting de Algoritmos
151,Art. 151: Telemetria
152,Art. 152: Blockchain
153,Art. 153: Sistemas de Control
154,Art. 154: Seguridad Industrial
155,Art. 155: Backtesting de Algoritmos
156,Art. 156: Software Seguro
157,Art. 157: Riesgos Industriales con IA
158,Art. 158: Automatizacion de Pruebas
159,Art. 159: Contenedores Docker
160,Art. 160: Vision Artificial
161,Art. 161: Microservicios
162,Art. 162: Mineria de Datos
163,Art. 163: Vision Artificial
164,Art. 164: Cloud Computing
165,Art. 165: Contenedores Docker
166,Art. 166: Criptografia
167,Art. 167: Algoritmos Predictivos
168,Art. 168: Analisis Estadistico
169,Art. 169: Mineria de Datos
170,Art. 170: Lenguaje Natural (NLP)
171,Art. 171: Backtesting de Algoritmos
172,Art. 172: Seguridad Industrial
173,Art. 173: Algoritmos Predictivos
174,Art. 174: Contenedores Docker
175,Art. 175: Ingenieria de Software
176,Art. 176: Computacion Cuantica
177,Art. 177: Automatizacion de Pruebas
178,Art. 178: Redes Fisicas
179,Art. 179: IoT y Domotica
180,Art. 180: Computacion Cuantica
181,Art. 181: Sistemas de Control
182,Art. 182: Desarrollo Movil
183,Art. 183: DevOps
184,Art. 184: Riesgos Industriales con IA
185,Art. 185: DevOps
186,Art. 186: Big Data
187,Art. 187: Machine Learning
188,Art. 188: Backtesting de Algoritmos
189,Art. 189: Algoritmos Predictivos
190,Art. 190: Machine Learning
191,Art. 191: Contenedores Docker
192,Art. 192: Cloud Computing
193,Art. 193: IoT y Domotica
194,Art. 194: Riesgos Industriales con IA
195,Art. 195: Cloud Computing
196,Art. 196: IoT y Domotica
197,Art. 197: Sistemas Embebidos
198,Art. 198: Cableado Estructurado
199,Art. 199: Pipelines ETL
200,Art. 200: Lenguaje Natural (NLP)
201,Art. 201: Automatizacion de Pruebas
202,Art. 202: Microservicios
203,Art. 203: Ciberseguridad
204,Art. 204: Redes Neuronales
205,Art. 205: DevOps
206,Art. 206: Business Intelligence
207,Art. 207: Computacion Cuantica
208,Art. 208: Modelos Probabilisticos
209,Art. 209: Big Data
210,Art. 210: Sistemas de Control
211,Art. 211: Edge Computing
212,Art. 212: Diseno de APIs REST
213,Art. 213: SO Distribuidos
214,Art. 214: Sistemas de Control
215,Art. 215: Lenguaje Natural (NLP)
216,Art. 216: Telemetria
217,Art. 217: Mineria de Datos
218,Art. 218: Analisis Estadistico
219,Art. 219: Blockchain
220,Art. 220: Ciberseguridad
221,Art. 221: Sistemas de Control
222,Art. 222: Seguridad Industrial
223,Art. 223: Riesgos Industriales con IA
224,Art. 224: Redes Neuronales
225,Art. 225: Contenedores Docker
226,Art. 226: Bases de Datos
227,Art. 227: Optimizacion SQL
228,Art. 228: Criptografia
229,Art. 229: Microservicios
230,Art. 230: Criptografia
231,Art. 231: Vision Artificial
232,Art. 232: Diseno de APIs REST
233,Art. 233: Software Seguro
234,Art. 234: Sistemas Embebidos
235,Art. 235: Bases de Datos
236,Art. 236: Microservicios
237,Art. 237: Cableado Estructurado
238,Art. 238: Sistemas de Control
239,Art. 239: Backtesting de Algoritmos
240,Art. 240: IoT y Domotica
241,Art. 241: Criptografia
242,Art. 242: Analisis Estadistico
243,Art. 243: Modelos Probabilisticos
244,Art. 244: Desarrollo Movil
245,Art. 245: Diseno de APIs REST
246,Art. 246: Riesgos Industriales con IA
247,Art. 247: Pipelines ETL
248,Art. 248: SO Distribuidos
249,Art. 249: Algoritmos Predictivos
250,Art. 250: Telemetria
251,Art. 251: Criptografia
252,Art. 252: Lenguaje Natural (NLP)
253,Art. 253: DevOps
254,Art. 254: Ingenieria de Software
255,Art. 255: Software Seguro
256,Art. 256: Blockchain
257,Art. 257: Sistemas Embebidos
258,Art. 258: Telemetria
259,Art. 259: Desarrollo Movil
260,Art. 260: Cloud Computing
261,Art. 261: Realidad Aumentada
262,Art. 262: Blockchain
263,Art. 263: Software Seguro
264,Art. 264: Pipelines ETL
265,Art. 265: Bases de Datos
266,Art. 266: Sistemas de Control
267,Art. 267: Lenguaje Natural (NLP)
268,Art. 268: Edge Computing
269,Art. 269: Redes Fisicas
270,Art. 270: Criptografia
271,Art. 271: Enrutamiento
272,Art. 272: Lenguaje Natural (NLP)
273,Art. 273: Analisis Estadistico
274,Art. 274: Enrutamiento
275,Art. 275: Seguridad Industrial
276,Art. 276: Redes Neuronales
277,Art. 277: Pipelines ETL
278,Art. 278: Redes Neuronales
279,Art. 279: Mineria de Datos
280,Art. 280: IoT y Domotica
281,Art. 281: Ciberseguridad
282,Art. 282: Criptografia
283,Art. 283: Cableado Estructurado
284,Art. 284: Telemetria
285,Art. 285: Pipelines ETL
286,Art. 286: Optimizacion SQL
287,Art. 287: Computacion Cuantica
288,Art. 288: DevOps
289,Art. 289: Ciberseguridad
290,Art. 290: Pipelines ETL
291,Art. 291: Desarrollo Movil
292,Art. 292: Criptografia
293,Art. 293: Diseno de APIs REST
294,Art. 294: Robotica Industrial
295,Art. 295: Realidad Aumentada
296,Art. 296: Telemetria
297,Art. 297: Bases de Datos
298,Art. 298: Modelos Probabilisticos
299,Art. 299: Sistemas de Control
300,Art. 300: Criptografia
301,Art. 301: Cloud Computing
302,Art. 302: Telemetria
303,Art. 303: Modelos Probabilisticos
304,Art. 304: Criptografia
305,Art. 305: Algoritmos Predictivos
306,Art. 306: Pipelines ETL
307,Art. 307: Sistemas Embebidos
308,Art. 308: Algoritmos Predictivos
309,Art. 309: Machine Learning
310,Art. 310: Riesgos Industriales con IA
311,Art. 311: Sistemas de Control
312,Art. 312: Redes Neuronales
313,Art. 313: Telemetria
314,Art. 314: Seguridad Industrial
315,Art. 315: Vision Artificial
316,Art. 316: Cableado Estructurado
317,Art. 317: Software Seguro
318,Art. 318: Lenguaje Natural (NLP)
319,Art. 319: Desarrollo Movil
320,Art. 320: Computacion Cuantica
321,Art. 321: Sistemas de Control
322,Art. 322: Sistemas Embebidos
323,Art. 323: Desarrollo Movil
324,Art. 324: Cloud Computing
325,Art. 325: Cloud Computing
326,Art. 326: Blockchain
327,Art. 327: Criptografia
328,Art. 328: Desarrollo Movil
329,Art. 329: Vision Artificial
330,Art. 330: Sistemas Embebidos
331,Art. 331: Microservicios
332,Art. 332: Business Intelligence
333,Art. 333: Pipelines ETL
334,Art. 334: Mineria de Datos
335,Art. 335: DevOps
336,Art. 336: Redes Fisicas
337,Art. 337: Riesgos Industriales con IA
338,Art. 338: Edge Computing
339,Art. 339: Riesgos Industriales con IA
340,Art. 340: Robotica Industrial
341,Art. 341: Seguridad Industrial
342,Art. 342: Cloud Computing
343,Art. 343: Microservicios
344,Art. 344: Algoritmos Predictivos
345,Art. 345: Lenguaje Natural (NLP)
346,Art. 346: Telemetria
347,Art. 347: IoT y Domotica
348,Art. 348: Diseno de APIs REST
349,Art. 349: Cableado Estructurado
350,Art. 350: Business Intelligence
351,Art. 351: Realidad Aumentada
352,Art. 352: Riesgos Industriales con IA
353,Art. 353: Cloud Computing
354,Art. 354: Pipelines ETL
355,Art. 355: Blockchain
356,Art. 356: Cableado Estructurado
357,Art. 357: Realidad Aumentada
358,Art. 358: Redes Neuronales
359,Art. 359: Microservicios
360,Art. 360: Redes Fisicas
361,Art. 361: Sistemas Embebidos
362,Art. 362: Pipelines ETL
363,Art. 363: Microservicios
364,Art. 364: Vision Artificial
365,Art. 365: Backtesting de Algoritmos
366,Art. 366: Diseno de APIs REST
367,Art. 367: Cableado Estructurado
368,Art. 368: Ciberseguridad
369,Art. 369: Riesgos Industriales con IA
370,Art. 370: Ciberseguridad
371,Art. 371: Enrutamiento
372,Art. 372: Pipelines ETL
373,Art. 373: Analisis Estadistico
374,Art. 374: Diseno de APIs REST
375,Art. 375: IoT y Domotica
376,Art. 376: Modelos Probabilisticos
377,Art. 377: Analisis Estadistico
378,Art. 378: Microservicios
379,Art. 379: Blockchain
380,Art. 380: Bases de Datos
381,Art. 381: Contenedores Docker
382,Art. 382: Mineria de Datos
383,Art. 383: Business Intelligence
384,Art. 384: Analisis Estadistico
385,Art. 385: Pipelines ETL
386,Art. 386: Vision Artificial
387,Art. 387: Algoritmos Predictivos
388,Art. 388: Big Data
389,Art. 389: Computacion Cuantica
390,Art. 390: Analisis Estadistico
391,Art. 391: Seguridad Industrial
392,Art. 392: Ciberseguridad
393,Art. 393: Computacion Cuantica
394,Art. 394: Redes Neuronales
395,Art. 395: Mineria de Datos
396,Art. 396: Backtesting de Algoritmos
397,Art. 397: Mineria de Datos
398,Art. 398: Sistemas de Control
399,Art. 399: Enrutamiento
400,Art. 400: Software Seguro
401,Art. 401: Enrutamiento
402,Art. 402: Sistemas Embebidos
403,Art. 403: Business Intelligence
404,Art. 404: Redes Fisicas
405,Art. 405: Software Seguro
406,Art. 406: Enrutamiento
407,Art. 407: Business Intelligence
408,Art. 408: Microservicios
409,Art. 409: Enrutamiento
410,Art. 410: Analisis Estadistico
411,Art. 411: Modelos Probabilisticos
412,Art. 412: Sistemas Embebidos
413,Art. 413: Algoritmos Predictivos
414,Art. 414: Realidad Aumentada
415,Art. 415: Sistemas de Control
416,Art. 416: Optimizacion SQL
417,Art. 417: Realidad Aumentada
418,Art. 418: Desarrollo Movil
419,Art. 419: Machine Learning
420,Art. 420: Vision Artificial
421,Art. 421: Sistemas Embebidos
422,Art. 422: Redes Neuronales
423,Art. 423: Backtesting de Algoritmos
424,Art. 424: Pipelines ETL
425,Art. 425: Telemetria
426,Art. 426: Machine Learning
427,Art. 427: Pipelines ETL
428,Art. 428: Ciberseguridad
429,Art. 429: Seguridad Industrial
430,Art. 430: Desarrollo Movil
431,Art. 431: Ingenieria de Software
432,Art. 432: Riesgos Industriales con IA
433,Art. 433: Blockchain
434,Art. 434: Optimizacion SQL
435,Art. 435: Automatizacion de Pruebas
436,Art. 436: SO Distribuidos
437,Art. 437: DevOps
438,Art. 438: Redes Fisicas
439,Art. 439: Realidad Aumentada
440,Art. 440: DevOps
441,Art. 441: DevOps
442,Art. 442: Big Data
443,Art. 443: Blockchain
444,Art. 444: Algoritmos Predictivos
445,Art. 445: Realidad Aumentada
446,Art. 446: Backtesting de Algoritmos
447,Art. 447: Big Data
448,Art. 448: Sistemas Embebidos
449,Art. 449: Software Seguro
450,Art. 450: Cableado Estructurado
451,Art. 451: Big Data
452,Art. 452: Big Data
453,Art. 453: Diseno de APIs REST
454,Art. 454: Big Data
455,Art. 455: Big Data
456,Art. 456: Riesgos Industriales con IA
457,Art. 457: Optimizacion SQL
458,Art. 458: Redes Neuronales
459,Art. 459: Blockchain
460,Art. 460: Lenguaje Natural (NLP)
461,Art. 461: Sistemas de Control
462,Art. 462: Robotica Industrial
463,Art. 463: Sistemas Embebidos
464,Art. 464: Analisis Estadistico
465,Art. 465: Ciberseguridad
466,Art. 466: Ciberseguridad
467,Art. 467: Redes Fisicas
468,Art. 468: Redes Fisicas
469,Art. 469: Criptografia
470,Art. 470: Optimizacion SQL
471,Art. 471: Optimizacion SQL
472,Art. 472: Modelos Probabilisticos
473,Art. 473: Pipelines ETL
474,Art. 474: Bases de Datos
475,Art. 475: DevOps
476,Art. 476: Business Intelligence
477,Art. 477: Pipelines ETL
478,Art. 478: Redes Neuronales
479,Art. 479: Desarrollo Movil
480,Art. 480: Seguridad Industrial
481,Art. 481: Telemetria
482,Art. 482: DevOps
483,Art. 483: Sistemas de Control
484,Art. 484: Riesgos Industriales con IA
485,Art. 485: Vision Artificial
486,Art. 486: Enrutamiento
487,Art. 487: Sistemas Embebidos
488,Art. 488: Pipelines ETL
489,Art. 489: Diseno de APIs REST
490,Art. 490: Sistemas de Control
491,Art. 491: Computacion Cuantica
492,Art. 492: Big Data
493,Art. 493: Automatizacion de Pruebas
494,Art. 494: Seguridad Industrial
495,Art. 495: Microservicios
496,Art. 496: DevOps
497,Art. 497: Automatizacion de Pruebas
498,Art. 498: Modelos Probabilisticos
499,Art. 499: SO Distribuidos
500,Art. 500: Contenedores Docker
501,Art. 501: Optimizacion SQL
502,Art. 502: Desarrollo Movil
503,Art. 503: Redes Fisicas
504,Art. 504: Microservicios
505,Art. 505: Bases de Datos
506,Art. 506: Vision Artificial
507,Art. 507: Ingenieria de Software
508,Art. 508: Lenguaje Natural (NLP)
509,Art. 509: Machine Learning
510,Art. 510: DevOps
511,Art. 511: Lenguaje Natural (NLP)
512,Art. 512: Vision Artificial
513,Art. 513: Machine Learning
514,Art. 514: Bases de Datos
515,Art. 515: Algoritmos Predictivos
516,Art. 516: Blockchain
517,Art. 517: Redes Neuronales
518,Art. 518: Automatizacion de Pruebas
519,Art. 519: IoT y Domotica
520,Art. 520: Ciberseguridad
521,Art. 521: Telemetria
522,Art. 522: Riesgos Industriales con IA
523,Art. 523: IoT y Domotica
524,Art. 524: Desarrollo Movil
525,Art. 525: Redes Fisicas
526,Art. 526: Modelos Probabilisticos
527,Art. 527: Modelos Probabilisticos
528,Art. 528: Algoritmos Predictivos
529,Art. 529: Criptografia
530,Art. 530: Automatizacion de Pruebas
531,Art. 531: Bases de Datos
532,Art. 532: Diseno de APIs REST
533,Art. 533: Edge Computing
534,Art. 534: Contenedores Docker
535,Art. 535: Blockchain
536,Art. 536: Cableado Estructurado
537,Art. 537: Analisis Estadistico
538,Art. 538: Cloud Computing
539,Art. 539: Contenedores Docker
540,Art. 540: Redes Fisicas
541,Art. 541: Bases de Datos
542,Art. 542: IoT y Domotica
543,Art. 543: Enrutamiento
544,Art. 544: Backtesting de Algoritmos
545,Art. 545: Riesgos Industriales con IA
546,Art. 546: Backtesting de Algoritmos
547,Art. 547: Desarrollo Movil
548,Art. 548: Criptografia
549,Art. 549: Algoritmos Predictivos
550,Art. 550: Automatizacion de Pruebas
551,Art. 551: Pipelines ETL
552,Art. 552: Bases de Datos
553,Art. 553: Machine Learning
554,Art. 554: Seguridad Industrial
555,Art. 555: IoT y Domotica
556,Art. 556: Blockchain
557,Art. 557: Seguridad Industrial
558,Art. 558: Redes Neuronales
559,Art. 559: Robotica Industrial
560,Art. 560: IoT y Domotica
561,Art. 561: Edge Computing
562,Art. 562: Analisis Estadistico
563,Art. 563: Optimizacion SQL
564,Art. 564: Robotica Industrial
565,Art. 565: Bases de Datos
566,Art. 566: Algoritmos Predictivos
567,Art. 567: Automatizacion de Pruebas
568,Art. 568: Criptografia
569,Art. 569: SO Distribuidos
570,Art. 570: Backtesting de Algoritmos
571,Art. 571: Machine Learning
572,Art. 572: Big Data
573,Art. 573: Vision Artificial
574,Art. 574: Sistemas de Control
575,Art. 575: Ingenieria de Software
576,Art. 576: Sistemas Embebidos
577,Art. 577: Contenedores Docker
578,Art. 578: IoT y Domotica
579,Art. 579: Robotica Industrial
580,Art. 580: Backtesting de Algoritmos
581,Art. 581: Bases de Datos
582,Art. 582: Lenguaje Natural (NLP)
583,Art. 583: Analisis Estadistico
584,Art. 584: Realidad Aumentada
585,Art. 585: Sistemas Embebidos
586,Art. 586: Seguridad Industrial
587,Art. 587: Modelos Probabilisticos
588,Art. 588: Redes Neuronales
589,Art. 589: Telemetria
590,Art. 590: Pipelines ETL
591,Art. 591: Redes Neuronales
592,Art. 592: IoT y Domotica
593,Art. 593: Pipelines ETL
594,Art. 594: Analisis Estadistico
595,Art. 595: Realidad Aumentada
596,Art. 596: Big Data
597,Art. 597: Lenguaje Natural (NLP)
598,Art. 598: Ingenieria de Software
599,Art. 599: Bases de Datos
600,Art. 600: Diseno de APIs REST
601,Art. 601: Automatizacion de Pruebas
602,Art. 602: Sistemas de Control
603,Art. 603: Redes Fisicas
604,Art. 604: Lenguaje Natural (NLP)
605,Art. 605: Desarrollo Movil
606,Art. 606: Ciberseguridad
607,Art. 607: Microservicios
608,Art. 608: Cableado Estructurado
609,Art. 609: Backtesting de Algoritmos
610,Art. 610: Contenedores Docker
611,Art. 611: Telemetria
612,Art. 612: Lenguaje Natural (NLP)
613,Art. 613: Automatizacion de Pruebas
614,Art. 614: Redes Fisicas
615,Art. 615: Software Seguro
616,Art. 616: Sistemas Embebidos
617,Art. 617: Pipelines ETL
618,Art. 618: Pipelines ETL
619,Art. 619: Sistemas de Control
620,Art. 620: Criptografia
621,Art. 621: Machine Learning
622,Art. 622: Mineria de Datos
623,Art. 623: Desarrollo Movil
624,Art. 624: Criptografia
625,Art. 625: Mineria de Datos
626,Art. 626: Modelos Probabilisticos
627,Art. 627: Computacion Cuantica
628,Art. 628: Blockchain
629,Art. 629: Ciberseguridad
630,Art. 630: Microservicios
631,Art. 631: SO Distribuidos
632,Art. 632: Diseno de APIs REST
633,Art. 633: Backtesting de Algoritmos
634,Art. 634: Automatizacion de Pruebas
635,Art. 635: Microservicios
636,Art. 636: Blockchain
637,Art. 637: Microservicios
638,Art. 638: Bases de Datos
639,Art. 639: Pipelines ETL
640,Art. 640: Cloud Computing
641,Art. 641: Desarrollo Movil
642,Art. 642: Riesgos Industriales con IA
643,Art. 643: Analisis Estadistico
644,Art. 644: Optimizacion SQL
645,Art. 645: Cloud Computing
646,Art. 646: Riesgos Industriales con IA
647,Art. 647: Ciberseguridad
648,Art. 648: Enrutamiento
649,Art. 649: Redes Neuronales
650,Art. 650: Lenguaje Natural (NLP)
651,Art. 651: Pipelines ETL
652,Art. 652: Big Data
653,Art. 653: Cableado Estructurado
654,Art. 654: Vision Artificial
655,Art. 655: Robotica Industrial
656,Art. 656: Sistemas de Control
657,Art. 657: Mineria de Datos
658,Art. 658: Big Data
659,Art. 659: Microservicios
660,Art. 660: Telemetria
661,Art. 661: Lenguaje Natural (NLP)
662,Art. 662: Redes Neuronales
663,Art. 663: Desarrollo Movil
664,Art. 664: Sistemas Embebidos
665,Art. 665: Cloud Computing
666,Art. 666: Sistemas Embebidos
667,Art. 667: Business Intelligence
668,Art. 668: Business Intelligence
669,Art. 669: Sistemas de Control
670,Art. 670: Ciberseguridad
671,Art. 671: Machine Learning
672,Art. 672: Telemetria
673,Art. 673: DevOps
674,Art. 674: Big Data
675,Art. 675: Desarrollo Movil
676,Art. 676: Edge Computing
677,Art. 677: Enrutamiento
678,Art. 678: Ingenieria de Software
679,Art. 679: Robotica Industrial
680,Art. 680: Analisis Estadistico
681,Art. 681: Ingenieria de Software
682,Art. 682: Diseno de APIs REST
683,Art. 683: Redes Fisicas
684,Art. 684: Blockchain
685,Art. 685: Backtesting de Algoritmos
686,Art. 686: Vision Artificial
687,Art. 687: Vision Artificial
688,Art. 688: Vision Artificial
689,Art. 689: Telemetria
690,Art. 690: Ciberseguridad
691,Art. 691: Riesgos Industriales con IA
692,Art. 692: Desarrollo Movil
693,Art. 693: Blockchain
694,Art. 694: Lenguaje Natural (NLP)
695,Art. 695: Computacion Cuantica
696,Art. 696: Contenedores Docker
697,Art. 697: Sistemas Embebidos
698,Art. 698: Redes Neuronales
699,Art. 699: Telemetria
700,Art. 700: Diseno de APIs REST
701,Art. 701: Ingenieria de Software
702,Art. 702: Redes Fisicas
703,Art. 703: Blockchain
704,Art. 704: Automatizacion de Pruebas
705,Art. 705: Enrutamiento
706,Art. 706: Vision Artificial
707,Art. 707: Riesgos Industriales con IA
708,Art. 708: Enrutamiento
709,Art. 709: Lenguaje Natural (NLP)
710,Art. 710: Blockchain
711,Art. 711: Cableado Estructurado
712,Art. 712: SO Distribuidos
713,Art. 713: Criptografia
714,Art. 714: Ingenieria de Software
715,Art. 715: Bases de Datos
716,Art. 716: Telemetria
717,Art. 717: Pipelines ETL
718,Art. 718: Sistemas Embebidos
719,Art. 719: Lenguaje Natural (NLP)
720,Art. 720: Bases de Datos
721,Art. 721: Big Data
722,Art. 722: Redes Fisicas
723,Art. 723: Criptografia
724,Art. 724: Modelos Probabilisticos
725,Art. 725: IoT y Domotica
726,Art. 726: Machine Learning
727,Art. 727: Pipelines ETL
728,Art. 728: Enrutamiento
729,Art. 729: Microservicios
730,Art. 730: Vision Artificial
731,Art. 731: Lenguaje Natural (NLP)
732,Art. 732: Diseno de APIs REST
733,Art. 733: Robotica Industrial
734,Art. 734: Ciberseguridad
735,Art. 735: Vision Artificial
736,Art. 736: Algoritmos Predictivos
737,Art. 737: Redes Fisicas
738,Art. 738: Vision Artificial
739,Art. 739: SO Distribuidos
740,Art. 740: Cableado Estructurado
741,Art. 741: Business Intelligence
742,Art. 742: Pipelines ETL
743,Art. 743: Computacion Cuantica
744,Art. 744: SO Distribuidos
745,Art. 745: Criptografia
746,Art. 746: Seguridad Industrial
747,Art. 747: Criptografia
748,Art. 748: Analisis Estadistico
749,Art. 749: Bases de Datos
750,Art. 750: Lenguaje Natural (NLP)
751,Art. 751: Cloud Computing
752,Art. 752: Lenguaje Natural (NLP)
753,Art. 753: Ciberseguridad
754,Art. 754: Redes Neuronales
755,Art. 755: IoT y Domotica
756,Art. 756: Bases de Datos
757,Art. 757: Contenedores Docker
758,Art. 758: Telemetria
759,Art. 759: Criptografia
760,Art. 760: Business Intelligence
761,Art. 761: Sistemas de Control
762,Art. 762: Backtesting de Algoritmos
763,Art. 763: Vision Artificial
764,Art. 764: Redes Neuronales
765,Art. 765: Contenedores Docker
766,Art. 766: Enrutamiento
767,Art. 767: Optimizacion SQL
768,Art. 768: Edge Computing
769,Art. 769: Software Seguro
770,Art. 770: Sistemas de Control
771,Art. 771: Machine Learning
772,Art. 772: Pipelines ETL
773,Art. 773: Sistemas Embebidos
774,Art. 774: Cloud Computing
775,Art. 775: Bases de Datos
776,Art. 776: SO Distribuidos
777,Art. 777: Algoritmos Predictivos
778,Art. 778: Desarrollo Movil
779,Art. 779: DevOps
780,Art. 780: Pipelines ETL
781,Art. 781: Cableado Estructurado
782,Art. 782: Redes Fisicas
783,Art. 783: Big Data
784,Art. 784: Automatizacion de Pruebas
785,Art. 785: Software Seguro
786,Art. 786: Telemetria
787,Art. 787: Analisis Estadistico
788,Art. 788: Software Seguro
789,Art. 789: Cableado Estructurado
790,Art. 790: IoT y Domotica
791,Art. 791: Mineria de Datos
792,Art. 792: SO Distribuidos
793,Art. 793: Optimizacion SQL
794,Art. 794: Sistemas Embebidos
795,Art. 795: Ciberseguridad
796,Art. 796: Diseno de APIs REST
797,Art. 797: Contenedores Docker
798,Art. 798: Modelos Probabilisticos
799,Art. 799: Computacion Cuantica
800,Art. 800: Machine Learning
801,Art. 801: Cloud Computing
802,Art. 802: Business Intelligence
803,Art. 803: Redes Fisicas
804,Art. 804: Ingenieria de Software
805,Art. 805: Blockchain
806,Art. 806: Edge Computing
807,Art. 807: Microservicios
808,Art. 808: Computacion Cuantica
809,Art. 809: Sistemas de Control
810,Art. 810: Cloud Computing
811,Art. 811: Cableado Estructurado
812,Art. 812: Sistemas Embebidos
813,Art. 813: Diseno de APIs REST
814,Art. 814: Lenguaje Natural (NLP)
815,Art. 815: Diseno de APIs REST
816,Art. 816: Telemetria
817,Art. 817: Seguridad Industrial
818,Art. 818: Business Intelligence
819,Art. 819: Blockchain
820,Art. 820: Sistemas de Control
821,Art. 821: IoT y Domotica
822,Art. 822: Software Seguro
823,Art. 823: Automatizacion de Pruebas
824,Art. 824: Robotica Industrial
825,Art. 825: Microservicios
826,Art. 826: Vision Artificial
827,Art. 827: IoT y Domotica
828,Art. 828: Telemetria
829,Art. 829: Algoritmos Predictivos
830,Art. 830: IoT y Domotica
831,Art. 831: Pipelines ETL
832,Art. 832: Backtesting de Algoritmos
833,Art. 833: Contenedores Docker
834,Art. 834: Telemetria
835,Art. 835: Blockchain
836,Art. 836: Edge Computing
837,Art. 837: Business Intelligence
838,Art. 838: DevOps
839,Art. 839: Riesgos Industriales con IA
840,Art. 840: DevOps
841,Art. 841: Lenguaje Natural (NLP)
842,Art. 842: Ciberseguridad
843,Art. 843: Ciberseguridad
844,Art. 844: Sistemas Embebidos
845,Art. 845: Redes Neuronales
846,Art. 846: Algoritmos Predictivos
847,Art. 847: Cableado Estructurado
848,Art. 848: Business Intelligence
849,Art. 849: Software Seguro
850,Art. 850: Ingenieria de Software
851,Art. 851: Modelos Probabilisticos
852,Art. 852: Cableado Estructurado
853,Art. 853: Robotica Industrial
854,Art. 854: IoT y Domotica
855,Art. 855: Pipelines ETL
856,Art. 856: Ingenieria de Software
857,Art. 857: Criptografia
858,Art. 858: Realidad Aumentada
859,Art. 859: Seguridad Industrial
860,Art. 860: Lenguaje Natural (NLP)
861,Art. 861: Automatizacion de Pruebas
862,Art. 862: Software Seguro
863,Art. 863: Lenguaje Natural (NLP)
864,Art. 864: Vision Artificial
865,Art. 865: Business Intelligence
866,Art. 866: Modelos Probabilisticos
867,Art. 867: Diseno de APIs REST
868,Art. 868: Cloud Computing
869,Art. 869: Ciberseguridad
870,Art. 870: Redes Neuronales
871,Art. 871: Computacion Cuantica
872,Art. 872: Automatizacion de Pruebas
873,Art. 873: Software Seguro
874,Art. 874: Vision Artificial
875,Art. 875: Automatizacion de Pruebas
876,Art. 876: Automatizacion de Pruebas
877,Art. 877: Software Seguro
878,Art. 878: SO Distribuidos
879,Art. 879: Desarrollo Movil
880,Art. 880: Microservicios
881,Art. 881: Business Intelligence
882,Art. 882: Edge Computing
883,Art. 883: Enrutamiento
884,Art. 884: Software Seguro
885,Art. 885: Computacion Cuantica
886,Art. 886: Machine Learning
887,Art. 887: Ingenieria de Software
888,Art. 888: Diseno de APIs REST
889,Art. 889: Algoritmos Predictivos
890,Art. 890: Bases de Datos
891,Art. 891: Computacion Cuantica
892,Art. 892: Cableado Estructurado
893,Art. 893: Edge Computing
894,Art. 894: Ingenieria de Software
895,Art. 895: IoT y Domotica
896,Art. 896: Criptografia
897,Art. 897: Riesgos Industriales con IA
898,Art. 898: Criptografia
899,Art. 899: Ingenieria de Software
900,Art. 900: Software Seguro
901,Art. 901: IoT y Domotica
902,Art. 902: Software Seguro
903,Art. 903: Analisis Estadistico
904,Art. 904: Realidad Aumentada
905,Art. 905: Riesgos Industriales con IA
906,Art. 906: Big Data
907,Art. 907: DevOps
908,Art. 908: Bases de Datos
909,Art. 909: Contenedores Docker
910,Art. 910: Vision Artificial
911,Art. 911: Computacion Cuantica
912,Art. 912: Cloud Computing
913,Art. 913: Computacion Cuantica
914,Art. 914: Edge Computing
915,Art. 915: Analisis Estadistico
916,Art. 916: IoT y Domotica
917,Art. 917: Modelos Probabilisticos
918,Art. 918: Criptografia
919,Art. 919: Pipelines ETL
920,Art. 920: Modelos Probabilisticos
921,Art. 921: Automatizacion de Pruebas
922,Art. 922: Pipelines ETL
923,Art. 923: Diseno de APIs REST
924,Art. 924: Computacion Cuantica
925,Art. 925: Enrutamiento
926,Art. 926: Mineria de Datos
927,Art. 927: Redes Fisicas
928,Art. 928: Seguridad Industrial
929,Art. 929: Realidad Aumentada
930,Art. 930: SO Distribuidos
931,Art. 931: Business Intelligence
932,Art. 932: Enrutamiento
933,Art. 933: Machine Learning
934,Art. 934: Robotica Industrial
935,Art. 935: Ciberseguridad
936,Art. 936: Enrutamiento
937,Art. 937: Automatizacion de Pruebas
938,Art. 938: Redes Neuronales
939,Art. 939: Riesgos Industriales con IA
940,Art. 940: Enrutamiento
941,Art. 941: Ciberseguridad
942,Art. 942: Mineria de Datos
943,Art. 943: Optimizacion SQL
944,Art. 944: Seguridad Industrial
945,Art. 945: Machine Learning
946,Art. 946: Optimizacion SQL
947,Art. 947: Computacion Cuantica
948,Art. 948: Realidad Aumentada
949,Art. 949: Big Data
950,Art. 950: Computacion Cuantica
951,Art. 951: Enrutamiento
952,Art. 952: Riesgos Industriales con IA
953,Art. 953: Diseno de APIs REST
954,Art. 954: Realidad Aumentada
955,Art. 955: Diseno de APIs REST
956,Art. 956: Redes Fisicas
957,Art. 957: Sistemas Embebidos
958,Art. 958: Backtesting de Algoritmos
959,Art. 959: Blockchain
960,Art. 960: Desarrollo Movil
961,Art. 961: Vision Artificial
962,Art. 962: Criptografia
963,Art. 963: Optimizacion SQL
964,Art. 964: Seguridad Industrial
965,Art. 965: Computacion Cuantica
966,Art. 966: Realidad Aumentada
967,Art. 967: Mineria de Datos
968,Art. 968: Ingenieria de Software
969,Art. 969: Redes Neuronales
970,Art. 970: Lenguaje Natural (NLP)
971,Art. 971: Cableado Estructurado
972,Art. 972: Analisis Estadistico
973,Art. 973: Automatizacion de Pruebas
974,Art. 974: Business Intelligence
975,Art. 975: Cableado Estructurado
976,Art. 976: Seguridad Industrial
977,Art. 977: Diseno de APIs REST
978,Art. 978: Desarrollo Movil
979,Art. 979: Cloud Computing
980,Art. 980: Ingenieria de Software
981,Art. 981: Computacion Cuantica
982,Art. 982: Riesgos Industriales con IA
983,Art. 983: Telemetria
984,Art. 984: Blockchain
985,Art. 985: Desarrollo Movil
986,Art. 986: Modelos Probabilisticos
987,Art. 987: DevOps
988,Art. 988: Cloud Computing
989,Art. 989: Enrutamiento
990,Art. 990: Sistemas de Control
991,Art. 991: Backtesting de Algoritmos
992,Art. 992: Machine Learning
993,Art. 993: DevOps
994,Art. 994: Riesgos Industriales con IA
995,Art. 995: Lenguaje Natural (NLP)
996,Art. 996: Optimizacion SQL
997,Art. 997: Machine Learning
998,Art. 998: Seguridad Industrial
999,Art. 999: Algoritmos Predictivos
1000,Art. 1000: Edge Computing
1001,Art. 1001: Realidad Aumentada
1002,Art. 1002: Seguridad Industrial
1003,Art. 1003: SO Distribuidos
1004,Art. 1004: Criptografia
1005,Art. 1005: Blockchain
1006,Art. 1006: Criptografia
1007,Art. 1007: Business Intelligence
1008,Art. 1008: Blockchain
1009,Art. 1009: Ingenieria de Software
1010,Art. 1010: Vision Artificial
1011,Art. 1011: Ciberseguridad
1012,Art. 1012: Computacion Cuantica
1013,Art. 1013: Automatizacion de Pruebas
1014,Art. 1014: Machine Learning
1015,Art. 1015: Ingenieria de Software
1016,Art. 1016: Algoritmos Predictivos
1017,Art. 1017: Automatizacion de Pruebas
1018,Art. 1018: Sistemas Embebidos
1019,Art. 1019: Computacion Cuantica
1020,Art. 1020: Algoritmos Predictivos
1021,Art. 1021: Contenedores Docker
1022,Art. 1022: Robotica Industrial
1023,Art. 1023: SO Distribuidos
1024,Art. 1024: Software Seguro
1025,Art. 1025: Vision Artificial
1026,Art. 1026: Modelos Probabilisticos
1027,Art. 1027: Pipelines ETL
1028,Art. 1028: Automatizacion de Pruebas
1029,Art. 1029: Criptografia
1030,Art. 1030: Cloud Computing
1031,Art. 1031: Telemetria
1032,Art. 1032: Pipelines ETL
1033,Art. 1033: IoT y Domotica
1034,Art. 1034: Backtesting de Algoritmos
1035,Art. 1035: Criptografia
1036,Art. 1036: Algoritmos Predictivos
1037,Art. 1037: DevOps
1038,Art. 1038: Contenedores Docker
1039,Art. 1039: Sistemas de Control
1040,Art. 1040: Enrutamiento
1041,Art. 1041: DevOps
1042,Art. 1042: Business Intelligence
1043,Art. 1043: Blockchain
1044,Art. 1044: Backtesting de Algoritmos
1045,Art. 1045: Machine Learning
1046,Art. 1046: Ingenieria de Software
1047,Art. 1047: Desarrollo Movil
1048,Art. 1048: Sistemas de Control
1049,Art. 1049: Diseno de APIs REST
1050,Art. 1050: Backtesting de Algoritmos
1051,Art. 1051: Automatizacion de Pruebas
1052,Art. 1052: Telemetria
1053,Art. 1053: Ciberseguridad
1054,Art. 1054: Business Intelligence
1055,Art. 1055: Contenedores Docker
1056,Art. 1056: Diseno de APIs REST
1057,Art. 1057: DevOps
1058,Art. 1058: Big Data
1059,Art. 1059: Blockchain
1060,Art. 1060: SO Distribuidos
1061,Art. 1061: Software Seguro
1062,Art. 1062: Vision Artificial
1063,Art. 1063: Vision Artificial
1064,Art. 1064: Redes Fisicas
1065,Art. 1065: Cableado Estructurado
1066,Art. 1066: IoT y Domotica
1067,Art. 1067: Cableado Estructurado
1068,Art. 1068: Big Data
1069,Art. 1069: DevOps
1070,Art. 1070: Edge Computing
1071,Art. 1071: DevOps
1072,Art. 1072: Pipelines ETL
1073,Art. 1073: Desarrollo Movil
1074,Art. 1074: Robotica Industrial
1075,Art. 1075: Criptografia
1076,Art. 1076: Pipelines ETL
1077,Art. 1077: Criptografia
1078,Art. 1078: Cableado Estructurado
1079,Art. 1079: Enrutamiento
1080,Art. 1080: Backtesting de Algoritmos
1081,Art. 1081: Blockchain
1082,Art. 1082: Criptografia
1083,Art. 1083: Microservicios
1084,Art. 1084: Cloud Computing
1085,Art. 1085: Pipelines ETL
1086,Art. 1086: IoT y Domotica
1087,Art. 1087: Seguridad Industrial
1088,Art. 1088: Robotica Industrial
1089,Art. 1089: Pipelines ETL
1090,Art. 1090: Seguridad Industrial
1091,Art. 1091: Sistemas Embebidos
1092,Art. 1092: Automatizacion de Pruebas
1093,Art. 1093: Contenedores Docker
1094,Art. 1094: Redes Fisicas
1095,Art. 1095: IoT y Domotica
1096,Art. 1096: Criptografia
1097,Art. 1097: Realidad Aumentada
1098,Art. 1098: Riesgos Industriales con IA
1099,Art. 1099: Algoritmos Predictivos
1100,Art. 1100: Diseno de APIs REST
1101,Art. 1101: Criptografia
1102,Art. 1102: Blockchain
1103,Art. 1103: Enrutamiento
1104,Art. 1104: Diseno de APIs REST
1105,Art. 1105: Vision Artificial
1106,Art. 1106: Desarrollo Movil
1107,Art. 1107: Computacion Cuantica
1108,Art. 1108: Robotica Industrial
1109,Art. 1109: Sistemas Embebidos
1110,Art. 1110: Vision Artificial
1111,Art. 1111: Vision Artificial
1112,Art. 1112: Desarrollo Movil
1113,Art. 1113: Vision Artificial
1114,Art. 1114: Contenedores Docker
1115,Art. 1115: Software Seguro
1116,Art. 1116: Redes Fisicas
1117,Art. 1117: Automatizacion de Pruebas
1118,Art. 1118: Edge Computing
1119,Art. 1119: Automatizacion de Pruebas
1120,Art. 1120: Riesgos Industriales con IA
1121,Art. 1121: Contenedores Docker
1122,Art. 1122: Sistemas de Control
1123,Art. 1123: Lenguaje Natural (NLP)
1124,Art. 1124: Robotica Industrial
1125,Art. 1125: Vision Artificial
1126,Art. 1126: Telemetria
1127,Art. 1127: Machine Learning
1128,Art. 1128: Redes Neuronales
1129,Art. 1129: Cableado Estructurado
1130,Art. 1130: Telemetria
1131,Art. 1131: Backtesting de Algoritmos
1132,Art. 1132: Blockchain
1133,Art. 1133: Cloud Computing
1134,Art. 1134: Big Data
1135,Art. 1135: Edge Computing
1136,Art. 1136: Ciberseguridad
1137,Art. 1137: Ingenieria de Software
1138,Art. 1138: Optimizacion SQL
1139,Art. 1139: Desarrollo Movil
1140,Art. 1140: Seguridad Industrial
1141,Art. 1141: Cloud Computing
1142,Art. 1142: Desarrollo Movil
1143,Art. 1143: Cloud Computing
1144,Art. 1144: Redes Neuronales
1145,Art. 1145: Computacion Cuantica
1146,Art. 1146: Blockchain
1147,Art. 1147: Microservicios
1148,Art. 1148: Big Data
1149,Art. 1149: Bases de Datos
1150,Art. 1150: Automatizacion de Pruebas
1151,Art. 1151: Business Intelligence
1152,Art. 1152: Lenguaje Natural (NLP)
1153,Art. 1153: Business Intelligence
1154,Art. 1154: Blockchain
1155,Art. 1155: Blockchain
1156,Art. 1156: Telemetria
1157,Art. 1157: Cableado Estructurado
1158,Art. 1158: Computacion Cuantica
1159,Art. 1159: Blockchain
1160,Art. 1160: SO Distribuidos
1161,Art. 1161: Big Data
1162,Art. 1162: Criptografia
1163,Art. 1163: Cloud Computing
1164,Art. 1164: Analisis Estadistico
1165,Art. 1165: Blockchain
1166,Art. 1166: Desarrollo Movil
1167,Art. 1167: Ciberseguridad
1168,Art. 1168: Realidad Aumentada
1169,Art. 1169: DevOps
1170,Art. 1170: Desarrollo Movil
1171,Art. 1171: Edge Computing
1172,Art. 1172: Modelos Probabilisticos
1173,Art. 1173: SO Distribuidos
1174,Art. 1174: Software Seguro
1175,Art. 1175: Blockchain
1176,Art. 1176: Automatizacion de Pruebas
1177,Art. 1177: Diseno de APIs REST
1178,Art. 1178: Telemetria
1179,Art. 1179: SO Distribuidos
1180,Art. 1180: Cloud Computing
1181,Art. 1181: IoT y Domotica
1182,Art. 1182: Contenedores Docker
1183,Art. 1183: Contenedores Docker
1184,Art. 1184: Realidad Aumentada
1185,Art. 1185: Edge Computing
1186,Art. 1186: Vision Artificial
1187,Art. 1187: Riesgos Industriales con IA
1188,Art. 1188: Realidad Aumentada
1189,Art. 1189: DevOps
1190,Art. 1190: Redes Neuronales
1191,Art. 1191: Pipelines ETL
1192,Art. 1192: Vision Artificial
1193,Art. 1193: Bases de Datos
1194,Art. 1194: Redes Neuronales
1195,Art. 1195: Vision Artificial
1196,Art. 1196: Contenedores Docker
1197,Art. 1197: IoT y Domotica
1198,Art. 1198: Realidad Aumentada
1199,Art. 1199: Criptografia
1200,Art. 1200: Lenguaje Natural (NLP)
1201,Art. 1201: Blockchain
1202,Art. 1202: DevOps
1203,Art. 1203: Bases de Datos
1204,Art. 1204: Software Seguro
1205,Art. 1205: Seguridad Industrial
1206,Art. 1206: Ingenieria de Software
1207,Art. 1207: DevOps
1208,Art. 1208: Microservicios
1209,Art. 1209: Computacion Cuantica
1210,Art. 1210: Enrutamiento
1211,Art. 1211: Algoritmos Predictivos
1212,Art. 1212: Microservicios
1213,Art. 1213: Edge Computing
1214,Art. 1214: Backtesting de Algoritmos
1215,Art. 1215: Cableado Estructurado
1216,Art. 1216: Sistemas Embebidos
1217,Art. 1217: DevOps
1218,Art. 1218: SO Distribuidos
1219,Art. 1219: Redes Fisicas
1220,Art. 1220: Vision Artificial
1221,Art. 1221: Big Data
1222,Art. 1222: Software Seguro
1223,Art. 1223: Pipelines ETL
1224,Art. 1224: Riesgos Industriales con IA
1225,Art. 1225: Modelos Probabilisticos
1226,Art. 1226: Seguridad Industrial
1227,Art. 1227: Pipelines ETL
1228,Art. 1228: Edge Computing
1229,Art. 1229: Modelos Probabilisticos
1230,Art. 1230: Big Data
1231,Art. 1231: Realidad Aumentada
1232,Art. 1232: Algoritmos Predictivos
1233,Art. 1233: Backtesting de Algoritmos
1234,Art. 1234: IoT y Domotica
1235,Art. 1235: Optimizacion SQL
1236,Art. 1236: Business Intelligence
1237,Art. 1237: Cableado Estructurado
1238,Art. 1238: Diseno de APIs REST
1239,Art. 1239: Microservicios
1240,Art. 1240: Optimizacion SQL
1241,Art. 1241: Business Intelligence
1242,Art. 1242: Sistemas Embebidos
1243,Art. 1243: Pipelines ETL
1244,Art. 1244: Mineria de Datos
1245,Art. 1245: IoT y Domotica
1246,Art. 1246: Mineria de Datos
1247,Art. 1247: Lenguaje Natural (NLP)
1248,Art. 1248: Big Data
1249,Art. 1249: Seguridad Industrial
1250,Art. 1250: Ciberseguridad
1251,Art. 1251: Realidad Aumentada
1252,Art. 1252: Edge Computing
1253,Art. 1253: Business Intelligence
1254,Art. 1254: Cloud Computing
1255,Art. 1255: Mineria de Datos
1256,Art. 1256: Backtesting de Algoritmos
1257,Art. 1257: Redes Neuronales
1258,Art. 1258: Computacion Cuantica
1259,Art. 1259: Ingenieria de Software
1260,Art. 1260: Cloud Computing
1261,Art. 1261: DevOps
1262,Art. 1262: SO Distribuidos
1263,Art. 1263: Microservicios
1264,Art. 1264: Computacion Cuantica
1265,Art. 1265: IoT y Domotica
1266,Art. 1266: Business Intelligence
1267,Art. 1267: Enrutamiento
1268,Art. 1268: Ciberseguridad
1269,Art. 1269: Pipelines ETL
1270,Art. 1270: Machine Learning
1271,Art. 1271: Optimizacion SQL
1272,Art. 1272: IoT y Domotica
1273,Art. 1273: Microservicios
1274,Art. 1274: Realidad Aumentada
1275,Art. 1275: Ingenieria de Software
1276,Art. 1276: Pipelines ETL
1277,Art. 1277: Computacion Cuantica
1278,Art. 1278: Analisis Estadistico
1279,Art. 1279: Software Seguro
1280,Art. 1280: Sistemas Embebidos
1281,Art. 1281: Sistemas Embebidos
1282,Art. 1282: Machine Learning
1283,Art. 1283: Bases de Datos
1284,Art. 1284: Riesgos Industriales con IA
1285,Art. 1285: Lenguaje Natural (NLP)
1286,Art. 1286: Riesgos Industriales con IA
1287,Art. 1287: Backtesting de Algoritmos
1288,Art. 1288: DevOps
1289,Art. 1289: Software Seguro
1290,Art. 1290: Automatizacion de Pruebas
1291,Art. 1291: Algoritmos Predictivos
1292,Art. 1292: Automatizacion de Pruebas
1293,Art. 1293: Microservicios
1294,Art. 1294: Automatizacion de Pruebas
1295,Art. 1295: Cableado Estructurado
1296,Art. 1296: Ciberseguridad
1297,Art. 1297: Edge Computing
1298,Art. 1298: Cloud Computing
1299,Art. 1299: Contenedores Docker
1300,Art. 1300: Computacion Cuantica
1301,Art. 1301: Riesgos Industriales con IA
1302,Art. 1302: Pipelines ETL
1303,Art. 1303: DevOps
1304,Art. 1304: Cableado Estructurado
1305,Art. 1305: Criptografia
1306,Art. 1306: Microservicios
1307,Art. 1307: Redes Neuronales
1308,Art. 1308: Machine Learning
1309,Art. 1309: Business Intelligence
1310,Art. 1310: Seguridad Industrial
1311,Art. 1311: Robotica Industrial
1312,Art. 1312: Ciberseguridad
1313,Art. 1313: Blockchain
1314,Art. 1314: Criptografia
1315,Art. 1315: Edge Computing
1316,Art. 1316: Redes Neuronales
1317,Art. 1317: Redes Fisicas
1318,Art. 1318: SO Distribuidos
1319,Art. 1319: Criptografia
1320,Art. 1320: Vision Artificial
1321,Art. 1321: Diseno de APIs REST
1322,Art. 1322: Computacion Cuantica
1323,Art. 1323: Backtesting de Algoritmos
1324,Art. 1324: Ciberseguridad
1325,Art. 1325: Modelos Probabilisticos
1326,Art. 1326: Robotica Industrial
1327,Art. 1327: Computacion Cuantica
1328,Art. 1328: Big Data
1329,Art. 1329: Ingenieria de Software
1330,Art. 1330: Realidad Aumentada
1331,Art. 1331: SO Distribuidos
1332,Art. 1332: Riesgos Industriales con IA
1333,Art. 1333: Analisis Estadistico
1334,Art. 1334: Automatizacion de Pruebas
1335,Art. 1335: Desarrollo Movil
1336,Art. 1336: Analisis Estadistico
1337,Art. 1337: Telemetria
1338,Art. 1338: DevOps
1339,Art. 1339: Bases de Datos
1340,Art. 1340: Ingenieria de Software
1341,Art. 1341: Redes Fisicas
1342,Art. 1342: Mineria de Datos
1343,Art. 1343: Enrutamiento
1344,Art. 1344: DevOps
1345,Art. 1345: Redes Fisicas
1346,Art. 1346: Blockchain
1347,Art. 1347: Diseno de APIs REST
1348,Art. 1348: Diseno de APIs REST
1349,Art. 1349: Machine Learning
1350,Art. 1350: Computacion Cuantica
1351,Art. 1351: Lenguaje Natural (NLP)
1352,Art. 1352: Telemetria
1353,Art. 1353: Backtesting de Algoritmos
1354,Art. 1354: Modelos Probabilisticos
1355,Art. 1355: IoT y Domotica
1356,Art. 1356: Software Seguro
1357,Art. 1357: Algoritmos Predictivos
1358,Art. 1358: Diseno de APIs REST
1359,Art. 1359: Blockchain
1360,Art. 1360: Criptografia
1361,Art. 1361: Blockchain
1362,Art. 1362: Lenguaje Natural (NLP)
1363,Art. 1363: Desarrollo Movil
1364,Art. 1364: Analisis Estadistico
1365,Art. 1365: Software Seguro
1366,Art. 1366: Analisis Estadistico
1367,Art. 1367: Blockchain
1368,Art. 1368: Bases de Datos
1369,Art. 1369: Sistemas Embebidos
1370,Art. 1370: Cableado Estructurado
1371,Art. 1371: Algoritmos Predictivos
1372,Art. 1372: IoT y Domotica
1373,Art. 1373: Analisis Estadistico
1374,Art. 1374: Lenguaje Natural (NLP)
1375,Art. 1375: Software Seguro
1376,Art. 1376: Cableado Estructurado
1377,Art. 1377: Ciberseguridad
1378,Art. 1378: Machine Learning
1379,Art. 1379: Mineria de Datos
1380,Art. 1380: Modelos Probabilisticos
1381,Art. 1381: Automatizacion de Pruebas
1382,Art. 1382: Redes Fisicas
1383,Art. 1383: SO Distribuidos
1384,Art. 1384: Desarrollo Movil
1385,Art. 1385: Cableado Estructurado
1386,Art. 1386: Seguridad Industrial
1387,Art. 1387: DevOps
1388,Art. 1388: Business Intelligence
1389,Art. 1389: Big Data
1390,Art. 1390: Bases de Datos
1391,Art. 1391: Riesgos Industriales con IA
1392,Art. 1392: Ingenieria de Software
1393,Art. 1393: Sistemas de Control
1394,Art. 1394: Enrutamiento
1395,Art. 1395: Lenguaje Natural (NLP)
1396,Art. 1396: Software Seguro
1397,Art. 1397: Microservicios
1398,Art. 1398: Telemetria
1399,Art. 1399: Optimizacion SQL
1400,Art. 1400: Telemetria
1401,Art. 1401: Modelos Probabilisticos
1402,Art. 1402: Analisis Estadistico
1403,Art. 1403: Riesgos Industriales con IA
1404,Art. 1404: Computacion Cuantica
1405,Art. 1405: Computacion Cuantica
1406,Art. 1406: Criptografia
1407,Art. 1407: Blockchain
1408,Art. 1408: Business Intelligence
1409,Art. 1409: Sistemas de Control
1410,Art. 1410: Backtesting de Algoritmos
1411,Art. 1411: Cloud Computing
1412,Art. 1412: Computacion Cuantica
1413,Art. 1413: Robotica Industrial
1414,Art. 1414: Mineria de Datos
1415,Art. 1415: Bases de Datos
1416,Art. 1416: Lenguaje Natural (NLP)
1417,Art. 1417: Vision Artificial
1418,Art. 1418: Redes Fisicas
1419,Art. 1419: Desarrollo Movil
1420,Art. 1420: Riesgos Industriales con IA
1421,Art. 1421: Modelos Probabilisticos
1422,Art. 1422: Sistemas Embebidos
1423,Art. 1423: Sistemas Embebidos
1424,Art. 1424: Blockchain
1425,Art. 1425: Enrutamiento
1426,Art. 1426: Algoritmos Predictivos
1427,Art. 1427: Vision Artificial
1428,Art. 1428: Vision Artificial
1429,Art. 1429: IoT y Domotica
1430,Art. 1430: Riesgos Industriales con IA
1431,Art. 1431: Analisis Estadistico
1432,Art. 1432: Vision Artificial
1433,Art. 1433: IoT y Domotica
1434,Art. 1434: Realidad Aumentada
1435,Art. 1435: Optimizacion SQL
1436,Art. 1436: Redes Neuronales
1437,Art. 1437: Edge Computing
1438,Art. 1438: Algoritmos Predictivos
1439,Art. 1439: Edge Computing
1440,Art. 1440: Optimizacion SQL
1441,Art. 1441: Redes Fisicas
1442,Art. 1442: Diseno de APIs REST
1443,Art. 1443: Sistemas de Control
1444,Art. 1444: Vision Artificial
1445,Art. 1445: IoT y Domotica
1446,Art. 1446: Backtesting de Algoritmos
1447,Art. 1447: IoT y Domotica
1448,Art. 1448: Contenedores Docker
1449,Art. 1449: Pipelines ETL
1450,Art. 1450: Redes Fisicas
1451,Art. 1451: Lenguaje Natural (NLP)
1452,Art. 1452: Automatizacion de Pruebas
1453,Art. 1453: Software Seguro
1454,Art. 1454: Robotica Industrial
1455,Art. 1455: Cableado Estructurado
1456,Art. 1456: Optimizacion SQL
1457,Art. 1457: Bases de Datos
1458,Art. 1458: Big Data
1459,Art. 1459: Analisis Estadistico
1460,Art. 1460: Pipelines ETL
1461,Art. 1461: Diseno de APIs REST
1462,Art. 1462: Optimizacion SQL
1463,Art. 1463: Edge Computing
1464,Art. 1464: Criptografia
1465,Art. 1465: Seguridad Industrial
1466,Art. 1466: Automatizacion de Pruebas
1467,Art. 1467: Software Seguro
1468,Art. 1468: Microservicios
1469,Art. 1469: Business Intelligence
1470,Art. 1470: Redes Fisicas
1471,Art. 1471: Contenedores Docker
1472,Art. 1472: Sistemas Embebidos
1473,Art. 1473: Edge Computing
1474,Art. 1474: IoT y Domotica
1475,Art. 1475: Software Seguro
1476,Art. 1476: Pipelines ETL
1477,Art. 1477: Edge Computing
1478,Art. 1478: Bases de Datos
1479,Art. 1479: Business Intelligence
1480,Art. 1480: Riesgos Industriales con IA
1481,Art. 1481: Diseno de APIs REST
1482,Art. 1482: Mineria de Datos
1483,Art. 1483: Ciberseguridad
1484,Art. 1484: Ciberseguridad
1485,Art. 1485: IoT y Domotica
1486,Art. 1486: Realidad Aumentada
1487,Art. 1487: Optimizacion SQL
1488,Art. 1488: Riesgos Industriales con IA
1489,Art. 1489: Cableado Estructurado
1490,Art. 1490: Mineria de Datos
1491,Art. 1491: Computacion Cuantica
1492,Art. 1492: Cloud Computing
1493,Art. 1493: Sistemas Embebidos
1494,Art. 1494: Microservicios
1495,Art. 1495: Algoritmos Predictivos
1496,Art. 1496: Enrutamiento
1497,Art. 1497: Redes Neuronales
1498,Art. 1498: Backtesting de Algoritmos
1499,Art. 1499: Backtesting de Algoritmos
1500,Art. 1500: Mineria de Datos
1501,Art. 1501: Ingenieria de Software
1502,Art. 1502: Blockchain
1503,Art. 1503: Riesgos Industriales con IA
1504,Art. 1504: Modelos Probabilisticos
1505,Art. 1505: Riesgos Industriales con IA
1506,Art. 1506: Pipelines ETL
1507,Art. 1507: Redes Fisicas
1508,Art. 1508: Realidad Aumentada
1509,Art. 1509: Realidad Aumentada
1510,Art. 1510: Edge Computing
1511,Art. 1511: Pipelines ETL
1512,Art. 1512: Lenguaje Natural (NLP)
1513,Art. 1513: Bases de Datos
1514,Art. 1514: Seguridad Industrial
1515,Art. 1515: Telemetria
1516,Art. 1516: Criptografia
1517,Art. 1517: Business Intelligence
1518,Art. 1518: SO Distribuidos
1519,Art. 1519: Telemetria
1520,Art. 1520: Desarrollo Movil
1521,Art. 1521: Realidad Aumentada
1522,Art. 1522: Blockchain
1523,Art. 1523: Realidad Aumentada
1524,Art. 1524: Ingenieria de Software
1525,Art. 1525: Backtesting de Algoritmos
1526,Art. 1526: Cloud Computing
1527,Art. 1527: Computacion Cuantica
1528,Art. 1528: Algoritmos Predictivos
1529,Art. 1529: Analisis Estadistico
1530,Art. 1530: Sistemas Embebidos
1531,Art. 1531: Lenguaje Natural (NLP)
1532,Art. 1532: Robotica Industrial
1533,Art. 1533: Bases de Datos
1534,Art. 1534: Cableado Estructurado
1535,Art. 1535: Sistemas de Control
1536,Art. 1536: Automatizacion de Pruebas
1537,Art. 1537: Desarrollo Movil
1538,Art. 1538: Redes Fisicas
1539,Art. 1539: Sistemas Embebidos
1540,Art. 1540: Analisis Estadistico
1541,Art. 1541: Cloud Computing
1542,Art. 1542: Optimizacion SQL
1543,Art. 1543: Blockchain
1544,Art. 1544: Telemetria
1545,Art. 1545: Machine Learning
1546,Art. 1546: Software Seguro
1547,Art. 1547: Ingenieria de Software
1548,Art. 1548: SO Distribuidos
1549,Art. 1549: Redes Fisicas
1550,Art. 1550: IoT y Domotica
1551,Art. 1551: Diseno de APIs REST
1552,Art. 1552: Big Data
1553,Art. 1553: Algoritmos Predictivos
1554,Art. 1554: Lenguaje Natural (NLP)
1555,Art. 1555: Sistemas de Control
1556,Art. 1556: Cableado Estructurado
1557,Art. 1557: Cloud Computing
1558,Art. 1558: Ciberseguridad
1559,Art. 1559: Telemetria
1560,Art. 1560: Ingenieria de Software
1561,Art. 1561: Big Data
1562,Art. 1562: Enrutamiento
1563,Art. 1563: Computacion Cuantica
1564,Art. 1564: Riesgos Industriales con IA
1565,Art. 1565: Criptografia
1566,Art. 1566: Enrutamiento
1567,Art. 1567: SO Distribuidos
1568,Art. 1568: Sistemas de Control
1569,Art. 1569: Telemetria
1570,Art. 1570: Blockchain
1571,Art. 1571: Sistemas Embebidos
1572,Art. 1572: Blockchain
1573,Art. 1573: DevOps
1574,Art. 1574: Enrutamiento
1575,Art. 1575: Algoritmos Predictivos
1576,Art. 1576: Microservicios
1577,Art. 1577: Big Data
1578,Art. 1578: Cableado Estructurado
1579,Art. 1579: Cableado Estructurado
1580,Art. 1580: Telemetria
1581,Art. 1581: Microservicios
1582,Art. 1582: Software Seguro
1583,Art. 1583: Sistemas Embebidos
1584,Art. 1584: Ciberseguridad
1585,Art. 1585: Redes Neuronales
1586,Art. 1586: Lenguaje Natural (NLP)
1587,Art. 1587: Cableado Estructurado
1588,Art. 1588: Desarrollo Movil
1589,Art. 1589: Desarrollo Movil
1590,Art. 1590: Pipelines ETL
1591,Art. 1591: Ciberseguridad
1592,Art. 1592: Microservicios
1593,Art. 1593: Cloud Computing
1594,Art. 1594: Redes Neuronales
1595,Art. 1595: Desarrollo Movil
1596,Art. 1596: Automatizacion de Pruebas
1597,Art. 1597: Redes Fisicas
1598,Art. 1598: Riesgos Industriales con IA
1599,Art. 1599: Optimizacion SQL
1600,Art. 1600: Backtesting de Algoritmos
1601,Art. 1601: Cableado Estructurado
1602,Art. 1602: Modelos Probabilisticos
1603,Art. 1603: Criptografia
1604,Art. 1604: Sistemas de Control
1605,Art. 1605: Riesgos Industriales con IA
1606,Art. 1606: Optimizacion SQL
1607,Art. 1607: Analisis Estadistico
1608,Art. 1608: Sistemas de Control
1609,Art. 1609: Criptografia
1610,Art. 1610: Big Data
1611,Art. 1611: Ingenieria de Software
1612,Art. 1612: Vision Artificial
1613,Art. 1613: Contenedores Docker
1614,Art. 1614: DevOps
1615,Art. 1615: IoT y Domotica
1616,Art. 1616: Realidad Aumentada
1617,Art. 1617: IoT y Domotica
1618,Art. 1618: Robotica Industrial
1619,Art. 1619: Blockchain
1620,Art. 1620: Software Seguro
1621,Art. 1621: Vision Artificial
1622,Art. 1622: Analisis Estadistico
1623,Art. 1623: Optimizacion SQL
1624,Art. 1624: Automatizacion de Pruebas
1625,Art. 1625: Modelos Probabilisticos
1626,Art. 1626: Automatizacion de Pruebas
1627,Art. 1627: Backtesting de Algoritmos
1628,Art. 1628: Modelos Probabilisticos
1629,Art. 1629: Pipelines ETL
1630,Art. 1630: Enrutamiento
1631,Art. 1631: SO Distribuidos
1632,Art. 1632: Modelos Probabilisticos
1633,Art. 1633: Software Seguro
1634,Art. 1634: Seguridad Industrial
1635,Art. 1635: Computacion Cuantica
1636,Art. 1636: Desarrollo Movil
1637,Art. 1637: Backtesting de Algoritmos
1638,Art. 1638: Vision Artificial
1639,Art. 1639: Software Seguro
1640,Art. 1640: Blockchain
1641,Art. 1641: Automatizacion de Pruebas
1642,Art. 1642: Automatizacion de Pruebas
1643,Art. 1643: IoT y Domotica
1644,Art. 1644: Blockchain
1645,Art. 1645: Blockchain
1646,Art. 1646: Edge Computing
1647,Art. 1647: Cloud Computing
1648,Art. 1648: Business Intelligence
1649,Art. 1649: Contenedores Docker
1650,Art. 1650: SO Distribuidos
1651,Art. 1651: Vision Artificial
1652,Art. 1652: Ciberseguridad
1653,Art. 1653: Diseno de APIs REST
1654,Art. 1654: Sistemas de Control
1655,Art. 1655: Analisis Estadistico
1656,Art. 1656: Blockchain
1657,Art. 1657: Algoritmos Predictivos
1658,Art. 1658: Ingenieria de Software
1659,Art. 1659: Software Seguro
1660,Art. 1660: Bases de Datos
1661,Art. 1661: Business Intelligence
1662,Art. 1662: Contenedores Docker
1663,Art. 1663: Computacion Cuantica
1664,Art. 1664: Big Data
1665,Art. 1665: Analisis Estadistico
1666,Art. 1666: Redes Fisicas
1667,Art. 1667: Criptografia
1668,Art. 1668: Analisis Estadistico
1669,Art. 1669: Riesgos Industriales con IA
1670,Art. 1670: Business Intelligence
1671,Art. 1671: Bases de Datos
1672,Art. 1672: Machine Learning
1673,Art. 1673: Big Data
1674,Art. 1674: Riesgos Industriales con IA
1675,Art. 1675: Machine Learning
1676,Art. 1676: Bases de Datos
1677,Art. 1677: Microservicios
1678,Art. 1678: Pipelines ETL
1679,Art. 1679: Backtesting de Algoritmos
1680,Art. 1680: Vision Artificial
1681,Art. 1681: Ingenieria de Software
1682,Art. 1682: Ciberseguridad
1683,Art. 1683: Cableado Estructurado
1684,Art. 1684: Ingenieria de Software
1685,Art. 1685: Contenedores Docker
1686,Art. 1686: Robotica Industrial
1687,Art. 1687: Realidad Aumentada
1688,Art. 1688: Cableado Estructurado
1689,Art. 1689: Robotica Industrial
1690,Art. 1690: Ciberseguridad
1691,Art. 1691: Algoritmos Predictivos
1692,Art. 1692: Cloud Computing
1693,Art. 1693: Business Intelligence
1694,Art. 1694: Pipelines ETL
1695,Art. 1695: Lenguaje Natural (NLP)
1696,Art. 1696: Diseno de APIs REST
1697,Art. 1697: DevOps
1698,Art. 1698: Redes Fisicas
1699,Art. 1699: Sistemas de Control
1700,Art. 1700: Big Data
1701,Art. 1701: Ciberseguridad
1702,Art. 1702: IoT y Domotica
1703,Art. 1703: Redes Neuronales
1704,Art. 1704: Business Intelligence
1705,Art. 1705: Backtesting de Algoritmos
1706,Art. 1706: Cloud Computing
1707,Art. 1707: Computacion Cuantica
1708,Art. 1708: Redes Fisicas
1709,Art. 1709: Sistemas de Control
1710,Art. 1710: Edge Computing
1711,Art. 1711: Vision Artificial
1712,Art. 1712: Pipelines ETL
1713,Art. 1713: Modelos Probabilisticos
1714,Art. 1714: Sistemas de Control
1715,Art. 1715: Optimizacion SQL
1716,Art. 1716: Big Data
1717,Art. 1717: Riesgos Industriales con IA
1718,Art. 1718: Machine Learning
1719,Art. 1719: Bases de Datos
1720,Art. 1720: Software Seguro
1721,Art. 1721: Microservicios
1722,Art. 1722: Realidad Aumentada
1723,Art. 1723: Cloud Computing
1724,Art. 1724: Cloud Computing
1725,Art. 1725: Business Intelligence
1726,Art. 1726: Redes Neuronales
1727,Art. 1727: Robotica Industrial
1728,Art. 1728: Lenguaje Natural (NLP)
1729,Art. 1729: Ciberseguridad
1730,Art. 1730: Business Intelligence
1731,Art. 1731: Cableado Estructurado
1732,Art. 1732: Robotica Industrial
1733,Art. 1733: Sistemas de Control
1734,Art. 1734: Realidad Aumentada
1735,Art. 1735: Realidad Aumentada
1736,Art. 1736: Desarrollo Movil
1737,Art. 1737: Realidad Aumentada
1738,Art. 1738: Ciberseguridad
1739,Art. 1739: Mineria de Datos
1740,Art. 1740: Vision Artificial
1741,Art. 1741: Sistemas Embebidos
1742,Art. 1742: Lenguaje Natural (NLP)
1743,Art. 1743: Software Seguro
1744,Art. 1744: Enrutamiento
1745,Art. 1745: Ciberseguridad
1746,Art. 1746: IoT y Domotica
1747,Art. 1747: Vision Artificial
1748,Art. 1748: SO Distribuidos
1749,Art. 1749: Pipelines ETL
1750,Art. 1750: Optimizacion SQL
1751,Art. 1751: Software Seguro
1752,Art. 1752: Lenguaje Natural (NLP)
1753,Art. 1753: Robotica Industrial
1754,Art. 1754: Automatizacion de Pruebas
1755,Art. 1755: Big Data
1756,Art. 1756: Sistemas Embebidos
1757,Art. 1757: SO Distribuidos
1758,Art. 1758: Ciberseguridad
1759,Art. 1759: Telemetria
1760,Art. 1760: Vision Artificial
1761,Art. 1761: Sistemas Embebidos
1762,Art. 1762: Ingenieria de Software
1763,Art. 1763: Backtesting de Algoritmos
1764,Art. 1764: Automatizacion de Pruebas
1765,Art. 1765: Mineria de Datos
1766,Art. 1766: Microservicios
1767,Art. 1767: Cloud Computing
1768,Art. 1768: IoT y Domotica
1769,Art. 1769: Cableado Estructurado
1770,Art. 1770: Ciberseguridad
1771,Art. 1771: Backtesting de Algoritmos
1772,Art. 1772: Computacion Cuantica
1773,Art. 1773: Cableado Estructurado
1774,Art. 1774: Modelos Probabilisticos
1775,Art. 1775: Automatizacion de Pruebas
1776,Art. 1776: Lenguaje Natural (NLP)
1777,Art. 1777: SO Distribuidos
1778,Art. 1778: Bases de Datos
1779,Art. 1779: Analisis Estadistico
1780,Art. 1780: Vision Artificial
1781,Art. 1781: Realidad Aumentada
1782,Art. 1782: Lenguaje Natural (NLP)
1783,Art. 1783: Sistemas Embebidos
1784,Art. 1784: Enrutamiento
1785,Art. 1785: Lenguaje Natural (NLP)
1786,Art. 1786: Big Data
1787,Art. 1787: IoT y Domotica
1788,Art. 1788: Blockchain
1789,Art. 1789: Robotica Industrial
1790,Art. 1790: Ingenieria de Software
1791,Art. 1791: Ciberseguridad
1792,Art. 1792: Pipelines ETL
1793,Art. 1793: Computacion Cuantica
1794,Art. 1794: Edge Computing
1795,Art. 1795: Redes Neuronales
1796,Art. 1796: Pipelines ETL
1797,Art. 1797: Automatizacion de Pruebas
1798,Art. 1798: Mineria de Datos
1799,Art. 1799: Diseno de APIs REST
1800,Art. 1800: IoT y Domotica
1801,Art. 1801: Sistemas de Control
1802,Art. 1802: Computacion Cuantica
1803,Art. 1803: Software Seguro
1804,Art. 1804: Criptografia
1805,Art. 1805: Seguridad Industrial
1806,Art. 1806: Vision Artificial
1807,Art. 1807: Realidad Aumentada
1808,Art. 1808: Pipelines ETL
1809,Art. 1809: Cloud Computing
1810,Art. 1810: Mineria de Datos
1811,Art. 1811: Software Seguro
1812,Art. 1812: Diseno de APIs REST
1813,Art. 1813: Ingenieria de Software
1814,Art. 1814: Robotica Industrial
1815,Art. 1815: Ciberseguridad
1816,Art. 1816: Optimizacion SQL
1817,Art. 1817: Mineria de Datos
1818,Art. 1818: Ingenieria de Software
1819,Art. 1819: Enrutamiento
1820,Art. 1820: Riesgos Industriales con IA
1821,Art. 1821: Automatizacion de Pruebas
1822,Art. 1822: IoT y Domotica
1823,Art. 1823: Machine Learning
1824,Art. 1824: Robotica Industrial
1825,Art. 1825: Algoritmos Predictivos
1826,Art. 1826: Desarrollo Movil
1827,Art. 1827: Cloud Computing
1828,Art. 1828: Telemetria
1829,Art. 1829: Cloud Computing
1830,Art. 1830: Backtesting de Algoritmos
1831,Art. 1831: Mineria de Datos
1832,Art. 1832: Bases de Datos
1833,Art. 1833: Telemetria
1834,Art. 1834: Blockchain
1835,Art. 1835: Automatizacion de Pruebas
1836,Art. 1836: Cloud Computing
1837,Art. 1837: Telemetria
1838,Art. 1838: Algoritmos Predictivos
1839,Art. 1839: Ciberseguridad
1840,Art. 1840: Contenedores Docker
1841,Art. 1841: Edge Computing
1842,Art. 1842: Pipelines ETL
1843,Art. 1843: Sistemas de Control
1844,Art. 1844: Contenedores Docker
1845,Art. 1845: SO Distribuidos
1846,Art. 1846: SO Distribuidos
1847,Art. 1847: Riesgos Industriales con IA
1848,Art. 1848: Sistemas Embebidos
1849,Art. 1849: IoT y Domotica
1850,Art. 1850: Software Seguro
1851,Art. 1851: Big Data
1852,Art. 1852: Contenedores Docker
1853,Art. 1853: Computacion Cuantica
1854,Art. 1854: Microservicios
1855,Art. 1855: Criptografia
1856,Art. 1856: Blockchain
1857,Art. 1857: Analisis Estadistico
1858,Art. 1858: Seguridad Industrial
1859,Art. 1859: Edge Computing
1860,Art. 1860: Redes Fisicas
1861,Art. 1861: Sistemas de Control
1862,Art. 1862: Robotica Industrial
1863,Art. 1863: Backtesting de Algoritmos
1864,Art. 1864: Contenedores Docker
1865,Art. 1865: Machine Learning
1866,Art. 1866: Optimizacion SQL
1867,Art. 1867: Business Intelligence
1868,Art. 1868: Big Data
1869,Art. 1869: Automatizacion de Pruebas
1870,Art. 1870: Business Intelligence
1871,Art. 1871: Seguridad Industrial
1872,Art. 1872: Bases de Datos
1873,Art. 1873: Business Intelligence
1874,Art. 1874: Optimizacion SQL
1875,Art. 1875: Enrutamiento
1876,Art. 1876: Desarrollo Movil
1877,Art. 1877: Algoritmos Predictivos
1878,Art. 1878: Backtesting de Algoritmos
1879,Art. 1879: Automatizacion de Pruebas
1880,Art. 1880: Ingenieria de Software
1881,Art. 1881: Vision Artificial
1882,Art. 1882: Lenguaje Natural (NLP)
1883,Art. 1883: Robotica Industrial
1884,Art. 1884: Vision Artificial
1885,Art. 1885: Edge Computing
1886,Art. 1886: Modelos Probabilisticos
1887,Art. 1887: Computacion Cuantica
1888,Art. 1888: Redes Fisicas
1889,Art. 1889: Pipelines ETL
1890,Art. 1890: Lenguaje Natural (NLP)
1891,Art. 1891: Redes Fisicas
1892,Art. 1892: Sistemas de Control
1893,Art. 1893: Cloud Computing
1894,Art. 1894: SO Distribuidos
1895,Art. 1895: SO Distribuidos
1896,Art. 1896: Ciberseguridad
1897,Art. 1897: Software Seguro
1898,Art. 1898: Robotica Industrial
1899,Art. 1899: Blockchain
1900,Art. 1900: Criptografia
1901,Art. 1901: Realidad Aumentada
1902,Art. 1902: Backtesting de Algoritmos
1903,Art. 1903: Bases de Datos
1904,Art. 1904: Sistemas de Control
1905,Art. 1905: Computacion Cuantica
1906,Art. 1906: Enrutamiento
1907,Art. 1907: Diseno de APIs REST
1908,Art. 1908: Modelos Probabilisticos
1909,Art. 1909: Riesgos Industriales con IA
1910,Art. 1910: Seguridad Industrial
1911,Art. 1911: Computacion Cuantica
1912,Art. 1912: DevOps
1913,Art. 1913: Redes Neuronales
1914,Art. 1914: Sistemas Embebidos
1915,Art. 1915: Redes Fisicas
1916,Art. 1916: Redes Fisicas
1917,Art. 1917: Ciberseguridad
1918,Art. 1918: Backtesting de Algoritmos
1919,Art. 1919: Blockchain
1920,Art. 1920: Robotica Industrial
1921,Art. 1921: Riesgos Industriales con IA
1922,Art. 1922: Enrutamiento
1923,Art. 1923: SO Distribuidos
1924,Art. 1924: IoT y Domotica
1925,Art. 1925: Sistemas de Control
1926,Art. 1926: Realidad Aumentada
1927,Art. 1927: Analisis Estadistico
1928,Art. 1928: DevOps
1929,Art. 1929: Enrutamiento
1930,Art. 1930: Edge Computing
1931,Art. 1931: Robotica Industrial
1932,Art. 1932: Machine Learning
1933,Art. 1933: Edge Computing
1934,Art. 1934: Cloud Computing
1935,Art. 1935: Sistemas de Control
1936,Art. 1936: Cableado Estructurado
1937,Art. 1937: Modelos Probabilisticos
1938,Art. 1938: Algoritmos Predictivos
1939,Art. 1939: Machine Learning
1940,Art. 1940: Vision Artificial
1941,Art. 1941: Sistemas de Control
1942,Art. 1942: Cableado Estructurado
1943,Art. 1943: Ingenieria de Software
1944,Art. 1944: Blockchain
1945,Art. 1945: Machine Learning
1946,Art. 1946: Sistemas de Control
1947,Art. 1947: DevOps
1948,Art. 1948: Optimizacion SQL
1949,Art. 1949: Modelos Probabilisticos
1950,Art. 1950: Microservicios
1951,Art. 1951: Ingenieria de Software
1952,Art. 1952: Software Seguro
1953,Art. 1953: Computacion Cuantica
1954,Art. 1954: Analisis Estadistico
1955,Art. 1955: Seguridad Industrial
1956,Art. 1956: Vision Artificial
1957,Art. 1957: Automatizacion de Pruebas
1958,Art. 1958: Edge Computing
1959,Art. 1959: Microservicios
1960,Art. 1960: Telemetria
1961,Art. 1961: Riesgos Industriales con IA
1962,Art. 1962: Cableado Estructurado
1963,Art. 1963: Automatizacion de Pruebas
1964,Art. 1964: Pipelines ETL
1965,Art. 1965: Enrutamiento
1966,Art. 1966: Business Intelligence
1967,Art. 1967: Seguridad Industrial
1968,Art. 1968: Blockchain
1969,Art. 1969: Seguridad Industrial
1970,Art. 1970: IoT y Domotica
1971,Art. 1971: Seguridad Industrial
1972,Art. 1972: IoT y Domotica
1973,Art. 1973: Realidad Aumentada
1974,Art. 1974: Ingenieria de Software
1975,Art. 1975: Sistemas Embebidos
1976,Art. 1976: Redes Neuronales
1977,Art. 1977: Diseno de APIs REST
1978,Art. 1978: Redes Fisicas
1979,Art. 1979: Seguridad Industrial
1980,Art. 1980: Microservicios
1981,Art. 1981: Optimizacion SQL
1982,Art. 1982: Riesgos Industriales con IA
1983,Art. 1983: Sistemas Embebidos
1984,Art. 1984: Enrutamiento
1985,Art. 1985: Edge Computing
1986,Art. 1986: Telemetria
1987,Art. 1987: Redes Neuronales
1988,Art. 1988: Sistemas de Control
1989,Art. 1989: Realidad Aumentada
1990,Art. 1990: DevOps
1991,Art. 1991: SO Distribuidos
1992,Art. 1992: Edge Computing
1993,Art. 1993: Business Intelligence
1994,Art. 1994: Seguridad Industrial
1995,Art. 1995: Sistemas Embebidos
1996,Art. 1996: Cloud Computing
1997,Art. 1997: Cloud Computing
1998,Art. 1998: Robotica Industrial
1999,Art. 1999: Automatizacion de Pruebas
2000,Art. 2000: Cloud Computing
2001,Art. 2001: Optimizacion SQL
2002,Art. 2002: Modelos Probabilisticos
2003,Art. 2003: Machine Learning
2004,Art. 2004: Cloud Computing
2005,Art. 2005: SO Distribuidos
2006,Art. 2006: Blockchain
2007,Art. 2007: Cableado Estructurado
2008,Art. 2008: Cableado Estructurado
2009,Art. 2009: Pipelines ETL
2010,Art. 2010: Algoritmos Predictivos
2011,Art. 2011: Bases de Datos
2012,Art. 2012: Cloud Computing
2013,Art. 2013: Sistemas de Control
2014,Art. 2014: SO Distribuidos
2015,Art. 2015: Sistemas Embebidos
2016,Art. 2016: Realidad Aumentada
2017,Art. 2017: Pipelines ETL
2018,Art. 2018: Sistemas Embebidos
2019,Art. 2019: Lenguaje Natural (NLP)
2020,Art. 2020: Backtesting de Algoritmos
2021,Art. 2021: Computacion Cuantica
2022,Art. 2022: Ciberseguridad
2023,Art. 2023: Robotica Industrial
2024,Art. 2024: Enrutamiento
2025,Art. 2025: Blockchain
2026,Art. 2026: Automatizacion de Pruebas
2027,Art. 2027: Redes Fisicas
2028,Art. 2028: Big Data
2029,Art. 2029: Mineria de Datos
2030,Art. 2030: Cableado Estructurado
2031,Art. 2031: Redes Neuronales
2032,Art. 2032: Telemetria
2033,Art. 2033: Backtesting de Algoritmos
2034,Art. 2034: Business Intelligence
2035,Art. 2035: Diseno de APIs REST
2036,Art. 2036: Vision Artificial
2037,Art. 2037: Desarrollo Movil
2038,Art. 2038: Blockchain
2039,Art. 2039: Sistemas de Control
2040,Art. 2040: Pipelines ETL
2041,Art. 2041: Computacion Cuantica
2042,Art. 2042: Vision Artificial
2043,Art. 2043: Cableado Estructurado
2044,Art. 2044: Sistemas Embebidos
2045,Art. 2045: Microservicios
2046,Art. 2046: Sistemas de Control
2047,Art. 2047: Contenedores Docker
2048,Art. 2048: Modelos Probabilisticos
2049,Art. 2049: Riesgos Industriales con IA
2050,Art. 2050: Modelos Probabilisticos
2051,Art. 2051: Bases de Datos
2052,Art. 2052: Mineria de Datos
2053,Art. 2053: Automatizacion de Pruebas
2054,Art. 2054: Big Data
2055,Art. 2055: Ciberseguridad
2056,Art. 2056: Sistemas de Control
2057,Art. 2057: Telemetria
2058,Art. 2058: Mineria de Datos
2059,Art. 2059: Criptografia
2060,Art. 2060: Contenedores Docker
2061,Art. 2061: Riesgos Industriales con IA
2062,Art. 2062: Robotica Industrial
2063,Art. 2063: Ingenieria de Software
2064,Art. 2064: Optimizacion SQL
2065,Art. 2065: Riesgos Industriales con IA
2066,Art. 2066: Edge Computing
2067,Art. 2067: Telemetria
2068,Art. 2068: Telemetria
2069,Art. 2069: Vision Artificial
2070,Art. 2070: Computacion Cuantica
2071,Art. 2071: Redes Fisicas
2072,Art. 2072: Computacion Cuantica
2073,Art. 2073: Ciberseguridad
2074,Art. 2074: Bases de Datos
2075,Art. 2075: Software Seguro
2076,Art. 2076: Cableado Estructurado
2077,Art. 2077: Machine Learning
2078,Art. 2078: Software Seguro
2079,Art. 2079: Bases de Datos
2080,Art. 2080: Realidad Aumentada
2081,Art. 2081: Mineria de Datos
2082,Art. 2082: Cloud Computing
2083,Art. 2083: Machine Learning
2084,Art. 2084: Robotica Industrial
2085,Art. 2085: Software Seguro
2086,Art. 2086: Analisis Estadistico
2087,Art. 2087: Telemetria
2088,Art. 2088: Realidad Aumentada
2089,Art. 2089: Microservicios
2090,Art. 2090: IoT y Domotica
2091,Art. 2091: Optimizacion SQL
2092,Art. 2092: Diseno de APIs REST
2093,Art. 2093: Microservicios
2094,Art. 2094: Robotica Industrial
2095,Art. 2095: SO Distribuidos
2096,Art. 2096: Vision Artificial
2097,Art. 2097: Automatizacion de Pruebas
2098,Art. 2098: Ciberseguridad
2099,Art. 2099: Computacion Cuantica
2100,Art. 2100: Sistemas Embebidos
2101,Art. 2101: Lenguaje Natural (NLP)
2102,Art. 2102: Telemetria
2103,Art. 2103: DevOps
2104,Art. 2104: Analisis Estadistico
2105,Art. 2105: Ciberseguridad
2106,Art. 2106: Microservicios
2107,Art. 2107: Riesgos Industriales con IA
2108,Art. 2108: Riesgos Industriales con IA
2109,Art. 2109: Big Data
2110,Art. 2110: Criptografia
2111,Art. 2111: Big Data
2112,Art. 2112: Pipelines ETL
2113,Art. 2113: Machine Learning
2114,Art. 2114: Desarrollo Movil
2115,Art. 2115: Software Seguro
2116,Art. 2116: Microservicios
2117,Art. 2117: Modelos Probabilisticos
2118,Art. 2118: Microservicios
2119,Art. 2119: Microservicios
2120,Art. 2120: Robotica Industrial
2121,Art. 2121: Algoritmos Predictivos
2122,Art. 2122: Cableado Estructurado
2123,Art. 2123: Modelos Probabilisticos
2124,Art. 2124: Redes Fisicas
2125,Art. 2125: Bases de Datos
2126,Art. 2126: Cableado Estructurado
2127,Art. 2127: Blockchain
2128,Art. 2128: SO Distribuidos
2129,Art. 2129: Sistemas Embebidos
2130,Art. 2130: Diseno de APIs REST
2131,Art. 2131: Computacion Cuantica
2132,Art. 2132: Sistemas Embebidos
2133,Art. 2133: Edge Computing
2134,Art. 2134: Ciberseguridad
2135,Art. 2135: Bases de Datos
2136,Art. 2136: Sistemas Embebidos
2137,Art. 2137: Vision Artificial
2138,Art. 2138: Big Data
2139,Art. 2139: Pipelines ETL
2140,Art. 2140: Sistemas de Control
2141,Art. 2141: Contenedores Docker
2142,Art. 2142: Mineria de Datos
2143,Art. 2143: Redes Neuronales
2144,Art. 2144: Lenguaje Natural (NLP)
2145,Art. 2145: Sistemas Embebidos
2146,Art. 2146: Robotica Industrial
2147,Art. 2147: Microservicios
2148,Art. 2148: IoT y Domotica
2149,Art. 2149: Sistemas de Control
2150,Art. 2150: Redes Neuronales
2151,Art. 2151: Redes Neuronales
2152,Art. 2152: DevOps
2153,Art. 2153: Business Intelligence
2154,Art. 2154: Desarrollo Movil
2155,Art. 2155: Machine Learning
2156,Art. 2156: Cloud Computing
2157,Art. 2157: Blockchain
2158,Art. 2158: DevOps
2159,Art. 2159: Vision Artificial
2160,Art. 2160: Diseno de APIs REST
2161,Art. 2161: Modelos Probabilisticos
2162,Art. 2162: Diseno de APIs REST
2163,Art. 2163: Riesgos Industriales con IA
2164,Art. 2164: Diseno de APIs REST
2165,Art. 2165: Contenedores Docker
2166,Art. 2166: Software Seguro
2167,Art. 2167: Modelos Probabilisticos
2168,Art. 2168: Ingenieria de Software
2169,Art. 2169: Blockchain
2170,Art. 2170: Contenedores Docker
2171,Art. 2171: Vision Artificial
2172,Art. 2172: Contenedores Docker
2173,Art. 2173: Blockchain
2174,Art. 2174: Backtesting de Algoritmos
2175,Art. 2175: Criptografia
2176,Art. 2176: Redes Fisicas
2177,Art. 2177: Computacion Cuantica
2178,Art. 2178: Machine Learning
2179,Art. 2179: IoT y Domotica
2180,Art. 2180: Modelos Probabilisticos
2181,Art. 2181: SO Distribuidos
2182,Art. 2182: Telemetria
2183,Art. 2183: Ciberseguridad
2184,Art. 2184: Contenedores Docker
2185,Art. 2185: Sistemas de Control
2186,Art. 2186: Redes Neuronales
2187,Art. 2187: SO Distribuidos
2188,Art. 2188: Redes Fisicas
2189,Art. 2189: Modelos Probabilisticos
2190,Art. 2190: Robotica Industrial
2191,Art. 2191: Analisis Estadistico
2192,Art. 2192: Ingenieria de Software
2193,Art. 2193: Pipelines ETL
2194,Art. 2194: Ciberseguridad
2195,Art. 2195: IoT y Domotica
2196,Art. 2196: Redes Neuronales
2197,Art. 2197: Lenguaje Natural (NLP)
2198,Art. 2198: Machine Learning
2199,Art. 2199: Business Intelligence
2200,Art. 2200: Redes Fisicas
2201,Art. 2201: Computacion Cuantica
2202,Art. 2202: Criptografia
2203,Art. 2203: Sistemas de Control
2204,Art. 2204: Ciberseguridad
2205,Art. 2205: Criptografia
2206,Art. 2206: Redes Neuronales
2207,Art. 2207: Redes Fisicas
2208,Art. 2208: Seguridad Industrial
2209,Art. 2209: Sistemas Embebidos
2210,Art. 2210: Ingenieria de Software
2211,Art. 2211: Modelos Probabilisticos
2212,Art. 2212: Redes Neuronales
2213,Art. 2213: SO Distribuidos
2214,Art. 2214: Software Seguro
2215,Art. 2215: Sistemas de Control
2216,Art. 2216: Redes Fisicas
2217,Art. 2217: Seguridad Industrial
2218,Art. 2218: Modelos Probabilisticos
2219,Art. 2219: Machine Learning
2220,Art. 2220: Big Data
2221,Art. 2221: Bases de Datos
2222,Art. 2222: Analisis Estadistico
2223,Art. 2223: SO Distribuidos
2224,Art. 2224: Cableado Estructurado
2225,Art. 2225: Microservicios
2226,Art. 2226: Telemetria
2227,Art. 2227: Riesgos Industriales con IA
2228,Art. 2228: Ingenieria de Software
2229,Art. 2229: Optimizacion SQL
2230,Art. 2230: IoT y Domotica
2231,Art. 2231: Enrutamiento
2232,Art. 2232: SO Distribuidos
2233,Art. 2233: Sistemas de Control
2234,Art. 2234: Machine Learning
2235,Art. 2235: Machine Learning
2236,Art. 2236: Mineria de Datos
2237,Art. 2237: Backtesting de Algoritmos
2238,Art. 2238: Ciberseguridad
2239,Art. 2239: Big Data
2240,Art. 2240: Sistemas Embebidos
2241,Art. 2241: Blockchain
2242,Art. 2242: Ingenieria de Software
2243,Art. 2243: Algoritmos Predictivos
2244,Art. 2244: Sistemas Embebidos
2245,Art. 2245: Modelos Probabilisticos
2246,Art. 2246: Cloud Computing
2247,Art. 2247: Machine Learning
2248,Art. 2248: Algoritmos Predictivos
2249,Art. 2249: Optimizacion SQL
2250,Art. 2250: Mineria de Datos
2251,Art. 2251: Enrutamiento
2252,Art. 2252: DevOps
2253,Art. 2253: Riesgos Industriales con IA
2254,Art. 2254: Cableado Estructurado
2255,Art. 2255: Realidad Aumentada
2256,Art. 2256: Enrutamiento
2257,Art. 2257: Desarrollo Movil
2258,Art. 2258: Bases de Datos
2259,Art. 2259: Sistemas de Control
2260,Art. 2260: Software Seguro
2261,Art. 2261: Sistemas Embebidos
2262,Art. 2262: Cableado Estructurado
2263,Art. 2263: Business Intelligence
2264,Art. 2264: Mineria de Datos
2265,Art. 2265: Ingenieria de Software
2266,Art. 2266: Criptografia
2267,Art. 2267: Seguridad Industrial
2268,Art. 2268: Blockchain
2269,Art. 2269: Seguridad Industrial
2270,Art. 2270: Big Data
2271,Art. 2271: Bases de Datos
2272,Art. 2272: Optimizacion SQL
2273,Art. 2273: Pipelines ETL
2274,Art. 2274: Big Data
2275,Art. 2275: Redes Fisicas
2276,Art. 2276: Sistemas de Control
2277,Art. 2277: Redes Fisicas
2278,Art. 2278: Realidad Aumentada
2279,Art. 2279: Redes Fisicas
2280,Art. 2280: Software Seguro
2281,Art. 2281: Pipelines ETL
2282,Art. 2282: Backtesting de Algoritmos
2283,Art. 2283: Diseno de APIs REST
2284,Art. 2284: Backtesting de Algoritmos
2285,Art. 2285: Riesgos Industriales con IA
2286,Art. 2286: Computacion Cuantica
2287,Art. 2287: Seguridad Industrial
2288,Art. 2288: Contenedores Docker
2289,Art. 2289: Machine Learning
2290,Art. 2290: Computacion Cuantica
2291,Art. 2291: Pipelines ETL
2292,Art. 2292: Blockchain
2293,Art. 2293: Telemetria
2294,Art. 2294: Vision Artificial
2295,Art. 2295: Modelos Probabilisticos
2296,Art. 2296: Diseno de APIs REST
2297,Art. 2297: Machine Learning
2298,Art. 2298: Computacion Cuantica
2299,Art. 2299: Blockchain
2300,Art. 2300: Vision Artificial
2301,Art. 2301: Criptografia
2302,Art. 2302: Diseno de APIs REST
2303,Art. 2303: Diseno de APIs REST
2304,Art. 2304: Backtesting de Algoritmos
2305,Art. 2305: Machine Learning
2306,Art. 2306: Pipelines ETL
2307,Art. 2307: Redes Fisicas
2308,Art. 2308: Contenedores Docker
2309,Art. 2309: Realidad Aumentada
2310,Art. 2310: Mineria de Datos
2311,Art. 2311: Sistemas Embebidos
2312,Art. 2312: Contenedores Docker
2313,Art. 2313: Automatizacion de Pruebas
2314,Art. 2314: Automatizacion de Pruebas
2315,Art. 2315: Cloud Computing
2316,Art. 2316: Seguridad Industrial
2317,Art. 2317: Riesgos Industriales con IA
2318,Art. 2318: Business Intelligence
2319,Art. 2319: Sistemas Embebidos
2320,Art. 2320: Criptografia
2321,Art. 2321: Bases de Datos
2322,Art. 2322: Edge Computing
2323,Art. 2323: Microservicios
2324,Art. 2324: DevOps
2325,Art. 2325: Automatizacion de Pruebas
2326,Art. 2326: Sistemas Embebidos
2327,Art. 2327: Desarrollo Movil
2328,Art. 2328: Riesgos Industriales con IA
2329,Art. 2329: Backtesting de Algoritmos
2330,Art. 2330: Redes Neuronales
2331,Art. 2331: Redes Fisicas
2332,Art. 2332: Algoritmos Predictivos
2333,Art. 2333: Microservicios
2334,Art. 2334: Vision Artificial
2335,Art. 2335: Big Data
2336,Art. 2336: Backtesting de Algoritmos
2337,Art. 2337: Business Intelligence
2338,Art. 2338: Machine Learning
2339,Art. 2339: Lenguaje Natural (NLP)
2340,Art. 2340: Enrutamiento
2341,Art. 2341: Bases de Datos
2342,Art. 2342: Contenedores Docker
2343,Art. 2343: Software Seguro
2344,Art. 2344: Cableado Estructurado
2345,Art. 2345: Pipelines ETL
2346,Art. 2346: Optimizacion SQL
2347,Art. 2347: Analisis Estadistico
2348,Art. 2348: Vision Artificial
2349,Art. 2349: Backtesting de Algoritmos
2350,Art. 2350: Software Seguro
2351,Art. 2351: Microservicios
2352,Art. 2352: Ingenieria de Software
2353,Art. 2353: Seguridad Industrial
2354,Art. 2354: Realidad Aumentada
2355,Art. 2355: SO Distribuidos
2356,Art. 2356: Edge Computing
2357,Art. 2357: Sistemas de Control
2358,Art. 2358: Realidad Aumentada
2359,Art. 2359: Automatizacion de Pruebas
2360,Art. 2360: Cableado Estructurado
2361,Art. 2361: Redes Neuronales
2362,Art. 2362: Criptografia
2363,Art. 2363: Criptografia
2364,Art. 2364: Software Seguro
2365,Art. 2365: Software Seguro
2366,Art. 2366: Blockchain
2367,Art. 2367: Software Seguro
2368,Art. 2368: Riesgos Industriales con IA
2369,Art. 2369: Mineria de Datos
2370,Art. 2370: Ingenieria de Software
2371,Art. 2371: Automatizacion de Pruebas
2372,Art. 2372: Automatizacion de Pruebas
2373,Art. 2373: Criptografia
2374,Art. 2374: Modelos Probabilisticos
2375,Art. 2375: Bases de Datos
2376,Art. 2376: Backtesting de Algoritmos
2377,Art. 2377: Redes Fisicas
2378,Art. 2378: Enrutamiento
2379,Art. 2379: Modelos Probabilisticos
2380,Art. 2380: SO Distribuidos
2381,Art. 2381: Modelos Probabilisticos
2382,Art. 2382: Sistemas Embebidos
2383,Art. 2383: Lenguaje Natural (NLP)
2384,Art. 2384: Computacion Cuantica
2385,Art. 2385: Pipelines ETL
2386,Art. 2386: Desarrollo Movil
2387,Art. 2387: Automatizacion de Pruebas
2388,Art. 2388: Redes Neuronales
2389,Art. 2389: Automatizacion de Pruebas
2390,Art. 2390: Riesgos Industriales con IA
2391,Art. 2391: Ingenieria de Software
2392,Art. 2392: Cloud Computing
2393,Art. 2393: Ingenieria de Software
2394,Art. 2394: Bases de Datos
2395,Art. 2395: Software Seguro
2396,Art. 2396: Diseno de APIs REST
2397,Art. 2397: Robotica Industrial
2398,Art. 2398: Cloud Computing
2399,Art. 2399: IoT y Domotica
2400,Art. 2400: Modelos Probabilisticos
2401,Art. 2401: Ciberseguridad
2402,Art. 2402: Criptografia
2403,Art. 2403: Big Data
2404,Art. 2404: Analisis Estadistico
2405,Art. 2405: Contenedores Docker
2406,Art. 2406: Modelos Probabilisticos
2407,Art. 2407: Sistemas Embebidos
2408,Art. 2408: Robotica Industrial
2409,Art. 2409: Cloud Computing
2410,Art. 2410: Blockchain
2411,Art. 2411: Diseno de APIs REST
2412,Art. 2412: Desarrollo Movil
2413,Art. 2413: Realidad Aumentada
2414,Art. 2414: Criptografia
2415,Art. 2415: Mineria de Datos
2416,Art. 2416: Desarrollo Movil
2417,Art. 2417: Bases de Datos
2418,Art. 2418: Telemetria
2419,Art. 2419: Modelos Probabilisticos
2420,Art. 2420: Modelos Probabilisticos
2421,Art. 2421: IoT y Domotica
2422,Art. 2422: Vision Artificial
2423,Art. 2423: Ciberseguridad
2424,Art. 2424: Blockchain
2425,Art. 2425: Bases de Datos
2426,Art. 2426: Edge Computing
2427,Art. 2427: Edge Computing
2428,Art. 2428: Diseno de APIs REST
2429,Art. 2429: Lenguaje Natural (NLP)
2430,Art. 2430: Bases de Datos
2431,Art. 2431: Optimizacion SQL
2432,Art. 2432: Bases de Datos
2433,Art. 2433: Desarrollo Movil
2434,Art. 2434: Automatizacion de Pruebas
2435,Art. 2435: Sistemas de Control
2436,Art. 2436: Redes Neuronales
2437,Art. 2437: Modelos Probabilisticos
2438,Art. 2438: Contenedores Docker
2439,Art. 2439: Microservicios
2440,Art. 2440: Seguridad Industrial
2441,Art. 2441: Enrutamiento
2442,Art. 2442: Mineria de Datos
2443,Art. 2443: Business Intelligence
2444,Art. 2444: Enrutamiento
2445,Art. 2445: Backtesting de Algoritmos
2446,Art. 2446: Business Intelligence
2447,Art. 2447: Blockchain
2448,Art. 2448: Ingenieria de Software
2449,Art. 2449: Automatizacion de Pruebas
2450,Art. 2450: Edge Computing
2451,Art. 2451: Contenedores Docker
2452,Art. 2452: Automatizacion de Pruebas
2453,Art. 2453: Lenguaje Natural (NLP)
2454,Art. 2454: Sistemas Embebidos
2455,Art. 2455: Cableado Estructurado
2456,Art. 2456: Ingenieria de Software
2457,Art. 2457: Automatizacion de Pruebas
2458,Art. 2458: Business Intelligence
2459,Art. 2459: Telemetria
2460,Art. 2460: Telemetria
2461,Art. 2461: Cloud Computing
2462,Art. 2462: Redes Neuronales
2463,Art. 2463: Big Data
2464,Art. 2464: Business Intelligence
2465,Art. 2465: Big Data
2466,Art. 2466: Desarrollo Movil
2467,Art. 2467: Robotica Industrial
2468,Art. 2468: Vision Artificial
2469,Art. 2469: Ingenieria de Software
2470,Art. 2470: Computacion Cuantica
2471,Art. 2471: Ingenieria de Software
2472,Art. 2472: SO Distribuidos
2473,Art. 2473: Blockchain
2474,Art. 2474: Sistemas de Control
2475,Art. 2475: Backtesting de Algoritmos
2476,Art. 2476: Contenedores Docker
2477,Art. 2477: Criptografia
2478,Art. 2478: Edge Computing
2479,Art. 2479: Business Intelligence
2480,Art. 2480: Desarrollo Movil
2481,Art. 2481: Cloud Computing
2482,Art. 2482: Big Data
2483,Art. 2483: Software Seguro
2484,Art. 2484: Ciberseguridad
2485,Art. 2485: Telemetria
2486,Art. 2486: Machine Learning
2487,Art. 2487: Redes Fisicas
2488,Art. 2488: Riesgos Industriales con IA
2489,Art. 2489: Realidad Aumentada
2490,Art. 2490: Optimizacion SQL
2491,Art. 2491: Seguridad Industrial
2492,Art. 2492: Computacion Cuantica
2493,Art. 2493: DevOps
2494,Art. 2494: Modelos Probabilisticos
2495,Art. 2495: Contenedores Docker
2496,Art. 2496: Redes Neuronales
2497,Art. 2497: SO Distribuidos
2498,Art. 2498: Redes Neuronales
2499,Art. 2499: Microservicios
2500,Art. 2500: Cloud Computing
2501,Art. 2501: SO Distribuidos
2502,Art. 2502: Diseno de APIs REST
2503,Art. 2503: Blockchain
2504,Art. 2504: Blockchain
2505,Art. 2505: Blockchain
2506,Art. 2506: DevOps
2507,Art. 2507: Criptografia
2508,Art. 2508: Modelos Probabilisticos
2509,Art. 2509: Computacion Cuantica
2510,Art. 2510: Redes Neuronales
2511,Art. 2511: Redes Fisicas
2512,Art. 2512: Telemetria
2513,Art. 2513: Machine Learning
2514,Art. 2514: Diseno de APIs REST
2515,Art. 2515: Automatizacion de Pruebas
2516,Art. 2516: Automatizacion de Pruebas
2517,Art. 2517: Big Data
2518,Art. 2518: Optimizacion SQL
2519,Art. 2519: Big Data
2520,Art. 2520: Ingenieria de Software
2521,Art. 2521: Modelos Probabilisticos
2522,Art. 2522: Computacion Cuantica
2523,Art. 2523: Automatizacion de Pruebas
2524,Art. 2524: Optimizacion SQL
2525,Art. 2525: Optimizacion SQL
2526,Art. 2526: Pipelines ETL
2527,Art. 2527: Redes Fisicas
2528,Art. 2528: Contenedores Docker
2529,Art. 2529: Mineria de Datos
2530,Art. 2530: Big Data
2531,Art. 2531: Pipelines ETL
2532,Art. 2532: Software Seguro
2533,Art. 2533: Algoritmos Predictivos
2534,Art. 2534: Automatizacion de Pruebas
2535,Art. 2535: Cloud Computing
2536,Art. 2536: Mineria de Datos
2537,Art. 2537: Ingenieria de Software
2538,Art. 2538: Seguridad Industrial
2539,Art. 2539: DevOps
2540,Art. 2540: Mineria de Datos
2541,Art. 2541: Machine Learning
2542,Art. 2542: Contenedores Docker
2543,Art. 2543: Diseno de APIs REST
2544,Art. 2544: Redes Fisicas
2545,Art. 2545: Big Data
2546,Art. 2546: Automatizacion de Pruebas
2547,Art. 2547: Vision Artificial
2548,Art. 2548: Optimizacion SQL
2549,Art. 2549: Modelos Probabilisticos
2550,Art. 2550: Bases de Datos
2551,Art. 2551: Robotica Industrial
2552,Art. 2552: Enrutamiento
2553,Art. 2553: Blockchain
2554,Art. 2554: Business Intelligence
2555,Art. 2555: SO Distribuidos
2556,Art. 2556: SO Distribuidos
2557,Art. 2557: Automatizacion de Pruebas
2558,Art. 2558: Ingenieria de Software
2559,Art. 2559: Software Seguro
2560,Art. 2560: Pipelines ETL
2561,Art. 2561: DevOps
2562,Art. 2562: Business Intelligence
2563,Art. 2563: Vision Artificial
2564,Art. 2564: Robotica Industrial
2565,Art. 2565: Redes Fisicas
2566,Art. 2566: Machine Learning
2567,Art. 2567: Backtesting de Algoritmos
2568,Art. 2568: Criptografia
2569,Art. 2569: Automatizacion de Pruebas
2570,Art. 2570: Optimizacion SQL
2571,Art. 2571: Machine Learning
2572,Art. 2572: Microservicios
2573,Art. 2573: Computacion Cuantica
2574,Art. 2574: Blockchain
2575,Art. 2575: Riesgos Industriales con IA
2576,Art. 2576: Sistemas Embebidos
2577,Art. 2577: Algoritmos Predictivos
2578,Art. 2578: Machine Learning
2579,Art. 2579: Redes Fisicas
2580,Art. 2580: Lenguaje Natural (NLP)
2581,Art. 2581: Microservicios
2582,Art. 2582: Computacion Cuantica
2583,Art. 2583: Pipelines ETL
2584,Art. 2584: Software Seguro
2585,Art. 2585: Riesgos Industriales con IA
2586,Art. 2586: Contenedores Docker
2587,Art. 2587: Realidad Aumentada
2588,Art. 2588: Business Intelligence
2589,Art. 2589: Redes Fisicas
2590,Art. 2590: Optimizacion SQL
2591,Art. 2591: Riesgos Industriales con IA
2592,Art. 2592: Redes Fisicas
2593,Art. 2593: Mineria de Datos
2594,Art. 2594: IoT y Domotica
2595,Art. 2595: Lenguaje Natural (NLP)
2596,Art. 2596: Cloud Computing
2597,Art. 2597: DevOps
2598,Art. 2598: Sistemas de Control
2599,Art. 2599: Ingenieria de Software
2600,Art. 2600: Diseno de APIs REST
2601,Art. 2601: Optimizacion SQL
2602,Art. 2602: Mineria de Datos
2603,Art. 2603: Diseno de APIs REST
2604,Art. 2604: Mineria de Datos
2605,Art. 2605: Backtesting de Algoritmos
2606,Art. 2606: Machine Learning
2607,Art. 2607: Ciberseguridad
2608,Art. 2608: Machine Learning
2609,Art. 2609: Computacion Cuantica
2610,Art. 2610: Pipelines ETL
2611,Art. 2611: Redes Fisicas
2612,Art. 2612: Criptografia
2613,Art. 2613: Business Intelligence
2614,Art. 2614: Riesgos Industriales con IA
2615,Art. 2615: Ciberseguridad
2616,Art. 2616: Software Seguro
2617,Art. 2617: Microservicios
2618,Art. 2618: Blockchain
2619,Art. 2619: Big Data
2620,Art. 2620: Optimizacion SQL
2621,Art. 2621: Diseno de APIs REST
2622,Art. 2622: Blockchain
2623,Art. 2623: Microservicios
2624,Art. 2624: Diseno de APIs REST
2625,Art. 2625: Cableado Estructurado
2626,Art. 2626: Ciberseguridad
2627,Art. 2627: Backtesting de Algoritmos
2628,Art. 2628: Automatizacion de Pruebas
2629,Art. 2629: Backtesting de Algoritmos
2630,Art. 2630: Redes Neuronales
2631,Art. 2631: Seguridad Industrial
2632,Art. 2632: Cableado Estructurado
2633,Art. 2633: Modelos Probabilisticos
2634,Art. 2634: Lenguaje Natural (NLP)
2635,Art. 2635: Backtesting de Algoritmos
2636,Art. 2636: Lenguaje Natural (NLP)
2637,Art. 2637: SO Distribuidos
2638,Art. 2638: IoT y Domotica
2639,Art. 2639: Realidad Aumentada
2640,Art. 2640: Criptografia
2641,Art. 2641: Enrutamiento
2642,Art. 2642: Riesgos Industriales con IA
2643,Art. 2643: Backtesting de Algoritmos
2644,Art. 2644: Cloud Computing
2645,Art. 2645: Microservicios
2646,Art. 2646: Contenedores Docker
2647,Art. 2647: Ingenieria de Software
2648,Art. 2648: IoT y Domotica
2649,Art. 2649: Pipelines ETL
2650,Art. 2650: Pipelines ETL
2651,Art. 2651: Enrutamiento
2652,Art. 2652: Desarrollo Movil
2653,Art. 2653: Vision Artificial
2654,Art. 2654: Blockchain
2655,Art. 2655: Seguridad Industrial
2656,Art. 2656: Ciberseguridad
2657,Art. 2657: Redes Fisicas
2658,Art. 2658: Big Data
2659,Art. 2659: Modelos Probabilisticos
2660,Art. 2660: Lenguaje Natural (NLP)
2661,Art. 2661: Automatizacion de Pruebas
2662,Art. 2662: Sistemas de Control
2663,Art. 2663: Microservicios
2664,Art. 2664: Machine Learning
2665,Art. 2665: Business Intelligence
2666,Art. 2666: Cableado Estructurado
2667,Art. 2667: Enrutamiento
2668,Art. 2668: Mineria de Datos
2669,Art. 2669: Optimizacion SQL
2670,Art. 2670: Optimizacion SQL
2671,Art. 2671: Redes Neuronales
2672,Art. 2672: Ciberseguridad
2673,Art. 2673: Criptografia
2674,Art. 2674: Ingenieria de Software
2675,Art. 2675: Enrutamiento
2676,Art. 2676: Diseno de APIs REST
2677,Art. 2677: Desarrollo Movil
2678,Art. 2678: Blockchain
2679,Art. 2679: Riesgos Industriales con IA
2680,Art. 2680: Mineria de Datos
2681,Art. 2681: Desarrollo Movil
2682,Art. 2682: Microservicios
2683,Art. 2683: Vision Artificial
2684,Art. 2684: Ingenieria de Software
2685,Art. 2685: Contenedores Docker
2686,Art. 2686: Enrutamiento
2687,Art. 2687: Ciberseguridad
2688,Art. 2688: Optimizacion SQL
2689,Art. 2689: DevOps
2690,Art. 2690: Lenguaje Natural (NLP)
2691,Art. 2691: Business Intelligence
2692,Art. 2692: Modelos Probabilisticos
2693,Art. 2693: Blockchain
2694,Art. 2694: Enrutamiento
2695,Art. 2695: Automatizacion de Pruebas
2696,Art. 2696: Automatizacion de Pruebas
2697,Art. 2697: Algoritmos Predictivos
2698,Art. 2698: Bases de Datos
2699,Art. 2699: Machine Learning
2700,Art. 2700: Edge Computing
2701,Art. 2701: Riesgos Industriales con IA
2702,Art. 2702: Big Data
2703,Art. 2703: Blockchain
2704,Art. 2704: Pipelines ETL
2705,Art. 2705: Bases de Datos
2706,Art. 2706: Ciberseguridad
2707,Art. 2707: Sistemas de Control
2708,Art. 2708: Realidad Aumentada
2709,Art. 2709: Robotica Industrial
2710,Art. 2710: Cloud Computing
2711,Art. 2711: Redes Fisicas
2712,Art. 2712: Diseno de APIs REST
2713,Art. 2713: Modelos Probabilisticos
2714,Art. 2714: Software Seguro
2715,Art. 2715: Automatizacion de Pruebas
2716,Art. 2716: Ciberseguridad
2717,Art. 2717: Robotica Industrial
2718,Art. 2718: Machine Learning
2719,Art. 2719: Enrutamiento
2720,Art. 2720: Diseno de APIs REST
2721,Art. 2721: Blockchain
2722,Art. 2722: Pipelines ETL
2723,Art. 2723: Vision Artificial
2724,Art. 2724: Redes Fisicas
2725,Art. 2725: Automatizacion de Pruebas
2726,Art. 2726: Desarrollo Movil
2727,Art. 2727: Algoritmos Predictivos
2728,Art. 2728: Automatizacion de Pruebas
2729,Art. 2729: IoT y Domotica
2730,Art. 2730: Enrutamiento
2731,Art. 2731: Cloud Computing
2732,Art. 2732: Optimizacion SQL
2733,Art. 2733: Microservicios
2734,Art. 2734: Computacion Cuantica
2735,Art. 2735: Pipelines ETL
2736,Art. 2736: Seguridad Industrial
2737,Art. 2737: IoT y Domotica
2738,Art. 2738: Telemetria
2739,Art. 2739: Blockchain
2740,Art. 2740: Optimizacion SQL
2741,Art. 2741: Mineria de Datos
2742,Art. 2742: Pipelines ETL
2743,Art. 2743: Redes Fisicas
2744,Art. 2744: Riesgos Industriales con IA
2745,Art. 2745: Big Data
2746,Art. 2746: Bases de Datos
2747,Art. 2747: Machine Learning
2748,Art. 2748: Big Data
2749,Art. 2749: SO Distribuidos
2750,Art. 2750: Business Intelligence
2751,Art. 2751: Automatizacion de Pruebas
2752,Art. 2752: Microservicios
2753,Art. 2753: Pipelines ETL
2754,Art. 2754: Big Data
2755,Art. 2755: Lenguaje Natural (NLP)
2756,Art. 2756: Sistemas de Control
2757,Art. 2757: Desarrollo Movil
2758,Art. 2758: Cableado Estructurado
2759,Art. 2759: Analisis Estadistico
2760,Art. 2760: Telemetria
2761,Art. 2761: Bases de Datos
2762,Art. 2762: Edge Computing
2763,Art. 2763: DevOps
2764,Art. 2764: Sistemas de Control
2765,Art. 2765: Software Seguro
2766,Art. 2766: Contenedores Docker
2767,Art. 2767: Business Intelligence
2768,Art. 2768: Mineria de Datos
2769,Art. 2769: Seguridad Industrial
2770,Art. 2770: Redes Neuronales
2771,Art. 2771: Business Intelligence
2772,Art. 2772: Telemetria
2773,Art. 2773: DevOps
2774,Art. 2774: Cableado Estructurado
2775,Art. 2775: Riesgos Industriales con IA
2776,Art. 2776: Redes Neuronales
2777,Art. 2777: Modelos Probabilisticos
2778,Art. 2778: Diseno de APIs REST
2779,Art. 2779: Cableado Estructurado
2780,Art. 2780: Machine Learning
2781,Art. 2781: Telemetria
2782,Art. 2782: Robotica Industrial
2783,Art. 2783: Big Data
2784,Art. 2784: Criptografia
2785,Art. 2785: Microservicios
2786,Art. 2786: Microservicios
2787,Art. 2787: Criptografia
2788,Art. 2788: Machine Learning
2789,Art. 2789: IoT y Domotica
2790,Art. 2790: Microservicios
2791,Art. 2791: Modelos Probabilisticos
2792,Art. 2792: Seguridad Industrial
2793,Art. 2793: Algoritmos Predictivos
2794,Art. 2794: IoT y Domotica
2795,Art. 2795: Vision Artificial
2796,Art. 2796: Sistemas de Control
2797,Art. 2797: IoT y Domotica
2798,Art. 2798: Robotica Industrial
2799,Art. 2799: IoT y Domotica
2800,Art. 2800: Diseno de APIs REST
2801,Art. 2801: Redes Neuronales
2802,Art. 2802: Telemetria
2803,Art. 2803: Enrutamiento
2804,Art. 2804: Cableado Estructurado
2805,Art. 2805: Contenedores Docker
2806,Art. 2806: Desarrollo Movil
2807,Art. 2807: Machine Learning
2808,Art. 2808: Redes Neuronales
2809,Art. 2809: Edge Computing
2810,Art. 2810: Cloud Computing
2811,Art. 2811: Realidad Aumentada
2812,Art. 2812: Big Data
2813,Art. 2813: Computacion Cuantica
2814,Art. 2814: Cableado Estructurado
2815,Art. 2815: Sistemas Embebidos
2816,Art. 2816: Big Data
2817,Art. 2817: Contenedores Docker
2818,Art. 2818: Redes Neuronales
2819,Art. 2819: Edge Computing
2820,Art. 2820: Sistemas de Control
2821,Art. 2821: Ciberseguridad
2822,Art. 2822: DevOps
2823,Art. 2823: Software Seguro
2824,Art. 2824: Cableado Estructurado
2825,Art. 2825: Desarrollo Movil
2826,Art. 2826: Optimizacion SQL
2827,Art. 2827: Sistemas de Control
2828,Art. 2828: Telemetria
2829,Art. 2829: Vision Artificial
2830,Art. 2830: Mineria de Datos
2831,Art. 2831: Blockchain
2832,Art. 2832: Software Seguro
2833,Art. 2833: Mineria de Datos
2834,Art. 2834: Contenedores Docker
2835,Art. 2835: Business Intelligence
2836,Art. 2836: Redes Fisicas
2837,Art. 2837: Enrutamiento
2838,Art. 2838: Realidad Aumentada
2839,Art. 2839: Algoritmos Predictivos
2840,Art. 2840: Contenedores Docker
2841,Art. 2841: Backtesting de Algoritmos
2842,Art. 2842: Riesgos Industriales con IA
2843,Art. 2843: Redes Fisicas
2844,Art. 2844: Mineria de Datos
2845,Art. 2845: Optimizacion SQL
2846,Art. 2846: Algoritmos Predictivos
2847,Art. 2847: Sistemas Embebidos
2848,Art. 2848: Lenguaje Natural (NLP)
2849,Art. 2849: Bases de Datos
2850,Art. 2850: Sistemas Embebidos
2851,Art. 2851: IoT y Domotica
2852,Art. 2852: Business Intelligence
2853,Art. 2853: Cloud Computing
2854,Art. 2854: Computacion Cuantica
2855,Art. 2855: Automatizacion de Pruebas
2856,Art. 2856: Sistemas de Control
2857,Art. 2857: Bases de Datos
2858,Art. 2858: Software Seguro
2859,Art. 2859: Desarrollo Movil
2860,Art. 2860: Sistemas Embebidos
2861,Art. 2861: Ciberseguridad
2862,Art. 2862: Machine Learning
2863,Art. 2863: Redes Neuronales
2864,Art. 2864: Pipelines ETL
2865,Art. 2865: Ciberseguridad
2866,Art. 2866: Mineria de Datos
2867,Art. 2867: Modelos Probabilisticos
2868,Art. 2868: Edge Computing
2869,Art. 2869: Algoritmos Predictivos
2870,Art. 2870: Sistemas de Control
2871,Art. 2871: Contenedores Docker
2872,Art. 2872: Automatizacion de Pruebas
2873,Art. 2873: Cableado Estructurado
2874,Art. 2874: Automatizacion de Pruebas
2875,Art. 2875: Cableado Estructurado
2876,Art. 2876: Cloud Computing
2877,Art. 2877: Sistemas de Control
2878,Art. 2878: Mineria de Datos
2879,Art. 2879: Backtesting de Algoritmos
2880,Art. 2880: IoT y Domotica
2881,Art. 2881: Computacion Cuantica
2882,Art. 2882: Backtesting de Algoritmos
2883,Art. 2883: Machine Learning
2884,Art. 2884: Sistemas Embebidos
2885,Art. 2885: Blockchain
2886,Art. 2886: Automatizacion de Pruebas
2887,Art. 2887: Telemetria
2888,Art. 2888: Bases de Datos
2889,Art. 2889: Machine Learning
2890,Art. 2890: SO Distribuidos
2891,Art. 2891: Contenedores Docker
2892,Art. 2892: Algoritmos Predictivos
2893,Art. 2893: Bases de Datos
2894,Art. 2894: Lenguaje Natural (NLP)
2895,Art. 2895: Riesgos Industriales con IA
2896,Art. 2896: Desarrollo Movil
2897,Art. 2897: Backtesting de Algoritmos
2898,Art. 2898: Robotica Industrial
2899,Art. 2899: Microservicios
2900,Art. 2900: Big Data
2901,Art. 2901: Telemetria
2902,Art. 2902: Redes Fisicas
2903,Art. 2903: IoT y Domotica
2904,Art. 2904: Contenedores Docker
2905,Art. 2905: Backtesting de Algoritmos
2906,Art. 2906: Seguridad Industrial
2907,Art. 2907: Telemetria
2908,Art. 2908: Cableado Estructurado
2909,Art. 2909: Sistemas de Control
2910,Art. 2910: Riesgos Industriales con IA
2911,Art. 2911: Enrutamiento
2912,Art. 2912: Enrutamiento
2913,Art. 2913: Ingenieria de Software
2914,Art. 2914: Criptografia
2915,Art. 2915: Sistemas de Control
2916,Art. 2916: Seguridad Industrial
2917,Art. 2917: Ingenieria de Software
2918,Art. 2918: Cableado Estructurado
2919,Art. 2919: Software Seguro
2920,Art. 2920: DevOps
2921,Art. 2921: Big Data
2922,Art. 2922: Desarrollo Movil
2923,Art. 2923: Contenedores Docker
2924,Art. 2924: Optimizacion SQL
2925,Art. 2925: Cloud Computing
2926,Art. 2926: Vision Artificial
2927,Art. 2927: Edge Computing
2928,Art. 2928: SO Distribuidos
2929,Art. 2929: Automatizacion de Pruebas
2930,Art. 2930: SO Distribuidos
2931,Art. 2931: Blockchain
2932,Art. 2932: Contenedores Docker
2933,Art. 2933: Bases de Datos
2934,Art. 2934: Cableado Estructurado
2935,Art. 2935: SO Distribuidos
2936,Art. 2936: Contenedores Docker
2937,Art. 2937: Software Seguro
2938,Art. 2938: Robotica Industrial
2939,Art. 2939: Cableado Estructurado
2940,Art. 2940: Ciberseguridad
2941,Art. 2941: Riesgos Industriales con IA
2942,Art. 2942: DevOps
2943,Art. 2943: Riesgos Industriales con IA
2944,Art. 2944: Contenedores Docker
2945,Art. 2945: Ciberseguridad
2946,Art. 2946: Machine Learning
2947,Art. 2947: Criptografia
2948,Art. 2948: Redes Neuronales
2949,Art. 2949: Contenedores Docker
2950,Art. 2950: Telemetria
2951,Art. 2951: Desarrollo Movil
2952,Art. 2952: Realidad Aumentada
2953,Art. 2953: Algoritmos Predictivos
2954,Art. 2954: Desarrollo Movil
2955,Art. 2955: Sistemas Embebidos
2956,Art. 2956: Sistemas Embebidos
2957,Art. 2957: Telemetria
2958,Art. 2958: SO Distribuidos
2959,Art. 2959: Optimizacion SQL
2960,Art. 2960: Contenedores Docker
2961,Art. 2961: Vision Artificial
2962,Art. 2962: Riesgos Industriales con IA
2963,Art. 2963: Edge Computing
2964,Art. 2964: Redes Neuronales
2965,Art. 2965: Cableado Estructurado
2966,Art. 2966: Backtesting de Algoritmos
2967,Art. 2967: Blockchain
2968,Art. 2968: Sistemas Embebidos
2969,Art. 2969: Cloud Computing
2970,Art. 2970: Sistemas de Control
2971,Art. 2971: Criptografia
2972,Art. 2972: Diseno de APIs REST
2973,Art. 2973: Computacion Cuantica
2974,Art. 2974: Contenedores Docker
2975,Art. 2975: Microservicios
2976,Art. 2976: Edge Computing
2977,Art. 2977: Microservicios
2978,Art. 2978: Edge Computing
2979,Art. 2979: Edge Computing
2980,Art. 2980: Bases de Datos
2981,Art. 2981: Sistemas de Control
2982,Art. 2982: Backtesting de Algoritmos
2983,Art. 2983: DevOps
2984,Art. 2984: Software Seguro
2985,Art. 2985: Computacion Cuantica
2986,Art. 2986: Riesgos Industriales con IA
2987,Art. 2987: Backtesting de Algoritmos
2988,Art. 2988: Cableado Estructurado
2989,Art. 2989: Vision Artificial
2990,Art. 2990: Robotica Industrial
2991,Art. 2991: Desarrollo Movil
2992,Art. 2992: Pipelines ETL
2993,Art. 2993: Blockchain
2994,Art. 2994: Sistemas Embebidos
2995,Art. 2995: Backtesting de Algoritmos
2996,Art. 2996: Diseno de APIs REST
2997,Art. 2997: Contenedores Docker
2998,Art. 2998: Automatizacion de Pruebas
2999,Art. 2999: Sistemas Embebidos
3000,Art. 3000: Redes Fisicas
3001,Art. 3001: Backtesting de Algoritmos
3002,Art. 3002: Microservicios
3003,Art. 3003: Pipelines ETL
3004,Art. 3004: DevOps
3005,Art. 3005: Computacion Cuantica
3006,Art. 3006: Mineria de Datos
3007,Art. 3007: Enrutamiento
3008,Art. 3008: Telemetria
3009,Art. 3009: Backtesting de Algoritmos
3010,Art. 3010: Automatizacion de Pruebas
3011,Art. 3011: Riesgos Industriales con IA
3012,Art. 3012: Robotica Industrial
3013,Art. 3013: Criptografia
3014,Art. 3014: Mineria de Datos
3015,Art. 3015: Ciberseguridad
3016,Art. 3016: Redes Fisicas
3017,Art. 3017: Analisis Estadistico
3018,Art. 3018: Redes Fisicas
3019,Art. 3019: Business Intelligence
3020,Art. 3020: Vision Artificial
3021,Art. 3021: Machine Learning
3022,Art. 3022: Contenedores Docker
3023,Art. 3023: Sistemas Embebidos
3024,Art. 3024: Mineria de Datos
3025,Art. 3025: Seguridad Industrial
3026,Art. 3026: Automatizacion de Pruebas
3027,Art. 3027: Riesgos Industriales con IA
3028,Art. 3028: Algoritmos Predictivos
3029,Art. 3029: DevOps
3030,Art. 3030: Automatizacion de Pruebas
3031,Art. 3031: Machine Learning
3032,Art. 3032: IoT y Domotica
3033,Art. 3033: Sistemas Embebidos
3034,Art. 3034: Criptografia
3035,Art. 3035: Analisis Estadistico
3036,Art. 3036: Business Intelligence
3037,Art. 3037: Robotica Industrial
3038,Art. 3038: Automatizacion de Pruebas
3039,Art. 3039: Cloud Computing
3040,Art. 3040: Desarrollo Movil
3041,Art. 3041: SO Distribuidos
3042,Art. 3042: Enrutamiento
3043,Art. 3043: Enrutamiento
3044,Art. 3044: Redes Neuronales
3045,Art. 3045: Redes Fisicas
3046,Art. 3046: Seguridad Industrial
3047,Art. 3047: Bases de Datos
3048,Art. 3048: Business Intelligence
3049,Art. 3049: DevOps
3050,Art. 3050: SO Distribuidos
3051,Art. 3051: Blockchain
3052,Art. 3052: Vision Artificial
3053,Art. 3053: Contenedores Docker
3054,Art. 3054: Pipelines ETL
3055,Art. 3055: Sistemas de Control
3056,Art. 3056: Ciberseguridad
3057,Art. 3057: Desarrollo Movil
3058,Art. 3058: Lenguaje Natural (NLP)
3059,Art. 3059: Riesgos Industriales con IA
3060,Art. 3060: Redes Neuronales
3061,Art. 3061: Realidad Aumentada
3062,Art. 3062: DevOps
3063,Art. 3063: Telemetria
3064,Art. 3064: Computacion Cuantica
3065,Art. 3065: Vision Artificial
3066,Art. 3066: Microservicios
3067,Art. 3067: Optimizacion SQL
3068,Art. 3068: Enrutamiento
3069,Art. 3069: Cableado Estructurado
3070,Art. 3070: Backtesting de Algoritmos
3071,Art. 3071: Telemetria
3072,Art. 3072: Realidad Aumentada
3073,Art. 3073: Diseno de APIs REST
3074,Art. 3074: Edge Computing
3075,Art. 3075: Edge Computing
3076,Art. 3076: Telemetria
3077,Art. 3077: Edge Computing
3078,Art. 3078: Machine Learning
3079,Art. 3079: Cloud Computing
3080,Art. 3080: Backtesting de Algoritmos
3081,Art. 3081: Sistemas Embebidos
3082,Art. 3082: Machine Learning
3083,Art. 3083: Vision Artificial
3084,Art. 3084: Machine Learning
3085,Art. 3085: SO Distribuidos
3086,Art. 3086: Mineria de Datos
3087,Art. 3087: Redes Neuronales
3088,Art. 3088: Redes Fisicas
3089,Art. 3089: Ciberseguridad
3090,Art. 3090: Software Seguro
3091,Art. 3091: Blockchain
3092,Art. 3092: Edge Computing
3093,Art. 3093: Pipelines ETL
3094,Art. 3094: Robotica Industrial
3095,Art. 3095: Pipelines ETL
3096,Art. 3096: Ingenieria de Software
3097,Art. 3097: Business Intelligence
3098,Art. 3098: Microservicios
3099,Art. 3099: Algoritmos Predictivos
3100,Art. 3100: Enrutamiento
3101,Art. 3101: Vision Artificial
3102,Art. 3102: Seguridad Industrial
3103,Art. 3103: Vision Artificial
3104,Art. 3104: Modelos Probabilisticos
3105,Art. 3105: Cableado Estructurado
3106,Art. 3106: Seguridad Industrial
3107,Art. 3107: IoT y Domotica
3108,Art. 3108: Riesgos Industriales con IA
3109,Art. 3109: Telemetria
3110,Art. 3110: Software Seguro
3111,Art. 3111: Contenedores Docker
3112,Art. 3112: Contenedores Docker
3113,Art. 3113: Computacion Cuantica
3114,Art. 3114: Edge Computing
3115,Art. 3115: Sistemas de Control
3116,Art. 3116: DevOps
3117,Art. 3117: Edge Computing
3118,Art. 3118: SO Distribuidos
3119,Art. 3119: Redes Neuronales
3120,Art. 3120: Mineria de Datos
3121,Art. 3121: Optimizacion SQL
3122,Art. 3122: SO Distribuidos
3123,Art. 3123: Machine Learning
3124,Art. 3124: Modelos Probabilisticos
3125,Art. 3125: Diseno de APIs REST
3126,Art. 3126: Backtesting de Algoritmos
3127,Art. 3127: Sistemas Embebidos
3128,Art. 3128: Analisis Estadistico
3129,Art. 3129: Blockchain
3130,Art. 3130: Bases de Datos
3131,Art. 3131: Contenedores Docker
3132,Art. 3132: Cableado Estructurado
3133,Art. 3133: Optimizacion SQL
3134,Art. 3134: Cloud Computing
3135,Art. 3135: Business Intelligence
3136,Art. 3136: Big Data
3137,Art. 3137: Redes Neuronales
3138,Art. 3138: Automatizacion de Pruebas
3139,Art. 3139: Vision Artificial
3140,Art. 3140: Enrutamiento
3141,Art. 3141: SO Distribuidos
3142,Art. 3142: Enrutamiento
3143,Art. 3143: Criptografia
3144,Art. 3144: Sistemas Embebidos
3145,Art. 3145: Machine Learning
3146,Art. 3146: Criptografia
3147,Art. 3147: Cableado Estructurado
3148,Art. 3148: Modelos Probabilisticos
3149,Art. 3149: Blockchain
3150,Art. 3150: Telemetria
3151,Art. 3151: Desarrollo Movil
3152,Art. 3152: Desarrollo Movil
3153,Art. 3153: Edge Computing
3154,Art. 3154: Bases de Datos
3155,Art. 3155: Cableado Estructurado
3156,Art. 3156: Ingenieria de Software
3157,Art. 3157: Microservicios
3158,Art. 3158: Mineria de Datos
3159,Art. 3159: Machine Learning
3160,Art. 3160: Modelos Probabilisticos
3161,Art. 3161: Cloud Computing
3162,Art. 3162: Diseno de APIs REST
3163,Art. 3163: Analisis Estadistico
3164,Art. 3164: Diseno de APIs REST
3165,Art. 3165: Vision Artificial
3166,Art. 3166: Blockchain
3167,Art. 3167: DevOps
3168,Art. 3168: Redes Fisicas
3169,Art. 3169: Blockchain
3170,Art. 3170: Cloud Computing
3171,Art. 3171: Riesgos Industriales con IA
3172,Art. 3172: Criptografia
3173,Art. 3173: Vision Artificial
3174,Art. 3174: Seguridad Industrial
3175,Art. 3175: DevOps
3176,Art. 3176: Cableado Estructurado
3177,Art. 3177: Microservicios
3178,Art. 3178: Vision Artificial
3179,Art. 3179: Cloud Computing
3180,Art. 3180: Machine Learning
3181,Art. 3181: Riesgos Industriales con IA
3182,Art. 3182: SO Distribuidos
3183,Art. 3183: Cloud Computing
3184,Art. 3184: SO Distribuidos
3185,Art. 3185: Contenedores Docker
3186,Art. 3186: Vision Artificial
3187,Art. 3187: Optimizacion SQL
3188,Art. 3188: Enrutamiento
3189,Art. 3189: Vision Artificial
3190,Art. 3190: Diseno de APIs REST
3191,Art. 3191: Diseno de APIs REST
3192,Art. 3192: Sistemas Embebidos
3193,Art. 3193: Robotica Industrial
3194,Art. 3194: Ciberseguridad
3195,Art. 3195: Mineria de Datos
3196,Art. 3196: Algoritmos Predictivos
3197,Art. 3197: Contenedores Docker
3198,Art. 3198: Redes Fisicas
3199,Art. 3199: Cableado Estructurado
3200,Art. 3200: Bases de Datos
3201,Art. 3201: Algoritmos Predictivos
3202,Art. 3202: Lenguaje Natural (NLP)
3203,Art. 3203: IoT y Domotica
3204,Art. 3204: Ingenieria de Software
3205,Art. 3205: Business Intelligence
3206,Art. 3206: Pipelines ETL
3207,Art. 3207: Analisis Estadistico
3208,Art. 3208: Realidad Aumentada
3209,Art. 3209: Optimizacion SQL
3210,Art. 3210: IoT y Domotica
3211,Art. 3211: Edge Computing
3212,Art. 3212: Modelos Probabilisticos
3213,Art. 3213: Ciberseguridad
3214,Art. 3214: Redes Neuronales
3215,Art. 3215: Redes Neuronales
3216,Art. 3216: Redes Neuronales
3217,Art. 3217: Software Seguro
3218,Art. 3218: Bases de Datos
3219,Art. 3219: Desarrollo Movil
3220,Art. 3220: Microservicios
3221,Art. 3221: Contenedores Docker
3222,Art. 3222: Telemetria
3223,Art. 3223: Lenguaje Natural (NLP)
3224,Art. 3224: Optimizacion SQL
3225,Art. 3225: Contenedores Docker
3226,Art. 3226: Seguridad Industrial
3227,Art. 3227: DevOps
3228,Art. 3228: Vision Artificial
3229,Art. 3229: Ciberseguridad
3230,Art. 3230: Analisis Estadistico
3231,Art. 3231: Riesgos Industriales con IA
3232,Art. 3232: Robotica Industrial
3233,Art. 3233: Automatizacion de Pruebas
3234,Art. 3234: Cableado Estructurado
3235,Art. 3235: Business Intelligence
3236,Art. 3236: SO Distribuidos
3237,Art. 3237: Edge Computing
3238,Art. 3238: Redes Fisicas
3239,Art. 3239: Algoritmos Predictivos
3240,Art. 3240: Telemetria
3241,Art. 3241: Ingenieria de Software
3242,Art. 3242: DevOps
3243,Art. 3243: Enrutamiento
3244,Art. 3244: Cableado Estructurado
3245,Art. 3245: Riesgos Industriales con IA
3246,Art. 3246: Sistemas Embebidos
3247,Art. 3247: Machine Learning
3248,Art. 3248: Vision Artificial
3249,Art. 3249: Edge Computing
3250,Art. 3250: Algoritmos Predictivos
3251,Art. 3251: Desarrollo Movil
3252,Art. 3252: Redes Fisicas
3253,Art. 3253: Cloud Computing
3254,Art. 3254: Seguridad Industrial
3255,Art. 3255: Redes Neuronales
3256,Art. 3256: Telemetria
3257,Art. 3257: Bases de Datos
3258,Art. 3258: Big Data
3259,Art. 3259: Criptografia
3260,Art. 3260: Optimizacion SQL
3261,Art. 3261: Blockchain
3262,Art. 3262: Robotica Industrial
3263,Art. 3263: IoT y Domotica
3264,Art. 3264: Edge Computing
3265,Art. 3265: Cableado Estructurado
3266,Art. 3266: Sistemas Embebidos
3267,Art. 3267: Robotica Industrial
3268,Art. 3268: Criptografia
3269,Art. 3269: Vision Artificial
3270,Art. 3270: Modelos Probabilisticos
3271,Art. 3271: Robotica Industrial
3272,Art. 3272: Riesgos Industriales con IA
3273,Art. 3273: Microservicios
3274,Art. 3274: Machine Learning
3275,Art. 3275: Redes Fisicas
3276,Art. 3276: Ciberseguridad
3277,Art. 3277: Desarrollo Movil
3278,Art. 3278: Sistemas Embebidos
3279,Art. 3279: Cableado Estructurado
3280,Art. 3280: Sistemas Embebidos
3281,Art. 3281: DevOps
3282,Art. 3282: Machine Learning
3283,Art. 3283: Microservicios
3284,Art. 3284: Vision Artificial
3285,Art. 3285: Blockchain
3286,Art. 3286: Redes Fisicas
3287,Art. 3287: Sistemas Embebidos
3288,Art. 3288: Backtesting de Algoritmos
3289,Art. 3289: Telemetria
3290,Art. 3290: Redes Fisicas
3291,Art. 3291: Criptografia
3292,Art. 3292: Vision Artificial
3293,Art. 3293: Pipelines ETL
3294,Art. 3294: Sistemas de Control
3295,Art. 3295: Business Intelligence
3296,Art. 3296: Telemetria
3297,Art. 3297: Realidad Aumentada
3298,Art. 3298: SO Distribuidos
3299,Art. 3299: Blockchain
3300,Art. 3300: Robotica Industrial
3301,Art. 3301: Sistemas Embebidos
3302,Art. 3302: Modelos Probabilisticos
3303,Art. 3303: Backtesting de Algoritmos
3304,Art. 3304: Business Intelligence
3305,Art. 3305: Desarrollo Movil
3306,Art. 3306: Criptografia
3307,Art. 3307: Edge Computing
3308,Art. 3308: Ciberseguridad
3309,Art. 3309: Big Data
3310,Art. 3310: Business Intelligence
3311,Art. 3311: Bases de Datos
3312,Art. 3312: Mineria de Datos
3313,Art. 3313: Riesgos Industriales con IA
3314,Art. 3314: Redes Fisicas
3315,Art. 3315: Realidad Aumentada
3316,Art. 3316: Software Seguro
3317,Art. 3317: Riesgos Industriales con IA
3318,Art. 3318: DevOps
3319,Art. 3319: Robotica Industrial
3320,Art. 3320: Blockchain
3321,Art. 3321: Computacion Cuantica
3322,Art. 3322: Business Intelligence
3323,Art. 3323: Vision Artificial
3324,Art. 3324: Microservicios
3325,Art. 3325: Seguridad Industrial
3326,Art. 3326: Sistemas Embebidos
3327,Art. 3327: Ingenieria de Software
3328,Art. 3328: Pipelines ETL
3329,Art. 3329: Optimizacion SQL
3330,Art. 3330: DevOps
3331,Art. 3331: Enrutamiento
3332,Art. 3332: Lenguaje Natural (NLP)
3333,Art. 3333: Bases de Datos
3334,Art. 3334: Enrutamiento
3335,Art. 3335: Vision Artificial
3336,Art. 3336: Lenguaje Natural (NLP)
3337,Art. 3337: Desarrollo Movil
3338,Art. 3338: Telemetria
3339,Art. 3339: Cloud Computing
3340,Art. 3340: Microservicios
3341,Art. 3341: Cloud Computing
3342,Art. 3342: Robotica Industrial
3343,Art. 3343: Realidad Aumentada
3344,Art. 3344: Ingenieria de Software
3345,Art. 3345: Bases de Datos
3346,Art. 3346: Cableado Estructurado
3347,Art. 3347: Lenguaje Natural (NLP)
3348,Art. 3348: IoT y Domotica
3349,Art. 3349: Pipelines ETL
3350,Art. 3350: Computacion Cuantica
3351,Art. 3351: Sistemas Embebidos
3352,Art. 3352: DevOps
3353,Art. 3353: Analisis Estadistico
3354,Art. 3354: Automatizacion de Pruebas
3355,Art. 3355: Ciberseguridad
3356,Art. 3356: Mineria de Datos
3357,Art. 3357: Modelos Probabilisticos
3358,Art. 3358: Seguridad Industrial
3359,Art. 3359: Telemetria
3360,Art. 3360: Vision Artificial
3361,Art. 3361: Riesgos Industriales con IA
3362,Art. 3362: Seguridad Industrial
3363,Art. 3363: Vision Artificial
3364,Art. 3364: Machine Learning
3365,Art. 3365: Lenguaje Natural (NLP)
3366,Art. 3366: Software Seguro
3367,Art. 3367: Redes Fisicas
3368,Art. 3368: Riesgos Industriales con IA
3369,Art. 3369: Ciberseguridad
3370,Art. 3370: Riesgos Industriales con IA
3371,Art. 3371: Edge Computing
3372,Art. 3372: SO Distribuidos
3373,Art. 3373: Sistemas Embebidos
3374,Art. 3374: Edge Computing
3375,Art. 3375: Edge Computing
3376,Art. 3376: Ingenieria de Software
3377,Art. 3377: Computacion Cuantica
3378,Art. 3378: Realidad Aumentada
3379,Art. 3379: Realidad Aumentada
3380,Art. 3380: Optimizacion SQL
3381,Art. 3381: Software Seguro
3382,Art. 3382: Algoritmos Predictivos
3383,Art. 3383: Cloud Computing
3384,Art. 3384: Robotica Industrial
3385,Art. 3385: Realidad Aumentada
3386,Art. 3386: Modelos Probabilisticos
3387,Art. 3387: Desarrollo Movil
3388,Art. 3388: Diseno de APIs REST
3389,Art. 3389: Software Seguro
3390,Art. 3390: Contenedores Docker
3391,Art. 3391: Computacion Cuantica
3392,Art. 3392: Contenedores Docker
3393,Art. 3393: Pipelines ETL
3394,Art. 3394: Cableado Estructurado
3395,Art. 3395: Bases de Datos
3396,Art. 3396: Analisis Estadistico
3397,Art. 3397: Machine Learning
3398,Art. 3398: Contenedores Docker
3399,Art. 3399: SO Distribuidos
3400,Art. 3400: Robotica Industrial
3401,Art. 3401: IoT y Domotica
3402,Art. 3402: Ingenieria de Software
3403,Art. 3403: Sistemas Embebidos
3404,Art. 3404: Vision Artificial
3405,Art. 3405: DevOps
3406,Art. 3406: DevOps
3407,Art. 3407: Big Data
3408,Art. 3408: Edge Computing
3409,Art. 3409: Realidad Aumentada
3410,Art. 3410: SO Distribuidos
3411,Art. 3411: Backtesting de Algoritmos
3412,Art. 3412: Sistemas Embebidos
3413,Art. 3413: Blockchain
3414,Art. 3414: Diseno de APIs REST
3415,Art. 3415: Optimizacion SQL
3416,Art. 3416: Microservicios
3417,Art. 3417: Big Data
3418,Art. 3418: Cableado Estructurado
3419,Art. 3419: Sistemas de Control
3420,Art. 3420: Realidad Aumentada
3421,Art. 3421: Machine Learning
3422,Art. 3422: SO Distribuidos
3423,Art. 3423: Realidad Aumentada
3424,Art. 3424: Sistemas Embebidos
3425,Art. 3425: Realidad Aumentada
3426,Art. 3426: Redes Fisicas
3427,Art. 3427: Desarrollo Movil
3428,Art. 3428: DevOps
3429,Art. 3429: Sistemas de Control
3430,Art. 3430: Sistemas Embebidos
3431,Art. 3431: Ingenieria de Software
3432,Art. 3432: Bases de Datos
3433,Art. 3433: Microservicios
3434,Art. 3434: Desarrollo Movil
3435,Art. 3435: Ciberseguridad
3436,Art. 3436: Mineria de Datos
3437,Art. 3437: Sistemas de Control
3438,Art. 3438: Big Data
3439,Art. 3439: Business Intelligence
3440,Art. 3440: IoT y Domotica
3441,Art. 3441: SO Distribuidos
3442,Art. 3442: Redes Neuronales
3443,Art. 3443: DevOps
3444,Art. 3444: Vision Artificial
3445,Art. 3445: Cloud Computing
3446,Art. 3446: Redes Neuronales
3447,Art. 3447: Vision Artificial
3448,Art. 3448: Redes Neuronales
3449,Art. 3449: Microservicios
3450,Art. 3450: Software Seguro
3451,Art. 3451: Modelos Probabilisticos
3452,Art. 3452: Contenedores Docker
3453,Art. 3453: Computacion Cuantica
3454,Art. 3454: Lenguaje Natural (NLP)
3455,Art. 3455: Automatizacion de Pruebas
3456,Art. 3456: Algoritmos Predictivos
3457,Art. 3457: Vision Artificial
3458,Art. 3458: Backtesting de Algoritmos
3459,Art. 3459: Microservicios
3460,Art. 3460: DevOps
3461,Art. 3461: Software Seguro
3462,Art. 3462: Optimizacion SQL
3463,Art. 3463: Microservicios
3464,Art. 3464: SO Distribuidos
3465,Art. 3465: Modelos Probabilisticos
3466,Art. 3466: Microservicios
3467,Art. 3467: Bases de Datos
3468,Art. 3468: Realidad Aumentada
3469,Art. 3469: Analisis Estadistico
3470,Art. 3470: Automatizacion de Pruebas
3471,Art. 3471: Automatizacion de Pruebas
3472,Art. 3472: Enrutamiento
3473,Art. 3473: Realidad Aumentada
3474,Art. 3474: Enrutamiento
3475,Art. 3475: Algoritmos Predictivos
3476,Art. 3476: Sistemas Embebidos
3477,Art. 3477: Microservicios
3478,Art. 3478: DevOps
3479,Art. 3479: Big Data
3480,Art. 3480: Computacion Cuantica
3481,Art. 3481: Software Seguro
3482,Art. 3482: Enrutamiento
3483,Art. 3483: Machine Learning
3484,Art. 3484: Robotica Industrial
3485,Art. 3485: Business Intelligence
3486,Art. 3486: Modelos Probabilisticos
3487,Art. 3487: Software Seguro
3488,Art. 3488: Contenedores Docker
3489,Art. 3489: Analisis Estadistico
3490,Art. 3490: Sistemas Embebidos
3491,Art. 3491: Seguridad Industrial
3492,Art. 3492: Cableado Estructurado
3493,Art. 3493: Desarrollo Movil
3494,Art. 3494: Redes Neuronales
3495,Art. 3495: Vision Artificial
3496,Art. 3496: Computacion Cuantica
3497,Art. 3497: Riesgos Industriales con IA
3498,Art. 3498: Cableado Estructurado
3499,Art. 3499: IoT y Domotica
3500,Art. 3500: Realidad Aumentada
3501,Art. 3501: Bases de Datos
3502,Art. 3502: Microservicios
3503,Art. 3503: Redes Neuronales
3504,Art. 3504: Pipelines ETL
3505,Art. 3505: Criptografia
3506,Art. 3506: Seguridad Industrial
3507,Art. 3507: Optimizacion SQL
3508,Art. 3508: Desarrollo Movil
3509,Art. 3509: Software Seguro
3510,Art. 3510: Edge Computing
3511,Art. 3511: Telemetria
3512,Art. 3512: Telemetria
3513,Art. 3513: Analisis Estadistico
3514,Art. 3514: Analisis Estadistico
3515,Art. 3515: Software Seguro
3516,Art. 3516: Diseno de APIs REST
3517,Art. 3517: Backtesting de Algoritmos
3518,Art. 3518: Redes Neuronales
3519,Art. 3519: Desarrollo Movil
3520,Art. 3520: Pipelines ETL
3521,Art. 3521: Robotica Industrial
3522,Art. 3522: Cloud Computing
3523,Art. 3523: Software Seguro
3524,Art. 3524: Enrutamiento
3525,Art. 3525: Vision Artificial
3526,Art. 3526: Automatizacion de Pruebas
3527,Art. 3527: Algoritmos Predictivos
3528,Art. 3528: IoT y Domotica
3529,Art. 3529: Ingenieria de Software
3530,Art. 3530: Sistemas Embebidos
3531,Art. 3531: Microservicios
3532,Art. 3532: Redes Neuronales
3533,Art. 3533: Blockchain
3534,Art. 3534: Enrutamiento
3535,Art. 3535: Cableado Estructurado
3536,Art. 3536: Sistemas de Control
3537,Art. 3537: Realidad Aumentada
3538,Art. 3538: Pipelines ETL
3539,Art. 3539: IoT y Domotica
3540,Art. 3540: Redes Neuronales
3541,Art. 3541: Enrutamiento
3542,Art. 3542: Enrutamiento
3543,Art. 3543: Telemetria
3544,Art. 3544: Backtesting de Algoritmos
3545,Art. 3545: Sistemas Embebidos
3546,Art. 3546: Criptografia
3547,Art. 3547: Mineria de Datos
3548,Art. 3548: Algoritmos Predictivos
3549,Art. 3549: Mineria de Datos
3550,Art. 3550: Robotica Industrial
3551,Art. 3551: Criptografia
3552,Art. 3552: Modelos Probabilisticos
3553,Art. 3553: Telemetria
3554,Art. 3554: Software Seguro
3555,Art. 3555: Sistemas Embebidos
3556,Art. 3556: Ingenieria de Software
3557,Art. 3557: Redes Fisicas
3558,Art. 3558: Pipelines ETL
3559,Art. 3559: Microservicios
3560,Art. 3560: Business Intelligence
3561,Art. 3561: Contenedores Docker
3562,Art. 3562: Computacion Cuantica
3563,Art. 3563: Enrutamiento
3564,Art. 3564: Ingenieria de Software
3565,Art. 3565: Redes Fisicas
3566,Art. 3566: Realidad Aumentada
3567,Art. 3567: Enrutamiento
3568,Art. 3568: Automatizacion de Pruebas
3569,Art. 3569: Desarrollo Movil
3570,Art. 3570: Cableado Estructurado
3571,Art. 3571: Diseno de APIs REST
3572,Art. 3572: Ingenieria de Software
3573,Art. 3573: Automatizacion de Pruebas
3574,Art. 3574: Optimizacion SQL
3575,Art. 3575: Sistemas de Control
3576,Art. 3576: Sistemas de Control
3577,Art. 3577: Bases de Datos
3578,Art. 3578: Pipelines ETL
3579,Art. 3579: Criptografia
3580,Art. 3580: Microservicios
3581,Art. 3581: Mineria de Datos
3582,Art. 3582: Optimizacion SQL
3583,Art. 3583: Microservicios
3584,Art. 3584: Redes Neuronales
3585,Art. 3585: Ciberseguridad
3586,Art. 3586: SO Distribuidos
3587,Art. 3587: Sistemas de Control
3588,Art. 3588: SO Distribuidos
3589,Art. 3589: Sistemas Embebidos
3590,Art. 3590: Mineria de Datos
3591,Art. 3591: Edge Computing
3592,Art. 3592: Edge Computing
3593,Art. 3593: Mineria de Datos
3594,Art. 3594: Diseno de APIs REST
3595,Art. 3595: Riesgos Industriales con IA
3596,Art. 3596: Seguridad Industrial
3597,Art. 3597: Bases de Datos
3598,Art. 3598: Cableado Estructurado
3599,Art. 3599: Algoritmos Predictivos
3600,Art. 3600: Redes Neuronales
3601,Art. 3601: Criptografia
3602,Art. 3602: Sistemas de Control
3603,Art. 3603: Pipelines ETL
3604,Art. 3604: DevOps
3605,Art. 3605: Contenedores Docker
3606,Art. 3606: Machine Learning
3607,Art. 3607: Telemetria
3608,Art. 3608: Modelos Probabilisticos
3609,Art. 3609: Automatizacion de Pruebas
3610,Art. 3610: Backtesting de Algoritmos
3611,Art. 3611: Business Intelligence
3612,Art. 3612: SO Distribuidos
3613,Art. 3613: Machine Learning
3614,Art. 3614: Software Seguro
3615,Art. 3615: Realidad Aumentada
3616,Art. 3616: Redes Fisicas
3617,Art. 3617: Redes Neuronales
3618,Art. 3618: Mineria de Datos
3619,Art. 3619: Modelos Probabilisticos
3620,Art. 3620: Bases de Datos
3621,Art. 3621: Cloud Computing
3622,Art. 3622: Software Seguro
3623,Art. 3623: Contenedores Docker
3624,Art. 3624: Modelos Probabilisticos
3625,Art. 3625: Sistemas Embebidos
3626,Art. 3626: Sistemas de Control
3627,Art. 3627: Redes Fisicas
3628,Art. 3628: Enrutamiento
3629,Art. 3629: Riesgos Industriales con IA
3630,Art. 3630: Optimizacion SQL
3631,Art. 3631: Backtesting de Algoritmos
3632,Art. 3632: Redes Fisicas
3633,Art. 3633: Robotica Industrial
3634,Art. 3634: Modelos Probabilisticos
3635,Art. 3635: IoT y Domotica
3636,Art. 3636: Lenguaje Natural (NLP)
3637,Art. 3637: Criptografia
3638,Art. 3638: Criptografia
3639,Art. 3639: Ingenieria de Software
3640,Art. 3640: Algoritmos Predictivos
3641,Art. 3641: Optimizacion SQL
3642,Art. 3642: Algoritmos Predictivos
3643,Art. 3643: Automatizacion de Pruebas
3644,Art. 3644: Business Intelligence
3645,Art. 3645: Software Seguro
3646,Art. 3646: Analisis Estadistico
3647,Art. 3647: Ciberseguridad
3648,Art. 3648: DevOps
3649,Art. 3649: Computacion Cuantica
3650,Art. 3650: Redes Neuronales
3651,Art. 3651: Software Seguro
3652,Art. 3652: Backtesting de Algoritmos
3653,Art. 3653: Automatizacion de Pruebas
3654,Art. 3654: Redes Fisicas
3655,Art. 3655: Telemetria
3656,Art. 3656: Contenedores Docker
3657,Art. 3657: Desarrollo Movil
3658,Art. 3658: SO Distribuidos
3659,Art. 3659: Ingenieria de Software
3660,Art. 3660: Cableado Estructurado
3661,Art. 3661: Automatizacion de Pruebas
3662,Art. 3662: Cloud Computing
3663,Art. 3663: Pipelines ETL
3664,Art. 3664: Contenedores Docker
3665,Art. 3665: Lenguaje Natural (NLP)
3666,Art. 3666: IoT y Domotica
3667,Art. 3667: Seguridad Industrial
3668,Art. 3668: Backtesting de Algoritmos
3669,Art. 3669: Redes Fisicas
3670,Art. 3670: Big Data
3671,Art. 3671: Big Data
3672,Art. 3672: Cableado Estructurado
3673,Art. 3673: Desarrollo Movil
3674,Art. 3674: Computacion Cuantica
3675,Art. 3675: Bases de Datos
3676,Art. 3676: Business Intelligence
3677,Art. 3677: Bases de Datos
3678,Art. 3678: Blockchain
3679,Art. 3679: Riesgos Industriales con IA
3680,Art. 3680: Machine Learning
3681,Art. 3681: Business Intelligence
3682,Art. 3682: Blockchain
3683,Art. 3683: Sistemas de Control
3684,Art. 3684: Desarrollo Movil
3685,Art. 3685: Pipelines ETL
3686,Art. 3686: Contenedores Docker
3687,Art. 3687: Lenguaje Natural (NLP)
3688,Art. 3688: Cableado Estructurado
3689,Art. 3689: Edge Computing
3690,Art. 3690: Cableado Estructurado
3691,Art. 3691: Redes Fisicas
3692,Art. 3692: Lenguaje Natural (NLP)
3693,Art. 3693: Ciberseguridad
3694,Art. 3694: IoT y Domotica
3695,Art. 3695: Pipelines ETL
3696,Art. 3696: Algoritmos Predictivos
3697,Art. 3697: Big Data
3698,Art. 3698: Sistemas de Control
3699,Art. 3699: Realidad Aumentada
3700,Art. 3700: Bases de Datos
3701,Art. 3701: Redes Fisicas
3702,Art. 3702: Bases de Datos
3703,Art. 3703: Sistemas de Control
3704,Art. 3704: Realidad Aumentada
3705,Art. 3705: Ciberseguridad
3706,Art. 3706: Algoritmos Predictivos
3707,Art. 3707: IoT y Domotica
3708,Art. 3708: Software Seguro
3709,Art. 3709: Sistemas de Control
3710,Art. 3710: Modelos Probabilisticos
3711,Art. 3711: Sistemas de Control
3712,Art. 3712: Robotica Industrial
3713,Art. 3713: Computacion Cuantica
3714,Art. 3714: Criptografia
3715,Art. 3715: Big Data
3716,Art. 3716: Enrutamiento
3717,Art. 3717: Algoritmos Predictivos
3718,Art. 3718: Lenguaje Natural (NLP)
3719,Art. 3719: Software Seguro
3720,Art. 3720: Ciberseguridad
3721,Art. 3721: SO Distribuidos
3722,Art. 3722: Cloud Computing
3723,Art. 3723: Cloud Computing
3724,Art. 3724: Microservicios
3725,Art. 3725: Bases de Datos
3726,Art. 3726: Pipelines ETL
3727,Art. 3727: Lenguaje Natural (NLP)
3728,Art. 3728: Criptografia
3729,Art. 3729: Sistemas de Control
3730,Art. 3730: SO Distribuidos
3731,Art. 3731: Redes Fisicas
3732,Art. 3732: Ciberseguridad
3733,Art. 3733: Desarrollo Movil
3734,Art. 3734: SO Distribuidos
3735,Art. 3735: Computacion Cuantica
3736,Art. 3736: Sistemas Embebidos
3737,Art. 3737: Realidad Aumentada
3738,Art. 3738: Sistemas de Control
3739,Art. 3739: Redes Neuronales
3740,Art. 3740: Robotica Industrial
3741,Art. 3741: SO Distribuidos
3742,Art. 3742: Sistemas de Control
3743,Art. 3743: Pipelines ETL
3744,Art. 3744: Sistemas Embebidos
3745,Art. 3745: Realidad Aumentada
3746,Art. 3746: Big Data
3747,Art. 3747: Business Intelligence
3748,Art. 3748: SO Distribuidos
3749,Art. 3749: Enrutamiento
3750,Art. 3750: Ingenieria de Software
3751,Art. 3751: IoT y Domotica
3752,Art. 3752: Criptografia
3753,Art. 3753: Microservicios
3754,Art. 3754: Vision Artificial
3755,Art. 3755: Pipelines ETL
3756,Art. 3756: Riesgos Industriales con IA
3757,Art. 3757: Sistemas Embebidos
3758,Art. 3758: Cloud Computing
3759,Art. 3759: Mineria de Datos
3760,Art. 3760: Sistemas de Control
3761,Art. 3761: Vision Artificial
3762,Art. 3762: Cableado Estructurado
3763,Art. 3763: Modelos Probabilisticos
3764,Art. 3764: Microservicios
3765,Art. 3765: Edge Computing
3766,Art. 3766: Realidad Aumentada
3767,Art. 3767: Realidad Aumentada
3768,Art. 3768: Lenguaje Natural (NLP)
3769,Art. 3769: Sistemas de Control
3770,Art. 3770: Mineria de Datos
3771,Art. 3771: SO Distribuidos
3772,Art. 3772: Robotica Industrial
3773,Art. 3773: Desarrollo Movil
3774,Art. 3774: SO Distribuidos
3775,Art. 3775: Machine Learning
3776,Art. 3776: Ciberseguridad
3777,Art. 3777: DevOps
3778,Art. 3778: Software Seguro
3779,Art. 3779: Telemetria
3780,Art. 3780: Modelos Probabilisticos
3781,Art. 3781: DevOps
3782,Art. 3782: Mineria de Datos
3783,Art. 3783: Machine Learning
3784,Art. 3784: DevOps
3785,Art. 3785: Vision Artificial
3786,Art. 3786: Cableado Estructurado
3787,Art. 3787: Mineria de Datos
3788,Art. 3788: Redes Neuronales
3789,Art. 3789: Redes Neuronales
3790,Art. 3790: SO Distribuidos
3791,Art. 3791: Pipelines ETL
3792,Art. 3792: Enrutamiento
3793,Art. 3793: Optimizacion SQL
3794,Art. 3794: Seguridad Industrial
3795,Art. 3795: Automatizacion de Pruebas
3796,Art. 3796: Big Data
3797,Art. 3797: IoT y Domotica
3798,Art. 3798: Contenedores Docker
3799,Art. 3799: Algoritmos Predictivos
3800,Art. 3800: Business Intelligence
3801,Art. 3801: Cableado Estructurado
3802,Art. 3802: IoT y Domotica
3803,Art. 3803: Bases de Datos
3804,Art. 3804: Robotica Industrial
3805,Art. 3805: Business Intelligence
3806,Art. 3806: Analisis Estadistico
3807,Art. 3807: Criptografia
3808,Art. 3808: Business Intelligence
3809,Art. 3809: Robotica Industrial
3810,Art. 3810: Criptografia
3811,Art. 3811: Redes Fisicas
3812,Art. 3812: Cableado Estructurado
3813,Art. 3813: Bases de Datos
3814,Art. 3814: Mineria de Datos
3815,Art. 3815: Redes Neuronales
3816,Art. 3816: Software Seguro
3817,Art. 3817: Big Data
3818,Art. 3818: Redes Neuronales
3819,Art. 3819: Riesgos Industriales con IA
3820,Art. 3820: Robotica Industrial
3821,Art. 3821: Vision Artificial
3822,Art. 3822: Backtesting de Algoritmos
3823,Art. 3823: Enrutamiento
3824,Art. 3824: Redes Neuronales
3825,Art. 3825: Bases de Datos
3826,Art. 3826: Sistemas Embebidos
3827,Art. 3827: IoT y Domotica
3828,Art. 3828: Computacion Cuantica
3829,Art. 3829: Bases de Datos
3830,Art. 3830: Ingenieria de Software
3831,Art. 3831: Modelos Probabilisticos
3832,Art. 3832: Telemetria
3833,Art. 3833: Telemetria
3834,Art. 3834: Ingenieria de Software
3835,Art. 3835: Sistemas Embebidos
3836,Art. 3836: Cloud Computing
3837,Art. 3837: Contenedores Docker
3838,Art. 3838: Redes Fisicas
3839,Art. 3839: Pipelines ETL
3840,Art. 3840: Sistemas Embebidos
3841,Art. 3841: Desarrollo Movil
3842,Art. 3842: Automatizacion de Pruebas
3843,Art. 3843: Riesgos Industriales con IA
3844,Art. 3844: Mineria de Datos
3845,Art. 3845: Blockchain
3846,Art. 3846: SO Distribuidos
3847,Art. 3847: Diseno de APIs REST
3848,Art. 3848: Lenguaje Natural (NLP)
3849,Art. 3849: Mineria de Datos
3850,Art. 3850: Software Seguro
3851,Art. 3851: Contenedores Docker
3852,Art. 3852: Analisis Estadistico
3853,Art. 3853: Contenedores Docker
3854,Art. 3854: Criptografia
3855,Art. 3855: DevOps
3856,Art. 3856: Edge Computing
3857,Art. 3857: Backtesting de Algoritmos
3858,Art. 3858: SO Distribuidos
3859,Art. 3859: IoT y Domotica
3860,Art. 3860: Riesgos Industriales con IA
3861,Art. 3861: Modelos Probabilisticos
3862,Art. 3862: Computacion Cuantica
3863,Art. 3863: Microservicios
3864,Art. 3864: Vision Artificial
3865,Art. 3865: Computacion Cuantica
3866,Art. 3866: Redes Fisicas
3867,Art. 3867: Seguridad Industrial
3868,Art. 3868: Vision Artificial
3869,Art. 3869: Modelos Probabilisticos
3870,Art. 3870: Optimizacion SQL
3871,Art. 3871: Vision Artificial
3872,Art. 3872: Bases de Datos
3873,Art. 3873: Redes Fisicas
3874,Art. 3874: Enrutamiento
3875,Art. 3875: Sistemas de Control
3876,Art. 3876: Software Seguro
3877,Art. 3877: Redes Fisicas
3878,Art. 3878: Cloud Computing
3879,Art. 3879: Vision Artificial
3880,Art. 3880: Lenguaje Natural (NLP)
3881,Art. 3881: Mineria de Datos
3882,Art. 3882: Criptografia
3883,Art. 3883: Ingenieria de Software
3884,Art. 3884: Big Data
3885,Art. 3885: Robotica Industrial
3886,Art. 3886: Contenedores Docker
3887,Art. 3887: Realidad Aumentada
3888,Art. 3888: Lenguaje Natural (NLP)
3889,Art. 3889: Robotica Industrial
3890,Art. 3890: Enrutamiento
3891,Art. 3891: Backtesting de Algoritmos
3892,Art. 3892: Automatizacion de Pruebas
3893,Art. 3893: Contenedores Docker
3894,Art. 3894: Big Data
3895,Art. 3895: Bases de Datos
3896,Art. 3896: Pipelines ETL
3897,Art. 3897: Criptografia
3898,Art. 3898: Edge Computing
3899,Art. 3899: Redes Neuronales
3900,Art. 3900: Analisis Estadistico
3901,Art. 3901: Business Intelligence
3902,Art. 3902: Business Intelligence
3903,Art. 3903: Edge Computing
3904,Art. 3904: Desarrollo Movil
3905,Art. 3905: Algoritmos Predictivos
3906,Art. 3906: Realidad Aumentada
3907,Art. 3907: Software Seguro
3908,Art. 3908: Redes Fisicas
3909,Art. 3909: Seguridad Industrial
3910,Art. 3910: Telemetria
3911,Art. 3911: Modelos Probabilisticos
3912,Art. 3912: Ingenieria de Software
3913,Art. 3913: Automatizacion de Pruebas
3914,Art. 3914: Realidad Aumentada
3915,Art. 3915: Bases de Datos
3916,Art. 3916: Cableado Estructurado
3917,Art. 3917: Business Intelligence
3918,Art. 3918: Bases de Datos
3919,Art. 3919: Business Intelligence
3920,Art. 3920: Automatizacion de Pruebas
3921,Art. 3921: Cableado Estructurado
3922,Art. 3922: Pipelines ETL
3923,Art. 3923: Backtesting de Algoritmos
3924,Art. 3924: SO Distribuidos
3925,Art. 3925: Vision Artificial
3926,Art. 3926: Desarrollo Movil
3927,Art. 3927: Edge Computing
3928,Art. 3928: SO Distribuidos
3929,Art. 3929: Blockchain
3930,Art. 3930: Desarrollo Movil
3931,Art. 3931: Redes Neuronales
3932,Art. 3932: Robotica Industrial
3933,Art. 3933: Mineria de Datos
3934,Art. 3934: Riesgos Industriales con IA
3935,Art. 3935: Ciberseguridad
3936,Art. 3936: Contenedores Docker
3937,Art. 3937: Vision Artificial
3938,Art. 3938: Edge Computing
3939,Art. 3939: Optimizacion SQL
3940,Art. 3940: Edge Computing
3941,Art. 3941: Sistemas de Control
3942,Art. 3942: Diseno de APIs REST
3943,Art. 3943: Desarrollo Movil
3944,Art. 3944: Telemetria
3945,Art. 3945: Telemetria
3946,Art. 3946: Redes Fisicas
3947,Art. 3947: Enrutamiento
3948,Art. 3948: DevOps
3949,Art. 3949: DevOps
3950,Art. 3950: Microservicios
3951,Art. 3951: Cloud Computing
3952,Art. 3952: Business Intelligence
3953,Art. 3953: Software Seguro
3954,Art. 3954: Big Data
3955,Art. 3955: Ciberseguridad
3956,Art. 3956: Realidad Aumentada
3957,Art. 3957: Criptografia
3958,Art. 3958: Business Intelligence
3959,Art. 3959: Robotica Industrial
3960,Art. 3960: IoT y Domotica
3961,Art. 3961: Telemetria
3962,Art. 3962: Contenedores Docker
3963,Art. 3963: Ingenieria de Software
3964,Art. 3964: Blockchain
3965,Art. 3965: Robotica Industrial
3966,Art. 3966: Business Intelligence
3967,Art. 3967: Contenedores Docker
3968,Art. 3968: Automatizacion de Pruebas
3969,Art. 3969: SO Distribuidos
3970,Art. 3970: Sistemas Embebidos
3971,Art. 3971: Software Seguro
3972,Art. 3972: Ciberseguridad
3973,Art. 3973: Mineria de Datos
3974,Art. 3974: Ingenieria de Software
3975,Art. 3975: Cloud Computing
3976,Art. 3976: Modelos Probabilisticos
3977,Art. 3977: Cableado Estructurado
3978,Art. 3978: Desarrollo Movil
3979,Art. 3979: SO Distribuidos
3980,Art. 3980: Cableado Estructurado
3981,Art. 3981: Contenedores Docker
3982,Art. 3982: Contenedores Docker
3983,Art. 3983: Cloud Computing
3984,Art. 3984: Computacion Cuantica
3985,Art. 3985: Ingenieria de Software
3986,Art. 3986: Optimizacion SQL
3987,Art. 3987: Edge Computing
3988,Art. 3988: Cableado Estructurado
3989,Art. 3989: Blockchain
3990,Art. 3990: Blockchain
3991,Art. 3991: Vision Artificial
3992,Art. 3992: Contenedores Docker
3993,Art. 3993: DevOps
3994,Art. 3994: Computacion Cuantica
3995,Art. 3995: Computacion Cuantica
3996,Art. 3996: Computacion Cuantica
3997,Art. 3997: Redes Fisicas
3998,Art. 3998: Redes Neuronales
3999,Art. 3999: Microservicios
4000,Art. 4000: Mineria de Datos
4001,Art. 4001: Realidad Aumentada
4002,Art. 4002: Telemetria
4003,Art. 4003: Sistemas Embebidos
4004,Art. 4004: Software Seguro
4005,Art. 4005: Diseno de APIs REST
4006,Art. 4006: Contenedores Docker
4007,Art. 4007: Automatizacion de Pruebas
4008,Art. 4008: Diseno de APIs REST
4009,Art. 4009: Analisis Estadistico
4010,Art. 4010: Criptografia
4011,Art. 4011: Optimizacion SQL
4012,Art. 4012: Edge Computing
4013,Art. 4013: Computacion Cuantica
4014,Art. 4014: Contenedores Docker
4015,Art. 4015: Bases de Datos
4016,Art. 4016: Software Seguro
4017,Art. 4017: Vision Artificial
4018,Art. 4018: Microservicios
4019,Art. 4019: Telemetria
4020,Art. 4020: Cableado Estructurado
4021,Art. 4021: Desarrollo Movil
4022,Art. 4022: Edge Computing
4023,Art. 4023: Automatizacion de Pruebas
4024,Art. 4024: Redes Neuronales
4025,Art. 4025: Vision Artificial
4026,Art. 4026: Cableado Estructurado
4027,Art. 4027: Sistemas Embebidos
4028,Art. 4028: Analisis Estadistico
4029,Art. 4029: Sistemas de Control
4030,Art. 4030: Pipelines ETL
4031,Art. 4031: Pipelines ETL
4032,Art. 4032: Desarrollo Movil
4033,Art. 4033: Lenguaje Natural (NLP)
4034,Art. 4034: Contenedores Docker
4035,Art. 4035: Cloud Computing
4036,Art. 4036: Mineria de Datos
4037,Art. 4037: Cableado Estructurado
4038,Art. 4038: Sistemas de Control
4039,Art. 4039: Analisis Estadistico
4040,Art. 4040: Redes Fisicas
4041,Art. 4041: Pipelines ETL
4042,Art. 4042: Contenedores Docker
4043,Art. 4043: Mineria de Datos
4044,Art. 4044: Lenguaje Natural (NLP)
4045,Art. 4045: Cableado Estructurado
4046,Art. 4046: Telemetria
4047,Art. 4047: Machine Learning
4048,Art. 4048: Desarrollo Movil
4049,Art. 4049: Blockchain
4050,Art. 4050: Backtesting de Algoritmos
4051,Art. 4051: Software Seguro
4052,Art. 4052: Bases de Datos
4053,Art. 4053: Microservicios
4054,Art. 4054: Robotica Industrial
4055,Art. 4055: Automatizacion de Pruebas
4056,Art. 4056: Machine Learning
4057,Art. 4057: Telemetria
4058,Art. 4058: Ciberseguridad
4059,Art. 4059: Enrutamiento
4060,Art. 4060: Optimizacion SQL
4061,Art. 4061: DevOps
4062,Art. 4062: Criptografia
4063,Art. 4063: Diseno de APIs REST
4064,Art. 4064: Ciberseguridad
4065,Art. 4065: Redes Neuronales
4066,Art. 4066: Riesgos Industriales con IA
4067,Art. 4067: Automatizacion de Pruebas
4068,Art. 4068: Desarrollo Movil
4069,Art. 4069: Algoritmos Predictivos
4070,Art. 4070: Big Data
4071,Art. 4071: Redes Fisicas
4072,Art. 4072: Riesgos Industriales con IA
4073,Art. 4073: IoT y Domotica
4074,Art. 4074: Sistemas de Control
4075,Art. 4075: Lenguaje Natural (NLP)
4076,Art. 4076: Cableado Estructurado
4077,Art. 4077: Telemetria
4078,Art. 4078: Software Seguro
4079,Art. 4079: Contenedores Docker
4080,Art. 4080: Bases de Datos
4081,Art. 4081: Ciberseguridad
4082,Art. 4082: Sistemas Embebidos
4083,Art. 4083: Pipelines ETL
4084,Art. 4084: Enrutamiento
4085,Art. 4085: Ingenieria de Software
4086,Art. 4086: Redes Fisicas
4087,Art. 4087: Diseno de APIs REST
4088,Art. 4088: Criptografia
4089,Art. 4089: Backtesting de Algoritmos
4090,Art. 4090: Business Intelligence
4091,Art. 4091: Telemetria
4092,Art. 4092: Algoritmos Predictivos
4093,Art. 4093: Big Data
4094,Art. 4094: Vision Artificial
4095,Art. 4095: Diseno de APIs REST
4096,Art. 4096: Edge Computing
4097,Art. 4097: Redes Neuronales
4098,Art. 4098: Modelos Probabilisticos
4099,Art. 4099: Ciberseguridad
4100,Art. 4100: Realidad Aumentada
4101,Art. 4101: Robotica Industrial
4102,Art. 4102: Telemetria
4103,Art. 4103: Criptografia
4104,Art. 4104: Big Data
4105,Art. 4105: Automatizacion de Pruebas
4106,Art. 4106: Cloud Computing
4107,Art. 4107: Telemetria
4108,Art. 4108: Realidad Aumentada
4109,Art. 4109: Backtesting de Algoritmos
4110,Art. 4110: Sistemas Embebidos
4111,Art. 4111: Pipelines ETL
4112,Art. 4112: Realidad Aumentada
4113,Art. 4113: Modelos Probabilisticos
4114,Art. 4114: Redes Fisicas
4115,Art. 4115: Redes Neuronales
4116,Art. 4116: Realidad Aumentada
4117,Art. 4117: Blockchain
4118,Art. 4118: Sistemas Embebidos
4119,Art. 4119: Seguridad Industrial
4120,Art. 4120: DevOps
4121,Art. 4121: Sistemas Embebidos
4122,Art. 4122: Riesgos Industriales con IA
4123,Art. 4123: Bases de Datos
4124,Art. 4124: Sistemas Embebidos
4125,Art. 4125: Sistemas de Control
4126,Art. 4126: Ciberseguridad
4127,Art. 4127: Machine Learning
4128,Art. 4128: Redes Neuronales
4129,Art. 4129: IoT y Domotica
4130,Art. 4130: SO Distribuidos
4131,Art. 4131: Lenguaje Natural (NLP)
4132,Art. 4132: Vision Artificial
4133,Art. 4133: Realidad Aumentada
4134,Art. 4134: Software Seguro
4135,Art. 4135: Ingenieria de Software
4136,Art. 4136: Edge Computing
4137,Art. 4137: Modelos Probabilisticos
4138,Art. 4138: Backtesting de Algoritmos
4139,Art. 4139: Seguridad Industrial
4140,Art. 4140: Ingenieria de Software
4141,Art. 4141: Blockchain
4142,Art. 4142: IoT y Domotica
4143,Art. 4143: IoT y Domotica
4144,Art. 4144: Contenedores Docker
4145,Art. 4145: Machine Learning
4146,Art. 4146: Ciberseguridad
4147,Art. 4147: Big Data
4148,Art. 4148: SO Distribuidos
4149,Art. 4149: Redes Neuronales
4150,Art. 4150: Desarrollo Movil
4151,Art. 4151: Big Data
4152,Art. 4152: Analisis Estadistico
4153,Art. 4153: DevOps
4154,Art. 4154: Criptografia
4155,Art. 4155: Sistemas de Control
4156,Art. 4156: Redes Neuronales
4157,Art. 4157: Diseno de APIs REST
4158,Art. 4158: Software Seguro
4159,Art. 4159: SO Distribuidos
4160,Art. 4160: Modelos Probabilisticos
4161,Art. 4161: Contenedores Docker
4162,Art. 4162: Vision Artificial
4163,Art. 4163: Redes Neuronales
4164,Art. 4164: Sistemas de Control
4165,Art. 4165: Vision Artificial
4166,Art. 4166: DevOps
4167,Art. 4167: Cloud Computing
4168,Art. 4168: Microservicios
4169,Art. 4169: Edge Computing
4170,Art. 4170: Redes Fisicas
4171,Art. 4171: Automatizacion de Pruebas
4172,Art. 4172: Criptografia
4173,Art. 4173: Cloud Computing
4174,Art. 4174: Software Seguro
4175,Art. 4175: Telemetria
4176,Art. 4176: Modelos Probabilisticos
4177,Art. 4177: Telemetria
4178,Art. 4178: Mineria de Datos
4179,Art. 4179: Robotica Industrial
4180,Art. 4180: Redes Neuronales
4181,Art. 4181: SO Distribuidos
4182,Art. 4182: Telemetria
4183,Art. 4183: Lenguaje Natural (NLP)
4184,Art. 4184: Contenedores Docker
4185,Art. 4185: Criptografia
4186,Art. 4186: Redes Fisicas
4187,Art. 4187: Mineria de Datos
4188,Art. 4188: Mineria de Datos
4189,Art. 4189: Analisis Estadistico
4190,Art. 4190: Realidad Aumentada
4191,Art. 4191: Blockchain
4192,Art. 4192: Bases de Datos
4193,Art. 4193: Contenedores Docker
4194,Art. 4194: Analisis Estadistico
4195,Art. 4195: Mineria de Datos
4196,Art. 4196: SO Distribuidos
4197,Art. 4197: Business Intelligence
4198,Art. 4198: Mineria de Datos
4199,Art. 4199: Mineria de Datos
4200,Art. 4200: Redes Fisicas
4201,Art. 4201: Cableado Estructurado
4202,Art. 4202: Ciberseguridad
4203,Art. 4203: Ciberseguridad
4204,Art. 4204: Bases de Datos
4205,Art. 4205: Automatizacion de Pruebas
4206,Art. 4206: Sistemas de Control
4207,Art. 4207: Cableado Estructurado
4208,Art. 4208: DevOps
4209,Art. 4209: Big Data
4210,Art. 4210: SO Distribuidos
4211,Art. 4211: Machine Learning
4212,Art. 4212: Blockchain
4213,Art. 4213: Cloud Computing
4214,Art. 4214: Sistemas Embebidos
4215,Art. 4215: Telemetria
4216,Art. 4216: Sistemas de Control
4217,Art. 4217: Realidad Aumentada
4218,Art. 4218: Vision Artificial
4219,Art. 4219: Telemetria
4220,Art. 4220: Machine Learning
4221,Art. 4221: Lenguaje Natural (NLP)
4222,Art. 4222: Telemetria
4223,Art. 4223: Redes Fisicas
4224,Art. 4224: Realidad Aumentada
4225,Art. 4225: Vision Artificial
4226,Art. 4226: Criptografia
4227,Art. 4227: Lenguaje Natural (NLP)
4228,Art. 4228: Computacion Cuantica
4229,Art. 4229: Lenguaje Natural (NLP)
4230,Art. 4230: Backtesting de Algoritmos
4231,Art. 4231: Seguridad Industrial
4232,Art. 4232: Enrutamiento
4233,Art. 4233: Redes Neuronales
4234,Art. 4234: Ciberseguridad
4235,Art. 4235: Realidad Aumentada
4236,Art. 4236: Edge Computing
4237,Art. 4237: Machine Learning
4238,Art. 4238: Mineria de Datos
4239,Art. 4239: Algoritmos Predictivos
4240,Art. 4240: Desarrollo Movil
4241,Art. 4241: Business Intelligence
4242,Art. 4242: Sistemas de Control
4243,Art. 4243: Big Data
4244,Art. 4244: Lenguaje Natural (NLP)
4245,Art. 4245: SO Distribuidos
4246,Art. 4246: Seguridad Industrial
4247,Art. 4247: Bases de Datos
4248,Art. 4248: Blockchain
4249,Art. 4249: Backtesting de Algoritmos
4250,Art. 4250: Desarrollo Movil
4251,Art. 4251: IoT y Domotica
4252,Art. 4252: Criptografia
4253,Art. 4253: Desarrollo Movil
4254,Art. 4254: Analisis Estadistico
4255,Art. 4255: Realidad Aumentada
4256,Art. 4256: Automatizacion de Pruebas
4257,Art. 4257: Algoritmos Predictivos
4258,Art. 4258: SO Distribuidos
4259,Art. 4259: SO Distribuidos
4260,Art. 4260: Contenedores Docker
4261,Art. 4261: DevOps
4262,Art. 4262: Microservicios
4263,Art. 4263: Cloud Computing
4264,Art. 4264: Contenedores Docker
4265,Art. 4265: Bases de Datos
4266,Art. 4266: Microservicios
4267,Art. 4267: Pipelines ETL
4268,Art. 4268: Telemetria
4269,Art. 4269: Optimizacion SQL
4270,Art. 4270: Pipelines ETL
4271,Art. 4271: Diseno de APIs REST
4272,Art. 4272: SO Distribuidos
4273,Art. 4273: Business Intelligence
4274,Art. 4274: DevOps
4275,Art. 4275: Analisis Estadistico
4276,Art. 4276: Edge Computing
4277,Art. 4277: Riesgos Industriales con IA
4278,Art. 4278: Riesgos Industriales con IA
4279,Art. 4279: Machine Learning
4280,Art. 4280: Ciberseguridad
4281,Art. 4281: Optimizacion SQL
4282,Art. 4282: DevOps
4283,Art. 4283: Realidad Aumentada
4284,Art. 4284: Cableado Estructurado
4285,Art. 4285: IoT y Domotica
4286,Art. 4286: Ingenieria de Software
4287,Art. 4287: Machine Learning
4288,Art. 4288: Diseno de APIs REST
4289,Art. 4289: Criptografia
4290,Art. 4290: Enrutamiento
4291,Art. 4291: Diseno de APIs REST
4292,Art. 4292: Business Intelligence
4293,Art. 4293: Business Intelligence
4294,Art. 4294: Ciberseguridad
4295,Art. 4295: Algoritmos Predictivos
4296,Art. 4296: Desarrollo Movil
4297,Art. 4297: Optimizacion SQL
4298,Art. 4298: Computacion Cuantica
4299,Art. 4299: DevOps
4300,Art. 4300: IoT y Domotica
4301,Art. 4301: Machine Learning
4302,Art. 4302: Computacion Cuantica
4303,Art. 4303: Diseno de APIs REST
4304,Art. 4304: Microservicios
4305,Art. 4305: Enrutamiento
4306,Art. 4306: Computacion Cuantica
4307,Art. 4307: Diseno de APIs REST
4308,Art. 4308: Enrutamiento
4309,Art. 4309: Microservicios
4310,Art. 4310: Realidad Aumentada
4311,Art. 4311: Modelos Probabilisticos
4312,Art. 4312: Microservicios
4313,Art. 4313: DevOps
4314,Art. 4314: Pipelines ETL
4315,Art. 4315: Blockchain
4316,Art. 4316: Sistemas de Control
4317,Art. 4317: Edge Computing
4318,Art. 4318: Pipelines ETL
4319,Art. 4319: Analisis Estadistico
4320,Art. 4320: Blockchain
4321,Art. 4321: Contenedores Docker
4322,Art. 4322: Bases de Datos
4323,Art. 4323: Algoritmos Predictivos
4324,Art. 4324: Ciberseguridad
4325,Art. 4325: Riesgos Industriales con IA
4326,Art. 4326: Diseno de APIs REST
4327,Art. 4327: Backtesting de Algoritmos
4328,Art. 4328: Backtesting de Algoritmos
4329,Art. 4329: Computacion Cuantica
4330,Art. 4330: Modelos Probabilisticos
4331,Art. 4331: Robotica Industrial
4332,Art. 4332: Modelos Probabilisticos
4333,Art. 4333: Big Data
4334,Art. 4334: Ciberseguridad
4335,Art. 4335: Analisis Estadistico
4336,Art. 4336: Cableado Estructurado
4337,Art. 4337: Software Seguro
4338,Art. 4338: Edge Computing
4339,Art. 4339: Seguridad Industrial
4340,Art. 4340: Analisis Estadistico
4341,Art. 4341: Pipelines ETL
4342,Art. 4342: Redes Fisicas
4343,Art. 4343: Software Seguro
4344,Art. 4344: Realidad Aumentada
4345,Art. 4345: Business Intelligence
4346,Art. 4346: Modelos Probabilisticos
4347,Art. 4347: Automatizacion de Pruebas
4348,Art. 4348: Microservicios
4349,Art. 4349: Lenguaje Natural (NLP)
4350,Art. 4350: DevOps
4351,Art. 4351: Ciberseguridad
4352,Art. 4352: Desarrollo Movil
4353,Art. 4353: Ciberseguridad
4354,Art. 4354: DevOps
4355,Art. 4355: Analisis Estadistico
4356,Art. 4356: Telemetria
4357,Art. 4357: Sistemas Embebidos
4358,Art. 4358: Criptografia
4359,Art. 4359: Microservicios
4360,Art. 4360: Cloud Computing
4361,Art. 4361: Analisis Estadistico
4362,Art. 4362: Realidad Aumentada
4363,Art. 4363: Enrutamiento
4364,Art. 4364: Business Intelligence
4365,Art. 4365: Riesgos Industriales con IA
4366,Art. 4366: Cloud Computing
4367,Art. 4367: Cableado Estructurado
4368,Art. 4368: Seguridad Industrial
4369,Art. 4369: Telemetria
4370,Art. 4370: Modelos Probabilisticos
4371,Art. 4371: Analisis Estadistico
4372,Art. 4372: Vision Artificial
4373,Art. 4373: Mineria de Datos
4374,Art. 4374: Big Data
4375,Art. 4375: Business Intelligence
4376,Art. 4376: Backtesting de Algoritmos
4377,Art. 4377: Cableado Estructurado
4378,Art. 4378: Backtesting de Algoritmos
4379,Art. 4379: Robotica Industrial
4380,Art. 4380: Ciberseguridad
4381,Art. 4381: Lenguaje Natural (NLP)
4382,Art. 4382: Mineria de Datos
4383,Art. 4383: Backtesting de Algoritmos
4384,Art. 4384: Pipelines ETL
4385,Art. 4385: Cloud Computing
4386,Art. 4386: Cableado Estructurado
4387,Art. 4387: Backtesting de Algoritmos
4388,Art. 4388: Edge Computing
4389,Art. 4389: DevOps
4390,Art. 4390: Cloud Computing
4391,Art. 4391: Microservicios
4392,Art. 4392: Modelos Probabilisticos
4393,Art. 4393: Machine Learning
4394,Art. 4394: Telemetria
4395,Art. 4395: Robotica Industrial
4396,Art. 4396: Mineria de Datos
4397,Art. 4397: Enrutamiento
4398,Art. 4398: Seguridad Industrial
4399,Art. 4399: Business Intelligence
4400,Art. 4400: Software Seguro
4401,Art. 4401: Big Data
4402,Art. 4402: Robotica Industrial
4403,Art. 4403: Edge Computing
4404,Art. 4404: Redes Neuronales
4405,Art. 4405: Edge Computing
4406,Art. 4406: Optimizacion SQL
4407,Art. 4407: Machine Learning
4408,Art. 4408: Riesgos Industriales con IA
4409,Art. 4409: Big Data
4410,Art. 4410: Redes Fisicas
4411,Art. 4411: Contenedores Docker
4412,Art. 4412: Machine Learning
4413,Art. 4413: Vision Artificial
4414,Art. 4414: Telemetria
4415,Art. 4415: IoT y Domotica
4416,Art. 4416: Seguridad Industrial
4417,Art. 4417: Criptografia
4418,Art. 4418: Computacion Cuantica
4419,Art. 4419: Vision Artificial
4420,Art. 4420: SO Distribuidos
4421,Art. 4421: Lenguaje Natural (NLP)
4422,Art. 4422: Desarrollo Movil
4423,Art. 4423: Contenedores Docker
4424,Art. 4424: Robotica Industrial
4425,Art. 4425: Redes Neuronales
4426,Art. 4426: Ingenieria de Software
4427,Art. 4427: Redes Neuronales
4428,Art. 4428: Ciberseguridad
4429,Art. 4429: Machine Learning
4430,Art. 4430: Ingenieria de Software
4431,Art. 4431: Vision Artificial
4432,Art. 4432: Cableado Estructurado
4433,Art. 4433: Lenguaje Natural (NLP)
4434,Art. 4434: Optimizacion SQL
4435,Art. 4435: Sistemas de Control
4436,Art. 4436: Cloud Computing
4437,Art. 4437: Seguridad Industrial
4438,Art. 4438: Algoritmos Predictivos
4439,Art. 4439: Redes Neuronales
4440,Art. 4440: Optimizacion SQL
4441,Art. 4441: Ciberseguridad
4442,Art. 4442: Cloud Computing
4443,Art. 4443: Lenguaje Natural (NLP)
4444,Art. 4444: Riesgos Industriales con IA
4445,Art. 4445: Desarrollo Movil
4446,Art. 4446: Sistemas de Control
4447,Art. 4447: Blockchain
4448,Art. 4448: Edge Computing
4449,Art. 4449: Contenedores Docker
4450,Art. 4450: Redes Fisicas
4451,Art. 4451: SO Distribuidos
4452,Art. 4452: Ciberseguridad
4453,Art. 4453: Edge Computing
4454,Art. 4454: IoT y Domotica
4455,Art. 4455: Automatizacion de Pruebas
4456,Art. 4456: Automatizacion de Pruebas
4457,Art. 4457: Edge Computing
4458,Art. 4458: Redes Fisicas
4459,Art. 4459: Software Seguro
4460,Art. 4460: Microservicios
4461,Art. 4461: Lenguaje Natural (NLP)
4462,Art. 4462: Cloud Computing
4463,Art. 4463: Lenguaje Natural (NLP)
4464,Art. 4464: Riesgos Industriales con IA
4465,Art. 4465: Ciberseguridad
4466,Art. 4466: Criptografia
4467,Art. 4467: Sistemas Embebidos
4468,Art. 4468: Big Data
4469,Art. 4469: Cloud Computing
4470,Art. 4470: Sistemas de Control
4471,Art. 4471: Machine Learning
4472,Art. 4472: Enrutamiento
4473,Art. 4473: Telemetria
4474,Art. 4474: Lenguaje Natural (NLP)
4475,Art. 4475: Edge Computing
4476,Art. 4476: Mineria de Datos
4477,Art. 4477: Criptografia
4478,Art. 4478: Algoritmos Predictivos
4479,Art. 4479: Telemetria
4480,Art. 4480: Big Data
4481,Art. 4481: Edge Computing
4482,Art. 4482: Sistemas de Control
4483,Art. 4483: Automatizacion de Pruebas
4484,Art. 4484: Optimizacion SQL
4485,Art. 4485: Redes Fisicas
4486,Art. 4486: Computacion Cuantica
4487,Art. 4487: SO Distribuidos
4488,Art. 4488: Microservicios
4489,Art. 4489: Diseno de APIs REST
4490,Art. 4490: Sistemas de Control
4491,Art. 4491: Ingenieria de Software
4492,Art. 4492: Optimizacion SQL
4493,Art. 4493: Redes Neuronales
4494,Art. 4494: DevOps
4495,Art. 4495: Diseno de APIs REST
4496,Art. 4496: Computacion Cuantica
4497,Art. 4497: Lenguaje Natural (NLP)
4498,Art. 4498: Telemetria
4499,Art. 4499: Computacion Cuantica
4500,Art. 4500: Business Intelligence
4501,Art. 4501: Vision Artificial
4502,Art. 4502: Criptografia
4503,Art. 4503: Computacion Cuantica
4504,Art. 4504: Big Data
4505,Art. 4505: Lenguaje Natural (NLP)
4506,Art. 4506: Contenedores Docker
4507,Art. 4507: Contenedores Docker
4508,Art. 4508: Mineria de Datos
4509,Art. 4509: Computacion Cuantica
4510,Art. 4510: Automatizacion de Pruebas
4511,Art. 4511: Contenedores Docker
4512,Art. 4512: Business Intelligence
4513,Art. 4513: Ingenieria de Software
4514,Art. 4514: Cloud Computing
4515,Art. 4515: Blockchain
4516,Art. 4516: Sistemas de Control
4517,Art. 4517: Lenguaje Natural (NLP)
4518,Art. 4518: SO Distribuidos
4519,Art. 4519: Riesgos Industriales con IA
4520,Art. 4520: Redes Fisicas
4521,Art. 4521: Machine Learning
4522,Art. 4522: Riesgos Industriales con IA
4523,Art. 4523: Realidad Aumentada
4524,Art. 4524: Telemetria
4525,Art. 4525: Vision Artificial
4526,Art. 4526: Cableado Estructurado
4527,Art. 4527: Machine Learning
4528,Art. 4528: Cableado Estructurado
4529,Art. 4529: Automatizacion de Pruebas
4530,Art. 4530: Pipelines ETL
4531,Art. 4531: Mineria de Datos
4532,Art. 4532: Modelos Probabilisticos
4533,Art. 4533: Backtesting de Algoritmos
4534,Art. 4534: Cloud Computing
4535,Art. 4535: Enrutamiento
4536,Art. 4536: Big Data
4537,Art. 4537: Bases de Datos
4538,Art. 4538: Modelos Probabilisticos
4539,Art. 4539: Computacion Cuantica
4540,Art. 4540: Backtesting de Algoritmos
4541,Art. 4541: Telemetria
4542,Art. 4542: Edge Computing
4543,Art. 4543: Realidad Aumentada
4544,Art. 4544: Cableado Estructurado
4545,Art. 4545: Backtesting de Algoritmos
4546,Art. 4546: Cableado Estructurado
4547,Art. 4547: SO Distribuidos
4548,Art. 4548: Riesgos Industriales con IA
4549,Art. 4549: Computacion Cuantica
4550,Art. 4550: Analisis Estadistico
4551,Art. 4551: Bases de Datos
4552,Art. 4552: Computacion Cuantica
4553,Art. 4553: Business Intelligence
4554,Art. 4554: Riesgos Industriales con IA
4555,Art. 4555: Riesgos Industriales con IA
4556,Art. 4556: Mineria de Datos
4557,Art. 4557: Seguridad Industrial
4558,Art. 4558: IoT y Domotica
4559,Art. 4559: Enrutamiento
4560,Art. 4560: Computacion Cuantica
4561,Art. 4561: Computacion Cuantica
4562,Art. 4562: Redes Fisicas
4563,Art. 4563: Mineria de Datos
4564,Art. 4564: SO Distribuidos
4565,Art. 4565: Pipelines ETL
4566,Art. 4566: Software Seguro
4567,Art. 4567: Business Intelligence
4568,Art. 4568: Automatizacion de Pruebas
4569,Art. 4569: SO Distribuidos
4570,Art. 4570: Seguridad Industrial
4571,Art. 4571: Microservicios
4572,Art. 4572: Redes Neuronales
4573,Art. 4573: Microservicios
4574,Art. 4574: Edge Computing
4575,Art. 4575: Pipelines ETL
4576,Art. 4576: Software Seguro
4577,Art. 4577: Robotica Industrial
4578,Art. 4578: Machine Learning
4579,Art. 4579: Desarrollo Movil
4580,Art. 4580: Machine Learning
4581,Art. 4581: Analisis Estadistico
4582,Art. 4582: Big Data
4583,Art. 4583: Automatizacion de Pruebas
4584,Art. 4584: Contenedores Docker
4585,Art. 4585: IoT y Domotica
4586,Art. 4586: Realidad Aumentada
4587,Art. 4587: Software Seguro
4588,Art. 4588: Ciberseguridad
4589,Art. 4589: Computacion Cuantica
4590,Art. 4590: Business Intelligence
4591,Art. 4591: Redes Fisicas
4592,Art. 4592: SO Distribuidos
4593,Art. 4593: Software Seguro
4594,Art. 4594: Cableado Estructurado
4595,Art. 4595: Redes Fisicas
4596,Art. 4596: Ingenieria de Software
4597,Art. 4597: Sistemas Embebidos
4598,Art. 4598: DevOps
4599,Art. 4599: SO Distribuidos
4600,Art. 4600: Business Intelligence
4601,Art. 4601: Cableado Estructurado
4602,Art. 4602: Business Intelligence
4603,Art. 4603: Redes Fisicas
4604,Art. 4604: Telemetria
4605,Art. 4605: Computacion Cuantica
4606,Art. 4606: Lenguaje Natural (NLP)
4607,Art. 4607: Riesgos Industriales con IA
4608,Art. 4608: Microservicios
4609,Art. 4609: Cableado Estructurado
4610,Art. 4610: Contenedores Docker
4611,Art. 4611: Riesgos Industriales con IA
4612,Art. 4612: Bases de Datos
4613,Art. 4613: Big Data
4614,Art. 4614: IoT y Domotica
4615,Art. 4615: Software Seguro
4616,Art. 4616: Analisis Estadistico
4617,Art. 4617: Optimizacion SQL
4618,Art. 4618: Pipelines ETL
4619,Art. 4619: Software Seguro
4620,Art. 4620: Backtesting de Algoritmos
4621,Art. 4621: Telemetria
4622,Art. 4622: Seguridad Industrial
4623,Art. 4623: Contenedores Docker
4624,Art. 4624: Automatizacion de Pruebas
4625,Art. 4625: Cloud Computing
4626,Art. 4626: Bases de Datos
4627,Art. 4627: Bases de Datos
4628,Art. 4628: Criptografia
4629,Art. 4629: Microservicios
4630,Art. 4630: Vision Artificial
4631,Art. 4631: Enrutamiento
4632,Art. 4632: Modelos Probabilisticos
4633,Art. 4633: Lenguaje Natural (NLP)
4634,Art. 4634: Cloud Computing
4635,Art. 4635: Telemetria
4636,Art. 4636: Diseno de APIs REST
4637,Art. 4637: Mineria de Datos
4638,Art. 4638: Riesgos Industriales con IA
4639,Art. 4639: Big Data
4640,Art. 4640: Algoritmos Predictivos
4641,Art. 4641: Redes Fisicas
4642,Art. 4642: Edge Computing
4643,Art. 4643: Algoritmos Predictivos
4644,Art. 4644: Telemetria
4645,Art. 4645: Modelos Probabilisticos
4646,Art. 4646: Backtesting de Algoritmos
4647,Art. 4647: Microservicios
4648,Art. 4648: Automatizacion de Pruebas
4649,Art. 4649: SO Distribuidos
4650,Art. 4650: Redes Fisicas
4651,Art. 4651: Big Data
4652,Art. 4652: Cableado Estructurado
4653,Art. 4653: Business Intelligence
4654,Art. 4654: Redes Neuronales
4655,Art. 4655: Desarrollo Movil
4656,Art. 4656: Mineria de Datos
4657,Art. 4657: Optimizacion SQL
4658,Art. 4658: Lenguaje Natural (NLP)
4659,Art. 4659: Analisis Estadistico
4660,Art. 4660: DevOps
4661,Art. 4661: Redes Neuronales
4662,Art. 4662: Edge Computing
4663,Art. 4663: Telemetria
4664,Art. 4664: Redes Neuronales
4665,Art. 4665: Backtesting de Algoritmos
4666,Art. 4666: Ciberseguridad
4667,Art. 4667: Enrutamiento
4668,Art. 4668: Sistemas de Control
4669,Art. 4669: Automatizacion de Pruebas
4670,Art. 4670: Backtesting de Algoritmos
4671,Art. 4671: Sistemas de Control
4672,Art. 4672: Realidad Aumentada
4673,Art. 4673: Riesgos Industriales con IA
4674,Art. 4674: Telemetria
4675,Art. 4675: Lenguaje Natural (NLP)
4676,Art. 4676: Sistemas Embebidos
4677,Art. 4677: Desarrollo Movil
4678,Art. 4678: Riesgos Industriales con IA
4679,Art. 4679: Blockchain
4680,Art. 4680: Sistemas Embebidos
4681,Art. 4681: Modelos Probabilisticos
4682,Art. 4682: Redes Neuronales
4683,Art. 4683: Contenedores Docker
4684,Art. 4684: Software Seguro
4685,Art. 4685: Lenguaje Natural (NLP)
4686,Art. 4686: Riesgos Industriales con IA
4687,Art. 4687: Edge Computing
4688,Art. 4688: Optimizacion SQL
4689,Art. 4689: SO Distribuidos
4690,Art. 4690: Redes Neuronales
4691,Art. 4691: Algoritmos Predictivos
4692,Art. 4692: Mineria de Datos
4693,Art. 4693: Cloud Computing
4694,Art. 4694: Lenguaje Natural (NLP)
4695,Art. 4695: Diseno de APIs REST
4696,Art. 4696: Sistemas Embebidos
4697,Art. 4697: Automatizacion de Pruebas
4698,Art. 4698: SO Distribuidos
4699,Art. 4699: Software Seguro
4700,Art. 4700: Realidad Aumentada
4701,Art. 4701: Robotica Industrial
4702,Art. 4702: SO Distribuidos
4703,Art. 4703: Analisis Estadistico
4704,Art. 4704: Microservicios
4705,Art. 4705: Vision Artificial
4706,Art. 4706: Desarrollo Movil
4707,Art. 4707: Edge Computing
4708,Art. 4708: IoT y Domotica
4709,Art. 4709: Ingenieria de Software
4710,Art. 4710: IoT y Domotica
4711,Art. 4711: Sistemas Embebidos
4712,Art. 4712: Cableado Estructurado
4713,Art. 4713: Diseno de APIs REST
4714,Art. 4714: Business Intelligence
4715,Art. 4715: Optimizacion SQL
4716,Art. 4716: SO Distribuidos
4717,Art. 4717: Diseno de APIs REST
4718,Art. 4718: Blockchain
4719,Art. 4719: Big Data
4720,Art. 4720: Cloud Computing
4721,Art. 4721: Cloud Computing
4722,Art. 4722: Cloud Computing
4723,Art. 4723: Redes Fisicas
4724,Art. 4724: Algoritmos Predictivos
4725,Art. 4725: Ingenieria de Software
4726,Art. 4726: Automatizacion de Pruebas
4727,Art. 4727: Blockchain
4728,Art. 4728: Redes Fisicas
4729,Art. 4729: Criptografia
4730,Art. 4730: Microservicios
4731,Art. 4731: Enrutamiento
4732,Art. 4732: Blockchain
4733,Art. 4733: DevOps
4734,Art. 4734: Vision Artificial
4735,Art. 4735: Contenedores Docker
4736,Art. 4736: Pipelines ETL
4737,Art. 4737: Contenedores Docker
4738,Art. 4738: Seguridad Industrial
4739,Art. 4739: Software Seguro
4740,Art. 4740: Robotica Industrial
4741,Art. 4741: Redes Fisicas
4742,Art. 4742: Redes Neuronales
4743,Art. 4743: Edge Computing
4744,Art. 4744: Ciberseguridad
4745,Art. 4745: Pipelines ETL
4746,Art. 4746: Seguridad Industrial
4747,Art. 4747: Ciberseguridad
4748,Art. 4748: Sistemas de Control
4749,Art. 4749: Criptografia
4750,Art. 4750: Redes Neuronales
4751,Art. 4751: Robotica Industrial
4752,Art. 4752: DevOps
4753,Art. 4753: Pipelines ETL
4754,Art. 4754: Robotica Industrial
4755,Art. 4755: Algoritmos Predictivos
4756,Art. 4756: Riesgos Industriales con IA
4757,Art. 4757: Redes Neuronales
4758,Art. 4758: Realidad Aumentada
4759,Art. 4759: Ciberseguridad
4760,Art. 4760: Sistemas de Control
4761,Art. 4761: Robotica Industrial
4762,Art. 4762: Backtesting de Algoritmos
4763,Art. 4763: Vision Artificial
4764,Art. 4764: Seguridad Industrial
4765,Art. 4765: Backtesting de Algoritmos
4766,Art. 4766: Criptografia
4767,Art. 4767: Edge Computing
4768,Art. 4768: Mineria de Datos
4769,Art. 4769: Ciberseguridad
4770,Art. 4770: Software Seguro
4771,Art. 4771: Riesgos Industriales con IA
4772,Art. 4772: Backtesting de Algoritmos
4773,Art. 4773: DevOps
4774,Art. 4774: Redes Fisicas
4775,Art. 4775: Microservicios
4776,Art. 4776: Analisis Estadistico
4777,Art. 4777: Optimizacion SQL
4778,Art. 4778: Optimizacion SQL
4779,Art. 4779: IoT y Domotica
4780,Art. 4780: Vision Artificial
4781,Art. 4781: Telemetria
4782,Art. 4782: Algoritmos Predictivos
4783,Art. 4783: Robotica Industrial
4784,Art. 4784: Bases de Datos
4785,Art. 4785: Mineria de Datos
4786,Art. 4786: Mineria de Datos
4787,Art. 4787: Optimizacion SQL
4788,Art. 4788: Machine Learning
4789,Art. 4789: Robotica Industrial
4790,Art. 4790: Sistemas Embebidos
4791,Art. 4791: Computacion Cuantica
4792,Art. 4792: Microservicios
4793,Art. 4793: Algoritmos Predictivos
4794,Art. 4794: Diseno de APIs REST
4795,Art. 4795: Ingenieria de Software
4796,Art. 4796: Ingenieria de Software
4797,Art. 4797: Automatizacion de Pruebas
4798,Art. 4798: SO Distribuidos
4799,Art. 4799: Ciberseguridad
4800,Art. 4800: SO Distribuidos
4801,Art. 4801: Algoritmos Predictivos
4802,Art. 4802: Sistemas Embebidos
4803,Art. 4803: Optimizacion SQL
4804,Art. 4804: Seguridad Industrial
4805,Art. 4805: Optimizacion SQL
4806,Art. 4806: Enrutamiento
4807,Art. 4807: Ingenieria de Software
4808,Art. 4808: Sistemas de Control
4809,Art. 4809: Backtesting de Algoritmos
4810,Art. 4810: Desarrollo Movil
4811,Art. 4811: Diseno de APIs REST
4812,Art. 4812: Robotica Industrial
4813,Art. 4813: Automatizacion de Pruebas
4814,Art. 4814: Analisis Estadistico
4815,Art. 4815: Telemetria
4816,Art. 4816: Bases de Datos
4817,Art. 4817: Blockchain
4818,Art. 4818: Criptografia
4819,Art. 4819: Blockchain
4820,Art. 4820: Sistemas de Control
4821,Art. 4821: SO Distribuidos
4822,Art. 4822: Business Intelligence
4823,Art. 4823: Contenedores Docker
4824,Art. 4824: Desarrollo Movil
4825,Art. 4825: Modelos Probabilisticos
4826,Art. 4826: Cloud Computing
4827,Art. 4827: Seguridad Industrial
4828,Art. 4828: Microservicios
4829,Art. 4829: Big Data
4830,Art. 4830: Business Intelligence
4831,Art. 4831: Optimizacion SQL
4832,Art. 4832: Cloud Computing
4833,Art. 4833: Desarrollo Movil
4834,Art. 4834: Microservicios
4835,Art. 4835: Software Seguro
4836,Art. 4836: Software Seguro
4837,Art. 4837: DevOps
4838,Art. 4838: Edge Computing
4839,Art. 4839: Machine Learning
4840,Art. 4840: Machine Learning
4841,Art. 4841: Riesgos Industriales con IA
4842,Art. 4842: Business Intelligence
4843,Art. 4843: Redes Neuronales
4844,Art. 4844: Ingenieria de Software
4845,Art. 4845: Desarrollo Movil
4846,Art. 4846: Bases de Datos
4847,Art. 4847: Ciberseguridad
4848,Art. 4848: Modelos Probabilisticos
4849,Art. 4849: Ingenieria de Software
4850,Art. 4850: Big Data
4851,Art. 4851: Lenguaje Natural (NLP)
4852,Art. 4852: Contenedores Docker
4853,Art. 4853: SO Distribuidos
4854,Art. 4854: Ciberseguridad
4855,Art. 4855: Pipelines ETL
4856,Art. 4856: Pipelines ETL
4857,Art. 4857: SO Distribuidos
4858,Art. 4858: Criptografia
4859,Art. 4859: Ciberseguridad
4860,Art. 4860: Redes Neuronales
4861,Art. 4861: Enrutamiento
4862,Art. 4862: Computacion Cuantica
4863,Art. 4863: Realidad Aumentada
4864,Art. 4864: DevOps
4865,Art. 4865: Blockchain
4866,Art. 4866: Software Seguro
4867,Art. 4867: Contenedores Docker
4868,Art. 4868: Machine Learning
4869,Art. 4869: Computacion Cuantica
4870,Art. 4870: Optimizacion SQL
4871,Art. 4871: Diseno de APIs REST
4872,Art. 4872: Analisis Estadistico
4873,Art. 4873: Enrutamiento
4874,Art. 4874: Ciberseguridad
4875,Art. 4875: Desarrollo Movil
4876,Art. 4876: Diseno de APIs REST
4877,Art. 4877: SO Distribuidos
4878,Art. 4878: Lenguaje Natural (NLP)
4879,Art. 4879: Criptografia
4880,Art. 4880: Contenedores Docker
4881,Art. 4881: Seguridad Industrial
4882,Art. 4882: Seguridad Industrial
4883,Art. 4883: Machine Learning
4884,Art. 4884: Modelos Probabilisticos
4885,Art. 4885: Sistemas de Control
4886,Art. 4886: Microservicios
4887,Art. 4887: Riesgos Industriales con IA
4888,Art. 4888: Blockchain
4889,Art. 4889: Pipelines ETL
4890,Art. 4890: Sistemas Embebidos
4891,Art. 4891: Criptografia
4892,Art. 4892: Backtesting de Algoritmos
4893,Art. 4893: Seguridad Industrial
4894,Art. 4894: Modelos Probabilisticos
4895,Art. 4895: Vision Artificial
4896,Art. 4896: Modelos Probabilisticos
4897,Art. 4897: IoT y Domotica
4898,Art. 4898: Optimizacion SQL
4899,Art. 4899: Ingenieria de Software
4900,Art. 4900: Pipelines ETL
4901,Art. 4901: Automatizacion de Pruebas
4902,Art. 4902: Robotica Industrial
4903,Art. 4903: Backtesting de Algoritmos
4904,Art. 4904: Automatizacion de Pruebas
4905,Art. 4905: Optimizacion SQL
4906,Art. 4906: Business Intelligence
4907,Art. 4907: Enrutamiento
4908,Art. 4908: Sistemas Embebidos
4909,Art. 4909: Enrutamiento
4910,Art. 4910: Enrutamiento
4911,Art. 4911: Automatizacion de Pruebas
4912,Art. 4912: Edge Computing
4913,Art. 4913: Criptografia
4914,Art. 4914: Telemetria
4915,Art. 4915: Edge Computing
4916,Art. 4916: Algoritmos Predictivos
4917,Art. 4917: Ingenieria de Software
4918,Art. 4918: Pipelines ETL
4919,Art. 4919: Backtesting de Algoritmos
4920,Art. 4920: Optimizacion SQL
4921,Art. 4921: Desarrollo Movil
4922,Art. 4922: DevOps
4923,Art. 4923: Ingenieria de Software
4924,Art. 4924: Enrutamiento
4925,Art. 4925: Business Intelligence
4926,Art. 4926: Vision Artificial
4927,Art. 4927: Telemetria
4928,Art. 4928: Enrutamiento
4929,Art. 4929: Desarrollo Movil
4930,Art. 4930: SO Distribuidos
4931,Art. 4931: Desarrollo Movil
4932,Art. 4932: Big Data
4933,Art. 4933: Seguridad Industrial
4934,Art. 4934: Robotica Industrial
4935,Art. 4935: Cableado Estructurado
4936,Art. 4936: Software Seguro
4937,Art. 4937: Robotica Industrial
4938,Art. 4938: Cloud Computing
4939,Art. 4939: Diseno de APIs REST
4940,Art. 4940: Blockchain
4941,Art. 4941: Cloud Computing
4942,Art. 4942: Big Data
4943,Art. 4943: Ingenieria de Software
4944,Art. 4944: Big Data
4945,Art. 4945: Redes Neuronales
4946,Art. 4946: SO Distribuidos
4947,Art. 4947: Backtesting de Algoritmos
4948,Art. 4948: Realidad Aumentada
4949,Art. 4949: Backtesting de Algoritmos
4950,Art. 4950: Enrutamiento
4951,Art. 4951: DevOps
4952,Art. 4952: Realidad Aumentada
4953,Art. 4953: Desarrollo Movil
4954,Art. 4954: Robotica Industrial
4955,Art. 4955: Big Data
4956,Art. 4956: Cloud Computing
4957,Art. 4957: Ingenieria de Software
4958,Art. 4958: Machine Learning
4959,Art. 4959: Vision Artificial
4960,Art. 4960: Mineria de Datos
4961,Art. 4961: Cableado Estructurado
4962,Art. 4962: Ciberseguridad
4963,Art. 4963: Contenedores Docker
4964,Art. 4964: Microservicios
4965,Art. 4965: Vision Artificial
4966,Art. 4966: Modelos Probabilisticos
4967,Art. 4967: Computacion Cuantica
4968,Art. 4968: Business Intelligence
4969,Art. 4969: Vision Artificial
4970,Art. 4970: Blockchain
4971,Art. 4971: Cloud Computing
4972,Art. 4972: Computacion Cuantica
4973,Art. 4973: Seguridad Industrial
4974,Art. 4974: Mineria de Datos
4975,Art. 4975: Vision Artificial
4976,Art. 4976: Enrutamiento
4977,Art. 4977: Redes Fisicas
4978,Art. 4978: Diseno de APIs REST
4979,Art. 4979: Enrutamiento
4980,Art. 4980: Lenguaje Natural (NLP)
4981,Art. 4981: Diseno de APIs REST
4982,Art. 4982: Telemetria
4983,Art. 4983: Diseno de APIs REST
4984,Art. 4984: Redes Fisicas
4985,Art. 4985: Realidad Aumentada
4986,Art. 4986: Automatizacion de Pruebas
4987,Art. 4987: Cloud Computing
4988,Art. 4988: Criptografia
4989,Art. 4989: Contenedores Docker
4990,Art. 4990: Desarrollo Movil
4991,Art. 4991: Software Seguro
4992,Art. 4992: Vision Artificial
4993,Art. 4993: Modelos Probabilisticos
4994,Art. 4994: Sistemas de Control
4995,Art. 4995: Criptografia
4996,Art. 4996: Backtesting de Algoritmos
4997,Art. 4997: Cableado Estructurado
4998,Art. 4998: Automatizacion de Pruebas
4999,Art. 4999: Optimizacion SQL
5000,Art. 5000: Riesgos Industriales con IA
5001,Art. 5001: Seguridad Industrial
5002,Art. 5002: Criptografia
5003,Art. 5003: Bases de Datos
5004,Art. 5004: Mineria de Datos
5005,Art. 5005: Ciberseguridad
5006,Art. 5006: SO Distribuidos
5007,Art. 5007: Algoritmos Predictivos
5008,Art. 5008: Optimizacion SQL
5009,Art. 5009: Contenedores Docker
5010,Art. 5010: Realidad Aumentada
5011,Art. 5011: Riesgos Industriales con IA
5012,Art. 5012: Desarrollo Movil
5013,Art. 5013: Redes Neuronales
5014,Art. 5014: Sistemas de Control
5015,Art. 5015: Algoritmos Predictivos
5016,Art. 5016: Blockchain
5017,Art. 5017: Analisis Estadistico
5018,Art. 5018: Software Seguro
5019,Art. 5019: Sistemas Embebidos
5020,Art. 5020: Algoritmos Predictivos
5021,Art. 5021: Realidad Aumentada
5022,Art. 5022: Seguridad Industrial
5023,Art. 5023: Redes Neuronales
5024,Art. 5024: Microservicios
5025,Art. 5025: Cloud Computing
5026,Art. 5026: Blockchain
5027,Art. 5027: Redes Fisicas
5028,Art. 5028: Ciberseguridad
5029,Art. 5029: Backtesting de Algoritmos
5030,Art. 5030: Vision Artificial
5031,Art. 5031: SO Distribuidos
5032,Art. 5032: Algoritmos Predictivos
5033,Art. 5033: Edge Computing
5034,Art. 5034: Criptografia
5035,Art. 5035: Desarrollo Movil
5036,Art. 5036: Vision Artificial
5037,Art. 5037: DevOps
5038,Art. 5038: Bases de Datos
5039,Art. 5039: Algoritmos Predictivos
5040,Art. 5040: Bases de Datos
5041,Art. 5041: DevOps
5042,Art. 5042: Realidad Aumentada
5043,Art. 5043: Sistemas Embebidos
5044,Art. 5044: Criptografia
5045,Art. 5045: Big Data
5046,Art. 5046: Edge Computing
5047,Art. 5047: Automatizacion de Pruebas
5048,Art. 5048: Enrutamiento
5049,Art. 5049: Backtesting de Algoritmos
5050,Art. 5050: IoT y Domotica
5051,Art. 5051: Cableado Estructurado
5052,Art. 5052: Bases de Datos
5053,Art. 5053: Lenguaje Natural (NLP)
5054,Art. 5054: Telemetria
5055,Art. 5055: Seguridad Industrial
5056,Art. 5056: Sistemas de Control
5057,Art. 5057: Sistemas de Control
5058,Art. 5058: Cloud Computing
5059,Art. 5059: Optimizacion SQL
5060,Art. 5060: Edge Computing
5061,Art. 5061: SO Distribuidos
5062,Art. 5062: DevOps
5063,Art. 5063: Bases de Datos
5064,Art. 5064: Desarrollo Movil
5065,Art. 5065: Cloud Computing
5066,Art. 5066: Realidad Aumentada
5067,Art. 5067: Blockchain
5068,Art. 5068: Cloud Computing
5069,Art. 5069: Riesgos Industriales con IA
5070,Art. 5070: Analisis Estadistico
5071,Art. 5071: Blockchain
5072,Art. 5072: Modelos Probabilisticos
5073,Art. 5073: Edge Computing
5074,Art. 5074: Business Intelligence
5075,Art. 5075: Sistemas de Control
5076,Art. 5076: Modelos Probabilisticos
5077,Art. 5077: Big Data
5078,Art. 5078: Bases de Datos
5079,Art. 5079: Bases de Datos
5080,Art. 5080: Blockchain
5081,Art. 5081: Algoritmos Predictivos
5082,Art. 5082: Ingenieria de Software
5083,Art. 5083: Optimizacion SQL
5084,Art. 5084: Criptografia
5085,Art. 5085: Bases de Datos
5086,Art. 5086: Criptografia
5087,Art. 5087: Computacion Cuantica
5088,Art. 5088: Software Seguro
5089,Art. 5089: DevOps
5090,Art. 5090: Pipelines ETL
5091,Art. 5091: Bases de Datos
5092,Art. 5092: Machine Learning
5093,Art. 5093: Telemetria
5094,Art. 5094: Algoritmos Predictivos
5095,Art. 5095: Seguridad Industrial
5096,Art. 5096: Cloud Computing
5097,Art. 5097: Vision Artificial
5098,Art. 5098: Realidad Aumentada
5099,Art. 5099: Optimizacion SQL
5100,Art. 5100: Redes Fisicas
5101,Art. 5101: DevOps
5102,Art. 5102: Vision Artificial
5103,Art. 5103: Redes Fisicas
5104,Art. 5104: Pipelines ETL
5105,Art. 5105: IoT y Domotica
5106,Art. 5106: Computacion Cuantica
5107,Art. 5107: Optimizacion SQL
5108,Art. 5108: IoT y Domotica
5109,Art. 5109: Cloud Computing
5110,Art. 5110: Ciberseguridad
5111,Art. 5111: Robotica Industrial
5112,Art. 5112: Cableado Estructurado
5113,Art. 5113: Algoritmos Predictivos
5114,Art. 5114: Bases de Datos
5115,Art. 5115: Backtesting de Algoritmos
5116,Art. 5116: Contenedores Docker
5117,Art. 5117: Blockchain
5118,Art. 5118: Optimizacion SQL
5119,Art. 5119: Cloud Computing
5120,Art. 5120: Telemetria
5121,Art. 5121: Cableado Estructurado
5122,Art. 5122: Redes Fisicas
5123,Art. 5123: Machine Learning
5124,Art. 5124: Cloud Computing
5125,Art. 5125: Optimizacion SQL
5126,Art. 5126: Lenguaje Natural (NLP)
5127,Art. 5127: Optimizacion SQL
5128,Art. 5128: Sistemas Embebidos
5129,Art. 5129: Analisis Estadistico
5130,Art. 5130: Cloud Computing
5131,Art. 5131: Ciberseguridad
5132,Art. 5132: Cableado Estructurado
5133,Art. 5133: Contenedores Docker
5134,Art. 5134: Ingenieria de Software
5135,Art. 5135: DevOps
5136,Art. 5136: Telemetria
5137,Art. 5137: Cloud Computing
5138,Art. 5138: Edge Computing
5139,Art. 5139: Mineria de Datos
5140,Art. 5140: Bases de Datos
5141,Art. 5141: Automatizacion de Pruebas
5142,Art. 5142: Computacion Cuantica
5143,Art. 5143: Enrutamiento
5144,Art. 5144: Sistemas de Control
5145,Art. 5145: Desarrollo Movil
5146,Art. 5146: Diseno de APIs REST
5147,Art. 5147: Mineria de Datos
5148,Art. 5148: Backtesting de Algoritmos
5149,Art. 5149: Enrutamiento
5150,Art. 5150: Redes Fisicas
5151,Art. 5151: Ingenieria de Software
5152,Art. 5152: Backtesting de Algoritmos
5153,Art. 5153: Bases de Datos
5154,Art. 5154: Redes Neuronales
5155,Art. 5155: Enrutamiento
5156,Art. 5156: Big Data
5157,Art. 5157: Realidad Aumentada
5158,Art. 5158: Lenguaje Natural (NLP)
5159,Art. 5159: Backtesting de Algoritmos
5160,Art. 5160: DevOps
5161,Art. 5161: Contenedores Docker
5162,Art. 5162: Enrutamiento
5163,Art. 5163: SO Distribuidos
5164,Art. 5164: IoT y Domotica
5165,Art. 5165: Bases de Datos
5166,Art. 5166: Vision Artificial
5167,Art. 5167: Optimizacion SQL
5168,Art. 5168: Modelos Probabilisticos
5169,Art. 5169: Cableado Estructurado
5170,Art. 5170: Sistemas de Control
5171,Art. 5171: Telemetria
5172,Art. 5172: Redes Fisicas
5173,Art. 5173: Computacion Cuantica
5174,Art. 5174: Computacion Cuantica
5175,Art. 5175: DevOps
5176,Art. 5176: Big Data
5177,Art. 5177: Redes Neuronales
5178,Art. 5178: Business Intelligence
5179,Art. 5179: Analisis Estadistico
5180,Art. 5180: Mineria de Datos
5181,Art. 5181: Telemetria
5182,Art. 5182: Contenedores Docker
5183,Art. 5183: Optimizacion SQL
5184,Art. 5184: Edge Computing
5185,Art. 5185: Modelos Probabilisticos
5186,Art. 5186: Ciberseguridad
5187,Art. 5187: Automatizacion de Pruebas
5188,Art. 5188: Contenedores Docker
5189,Art. 5189: Contenedores Docker
5190,Art. 5190: Cloud Computing
5191,Art. 5191: Redes Fisicas
5192,Art. 5192: Ingenieria de Software
5193,Art. 5193: Redes Fisicas
5194,Art. 5194: Business Intelligence
5195,Art. 5195: Redes Neuronales
5196,Art. 5196: Vision Artificial
5197,Art. 5197: Diseno de APIs REST
5198,Art. 5198: Robotica Industrial
5199,Art. 5199: Algoritmos Predictivos
5200,Art. 5200: Sistemas de Control
5201,Art. 5201: Business Intelligence
5202,Art. 5202: Optimizacion SQL
5203,Art. 5203: Seguridad Industrial
5204,Art. 5204: Sistemas de Control
5205,Art. 5205: Enrutamiento
5206,Art. 5206: Lenguaje Natural (NLP)
5207,Art. 5207: IoT y Domotica
5208,Art. 5208: Redes Fisicas
5209,Art. 5209: Modelos Probabilisticos
5210,Art. 5210: Sistemas de Control
5211,Art. 5211: Desarrollo Movil
5212,Art. 5212: DevOps
5213,Art. 5213: Software Seguro
5214,Art. 5214: Algoritmos Predictivos
5215,Art. 5215: Diseno de APIs REST
5216,Art. 5216: Cloud Computing
5217,Art. 5217: Telemetria
5218,Art. 5218: Riesgos Industriales con IA
5219,Art. 5219: Algoritmos Predictivos
5220,Art. 5220: Sistemas Embebidos
5221,Art. 5221: Business Intelligence
5222,Art. 5222: Pipelines ETL
5223,Art. 5223: Modelos Probabilisticos
5224,Art. 5224: Ingenieria de Software
5225,Art. 5225: Computacion Cuantica
5226,Art. 5226: Algoritmos Predictivos
5227,Art. 5227: Lenguaje Natural (NLP)
5228,Art. 5228: Diseno de APIs REST
5229,Art. 5229: Riesgos Industriales con IA
5230,Art. 5230: Cloud Computing
5231,Art. 5231: Algoritmos Predictivos
5232,Art. 5232: Machine Learning
5233,Art. 5233: Backtesting de Algoritmos
5234,Art. 5234: Analisis Estadistico
5235,Art. 5235: Algoritmos Predictivos
5236,Art. 5236: DevOps
5237,Art. 5237: Contenedores Docker
5238,Art. 5238: Mineria de Datos
5239,Art. 5239: Enrutamiento
5240,Art. 5240: Algoritmos Predictivos
5241,Art. 5241: Sistemas de Control
5242,Art. 5242: Mineria de Datos
5243,Art. 5243: IoT y Domotica
5244,Art. 5244: Edge Computing
5245,Art. 5245: Diseno de APIs REST
5246,Art. 5246: Criptografia
5247,Art. 5247: Lenguaje Natural (NLP)
5248,Art. 5248: Cableado Estructurado
5249,Art. 5249: Enrutamiento
5250,Art. 5250: Telemetria
5251,Art. 5251: Desarrollo Movil
5252,Art. 5252: Mineria de Datos
5253,Art. 5253: Automatizacion de Pruebas
5254,Art. 5254: SO Distribuidos
5255,Art. 5255: Microservicios
5256,Art. 5256: Criptografia
5257,Art. 5257: Diseno de APIs REST
5258,Art. 5258: Algoritmos Predictivos
5259,Art. 5259: Microservicios
5260,Art. 5260: Telemetria
5261,Art. 5261: Blockchain
5262,Art. 5262: Contenedores Docker
5263,Art. 5263: Redes Neuronales
5264,Art. 5264: Sistemas de Control
5265,Art. 5265: Microservicios
5266,Art. 5266: Ingenieria de Software
5267,Art. 5267: Sistemas de Control
5268,Art. 5268: Algoritmos Predictivos
5269,Art. 5269: DevOps
5270,Art. 5270: Criptografia
5271,Art. 5271: Automatizacion de Pruebas
5272,Art. 5272: DevOps
5273,Art. 5273: Backtesting de Algoritmos
5274,Art. 5274: Enrutamiento
5275,Art. 5275: Computacion Cuantica
5276,Art. 5276: Sistemas Embebidos
5277,Art. 5277: Ingenieria de Software
5278,Art. 5278: Diseno de APIs REST
5279,Art. 5279: Modelos Probabilisticos
5280,Art. 5280: Cableado Estructurado
5281,Art. 5281: Ciberseguridad
5282,Art. 5282: Robotica Industrial
5283,Art. 5283: Modelos Probabilisticos
5284,Art. 5284: Ciberseguridad
5285,Art. 5285: Computacion Cuantica
5286,Art. 5286: Edge Computing
5287,Art. 5287: Cloud Computing
5288,Art. 5288: Enrutamiento
5289,Art. 5289: Sistemas de Control
5290,Art. 5290: Lenguaje Natural (NLP)
5291,Art. 5291: Vision Artificial
5292,Art. 5292: Desarrollo Movil
5293,Art. 5293: Telemetria
5294,Art. 5294: Blockchain
5295,Art. 5295: Riesgos Industriales con IA
5296,Art. 5296: Enrutamiento
5297,Art. 5297: Cableado Estructurado
5298,Art. 5298: Desarrollo Movil
5299,Art. 5299: Enrutamiento
5300,Art. 5300: Edge Computing
5301,Art. 5301: Seguridad Industrial
5302,Art. 5302: DevOps
5303,Art. 5303: Computacion Cuantica
5304,Art. 5304: Sistemas Embebidos
5305,Art. 5305: Bases de Datos
5306,Art. 5306: Enrutamiento
5307,Art. 5307: Big Data
5308,Art. 5308: Machine Learning
5309,Art. 5309: Blockchain
5310,Art. 5310: Machine Learning
5311,Art. 5311: Analisis Estadistico
5312,Art. 5312: Sistemas de Control
5313,Art. 5313: Pipelines ETL
5314,Art. 5314: Big Data
5315,Art. 5315: Ingenieria de Software
5316,Art. 5316: Analisis Estadistico
5317,Art. 5317: Criptografia
5318,Art. 5318: Bases de Datos
5319,Art. 5319: Bases de Datos
5320,Art. 5320: Ingenieria de Software
5321,Art. 5321: Computacion Cuantica
5322,Art. 5322: Software Seguro
5323,Art. 5323: Lenguaje Natural (NLP)
5324,Art. 5324: Riesgos Industriales con IA
5325,Art. 5325: Bases de Datos
5326,Art. 5326: Big Data
5327,Art. 5327: Realidad Aumentada
5328,Art. 5328: Realidad Aumentada
5329,Art. 5329: Telemetria
5330,Art. 5330: Computacion Cuantica
5331,Art. 5331: Algoritmos Predictivos
5332,Art. 5332: Software Seguro
5333,Art. 5333: Ingenieria de Software
5334,Art. 5334: Mineria de Datos
5335,Art. 5335: Machine Learning
5336,Art. 5336: Telemetria
5337,Art. 5337: Backtesting de Algoritmos
5338,Art. 5338: Backtesting de Algoritmos
5339,Art. 5339: Bases de Datos
5340,Art. 5340: Riesgos Industriales con IA
5341,Art. 5341: Computacion Cuantica
5342,Art. 5342: Sistemas de Control
5343,Art. 5343: Algoritmos Predictivos
5344,Art. 5344: Big Data
5345,Art. 5345: Desarrollo Movil
5346,Art. 5346: Automatizacion de Pruebas
5347,Art. 5347: Contenedores Docker
5348,Art. 5348: Realidad Aumentada
5349,Art. 5349: Vision Artificial
5350,Art. 5350: Vision Artificial
5351,Art. 5351: Robotica Industrial
5352,Art. 5352: Machine Learning
5353,Art. 5353: Sistemas Embebidos
5354,Art. 5354: Contenedores Docker
5355,Art. 5355: Software Seguro
5356,Art. 5356: Big Data
5357,Art. 5357: SO Distribuidos
5358,Art. 5358: Riesgos Industriales con IA
5359,Art. 5359: Backtesting de Algoritmos
5360,Art. 5360: Pipelines ETL
5361,Art. 5361: Robotica Industrial
5362,Art. 5362: Sistemas de Control
5363,Art. 5363: Optimizacion SQL
5364,Art. 5364: Diseno de APIs REST
5365,Art. 5365: Riesgos Industriales con IA
5366,Art. 5366: Mineria de Datos
5367,Art. 5367: Cableado Estructurado
5368,Art. 5368: Diseno de APIs REST
5369,Art. 5369: Realidad Aumentada
5370,Art. 5370: Edge Computing
5371,Art. 5371: Realidad Aumentada
5372,Art. 5372: Cableado Estructurado
5373,Art. 5373: Robotica Industrial
5374,Art. 5374: Cableado Estructurado
5375,Art. 5375: Ingenieria de Software
5376,Art. 5376: Bases de Datos
5377,Art. 5377: Robotica Industrial
5378,Art. 5378: Vision Artificial
5379,Art. 5379: Optimizacion SQL
5380,Art. 5380: Edge Computing
5381,Art. 5381: Desarrollo Movil
5382,Art. 5382: Contenedores Docker
5383,Art. 5383: Optimizacion SQL
5384,Art. 5384: Robotica Industrial
5385,Art. 5385: Edge Computing
5386,Art. 5386: Vision Artificial
5387,Art. 5387: Machine Learning
5388,Art. 5388: Redes Neuronales
5389,Art. 5389: Optimizacion SQL
5390,Art. 5390: Sistemas Embebidos
5391,Art. 5391: Seguridad Industrial
5392,Art. 5392: Criptografia
5393,Art. 5393: Software Seguro
5394,Art. 5394: Cloud Computing
5395,Art. 5395: Robotica Industrial
5396,Art. 5396: IoT y Domotica
5397,Art. 5397: Sistemas Embebidos
5398,Art. 5398: Backtesting de Algoritmos
5399,Art. 5399: Bases de Datos
5400,Art. 5400: Criptografia
5401,Art. 5401: SO Distribuidos
5402,Art. 5402: Blockchain
5403,Art. 5403: SO Distribuidos
5404,Art. 5404: Contenedores Docker
5405,Art. 5405: Lenguaje Natural (NLP)
5406,Art. 5406: Pipelines ETL
5407,Art. 5407: Backtesting de Algoritmos
5408,Art. 5408: Backtesting de Algoritmos
5409,Art. 5409: Ciberseguridad
5410,Art. 5410: Redes Neuronales
5411,Art. 5411: Contenedores Docker
5412,Art. 5412: Optimizacion SQL
5413,Art. 5413: Redes Fisicas
5414,Art. 5414: Modelos Probabilisticos
5415,Art. 5415: Sistemas de Control
5416,Art. 5416: Computacion Cuantica
5417,Art. 5417: Telemetria
5418,Art. 5418: Machine Learning
5419,Art. 5419: Sistemas de Control
5420,Art. 5420: Lenguaje Natural (NLP)
5421,Art. 5421: Pipelines ETL
5422,Art. 5422: Ciberseguridad
5423,Art. 5423: Algoritmos Predictivos
5424,Art. 5424: Bases de Datos
5425,Art. 5425: SO Distribuidos
5426,Art. 5426: Algoritmos Predictivos
5427,Art. 5427: Backtesting de Algoritmos
5428,Art. 5428: Ciberseguridad
5429,Art. 5429: Seguridad Industrial
5430,Art. 5430: Machine Learning
5431,Art. 5431: Computacion Cuantica
5432,Art. 5432: Blockchain
5433,Art. 5433: Redes Neuronales
5434,Art. 5434: Desarrollo Movil
5435,Art. 5435: Edge Computing
5436,Art. 5436: Ciberseguridad
5437,Art. 5437: Microservicios
5438,Art. 5438: Modelos Probabilisticos
5439,Art. 5439: Optimizacion SQL
5440,Art. 5440: Ingenieria de Software
5441,Art. 5441: Pipelines ETL
5442,Art. 5442: Optimizacion SQL
5443,Art. 5443: Automatizacion de Pruebas
5444,Art. 5444: Optimizacion SQL
5445,Art. 5445: Backtesting de Algoritmos
5446,Art. 5446: IoT y Domotica
5447,Art. 5447: Enrutamiento
5448,Art. 5448: Cloud Computing
5449,Art. 5449: Vision Artificial
5450,Art. 5450: Robotica Industrial
5451,Art. 5451: Diseno de APIs REST
5452,Art. 5452: Big Data
5453,Art. 5453: Realidad Aumentada
5454,Art. 5454: Automatizacion de Pruebas
5455,Art. 5455: Algoritmos Predictivos
5456,Art. 5456: Mineria de Datos
5457,Art. 5457: Redes Neuronales
5458,Art. 5458: Blockchain
5459,Art. 5459: Enrutamiento
5460,Art. 5460: Microservicios
5461,Art. 5461: Blockchain
5462,Art. 5462: Robotica Industrial
5463,Art. 5463: Realidad Aumentada
5464,Art. 5464: Automatizacion de Pruebas
5465,Art. 5465: Software Seguro
5466,Art. 5466: Lenguaje Natural (NLP)
5467,Art. 5467: Redes Neuronales
5468,Art. 5468: Computacion Cuantica
5469,Art. 5469: Enrutamiento
5470,Art. 5470: SO Distribuidos
5471,Art. 5471: Contenedores Docker
5472,Art. 5472: Algoritmos Predictivos
5473,Art. 5473: Blockchain
5474,Art. 5474: Riesgos Industriales con IA
5475,Art. 5475: Criptografia
5476,Art. 5476: Bases de Datos
5477,Art. 5477: Seguridad Industrial
5478,Art. 5478: Redes Neuronales
5479,Art. 5479: Seguridad Industrial
5480,Art. 5480: Criptografia
5481,Art. 5481: Contenedores Docker
5482,Art. 5482: Redes Neuronales
5483,Art. 5483: Microservicios
5484,Art. 5484: Contenedores Docker
5485,Art. 5485: Pipelines ETL
5486,Art. 5486: Cloud Computing
5487,Art. 5487: Sistemas Embebidos
5488,Art. 5488: Software Seguro
5489,Art. 5489: Analisis Estadistico
5490,Art. 5490: Contenedores Docker
5491,Art. 5491: Seguridad Industrial
5492,Art. 5492: Machine Learning
5493,Art. 5493: Microservicios
5494,Art. 5494: Vision Artificial
5495,Art. 5495: Big Data
5496,Art. 5496: Cableado Estructurado
5497,Art. 5497: Telemetria
5498,Art. 5498: Seguridad Industrial
5499,Art. 5499: IoT y Domotica
5500,Art. 5500: Diseno de APIs REST
5501,Art. 5501: Criptografia
5502,Art. 5502: SO Distribuidos
5503,Art. 5503: Cloud Computing
5504,Art. 5504: Microservicios
5505,Art. 5505: Cloud Computing
5506,Art. 5506: Cableado Estructurado
5507,Art. 5507: Diseno de APIs REST
5508,Art. 5508: IoT y Domotica
5509,Art. 5509: Edge Computing
5510,Art. 5510: Edge Computing
5511,Art. 5511: Backtesting de Algoritmos
5512,Art. 5512: Pipelines ETL
5513,Art. 5513: Sistemas de Control
5514,Art. 5514: Ingenieria de Software
5515,Art. 5515: Robotica Industrial
5516,Art. 5516: Blockchain
5517,Art. 5517: Contenedores Docker
5518,Art. 5518: Business Intelligence
5519,Art. 5519: Business Intelligence
5520,Art. 5520: Optimizacion SQL
5521,Art. 5521: Bases de Datos
5522,Art. 5522: Machine Learning
5523,Art. 5523: Sistemas de Control
5524,Art. 5524: Microservicios
5525,Art. 5525: Mineria de Datos
5526,Art. 5526: Big Data
5527,Art. 5527: Lenguaje Natural (NLP)
5528,Art. 5528: Optimizacion SQL
5529,Art. 5529: SO Distribuidos
5530,Art. 5530: Desarrollo Movil
5531,Art. 5531: Contenedores Docker
5532,Art. 5532: Analisis Estadistico
5533,Art. 5533: SO Distribuidos
5534,Art. 5534: Backtesting de Algoritmos
5535,Art. 5535: Enrutamiento
5536,Art. 5536: DevOps
5537,Art. 5537: Machine Learning
5538,Art. 5538: Desarrollo Movil
5539,Art. 5539: Blockchain
5540,Art. 5540: Seguridad Industrial
5541,Art. 5541: Telemetria
5542,Art. 5542: Edge Computing
5543,Art. 5543: Software Seguro
5544,Art. 5544: Computacion Cuantica
5545,Art. 5545: Edge Computing
5546,Art. 5546: DevOps
5547,Art. 5547: Redes Neuronales
5548,Art. 5548: Mineria de Datos
5549,Art. 5549: Redes Neuronales
5550,Art. 5550: Telemetria
5551,Art. 5551: Business Intelligence
5552,Art. 5552: IoT y Domotica
5553,Art. 5553: Machine Learning
5554,Art. 5554: Cableado Estructurado
5555,Art. 5555: Sistemas de Control
5556,Art. 5556: Robotica Industrial
5557,Art. 5557: Backtesting de Algoritmos
5558,Art. 5558: Redes Fisicas
5559,Art. 5559: Seguridad Industrial
5560,Art. 5560: Realidad Aumentada
5561,Art. 5561: Machine Learning
5562,Art. 5562: Diseno de APIs REST
5563,Art. 5563: Blockchain
5564,Art. 5564: Computacion Cuantica
5565,Art. 5565: Big Data
5566,Art. 5566: Ciberseguridad
5567,Art. 5567: Telemetria
5568,Art. 5568: Microservicios
5569,Art. 5569: SO Distribuidos
5570,Art. 5570: Analisis Estadistico
5571,Art. 5571: Modelos Probabilisticos
5572,Art. 5572: Ingenieria de Software
5573,Art. 5573: Machine Learning
5574,Art. 5574: Riesgos Industriales con IA
5575,Art. 5575: IoT y Domotica
5576,Art. 5576: Big Data
5577,Art. 5577: Riesgos Industriales con IA
5578,Art. 5578: Analisis Estadistico
5579,Art. 5579: Microservicios
5580,Art. 5580: Edge Computing
5581,Art. 5581: Modelos Probabilisticos
5582,Art. 5582: Analisis Estadistico
5583,Art. 5583: Bases de Datos
5584,Art. 5584: Machine Learning
5585,Art. 5585: Bases de Datos
5586,Art. 5586: Algoritmos Predictivos
5587,Art. 5587: Microservicios
5588,Art. 5588: Algoritmos Predictivos
5589,Art. 5589: Riesgos Industriales con IA
5590,Art. 5590: Mineria de Datos
5591,Art. 5591: Machine Learning
5592,Art. 5592: SO Distribuidos
5593,Art. 5593: Computacion Cuantica
5594,Art. 5594: Cableado Estructurado
5595,Art. 5595: IoT y Domotica
5596,Art. 5596: Optimizacion SQL
5597,Art. 5597: Modelos Probabilisticos
5598,Art. 5598: Big Data
5599,Art. 5599: Cloud Computing
5600,Art. 5600: Riesgos Industriales con IA
5601,Art. 5601: Ciberseguridad
5602,Art. 5602: Enrutamiento
5603,Art. 5603: Ingenieria de Software
5604,Art. 5604: Desarrollo Movil
5605,Art. 5605: DevOps
5606,Art. 5606: IoT y Domotica
5607,Art. 5607: Redes Neuronales
5608,Art. 5608: Blockchain
5609,Art. 5609: Edge Computing
5610,Art. 5610: Riesgos Industriales con IA
5611,Art. 5611: Desarrollo Movil
5612,Art. 5612: Criptografia
5613,Art. 5613: Edge Computing
5614,Art. 5614: Backtesting de Algoritmos
5615,Art. 5615: Blockchain
5616,Art. 5616: Robotica Industrial
5617,Art. 5617: Vision Artificial
5618,Art. 5618: Optimizacion SQL
5619,Art. 5619: Modelos Probabilisticos
5620,Art. 5620: Optimizacion SQL
5621,Art. 5621: Lenguaje Natural (NLP)
5622,Art. 5622: Business Intelligence
5623,Art. 5623: Ciberseguridad
5624,Art. 5624: Sistemas Embebidos
5625,Art. 5625: Ciberseguridad
5626,Art. 5626: Riesgos Industriales con IA
5627,Art. 5627: DevOps
5628,Art. 5628: Desarrollo Movil
5629,Art. 5629: Blockchain
5630,Art. 5630: Ciberseguridad
5631,Art. 5631: Seguridad Industrial
5632,Art. 5632: Mineria de Datos
5633,Art. 5633: Criptografia
5634,Art. 5634: Telemetria
5635,Art. 5635: Microservicios
5636,Art. 5636: Vision Artificial
5637,Art. 5637: Cableado Estructurado
5638,Art. 5638: Seguridad Industrial
5639,Art. 5639: Telemetria
5640,Art. 5640: Modelos Probabilisticos
5641,Art. 5641: Diseno de APIs REST
5642,Art. 5642: Automatizacion de Pruebas
5643,Art. 5643: Analisis Estadistico
5644,Art. 5644: Diseno de APIs REST
5645,Art. 5645: Cableado Estructurado
5646,Art. 5646: Analisis Estadistico
5647,Art. 5647: Pipelines ETL
5648,Art. 5648: Edge Computing
5649,Art. 5649: Contenedores Docker
5650,Art. 5650: Contenedores Docker
5651,Art. 5651: Ingenieria de Software
5652,Art. 5652: Redes Neuronales
5653,Art. 5653: Bases de Datos
5654,Art. 5654: Machine Learning
5655,Art. 5655: Contenedores Docker
5656,Art. 5656: Seguridad Industrial
5657,Art. 5657: Cloud Computing
5658,Art. 5658: Modelos Probabilisticos
5659,Art. 5659: Optimizacion SQL
5660,Art. 5660: Computacion Cuantica
5661,Art. 5661: Big Data
5662,Art. 5662: Edge Computing
5663,Art. 5663: Bases de Datos
5664,Art. 5664: Realidad Aumentada
5665,Art. 5665: Edge Computing
5666,Art. 5666: Telemetria
5667,Art. 5667: Business Intelligence
5668,Art. 5668: Enrutamiento
5669,Art. 5669: Diseno de APIs REST
5670,Art. 5670: Vision Artificial
5671,Art. 5671: Redes Fisicas
5672,Art. 5672: Desarrollo Movil
5673,Art. 5673: Blockchain
5674,Art. 5674: Ciberseguridad
5675,Art. 5675: Machine Learning
5676,Art. 5676: Desarrollo Movil
5677,Art. 5677: Machine Learning
5678,Art. 5678: Mineria de Datos
5679,Art. 5679: Automatizacion de Pruebas
5680,Art. 5680: Desarrollo Movil
5681,Art. 5681: Redes Fisicas
5682,Art. 5682: Criptografia
5683,Art. 5683: Ciberseguridad
5684,Art. 5684: Contenedores Docker
5685,Art. 5685: Microservicios
5686,Art. 5686: Microservicios
5687,Art. 5687: Business Intelligence
5688,Art. 5688: Machine Learning
5689,Art. 5689: Computacion Cuantica
5690,Art. 5690: Modelos Probabilisticos
5691,Art. 5691: Machine Learning
5692,Art. 5692: Automatizacion de Pruebas
5693,Art. 5693: Lenguaje Natural (NLP)
5694,Art. 5694: Realidad Aumentada
5695,Art. 5695: Contenedores Docker
5696,Art. 5696: Pipelines ETL
5697,Art. 5697: Analisis Estadistico
5698,Art. 5698: Pipelines ETL
5699,Art. 5699: Enrutamiento
5700,Art. 5700: Telemetria
5701,Art. 5701: Machine Learning
5702,Art. 5702: Big Data
5703,Art. 5703: Optimizacion SQL
5704,Art. 5704: Cloud Computing
5705,Art. 5705: Riesgos Industriales con IA
5706,Art. 5706: Robotica Industrial
5707,Art. 5707: Contenedores Docker
5708,Art. 5708: Blockchain
5709,Art. 5709: Optimizacion SQL
5710,Art. 5710: Cloud Computing
5711,Art. 5711: Robotica Industrial
5712,Art. 5712: Vision Artificial
5713,Art. 5713: Contenedores Docker
5714,Art. 5714: Riesgos Industriales con IA
5715,Art. 5715: Backtesting de Algoritmos
5716,Art. 5716: DevOps
5717,Art. 5717: Seguridad Industrial
5718,Art. 5718: Business Intelligence
5719,Art. 5719: Blockchain
5720,Art. 5720: Riesgos Industriales con IA
5721,Art. 5721: Cableado Estructurado
5722,Art. 5722: Automatizacion de Pruebas
5723,Art. 5723: Blockchain
5724,Art. 5724: Sistemas de Control
5725,Art. 5725: Backtesting de Algoritmos
5726,Art. 5726: Optimizacion SQL
5727,Art. 5727: Analisis Estadistico
5728,Art. 5728: Bases de Datos
5729,Art. 5729: Cloud Computing
5730,Art. 5730: Bases de Datos
5731,Art. 5731: Mineria de Datos
5732,Art. 5732: Ingenieria de Software
5733,Art. 5733: Robotica Industrial
5734,Art. 5734: Analisis Estadistico
5735,Art. 5735: Seguridad Industrial
5736,Art. 5736: Robotica Industrial
5737,Art. 5737: Backtesting de Algoritmos
5738,Art. 5738: Cableado Estructurado
5739,Art. 5739: Desarrollo Movil
5740,Art. 5740: Big Data
5741,Art. 5741: Desarrollo Movil
5742,Art. 5742: Automatizacion de Pruebas
5743,Art. 5743: Cloud Computing
5744,Art. 5744: Redes Fisicas
5745,Art. 5745: Vision Artificial
5746,Art. 5746: Blockchain
5747,Art. 5747: Riesgos Industriales con IA
5748,Art. 5748: Business Intelligence
5749,Art. 5749: Software Seguro
5750,Art. 5750: Machine Learning
5751,Art. 5751: Backtesting de Algoritmos
5752,Art. 5752: SO Distribuidos
5753,Art. 5753: Blockchain
5754,Art. 5754: Diseno de APIs REST
5755,Art. 5755: Sistemas Embebidos
5756,Art. 5756: Edge Computing
5757,Art. 5757: Ciberseguridad
5758,Art. 5758: Seguridad Industrial
5759,Art. 5759: IoT y Domotica
5760,Art. 5760: Bases de Datos
5761,Art. 5761: Seguridad Industrial
5762,Art. 5762: Software Seguro
5763,Art. 5763: Business Intelligence
5764,Art. 5764: Optimizacion SQL
5765,Art. 5765: Cloud Computing
5766,Art. 5766: Algoritmos Predictivos
5767,Art. 5767: Pipelines ETL
5768,Art. 5768: Redes Fisicas
5769,Art. 5769: Modelos Probabilisticos
5770,Art. 5770: Big Data
5771,Art. 5771: Algoritmos Predictivos
5772,Art. 5772: Algoritmos Predictivos
5773,Art. 5773: Algoritmos Predictivos
5774,Art. 5774: IoT y Domotica
5775,Art. 5775: IoT y Domotica
5776,Art. 5776: Blockchain
5777,Art. 5777: Edge Computing
5778,Art. 5778: Desarrollo Movil
5779,Art. 5779: Enrutamiento
5780,Art. 5780: Software Seguro
5781,Art. 5781: Software Seguro
5782,Art. 5782: Mineria de Datos
5783,Art. 5783: Analisis Estadistico
5784,Art. 5784: Riesgos Industriales con IA
5785,Art. 5785: Software Seguro
5786,Art. 5786: Automatizacion de Pruebas
5787,Art. 5787: Robotica Industrial
5788,Art. 5788: Ciberseguridad
5789,Art. 5789: Business Intelligence
5790,Art. 5790: Computacion Cuantica
5791,Art. 5791: Big Data
5792,Art. 5792: Sistemas de Control
5793,Art. 5793: Enrutamiento
5794,Art. 5794: Cloud Computing
5795,Art. 5795: Diseno de APIs REST
5796,Art. 5796: Computacion Cuantica
5797,Art. 5797: Bases de Datos
5798,Art. 5798: Backtesting de Algoritmos
5799,Art. 5799: Blockchain
5800,Art. 5800: Enrutamiento
5801,Art. 5801: Cloud Computing
5802,Art. 5802: Cableado Estructurado
5803,Art. 5803: Redes Neuronales
5804,Art. 5804: Realidad Aumentada
5805,Art. 5805: Realidad Aumentada
5806,Art. 5806: IoT y Domotica
5807,Art. 5807: Ciberseguridad
5808,Art. 5808: Diseno de APIs REST
5809,Art. 5809: Redes Fisicas
5810,Art. 5810: Riesgos Industriales con IA
5811,Art. 5811: Software Seguro
5812,Art. 5812: Sistemas de Control
5813,Art. 5813: Mineria de Datos
5814,Art. 5814: Enrutamiento
5815,Art. 5815: Analisis Estadistico
5816,Art. 5816: Algoritmos Predictivos
5817,Art. 5817: Edge Computing
5818,Art. 5818: Diseno de APIs REST
5819,Art. 5819: SO Distribuidos
5820,Art. 5820: Backtesting de Algoritmos
5821,Art. 5821: Machine Learning
5822,Art. 5822: Vision Artificial
5823,Art. 5823: Sistemas de Control
5824,Art. 5824: Telemetria
5825,Art. 5825: Pipelines ETL
5826,Art. 5826: Modelos Probabilisticos
5827,Art. 5827: Diseno de APIs REST
5828,Art. 5828: DevOps
5829,Art. 5829: Redes Neuronales
5830,Art. 5830: Robotica Industrial
5831,Art. 5831: Big Data
5832,Art. 5832: Microservicios
5833,Art. 5833: Ciberseguridad
5834,Art. 5834: Blockchain
5835,Art. 5835: Software Seguro
5836,Art. 5836: Software Seguro
5837,Art. 5837: Sistemas de Control
5838,Art. 5838: Bases de Datos
5839,Art. 5839: Optimizacion SQL
5840,Art. 5840: Automatizacion de Pruebas
5841,Art. 5841: SO Distribuidos
5842,Art. 5842: Redes Neuronales
5843,Art. 5843: Sistemas Embebidos
5844,Art. 5844: Analisis Estadistico
5845,Art. 5845: Ciberseguridad
5846,Art. 5846: Optimizacion SQL
5847,Art. 5847: DevOps
5848,Art. 5848: Telemetria
5849,Art. 5849: Cloud Computing
5850,Art. 5850: SO Distribuidos
5851,Art. 5851: Optimizacion SQL
5852,Art. 5852: Robotica Industrial
5853,Art. 5853: Automatizacion de Pruebas
5854,Art. 5854: Edge Computing
5855,Art. 5855: Analisis Estadistico
5856,Art. 5856: Business Intelligence
5857,Art. 5857: Redes Neuronales
5858,Art. 5858: Lenguaje Natural (NLP)
5859,Art. 5859: Software Seguro
5860,Art. 5860: Bases de Datos
5861,Art. 5861: Ingenieria de Software
5862,Art. 5862: Automatizacion de Pruebas
5863,Art. 5863: DevOps
5864,Art. 5864: Redes Neuronales
5865,Art. 5865: IoT y Domotica
5866,Art. 5866: Cableado Estructurado
5867,Art. 5867: DevOps
5868,Art. 5868: Optimizacion SQL
5869,Art. 5869: Optimizacion SQL
5870,Art. 5870: Backtesting de Algoritmos
5871,Art. 5871: Sistemas Embebidos
5872,Art. 5872: Edge Computing
5873,Art. 5873: Contenedores Docker
5874,Art. 5874: Mineria de Datos
5875,Art. 5875: Sistemas Embebidos
5876,Art. 5876: Machine Learning
5877,Art. 5877: Riesgos Industriales con IA
5878,Art. 5878: Sistemas de Control
5879,Art. 5879: Mineria de Datos
5880,Art. 5880: Modelos Probabilisticos
5881,Art. 5881: Bases de Datos
5882,Art. 5882: Cableado Estructurado
5883,Art. 5883: Riesgos Industriales con IA
5884,Art. 5884: Sistemas de Control
5885,Art. 5885: Diseno de APIs REST
5886,Art. 5886: Robotica Industrial
5887,Art. 5887: Enrutamiento
5888,Art. 5888: Ciberseguridad
5889,Art. 5889: DevOps
5890,Art. 5890: Sistemas de Control
5891,Art. 5891: Algoritmos Predictivos
5892,Art. 5892: Seguridad Industrial
5893,Art. 5893: Criptografia
5894,Art. 5894: Criptografia
5895,Art. 5895: Microservicios
5896,Art. 5896: Sistemas de Control
5897,Art. 5897: Machine Learning
5898,Art. 5898: Blockchain
5899,Art. 5899: Criptografia
5900,Art. 5900: Microservicios
5901,Art. 5901: Telemetria
5902,Art. 5902: Computacion Cuantica
5903,Art. 5903: Cableado Estructurado
5904,Art. 5904: Seguridad Industrial
5905,Art. 5905: Redes Neuronales
5906,Art. 5906: Redes Neuronales
5907,Art. 5907: Desarrollo Movil
5908,Art. 5908: Blockchain
5909,Art. 5909: Bases de Datos
5910,Art. 5910: Lenguaje Natural (NLP)
5911,Art. 5911: Lenguaje Natural (NLP)
5912,Art. 5912: Business Intelligence
5913,Art. 5913: Blockchain
5914,Art. 5914: IoT y Domotica
5915,Art. 5915: Ingenieria de Software
5916,Art. 5916: Diseno de APIs REST
5917,Art. 5917: Redes Fisicas
5918,Art. 5918: Cloud Computing
5919,Art. 5919: Microservicios
5920,Art. 5920: Machine Learning
5921,Art. 5921: Criptografia
5922,Art. 5922: Optimizacion SQL
5923,Art. 5923: Computacion Cuantica
5924,Art. 5924: Pipelines ETL
5925,Art. 5925: Sistemas Embebidos
5926,Art. 5926: Microservicios
5927,Art. 5927: IoT y Domotica
5928,Art. 5928: Machine Learning
5929,Art. 5929: Algoritmos Predictivos
5930,Art. 5930: Blockchain
5931,Art. 5931: DevOps
5932,Art. 5932: Software Seguro
5933,Art. 5933: Ingenieria de Software
5934,Art. 5934: Lenguaje Natural (NLP)
5935,Art. 5935: Cloud Computing
5936,Art. 5936: Business Intelligence
5937,Art. 5937: Bases de Datos
5938,Art. 5938: Software Seguro
5939,Art. 5939: Cloud Computing
5940,Art. 5940: Enrutamiento
5941,Art. 5941: DevOps
5942,Art. 5942: Optimizacion SQL
5943,Art. 5943: Mineria de Datos
5944,Art. 5944: Diseno de APIs REST
5945,Art. 5945: Big Data
5946,Art. 5946: DevOps
5947,Art. 5947: Computacion Cuantica
5948,Art. 5948: Microservicios
5949,Art. 5949: Algoritmos Predictivos
5950,Art. 5950: Contenedores Docker
5951,Art. 5951: Contenedores Docker
5952,Art. 5952: Modelos Probabilisticos
5953,Art. 5953: Ciberseguridad
5954,Art. 5954: Algoritmos Predictivos
5955,Art. 5955: Sistemas de Control
5956,Art. 5956: Seguridad Industrial
5957,Art. 5957: Contenedores Docker
5958,Art. 5958: Ingenieria de Software
5959,Art. 5959: DevOps
5960,Art. 5960: Big Data
5961,Art. 5961: Diseno de APIs REST
5962,Art. 5962: Ingenieria de Software
5963,Art. 5963: Edge Computing
5964,Art. 5964: Analisis Estadistico
5965,Art. 5965: Redes Fisicas
5966,Art. 5966: Blockchain
5967,Art. 5967: Contenedores Docker
5968,Art. 5968: Mineria de Datos
5969,Art. 5969: Edge Computing
5970,Art. 5970: Edge Computing
5971,Art. 5971: Telemetria
5972,Art. 5972: Analisis Estadistico
5973,Art. 5973: Modelos Probabilisticos
5974,Art. 5974: Ingenieria de Software
5975,Art. 5975: Redes Neuronales
5976,Art. 5976: Ciberseguridad
5977,Art. 5977: Cloud Computing
5978,Art. 5978: Modelos Probabilisticos
5979,Art. 5979: DevOps
5980,Art. 5980: Contenedores Docker
5981,Art. 5981: Ingenieria de Software
5982,Art. 5982: Sistemas de Control
5983,Art. 5983: Computacion Cuantica
5984,Art. 5984: Modelos Probabilisticos
5985,Art. 5985: Diseno de APIs REST
5986,Art. 5986: Computacion Cuantica
5987,Art. 5987: Ingenieria de Software
5988,Art. 5988: IoT y Domotica
5989,Art. 5989: Machine Learning
5990,Art. 5990: Big Data
5991,Art. 5991: Machine Learning
5992,Art. 5992: Mineria de Datos
5993,Art. 5993: Software Seguro
5994,Art. 5994: Redes Neuronales
5995,Art. 5995: Ingenieria de Software
5996,Art. 5996: Lenguaje Natural (NLP)
5997,Art. 5997: Modelos Probabilisticos
5998,Art. 5998: Riesgos Industriales con IA
5999,Art. 5999: Redes Neuronales
6000,Art. 6000: Desarrollo Movil
6001,Art. 6001: Lenguaje Natural (NLP)
6002,Art. 6002: Telemetria
6003,Art. 6003: Realidad Aumentada
6004,Art. 6004: Machine Learning
6005,Art. 6005: Telemetria
6006,Art. 6006: Optimizacion SQL
6007,Art. 6007: Business Intelligence
6008,Art. 6008: Ciberseguridad
6009,Art. 6009: Blockchain
6010,Art. 6010: Pipelines ETL
6011,Art. 6011: Microservicios
6012,Art. 6012: Realidad Aumentada
6013,Art. 6013: Desarrollo Movil
6014,Art. 6014: Redes Fisicas
6015,Art. 6015: IoT y Domotica
6016,Art. 6016: Vision Artificial
6017,Art. 6017: Modelos Probabilisticos
6018,Art. 6018: Modelos Probabilisticos
6019,Art. 6019: SO Distribuidos
6020,Art. 6020: Realidad Aumentada
6021,Art. 6021: Ciberseguridad
6022,Art. 6022: Analisis Estadistico
6023,Art. 6023: Sistemas de Control
6024,Art. 6024: Diseno de APIs REST
6025,Art. 6025: Computacion Cuantica
6026,Art. 6026: Backtesting de Algoritmos
6027,Art. 6027: Contenedores Docker
6028,Art. 6028: Redes Neuronales
6029,Art. 6029: Realidad Aumentada
6030,Art. 6030: Diseno de APIs REST
6031,Art. 6031: Desarrollo Movil
6032,Art. 6032: Computacion Cuantica
6033,Art. 6033: Cableado Estructurado
6034,Art. 6034: Redes Neuronales
6035,Art. 6035: Telemetria
6036,Art. 6036: Enrutamiento
6037,Art. 6037: Software Seguro
6038,Art. 6038: Analisis Estadistico
6039,Art. 6039: Lenguaje Natural (NLP)
6040,Art. 6040: Riesgos Industriales con IA
6041,Art. 6041: Bases de Datos
6042,Art. 6042: Automatizacion de Pruebas
6043,Art. 6043: Telemetria
6044,Art. 6044: Enrutamiento
6045,Art. 6045: Computacion Cuantica
6046,Art. 6046: Cableado Estructurado
6047,Art. 6047: Desarrollo Movil
6048,Art. 6048: Automatizacion de Pruebas
6049,Art. 6049: Contenedores Docker
6050,Art. 6050: Cloud Computing
6051,Art. 6051: Vision Artificial
6052,Art. 6052: Contenedores Docker
6053,Art. 6053: Sistemas de Control
6054,Art. 6054: Bases de Datos
6055,Art. 6055: Sistemas de Control
6056,Art. 6056: Sistemas Embebidos
6057,Art. 6057: Seguridad Industrial
6058,Art. 6058: Pipelines ETL
6059,Art. 6059: Contenedores Docker
6060,Art. 6060: Algoritmos Predictivos
6061,Art. 6061: Telemetria
6062,Art. 6062: Desarrollo Movil
6063,Art. 6063: Computacion Cuantica
6064,Art. 6064: Big Data
6065,Art. 6065: Redes Fisicas
6066,Art. 6066: IoT y Domotica
6067,Art. 6067: Lenguaje Natural (NLP)
6068,Art. 6068: Pipelines ETL
6069,Art. 6069: Sistemas Embebidos
6070,Art. 6070: Mineria de Datos
6071,Art. 6071: Lenguaje Natural (NLP)
6072,Art. 6072: Diseno de APIs REST
6073,Art. 6073: Optimizacion SQL
6074,Art. 6074: Modelos Probabilisticos
6075,Art. 6075: Sistemas de Control
6076,Art. 6076: Seguridad Industrial
6077,Art. 6077: Mineria de Datos
6078,Art. 6078: Ingenieria de Software
6079,Art. 6079: Ingenieria de Software
6080,Art. 6080: Software Seguro
6081,Art. 6081: Contenedores Docker
6082,Art. 6082: Cableado Estructurado
6083,Art. 6083: Modelos Probabilisticos
6084,Art. 6084: Ciberseguridad
6085,Art. 6085: Business Intelligence
6086,Art. 6086: Realidad Aumentada
6087,Art. 6087: Mineria de Datos
6088,Art. 6088: SO Distribuidos
6089,Art. 6089: Software Seguro
6090,Art. 6090: Sistemas Embebidos
6091,Art. 6091: Lenguaje Natural (NLP)
6092,Art. 6092: Criptografia
6093,Art. 6093: Backtesting de Algoritmos
6094,Art. 6094: Pipelines ETL
6095,Art. 6095: IoT y Domotica
6096,Art. 6096: Redes Fisicas
6097,Art. 6097: Microservicios
6098,Art. 6098: Big Data
6099,Art. 6099: Backtesting de Algoritmos
6100,Art. 6100: Telemetria
6101,Art. 6101: Ciberseguridad
6102,Art. 6102: Ingenieria de Software
6103,Art. 6103: Cloud Computing
6104,Art. 6104: Ciberseguridad
6105,Art. 6105: Redes Neuronales
6106,Art. 6106: Ingenieria de Software
6107,Art. 6107: Robotica Industrial
6108,Art. 6108: Mineria de Datos
6109,Art. 6109: Pipelines ETL
6110,Art. 6110: Edge Computing
6111,Art. 6111: Ciberseguridad
6112,Art. 6112: Redes Neuronales
6113,Art. 6113: Cloud Computing
6114,Art. 6114: Computacion Cuantica
6115,Art. 6115: Analisis Estadistico
6116,Art. 6116: Enrutamiento
6117,Art. 6117: Big Data
6118,Art. 6118: Algoritmos Predictivos
6119,Art. 6119: Robotica Industrial
6120,Art. 6120: Business Intelligence
6121,Art. 6121: Pipelines ETL
6122,Art. 6122: Automatizacion de Pruebas
6123,Art. 6123: Computacion Cuantica
6124,Art. 6124: Realidad Aumentada
6125,Art. 6125: Big Data
6126,Art. 6126: Ingenieria de Software
6127,Art. 6127: Mineria de Datos
6128,Art. 6128: Cloud Computing
6129,Art. 6129: SO Distribuidos
6130,Art. 6130: Redes Fisicas
6131,Art. 6131: DevOps
6132,Art. 6132: Diseno de APIs REST
6133,Art. 6133: Ingenieria de Software
6134,Art. 6134: Edge Computing
6135,Art. 6135: Redes Neuronales
6136,Art. 6136: DevOps
6137,Art. 6137: Analisis Estadistico
6138,Art. 6138: Redes Neuronales
6139,Art. 6139: Blockchain
6140,Art. 6140: Analisis Estadistico
6141,Art. 6141: Cableado Estructurado
6142,Art. 6142: Microservicios
6143,Art. 6143: Robotica Industrial
6144,Art. 6144: Contenedores Docker
6145,Art. 6145: Modelos Probabilisticos
6146,Art. 6146: Contenedores Docker
6147,Art. 6147: Automatizacion de Pruebas
6148,Art. 6148: Cableado Estructurado
6149,Art. 6149: Lenguaje Natural (NLP)
6150,Art. 6150: Microservicios
6151,Art. 6151: Redes Fisicas
6152,Art. 6152: Criptografia
6153,Art. 6153: Computacion Cuantica
6154,Art. 6154: Redes Neuronales
6155,Art. 6155: Machine Learning
6156,Art. 6156: Diseno de APIs REST
6157,Art. 6157: Ingenieria de Software
6158,Art. 6158: Sistemas Embebidos
6159,Art. 6159: Automatizacion de Pruebas
6160,Art. 6160: Telemetria
6161,Art. 6161: Redes Neuronales
6162,Art. 6162: Contenedores Docker
6163,Art. 6163: Mineria de Datos
6164,Art. 6164: Ingenieria de Software
6165,Art. 6165: Criptografia
6166,Art. 6166: Ciberseguridad
6167,Art. 6167: Vision Artificial
6168,Art. 6168: Big Data
6169,Art. 6169: Diseno de APIs REST
6170,Art. 6170: Bases de Datos
6171,Art. 6171: Enrutamiento
6172,Art. 6172: Enrutamiento
6173,Art. 6173: Criptografia
6174,Art. 6174: SO Distribuidos
6175,Art. 6175: Automatizacion de Pruebas
6176,Art. 6176: Enrutamiento
6177,Art. 6177: Algoritmos Predictivos
6178,Art. 6178: Cableado Estructurado
6179,Art. 6179: Desarrollo Movil
6180,Art. 6180: Algoritmos Predictivos
6181,Art. 6181: Cloud Computing
6182,Art. 6182: Cableado Estructurado
6183,Art. 6183: Optimizacion SQL
6184,Art. 6184: Riesgos Industriales con IA
6185,Art. 6185: Enrutamiento
6186,Art. 6186: Microservicios
6187,Art. 6187: Riesgos Industriales con IA
6188,Art. 6188: Telemetria
6189,Art. 6189: DevOps
6190,Art. 6190: Diseno de APIs REST
6191,Art. 6191: Sistemas de Control
6192,Art. 6192: Edge Computing
6193,Art. 6193: Cableado Estructurado
6194,Art. 6194: Automatizacion de Pruebas
6195,Art. 6195: Sistemas Embebidos
6196,Art. 6196: Vision Artificial
6197,Art. 6197: Lenguaje Natural (NLP)
6198,Art. 6198: SO Distribuidos
6199,Art. 6199: Big Data
6200,Art. 6200: IoT y Domotica
6201,Art. 6201: Algoritmos Predictivos
6202,Art. 6202: Big Data
6203,Art. 6203: Telemetria
6204,Art. 6204: Seguridad Industrial
6205,Art. 6205: Redes Neuronales
6206,Art. 6206: Algoritmos Predictivos
6207,Art. 6207: Bases de Datos
6208,Art. 6208: Backtesting de Algoritmos
6209,Art. 6209: Lenguaje Natural (NLP)
6210,Art. 6210: Pipelines ETL
6211,Art. 6211: Computacion Cuantica
6212,Art. 6212: Diseno de APIs REST
6213,Art. 6213: Seguridad Industrial
6214,Art. 6214: Sistemas Embebidos
6215,Art. 6215: Desarrollo Movil
6216,Art. 6216: Analisis Estadistico
6217,Art. 6217: DevOps
6218,Art. 6218: Vision Artificial
6219,Art. 6219: Business Intelligence
6220,Art. 6220: Analisis Estadistico
6221,Art. 6221: Telemetria
6222,Art. 6222: Sistemas de Control
6223,Art. 6223: Big Data
6224,Art. 6224: Analisis Estadistico
6225,Art. 6225: Computacion Cuantica
6226,Art. 6226: Modelos Probabilisticos
6227,Art. 6227: Sistemas Embebidos
6228,Art. 6228: Seguridad Industrial
6229,Art. 6229: Sistemas Embebidos
6230,Art. 6230: DevOps
6231,Art. 6231: Enrutamiento
6232,Art. 6232: Ingenieria de Software
6233,Art. 6233: Bases de Datos
6234,Art. 6234: Software Seguro
6235,Art. 6235: Machine Learning
6236,Art. 6236: Lenguaje Natural (NLP)
6237,Art. 6237: Ingenieria de Software
6238,Art. 6238: Redes Fisicas
6239,Art. 6239: Business Intelligence
6240,Art. 6240: Telemetria
6241,Art. 6241: Edge Computing
6242,Art. 6242: Cloud Computing
6243,Art. 6243: Business Intelligence
6244,Art. 6244: Ingenieria de Software
6245,Art. 6245: Vision Artificial
6246,Art. 6246: Backtesting de Algoritmos
6247,Art. 6247: Backtesting de Algoritmos
6248,Art. 6248: Realidad Aumentada
6249,Art. 6249: Lenguaje Natural (NLP)
6250,Art. 6250: Microservicios
6251,Art. 6251: Diseno de APIs REST
6252,Art. 6252: Cloud Computing
6253,Art. 6253: Cableado Estructurado
6254,Art. 6254: Criptografia
6255,Art. 6255: Microservicios
6256,Art. 6256: Machine Learning
6257,Art. 6257: Mineria de Datos
6258,Art. 6258: Contenedores Docker
6259,Art. 6259: Machine Learning
6260,Art. 6260: Cloud Computing
6261,Art. 6261: Automatizacion de Pruebas
6262,Art. 6262: Riesgos Industriales con IA
6263,Art. 6263: Software Seguro
6264,Art. 6264: Telemetria
6265,Art. 6265: Microservicios
6266,Art. 6266: Vision Artificial
6267,Art. 6267: Blockchain
6268,Art. 6268: Telemetria
6269,Art. 6269: Business Intelligence
6270,Art. 6270: Seguridad Industrial
6271,Art. 6271: Criptografia
6272,Art. 6272: Criptografia
6273,Art. 6273: Cloud Computing
6274,Art. 6274: Edge Computing
6275,Art. 6275: Analisis Estadistico
6276,Art. 6276: Ingenieria de Software
6277,Art. 6277: Business Intelligence
6278,Art. 6278: Machine Learning
6279,Art. 6279: Criptografia
6280,Art. 6280: Riesgos Industriales con IA
6281,Art. 6281: Cableado Estructurado
6282,Art. 6282: SO Distribuidos
6283,Art. 6283: Computacion Cuantica
6284,Art. 6284: Criptografia
6285,Art. 6285: Algoritmos Predictivos
6286,Art. 6286: Vision Artificial
6287,Art. 6287: Criptografia
6288,Art. 6288: Machine Learning
6289,Art. 6289: Criptografia
6290,Art. 6290: Ingenieria de Software
6291,Art. 6291: Business Intelligence
6292,Art. 6292: Seguridad Industrial
6293,Art. 6293: Ingenieria de Software
6294,Art. 6294: Telemetria
6295,Art. 6295: IoT y Domotica
6296,Art. 6296: Contenedores Docker
6297,Art. 6297: Cloud Computing
6298,Art. 6298: Microservicios
6299,Art. 6299: Vision Artificial
6300,Art. 6300: Analisis Estadistico
6301,Art. 6301: Cableado Estructurado
6302,Art. 6302: Modelos Probabilisticos
6303,Art. 6303: Telemetria
6304,Art. 6304: Algoritmos Predictivos
6305,Art. 6305: Optimizacion SQL
6306,Art. 6306: Enrutamiento
6307,Art. 6307: Bases de Datos
6308,Art. 6308: Blockchain
6309,Art. 6309: Riesgos Industriales con IA
6310,Art. 6310: Cloud Computing
6311,Art. 6311: Mineria de Datos
6312,Art. 6312: Sistemas Embebidos
6313,Art. 6313: Microservicios
6314,Art. 6314: Criptografia
6315,Art. 6315: Diseno de APIs REST
6316,Art. 6316: Robotica Industrial
6317,Art. 6317: DevOps
6318,Art. 6318: Sistemas Embebidos
6319,Art. 6319: Ciberseguridad
6320,Art. 6320: Automatizacion de Pruebas
6321,Art. 6321: Cableado Estructurado
6322,Art. 6322: Desarrollo Movil
6323,Art. 6323: Ciberseguridad
6324,Art. 6324: Computacion Cuantica
6325,Art. 6325: Telemetria
6326,Art. 6326: Blockchain
6327,Art. 6327: Ingenieria de Software
6328,Art. 6328: Microservicios
6329,Art. 6329: Ingenieria de Software
6330,Art. 6330: Mineria de Datos
6331,Art. 6331: Robotica Industrial
6332,Art. 6332: Redes Fisicas
6333,Art. 6333: Business Intelligence
6334,Art. 6334: Analisis Estadistico
6335,Art. 6335: SO Distribuidos
6336,Art. 6336: Diseno de APIs REST
6337,Art. 6337: Optimizacion SQL
6338,Art. 6338: Analisis Estadistico
6339,Art. 6339: Big Data
6340,Art. 6340: Pipelines ETL
6341,Art. 6341: Robotica Industrial
6342,Art. 6342: Redes Neuronales
6343,Art. 6343: Machine Learning
6344,Art. 6344: Redes Fisicas
6345,Art. 6345: Bases de Datos
6346,Art. 6346: Telemetria
6347,Art. 6347: Vision Artificial
6348,Art. 6348: IoT y Domotica
6349,Art. 6349: Blockchain
6350,Art. 6350: Backtesting de Algoritmos
6351,Art. 6351: Edge Computing
6352,Art. 6352: Ingenieria de Software
6353,Art. 6353: Algoritmos Predictivos
6354,Art. 6354: Realidad Aumentada
6355,Art. 6355: Algoritmos Predictivos
6356,Art. 6356: Optimizacion SQL
6357,Art. 6357: Enrutamiento
6358,Art. 6358: Bases de Datos
6359,Art. 6359: Contenedores Docker
6360,Art. 6360: SO Distribuidos
6361,Art. 6361: Vision Artificial
6362,Art. 6362: Software Seguro
6363,Art. 6363: Riesgos Industriales con IA
6364,Art. 6364: Software Seguro
6365,Art. 6365: IoT y Domotica
6366,Art. 6366: Modelos Probabilisticos
6367,Art. 6367: SO Distribuidos
6368,Art. 6368: Modelos Probabilisticos
6369,Art. 6369: Edge Computing
6370,Art. 6370: Microservicios
6371,Art. 6371: Software Seguro
6372,Art. 6372: Microservicios
6373,Art. 6373: Algoritmos Predictivos
6374,Art. 6374: Computacion Cuantica
6375,Art. 6375: Cableado Estructurado
6376,Art. 6376: Cableado Estructurado
6377,Art. 6377: Robotica Industrial
6378,Art. 6378: Ingenieria de Software
6379,Art. 6379: IoT y Domotica
6380,Art. 6380: Contenedores Docker
6381,Art. 6381: Automatizacion de Pruebas
6382,Art. 6382: Criptografia
6383,Art. 6383: Analisis Estadistico
6384,Art. 6384: Sistemas de Control
6385,Art. 6385: Contenedores Docker
6386,Art. 6386: Modelos Probabilisticos
6387,Art. 6387: Desarrollo Movil
6388,Art. 6388: Sistemas Embebidos
6389,Art. 6389: Big Data
6390,Art. 6390: Lenguaje Natural (NLP)
6391,Art. 6391: Ingenieria de Software
6392,Art. 6392: Edge Computing
6393,Art. 6393: Telemetria
6394,Art. 6394: Seguridad Industrial
6395,Art. 6395: Business Intelligence
6396,Art. 6396: Redes Neuronales
6397,Art. 6397: Algoritmos Predictivos
6398,Art. 6398: Riesgos Industriales con IA
6399,Art. 6399: Diseno de APIs REST
6400,Art. 6400: Sistemas de Control
6401,Art. 6401: Computacion Cuantica
6402,Art. 6402: Realidad Aumentada
6403,Art. 6403: Ciberseguridad
6404,Art. 6404: Sistemas de Control
6405,Art. 6405: Blockchain
6406,Art. 6406: Sistemas Embebidos
6407,Art. 6407: Pipelines ETL
6408,Art. 6408: Microservicios
6409,Art. 6409: Realidad Aumentada
6410,Art. 6410: Vision Artificial
6411,Art. 6411: Cloud Computing
6412,Art. 6412: Analisis Estadistico
6413,Art. 6413: Modelos Probabilisticos
6414,Art. 6414: Edge Computing
6415,Art. 6415: Diseno de APIs REST
6416,Art. 6416: Computacion Cuantica
6417,Art. 6417: DevOps
6418,Art. 6418: Ingenieria de Software
6419,Art. 6419: Analisis Estadistico
6420,Art. 6420: Modelos Probabilisticos
6421,Art. 6421: Blockchain
6422,Art. 6422: Cloud Computing
6423,Art. 6423: Cloud Computing
6424,Art. 6424: Blockchain
6425,Art. 6425: Contenedores Docker
6426,Art. 6426: Vision Artificial
6427,Art. 6427: Computacion Cuantica
6428,Art. 6428: Business Intelligence
6429,Art. 6429: Sistemas de Control
6430,Art. 6430: Blockchain
6431,Art. 6431: IoT y Domotica
6432,Art. 6432: Vision Artificial
6433,Art. 6433: Telemetria
6434,Art. 6434: Backtesting de Algoritmos
6435,Art. 6435: Contenedores Docker
6436,Art. 6436: Sistemas de Control
6437,Art. 6437: Modelos Probabilisticos
6438,Art. 6438: IoT y Domotica
6439,Art. 6439: Redes Fisicas
6440,Art. 6440: Pipelines ETL
6441,Art. 6441: SO Distribuidos
6442,Art. 6442: Criptografia
6443,Art. 6443: Diseno de APIs REST
6444,Art. 6444: Seguridad Industrial
6445,Art. 6445: Blockchain
6446,Art. 6446: DevOps
6447,Art. 6447: Analisis Estadistico
6448,Art. 6448: Mineria de Datos
6449,Art. 6449: Vision Artificial
6450,Art. 6450: Cloud Computing
6451,Art. 6451: Algoritmos Predictivos
6452,Art. 6452: IoT y Domotica
6453,Art. 6453: Sistemas de Control
6454,Art. 6454: Desarrollo Movil
6455,Art. 6455: Blockchain
6456,Art. 6456: Software Seguro
6457,Art. 6457: Realidad Aumentada
6458,Art. 6458: Analisis Estadistico
6459,Art. 6459: Software Seguro
6460,Art. 6460: Blockchain
6461,Art. 6461: Algoritmos Predictivos
6462,Art. 6462: Bases de Datos
6463,Art. 6463: Business Intelligence
6464,Art. 6464: Criptografia
6465,Art. 6465: Pipelines ETL
6466,Art. 6466: Seguridad Industrial
6467,Art. 6467: Computacion Cuantica
6468,Art. 6468: Robotica Industrial
6469,Art. 6469: Optimizacion SQL
6470,Art. 6470: Vision Artificial
6471,Art. 6471: Cableado Estructurado
6472,Art. 6472: Microservicios
6473,Art. 6473: Mineria de Datos
6474,Art. 6474: SO Distribuidos
6475,Art. 6475: Sistemas de Control
6476,Art. 6476: Optimizacion SQL
6477,Art. 6477: Desarrollo Movil
6478,Art. 6478: Software Seguro
6479,Art. 6479: Blockchain
6480,Art. 6480: Big Data
6481,Art. 6481: Microservicios
6482,Art. 6482: Big Data
6483,Art. 6483: Enrutamiento
6484,Art. 6484: Backtesting de Algoritmos
6485,Art. 6485: Criptografia
6486,Art. 6486: Robotica Industrial
6487,Art. 6487: Criptografia
6488,Art. 6488: Computacion Cuantica
6489,Art. 6489: Redes Fisicas
6490,Art. 6490: Algoritmos Predictivos
6491,Art. 6491: Modelos Probabilisticos
6492,Art. 6492: Optimizacion SQL
6493,Art. 6493: Lenguaje Natural (NLP)
6494,Art. 6494: Riesgos Industriales con IA
6495,Art. 6495: Mineria de Datos
6496,Art. 6496: Sistemas Embebidos
6497,Art. 6497: Desarrollo Movil
6498,Art. 6498: Software Seguro
6499,Art. 6499: Blockchain
6500,Art. 6500: Microservicios
6501,Art. 6501: Analisis Estadistico
6502,Art. 6502: Ciberseguridad
6503,Art. 6503: Cableado Estructurado
6504,Art. 6504: Optimizacion SQL
6505,Art. 6505: Criptografia
6506,Art. 6506: Edge Computing
6507,Art. 6507: Desarrollo Movil
6508,Art. 6508: Telemetria
6509,Art. 6509: Mineria de Datos
6510,Art. 6510: Redes Fisicas
6511,Art. 6511: Redes Fisicas
6512,Art. 6512: Cloud Computing
6513,Art. 6513: Ciberseguridad
6514,Art. 6514: Modelos Probabilisticos
6515,Art. 6515: Backtesting de Algoritmos
6516,Art. 6516: Riesgos Industriales con IA
6517,Art. 6517: Big Data
6518,Art. 6518: Ingenieria de Software
6519,Art. 6519: Computacion Cuantica
6520,Art. 6520: SO Distribuidos
6521,Art. 6521: Business Intelligence
6522,Art. 6522: Algoritmos Predictivos
6523,Art. 6523: Automatizacion de Pruebas
6524,Art. 6524: Sistemas Embebidos
6525,Art. 6525: Pipelines ETL
6526,Art. 6526: Seguridad Industrial
6527,Art. 6527: IoT y Domotica
6528,Art. 6528: Computacion Cuantica
6529,Art. 6529: Edge Computing
6530,Art. 6530: Criptografia
6531,Art. 6531: Modelos Probabilisticos
6532,Art. 6532: Realidad Aumentada
6533,Art. 6533: Software Seguro
6534,Art. 6534: Business Intelligence
6535,Art. 6535: Edge Computing
6536,Art. 6536: Algoritmos Predictivos
6537,Art. 6537: IoT y Domotica
6538,Art. 6538: Ciberseguridad
6539,Art. 6539: Riesgos Industriales con IA
6540,Art. 6540: Cloud Computing
6541,Art. 6541: Bases de Datos
6542,Art. 6542: Contenedores Docker
6543,Art. 6543: Machine Learning
6544,Art. 6544: Algoritmos Predictivos
6545,Art. 6545: Backtesting de Algoritmos
6546,Art. 6546: Big Data
6547,Art. 6547: Seguridad Industrial
6548,Art. 6548: Optimizacion SQL
6549,Art. 6549: Redes Neuronales
6550,Art. 6550: Software Seguro
6551,Art. 6551: Diseno de APIs REST
6552,Art. 6552: Modelos Probabilisticos
6553,Art. 6553: Mineria de Datos
6554,Art. 6554: Business Intelligence
6555,Art. 6555: Cloud Computing
6556,Art. 6556: Robotica Industrial
6557,Art. 6557: Diseno de APIs REST
6558,Art. 6558: Criptografia
6559,Art. 6559: Ciberseguridad
6560,Art. 6560: Redes Fisicas
6561,Art. 6561: Lenguaje Natural (NLP)
6562,Art. 6562: Modelos Probabilisticos
6563,Art. 6563: Robotica Industrial
6564,Art. 6564: Modelos Probabilisticos
6565,Art. 6565: Edge Computing
6566,Art. 6566: Software Seguro
6567,Art. 6567: Edge Computing
6568,Art. 6568: Modelos Probabilisticos
6569,Art. 6569: Criptografia
6570,Art. 6570: Desarrollo Movil
6571,Art. 6571: Cloud Computing
6572,Art. 6572: DevOps
6573,Art. 6573: Algoritmos Predictivos
6574,Art. 6574: Ingenieria de Software
6575,Art. 6575: DevOps
6576,Art. 6576: Ingenieria de Software
6577,Art. 6577: Backtesting de Algoritmos
6578,Art. 6578: Pipelines ETL
6579,Art. 6579: Automatizacion de Pruebas
6580,Art. 6580: Cloud Computing
6581,Art. 6581: Backtesting de Algoritmos
6582,Art. 6582: Modelos Probabilisticos
6583,Art. 6583: Ingenieria de Software
6584,Art. 6584: Realidad Aumentada
6585,Art. 6585: Robotica Industrial
6586,Art. 6586: Big Data
6587,Art. 6587: Business Intelligence
6588,Art. 6588: DevOps
6589,Art. 6589: Enrutamiento
6590,Art. 6590: Edge Computing
6591,Art. 6591: Bases de Datos
6592,Art. 6592: Blockchain
6593,Art. 6593: Modelos Probabilisticos
6594,Art. 6594: Diseno de APIs REST
6595,Art. 6595: Redes Fisicas
6596,Art. 6596: Vision Artificial
6597,Art. 6597: Lenguaje Natural (NLP)
6598,Art. 6598: Cableado Estructurado
6599,Art. 6599: Optimizacion SQL
6600,Art. 6600: Redes Fisicas
6601,Art. 6601: Sistemas Embebidos
6602,Art. 6602: SO Distribuidos
6603,Art. 6603: Cloud Computing
6604,Art. 6604: Robotica Industrial
6605,Art. 6605: DevOps
6606,Art. 6606: Enrutamiento
6607,Art. 6607: Machine Learning
6608,Art. 6608: Backtesting de Algoritmos
6609,Art. 6609: Criptografia
6610,Art. 6610: Pipelines ETL
6611,Art. 6611: Cloud Computing
6612,Art. 6612: Business Intelligence
6613,Art. 6613: Sistemas de Control
6614,Art. 6614: Ciberseguridad
6615,Art. 6615: Criptografia
6616,Art. 6616: Sistemas Embebidos
6617,Art. 6617: Optimizacion SQL
6618,Art. 6618: Redes Neuronales
6619,Art. 6619: Redes Neuronales
6620,Art. 6620: Optimizacion SQL
6621,Art. 6621: Ciberseguridad
6622,Art. 6622: Contenedores Docker
6623,Art. 6623: Vision Artificial
6624,Art. 6624: Robotica Industrial
6625,Art. 6625: Edge Computing
6626,Art. 6626: Software Seguro
6627,Art. 6627: Backtesting de Algoritmos
6628,Art. 6628: Microservicios
6629,Art. 6629: Telemetria
6630,Art. 6630: Enrutamiento
6631,Art. 6631: Algoritmos Predictivos
6632,Art. 6632: Diseno de APIs REST
6633,Art. 6633: Sistemas Embebidos
6634,Art. 6634: Riesgos Industriales con IA
6635,Art. 6635: Diseno de APIs REST
6636,Art. 6636: Algoritmos Predictivos
6637,Art. 6637: Vision Artificial
6638,Art. 6638: Diseno de APIs REST
6639,Art. 6639: Sistemas Embebidos
6640,Art. 6640: Bases de Datos
6641,Art. 6641: DevOps
6642,Art. 6642: Backtesting de Algoritmos
6643,Art. 6643: Diseno de APIs REST
6644,Art. 6644: Analisis Estadistico
6645,Art. 6645: Automatizacion de Pruebas
6646,Art. 6646: Computacion Cuantica
6647,Art. 6647: Telemetria
6648,Art. 6648: Enrutamiento
6649,Art. 6649: Ciberseguridad
6650,Art. 6650: Ingenieria de Software
6651,Art. 6651: Software Seguro
6652,Art. 6652: Automatizacion de Pruebas
6653,Art. 6653: Ciberseguridad
6654,Art. 6654: Seguridad Industrial
6655,Art. 6655: Software Seguro
6656,Art. 6656: Cloud Computing
6657,Art. 6657: Redes Neuronales
6658,Art. 6658: Criptografia
6659,Art. 6659: Redes Fisicas
6660,Art. 6660: Cloud Computing
6661,Art. 6661: Cableado Estructurado
6662,Art. 6662: Bases de Datos
6663,Art. 6663: Ciberseguridad
6664,Art. 6664: Software Seguro
6665,Art. 6665: Diseno de APIs REST
6666,Art. 6666: Robotica Industrial
6667,Art. 6667: Cableado Estructurado
6668,Art. 6668: Machine Learning
6669,Art. 6669: Enrutamiento
6670,Art. 6670: Analisis Estadistico
6671,Art. 6671: Ciberseguridad
6672,Art. 6672: Algoritmos Predictivos
6673,Art. 6673: Criptografia
6674,Art. 6674: Bases de Datos
6675,Art. 6675: Microservicios
6676,Art. 6676: Enrutamiento
6677,Art. 6677: Ciberseguridad
6678,Art. 6678: Algoritmos Predictivos
6679,Art. 6679: Realidad Aumentada
6680,Art. 6680: Contenedores Docker
6681,Art. 6681: Cloud Computing
6682,Art. 6682: Cableado Estructurado
6683,Art. 6683: Bases de Datos
6684,Art. 6684: Lenguaje Natural (NLP)
6685,Art. 6685: Big Data
6686,Art. 6686: Blockchain
6687,Art. 6687: Computacion Cuantica
6688,Art. 6688: Robotica Industrial
6689,Art. 6689: Desarrollo Movil
6690,Art. 6690: Analisis Estadistico
6691,Art. 6691: Sistemas Embebidos
6692,Art. 6692: Optimizacion SQL
6693,Art. 6693: Enrutamiento
6694,Art. 6694: Microservicios
6695,Art. 6695: IoT y Domotica
6696,Art. 6696: DevOps
6697,Art. 6697: Riesgos Industriales con IA
6698,Art. 6698: Algoritmos Predictivos
6699,Art. 6699: Riesgos Industriales con IA
6700,Art. 6700: Pipelines ETL
6701,Art. 6701: Machine Learning
6702,Art. 6702: Desarrollo Movil
6703,Art. 6703: SO Distribuidos
6704,Art. 6704: DevOps
6705,Art. 6705: Analisis Estadistico
6706,Art. 6706: Ciberseguridad
6707,Art. 6707: Automatizacion de Pruebas
6708,Art. 6708: SO Distribuidos
6709,Art. 6709: Criptografia
6710,Art. 6710: Lenguaje Natural (NLP)
6711,Art. 6711: Automatizacion de Pruebas
6712,Art. 6712: Blockchain
6713,Art. 6713: Cableado Estructurado
6714,Art. 6714: Machine Learning
6715,Art. 6715: Sistemas Embebidos
6716,Art. 6716: Ingenieria de Software
6717,Art. 6717: Cableado Estructurado
6718,Art. 6718: Blockchain
6719,Art. 6719: Business Intelligence
6720,Art. 6720: Big Data
6721,Art. 6721: DevOps
6722,Art. 6722: Machine Learning
6723,Art. 6723: Machine Learning
6724,Art. 6724: Edge Computing
6725,Art. 6725: Big Data
6726,Art. 6726: SO Distribuidos
6727,Art. 6727: Big Data
6728,Art. 6728: Ingenieria de Software
6729,Art. 6729: Sistemas de Control
6730,Art. 6730: DevOps
6731,Art. 6731: SO Distribuidos
6732,Art. 6732: Pipelines ETL
6733,Art. 6733: Redes Neuronales
6734,Art. 6734: Edge Computing
6735,Art. 6735: Big Data
6736,Art. 6736: DevOps
6737,Art. 6737: Backtesting de Algoritmos
6738,Art. 6738: Automatizacion de Pruebas
6739,Art. 6739: Criptografia
6740,Art. 6740: Telemetria
6741,Art. 6741: Software Seguro
6742,Art. 6742: IoT y Domotica
6743,Art. 6743: Lenguaje Natural (NLP)
6744,Art. 6744: Redes Fisicas
6745,Art. 6745: Modelos Probabilisticos
6746,Art. 6746: Robotica Industrial
6747,Art. 6747: Big Data
6748,Art. 6748: Lenguaje Natural (NLP)
6749,Art. 6749: Diseno de APIs REST
6750,Art. 6750: Analisis Estadistico
6751,Art. 6751: Desarrollo Movil
6752,Art. 6752: Redes Fisicas
6753,Art. 6753: Blockchain
6754,Art. 6754: Software Seguro
6755,Art. 6755: DevOps
6756,Art. 6756: Realidad Aumentada
6757,Art. 6757: Blockchain
6758,Art. 6758: Modelos Probabilisticos
6759,Art. 6759: Backtesting de Algoritmos
6760,Art. 6760: IoT y Domotica
6761,Art. 6761: Modelos Probabilisticos
6762,Art. 6762: SO Distribuidos
6763,Art. 6763: Ciberseguridad
6764,Art. 6764: Seguridad Industrial
6765,Art. 6765: Computacion Cuantica
6766,Art. 6766: Backtesting de Algoritmos
6767,Art. 6767: Big Data
6768,Art. 6768: Ciberseguridad
6769,Art. 6769: Modelos Probabilisticos
6770,Art. 6770: Ingenieria de Software
6771,Art. 6771: SO Distribuidos
6772,Art. 6772: Blockchain
6773,Art. 6773: Mineria de Datos
6774,Art. 6774: Analisis Estadistico
6775,Art. 6775: Cableado Estructurado
6776,Art. 6776: Edge Computing
6777,Art. 6777: Desarrollo Movil
6778,Art. 6778: Backtesting de Algoritmos
6779,Art. 6779: Big Data
6780,Art. 6780: Modelos Probabilisticos
6781,Art. 6781: Contenedores Docker
6782,Art. 6782: Optimizacion SQL
6783,Art. 6783: Automatizacion de Pruebas
6784,Art. 6784: Redes Neuronales
6785,Art. 6785: Cloud Computing
6786,Art. 6786: Desarrollo Movil
6787,Art. 6787: Robotica Industrial
6788,Art. 6788: Sistemas de Control
6789,Art. 6789: Automatizacion de Pruebas
6790,Art. 6790: Bases de Datos
6791,Art. 6791: Vision Artificial
6792,Art. 6792: Microservicios
6793,Art. 6793: SO Distribuidos
6794,Art. 6794: Desarrollo Movil
6795,Art. 6795: Redes Neuronales
6796,Art. 6796: Redes Neuronales
6797,Art. 6797: Redes Fisicas
6798,Art. 6798: Cableado Estructurado
6799,Art. 6799: Ciberseguridad
6800,Art. 6800: Realidad Aumentada
6801,Art. 6801: Business Intelligence
6802,Art. 6802: SO Distribuidos
6803,Art. 6803: Ciberseguridad
6804,Art. 6804: Algoritmos Predictivos
6805,Art. 6805: Modelos Probabilisticos
6806,Art. 6806: Lenguaje Natural (NLP)
6807,Art. 6807: Business Intelligence
6808,Art. 6808: Enrutamiento
6809,Art. 6809: Realidad Aumentada
6810,Art. 6810: Software Seguro
6811,Art. 6811: Blockchain
6812,Art. 6812: Robotica Industrial
6813,Art. 6813: SO Distribuidos
6814,Art. 6814: Cloud Computing
6815,Art. 6815: Diseno de APIs REST
6816,Art. 6816: Enrutamiento
6817,Art. 6817: Blockchain
6818,Art. 6818: Automatizacion de Pruebas
6819,Art. 6819: Computacion Cuantica
6820,Art. 6820: Optimizacion SQL
6821,Art. 6821: Sistemas Embebidos
6822,Art. 6822: Modelos Probabilisticos
6823,Art. 6823: Bases de Datos
6824,Art. 6824: Contenedores Docker
6825,Art. 6825: Riesgos Industriales con IA
6826,Art. 6826: Ingenieria de Software
6827,Art. 6827: Pipelines ETL
6828,Art. 6828: IoT y Domotica
6829,Art. 6829: Redes Fisicas
6830,Art. 6830: Computacion Cuantica
6831,Art. 6831: Machine Learning
6832,Art. 6832: Cloud Computing
6833,Art. 6833: Criptografia
6834,Art. 6834: DevOps
6835,Art. 6835: Automatizacion de Pruebas
6836,Art. 6836: Sistemas de Control
6837,Art. 6837: Redes Fisicas
6838,Art. 6838: Enrutamiento
6839,Art. 6839: Redes Neuronales
6840,Art. 6840: Diseno de APIs REST
6841,Art. 6841: Ingenieria de Software
6842,Art. 6842: Lenguaje Natural (NLP)
6843,Art. 6843: Sistemas de Control
6844,Art. 6844: Desarrollo Movil
6845,Art. 6845: Edge Computing
6846,Art. 6846: Seguridad Industrial
6847,Art. 6847: Realidad Aumentada
6848,Art. 6848: Machine Learning
6849,Art. 6849: Cloud Computing
6850,Art. 6850: Sistemas Embebidos
6851,Art. 6851: IoT y Domotica
6852,Art. 6852: Contenedores Docker
6853,Art. 6853: Redes Neuronales
6854,Art. 6854: Backtesting de Algoritmos
6855,Art. 6855: Business Intelligence
6856,Art. 6856: Bases de Datos
6857,Art. 6857: Riesgos Industriales con IA
6858,Art. 6858: Cloud Computing
6859,Art. 6859: Automatizacion de Pruebas
6860,Art. 6860: Diseno de APIs REST
6861,Art. 6861: Algoritmos Predictivos
6862,Art. 6862: Microservicios
6863,Art. 6863: Redes Fisicas
6864,Art. 6864: Seguridad Industrial
6865,Art. 6865: Analisis Estadistico
6866,Art. 6866: Criptografia
6867,Art. 6867: Redes Fisicas
6868,Art. 6868: Pipelines ETL
6869,Art. 6869: Redes Fisicas
6870,Art. 6870: Diseno de APIs REST
6871,Art. 6871: Machine Learning
6872,Art. 6872: Analisis Estadistico
6873,Art. 6873: SO Distribuidos
6874,Art. 6874: Sistemas de Control
6875,Art. 6875: Backtesting de Algoritmos
6876,Art. 6876: Bases de Datos
6877,Art. 6877: Edge Computing
6878,Art. 6878: Redes Fisicas
6879,Art. 6879: Diseno de APIs REST
6880,Art. 6880: Ingenieria de Software
6881,Art. 6881: Mineria de Datos
6882,Art. 6882: Computacion Cuantica
6883,Art. 6883: Cloud Computing
6884,Art. 6884: Machine Learning
6885,Art. 6885: Vision Artificial
6886,Art. 6886: Redes Fisicas
6887,Art. 6887: IoT y Domotica
6888,Art. 6888: Enrutamiento
6889,Art. 6889: Analisis Estadistico
6890,Art. 6890: Pipelines ETL
6891,Art. 6891: Backtesting de Algoritmos
6892,Art. 6892: Computacion Cuantica
6893,Art. 6893: Automatizacion de Pruebas
6894,Art. 6894: Backtesting de Algoritmos
6895,Art. 6895: DevOps
6896,Art. 6896: Vision Artificial
6897,Art. 6897: Backtesting de Algoritmos
6898,Art. 6898: Bases de Datos
6899,Art. 6899: Ingenieria de Software
6900,Art. 6900: Redes Neuronales
6901,Art. 6901: Cableado Estructurado
6902,Art. 6902: Computacion Cuantica
6903,Art. 6903: Lenguaje Natural (NLP)
6904,Art. 6904: Desarrollo Movil
6905,Art. 6905: Modelos Probabilisticos
6906,Art. 6906: Analisis Estadistico
6907,Art. 6907: Business Intelligence
6908,Art. 6908: Ingenieria de Software
6909,Art. 6909: Criptografia
6910,Art. 6910: Lenguaje Natural (NLP)
6911,Art. 6911: Enrutamiento
6912,Art. 6912: Edge Computing
6913,Art. 6913: Pipelines ETL
6914,Art. 6914: Modelos Probabilisticos
6915,Art. 6915: Redes Neuronales
6916,Art. 6916: Business Intelligence
6917,Art. 6917: Telemetria
6918,Art. 6918: Bases de Datos
6919,Art. 6919: Bases de Datos
6920,Art. 6920: DevOps
6921,Art. 6921: Desarrollo Movil
6922,Art. 6922: Ingenieria de Software
6923,Art. 6923: Big Data
6924,Art. 6924: Realidad Aumentada
6925,Art. 6925: IoT y Domotica
6926,Art. 6926: DevOps
6927,Art. 6927: Seguridad Industrial
6928,Art. 6928: Cloud Computing
6929,Art. 6929: Ciberseguridad
6930,Art. 6930: Lenguaje Natural (NLP)
6931,Art. 6931: Robotica Industrial
6932,Art. 6932: Cloud Computing
6933,Art. 6933: Mineria de Datos
6934,Art. 6934: Criptografia
6935,Art. 6935: Algoritmos Predictivos
6936,Art. 6936: Sistemas Embebidos
6937,Art. 6937: Ciberseguridad
6938,Art. 6938: Seguridad Industrial
6939,Art. 6939: Blockchain
6940,Art. 6940: Sistemas de Control
6941,Art. 6941: Automatizacion de Pruebas
6942,Art. 6942: Edge Computing
6943,Art. 6943: SO Distribuidos
6944,Art. 6944: Microservicios
6945,Art. 6945: SO Distribuidos
6946,Art. 6946: IoT y Domotica
6947,Art. 6947: Desarrollo Movil
6948,Art. 6948: Mineria de Datos
6949,Art. 6949: Vision Artificial
6950,Art. 6950: Optimizacion SQL
6951,Art. 6951: Enrutamiento
6952,Art. 6952: Pipelines ETL
6953,Art. 6953: Microservicios
6954,Art. 6954: Robotica Industrial
6955,Art. 6955: Machine Learning
6956,Art. 6956: Ciberseguridad
6957,Art. 6957: DevOps
6958,Art. 6958: Criptografia
6959,Art. 6959: Cloud Computing
6960,Art. 6960: Seguridad Industrial
6961,Art. 6961: IoT y Domotica
6962,Art. 6962: Backtesting de Algoritmos
6963,Art. 6963: DevOps
6964,Art. 6964: Pipelines ETL
6965,Art. 6965: Backtesting de Algoritmos
6966,Art. 6966: Optimizacion SQL
6967,Art. 6967: Robotica Industrial
6968,Art. 6968: Redes Fisicas
6969,Art. 6969: Ciberseguridad
6970,Art. 6970: Modelos Probabilisticos
6971,Art. 6971: Bases de Datos
6972,Art. 6972: Vision Artificial
6973,Art. 6973: Robotica Industrial
6974,Art. 6974: Desarrollo Movil
6975,Art. 6975: Redes Neuronales
6976,Art. 6976: Desarrollo Movil
6977,Art. 6977: Redes Neuronales
6978,Art. 6978: DevOps
6979,Art. 6979: Realidad Aumentada
6980,Art. 6980: SO Distribuidos
6981,Art. 6981: Contenedores Docker
6982,Art. 6982: Enrutamiento
6983,Art. 6983: Optimizacion SQL
6984,Art. 6984: Optimizacion SQL
6985,Art. 6985: Riesgos Industriales con IA
6986,Art. 6986: Cloud Computing
6987,Art. 6987: Big Data
6988,Art. 6988: Computacion Cuantica
6989,Art. 6989: Lenguaje Natural (NLP)
6990,Art. 6990: SO Distribuidos
6991,Art. 6991: Cloud Computing
6992,Art. 6992: Modelos Probabilisticos
6993,Art. 6993: Lenguaje Natural (NLP)
6994,Art. 6994: Modelos Probabilisticos
6995,Art. 6995: Sistemas de Control
6996,Art. 6996: Realidad Aumentada
6997,Art. 6997: Algoritmos Predictivos
6998,Art. 6998: Seguridad Industrial
6999,Art. 6999: Analisis Estadistico
7000,Art. 7000: Vision Artificial
7001,Art. 7001: Software Seguro
7002,Art. 7002: Redes Fisicas
7003,Art. 7003: Diseno de APIs REST
7004,Art. 7004: Diseno de APIs REST
7005,Art. 7005: Computacion Cuantica
7006,Art. 7006: Blockchain
7007,Art. 7007: Diseno de APIs REST
7008,Art. 7008: Redes Neuronales
7009,Art. 7009: Bases de Datos
7010,Art. 7010: Edge Computing
7011,Art. 7011: Lenguaje Natural (NLP)
7012,Art. 7012: Contenedores Docker
7013,Art. 7013: Software Seguro
7014,Art. 7014: Automatizacion de Pruebas
7015,Art. 7015: Ciberseguridad
7016,Art. 7016: Business Intelligence
7017,Art. 7017: Automatizacion de Pruebas
7018,Art. 7018: Realidad Aumentada
7019,Art. 7019: Redes Neuronales
7020,Art. 7020: Robotica Industrial
7021,Art. 7021: Enrutamiento
7022,Art. 7022: Sistemas Embebidos
7023,Art. 7023: Desarrollo Movil
7024,Art. 7024: Seguridad Industrial
7025,Art. 7025: Redes Fisicas
7026,Art. 7026: Algoritmos Predictivos
7027,Art. 7027: Redes Fisicas
7028,Art. 7028: Realidad Aumentada
7029,Art. 7029: DevOps
7030,Art. 7030: Sistemas de Control
7031,Art. 7031: Machine Learning
7032,Art. 7032: Contenedores Docker
7033,Art. 7033: Cloud Computing
7034,Art. 7034: IoT y Domotica
7035,Art. 7035: Robotica Industrial
7036,Art. 7036: Business Intelligence
7037,Art. 7037: Realidad Aumentada
7038,Art. 7038: Business Intelligence
7039,Art. 7039: Big Data
7040,Art. 7040: Machine Learning
7041,Art. 7041: Software Seguro
7042,Art. 7042: SO Distribuidos
7043,Art. 7043: Redes Fisicas
7044,Art. 7044: Robotica Industrial
7045,Art. 7045: Pipelines ETL
7046,Art. 7046: Sistemas de Control
7047,Art. 7047: Business Intelligence
7048,Art. 7048: Automatizacion de Pruebas
7049,Art. 7049: Robotica Industrial
7050,Art. 7050: Enrutamiento
7051,Art. 7051: Mineria de Datos
7052,Art. 7052: Desarrollo Movil
7053,Art. 7053: Business Intelligence
7054,Art. 7054: IoT y Domotica
7055,Art. 7055: SO Distribuidos
7056,Art. 7056: Redes Neuronales
7057,Art. 7057: Sistemas Embebidos
7058,Art. 7058: Microservicios
7059,Art. 7059: Redes Neuronales
7060,Art. 7060: Edge Computing
7061,Art. 7061: SO Distribuidos
7062,Art. 7062: Algoritmos Predictivos
7063,Art. 7063: Modelos Probabilisticos
7064,Art. 7064: Microservicios
7065,Art. 7065: DevOps
7066,Art. 7066: Big Data
7067,Art. 7067: Seguridad Industrial
7068,Art. 7068: Business Intelligence
7069,Art. 7069: Ciberseguridad
7070,Art. 7070: IoT y Domotica
7071,Art. 7071: Telemetria
7072,Art. 7072: Ingenieria de Software
7073,Art. 7073: IoT y Domotica
7074,Art. 7074: Mineria de Datos
7075,Art. 7075: Cloud Computing
7076,Art. 7076: Algoritmos Predictivos
7077,Art. 7077: Analisis Estadistico
7078,Art. 7078: Edge Computing
7079,Art. 7079: Redes Neuronales
7080,Art. 7080: Analisis Estadistico
7081,Art. 7081: Algoritmos Predictivos
7082,Art. 7082: Bases de Datos
7083,Art. 7083: Blockchain
7084,Art. 7084: Optimizacion SQL
7085,Art. 7085: Diseno de APIs REST
7086,Art. 7086: Telemetria
7087,Art. 7087: Pipelines ETL
7088,Art. 7088: Telemetria
7089,Art. 7089: Optimizacion SQL
7090,Art. 7090: Automatizacion de Pruebas
7091,Art. 7091: Mineria de Datos
7092,Art. 7092: Redes Fisicas
7093,Art. 7093: Mineria de Datos
7094,Art. 7094: IoT y Domotica
7095,Art. 7095: Modelos Probabilisticos
7096,Art. 7096: Sistemas Embebidos
7097,Art. 7097: Machine Learning
7098,Art. 7098: Criptografia
7099,Art. 7099: Enrutamiento
7100,Art. 7100: Big Data
7101,Art. 7101: Analisis Estadistico
7102,Art. 7102: Seguridad Industrial
7103,Art. 7103: Cableado Estructurado
7104,Art. 7104: Algoritmos Predictivos
7105,Art. 7105: Blockchain
7106,Art. 7106: Riesgos Industriales con IA
7107,Art. 7107: Backtesting de Algoritmos
7108,Art. 7108: Software Seguro
7109,Art. 7109: Ciberseguridad
7110,Art. 7110: Enrutamiento
7111,Art. 7111: Telemetria
7112,Art. 7112: Sistemas Embebidos
7113,Art. 7113: SO Distribuidos
7114,Art. 7114: Contenedores Docker
7115,Art. 7115: Backtesting de Algoritmos
7116,Art. 7116: Analisis Estadistico
7117,Art. 7117: Ingenieria de Software
7118,Art. 7118: Pipelines ETL
7119,Art. 7119: Desarrollo Movil
7120,Art. 7120: Cableado Estructurado
7121,Art. 7121: Realidad Aumentada
7122,Art. 7122: Bases de Datos
7123,Art. 7123: Criptografia
7124,Art. 7124: Optimizacion SQL
7125,Art. 7125: Automatizacion de Pruebas
7126,Art. 7126: Criptografia
7127,Art. 7127: Desarrollo Movil
7128,Art. 7128: Machine Learning
7129,Art. 7129: Vision Artificial
7130,Art. 7130: Blockchain
7131,Art. 7131: Criptografia
7132,Art. 7132: Microservicios
7133,Art. 7133: Pipelines ETL
7134,Art. 7134: Redes Neuronales
7135,Art. 7135: Software Seguro
7136,Art. 7136: Redes Fisicas
7137,Art. 7137: Redes Fisicas
7138,Art. 7138: Cableado Estructurado
7139,Art. 7139: Blockchain
7140,Art. 7140: Optimizacion SQL
7141,Art. 7141: Computacion Cuantica
7142,Art. 7142: Modelos Probabilisticos
7143,Art. 7143: Desarrollo Movil
7144,Art. 7144: Desarrollo Movil
7145,Art. 7145: Blockchain
7146,Art. 7146: IoT y Domotica
7147,Art. 7147: Pipelines ETL
7148,Art. 7148: Desarrollo Movil
7149,Art. 7149: Cloud Computing
7150,Art. 7150: Seguridad Industrial
7151,Art. 7151: Vision Artificial
7152,Art. 7152: Sistemas de Control
7153,Art. 7153: Vision Artificial
7154,Art. 7154: Realidad Aumentada
7155,Art. 7155: Contenedores Docker
7156,Art. 7156: Cableado Estructurado
7157,Art. 7157: Pipelines ETL
7158,Art. 7158: Business Intelligence
7159,Art. 7159: Seguridad Industrial
7160,Art. 7160: Automatizacion de Pruebas
7161,Art. 7161: Blockchain
7162,Art. 7162: Telemetria
7163,Art. 7163: Diseno de APIs REST
7164,Art. 7164: Criptografia
7165,Art. 7165: DevOps
7166,Art. 7166: DevOps
7167,Art. 7167: Lenguaje Natural (NLP)
7168,Art. 7168: Bases de Datos
7169,Art. 7169: Ingenieria de Software
7170,Art. 7170: Ciberseguridad
7171,Art. 7171: Enrutamiento
7172,Art. 7172: Vision Artificial
7173,Art. 7173: Microservicios
7174,Art. 7174: Automatizacion de Pruebas
7175,Art. 7175: Realidad Aumentada
7176,Art. 7176: Optimizacion SQL
7177,Art. 7177: Cableado Estructurado
7178,Art. 7178: Robotica Industrial
7179,Art. 7179: Software Seguro
7180,Art. 7180: Backtesting de Algoritmos
7181,Art. 7181: Lenguaje Natural (NLP)
7182,Art. 7182: Pipelines ETL
7183,Art. 7183: SO Distribuidos
7184,Art. 7184: Mineria de Datos
7185,Art. 7185: Business Intelligence
7186,Art. 7186: Analisis Estadistico
7187,Art. 7187: Diseno de APIs REST
7188,Art. 7188: Sistemas Embebidos
7189,Art. 7189: Cableado Estructurado
7190,Art. 7190: Pipelines ETL
7191,Art. 7191: Microservicios
7192,Art. 7192: Edge Computing
7193,Art. 7193: IoT y Domotica
7194,Art. 7194: Computacion Cuantica
7195,Art. 7195: Lenguaje Natural (NLP)
7196,Art. 7196: SO Distribuidos
7197,Art. 7197: SO Distribuidos
7198,Art. 7198: Vision Artificial
7199,Art. 7199: Pipelines ETL
7200,Art. 7200: Backtesting de Algoritmos
7201,Art. 7201: Telemetria
7202,Art. 7202: Bases de Datos
7203,Art. 7203: Business Intelligence
7204,Art. 7204: Lenguaje Natural (NLP)
7205,Art. 7205: Criptografia
7206,Art. 7206: Contenedores Docker
7207,Art. 7207: Computacion Cuantica
7208,Art. 7208: IoT y Domotica
7209,Art. 7209: Desarrollo Movil
7210,Art. 7210: Mineria de Datos
7211,Art. 7211: Edge Computing
7212,Art. 7212: Redes Neuronales
7213,Art. 7213: Edge Computing
7214,Art. 7214: Enrutamiento
7215,Art. 7215: Vision Artificial
7216,Art. 7216: Cableado Estructurado
7217,Art. 7217: Business Intelligence
7218,Art. 7218: Modelos Probabilisticos
7219,Art. 7219: Seguridad Industrial
7220,Art. 7220: Enrutamiento
7221,Art. 7221: Seguridad Industrial
7222,Art. 7222: Vision Artificial
7223,Art. 7223: Business Intelligence
7224,Art. 7224: Bases de Datos
7225,Art. 7225: Blockchain
7226,Art. 7226: Blockchain
7227,Art. 7227: Realidad Aumentada
7228,Art. 7228: DevOps
7229,Art. 7229: SO Distribuidos
7230,Art. 7230: Cableado Estructurado
7231,Art. 7231: Telemetria
7232,Art. 7232: Big Data
7233,Art. 7233: Machine Learning
7234,Art. 7234: Microservicios
7235,Art. 7235: Redes Neuronales
7236,Art. 7236: Blockchain
7237,Art. 7237: Seguridad Industrial
7238,Art. 7238: Bases de Datos
7239,Art. 7239: Criptografia
7240,Art. 7240: Redes Fisicas
7241,Art. 7241: Enrutamiento
7242,Art. 7242: Modelos Probabilisticos
7243,Art. 7243: Cloud Computing
7244,Art. 7244: Vision Artificial
7245,Art. 7245: Big Data
7246,Art. 7246: Machine Learning
7247,Art. 7247: Seguridad Industrial
7248,Art. 7248: Vision Artificial
7249,Art. 7249: Microservicios
7250,Art. 7250: Cableado Estructurado
7251,Art. 7251: Pipelines ETL
7252,Art. 7252: Mineria de Datos
7253,Art. 7253: Big Data
7254,Art. 7254: Analisis Estadistico
7255,Art. 7255: Seguridad Industrial
7256,Art. 7256: Microservicios
7257,Art. 7257: SO Distribuidos
7258,Art. 7258: Machine Learning
7259,Art. 7259: Mineria de Datos
7260,Art. 7260: Redes Fisicas
7261,Art. 7261: Cloud Computing
7262,Art. 7262: Automatizacion de Pruebas
7263,Art. 7263: Contenedores Docker
7264,Art. 7264: Mineria de Datos
7265,Art. 7265: Big Data
7266,Art. 7266: Ciberseguridad
7267,Art. 7267: Backtesting de Algoritmos
7268,Art. 7268: Diseno de APIs REST
7269,Art. 7269: Ciberseguridad
7270,Art. 7270: Redes Neuronales
7271,Art. 7271: Algoritmos Predictivos
7272,Art. 7272: Microservicios
7273,Art. 7273: Diseno de APIs REST
7274,Art. 7274: Ingenieria de Software
7275,Art. 7275: Machine Learning
7276,Art. 7276: Sistemas Embebidos
7277,Art. 7277: Enrutamiento
7278,Art. 7278: Vision Artificial
7279,Art. 7279: Business Intelligence
7280,Art. 7280: Algoritmos Predictivos
7281,Art. 7281: Telemetria
7282,Art. 7282: Business Intelligence
7283,Art. 7283: Telemetria
7284,Art. 7284: Redes Neuronales
7285,Art. 7285: Cableado Estructurado
7286,Art. 7286: Seguridad Industrial
7287,Art. 7287: Vision Artificial
7288,Art. 7288: Analisis Estadistico
7289,Art. 7289: Riesgos Industriales con IA
7290,Art. 7290: Contenedores Docker
7291,Art. 7291: Algoritmos Predictivos
7292,Art. 7292: Criptografia
7293,Art. 7293: Sistemas de Control
7294,Art. 7294: Automatizacion de Pruebas
7295,Art. 7295: Computacion Cuantica
7296,Art. 7296: Machine Learning
7297,Art. 7297: Edge Computing
7298,Art. 7298: Microservicios
7299,Art. 7299: Analisis Estadistico
7300,Art. 7300: Pipelines ETL
7301,Art. 7301: Lenguaje Natural (NLP)
7302,Art. 7302: Enrutamiento
7303,Art. 7303: Enrutamiento
7304,Art. 7304: Seguridad Industrial
7305,Art. 7305: Software Seguro
7306,Art. 7306: Backtesting de Algoritmos
7307,Art. 7307: Riesgos Industriales con IA
7308,Art. 7308: Automatizacion de Pruebas
7309,Art. 7309: Backtesting de Algoritmos
7310,Art. 7310: SO Distribuidos
7311,Art. 7311: Redes Neuronales
7312,Art. 7312: Edge Computing
7313,Art. 7313: Criptografia
7314,Art. 7314: Lenguaje Natural (NLP)
7315,Art. 7315: Analisis Estadistico
7316,Art. 7316: Analisis Estadistico
7317,Art. 7317: Microservicios
7318,Art. 7318: Algoritmos Predictivos
7319,Art. 7319: Pipelines ETL
7320,Art. 7320: Redes Fisicas
7321,Art. 7321: Riesgos Industriales con IA
7322,Art. 7322: Machine Learning
7323,Art. 7323: Lenguaje Natural (NLP)
7324,Art. 7324: Machine Learning
7325,Art. 7325: Vision Artificial
7326,Art. 7326: Computacion Cuantica
7327,Art. 7327: Ingenieria de Software
7328,Art. 7328: Blockchain
7329,Art. 7329: Machine Learning
7330,Art. 7330: Cloud Computing
7331,Art. 7331: Edge Computing
7332,Art. 7332: IoT y Domotica
7333,Art. 7333: Diseno de APIs REST
7334,Art. 7334: Contenedores Docker
7335,Art. 7335: DevOps
7336,Art. 7336: Big Data
7337,Art. 7337: Criptografia
7338,Art. 7338: Mineria de Datos
7339,Art. 7339: Machine Learning
7340,Art. 7340: Robotica Industrial
7341,Art. 7341: SO Distribuidos
7342,Art. 7342: Ingenieria de Software
7343,Art. 7343: SO Distribuidos
7344,Art. 7344: Backtesting de Algoritmos
7345,Art. 7345: Machine Learning
7346,Art. 7346: Vision Artificial
7347,Art. 7347: Redes Neuronales
7348,Art. 7348: Algoritmos Predictivos
7349,Art. 7349: SO Distribuidos
7350,Art. 7350: Desarrollo Movil
7351,Art. 7351: Analisis Estadistico
7352,Art. 7352: Cableado Estructurado
7353,Art. 7353: Redes Neuronales
7354,Art. 7354: Big Data
7355,Art. 7355: Optimizacion SQL
7356,Art. 7356: Computacion Cuantica
7357,Art. 7357: Backtesting de Algoritmos
7358,Art. 7358: Business Intelligence
7359,Art. 7359: Pipelines ETL
7360,Art. 7360: Redes Fisicas
7361,Art. 7361: Redes Neuronales
7362,Art. 7362: Lenguaje Natural (NLP)
7363,Art. 7363: Desarrollo Movil
7364,Art. 7364: Analisis Estadistico
7365,Art. 7365: SO Distribuidos
7366,Art. 7366: Robotica Industrial
7367,Art. 7367: Vision Artificial
7368,Art. 7368: Lenguaje Natural (NLP)
7369,Art. 7369: Bases de Datos
7370,Art. 7370: Sistemas de Control
7371,Art. 7371: Bases de Datos
7372,Art. 7372: Ciberseguridad
7373,Art. 7373: Pipelines ETL
7374,Art. 7374: Blockchain
7375,Art. 7375: Algoritmos Predictivos
7376,Art. 7376: Telemetria
7377,Art. 7377: Business Intelligence
7378,Art. 7378: Microservicios
7379,Art. 7379: Cableado Estructurado
7380,Art. 7380: Robotica Industrial
7381,Art. 7381: Big Data
7382,Art. 7382: Software Seguro
7383,Art. 7383: Redes Neuronales
7384,Art. 7384: Diseno de APIs REST
7385,Art. 7385: IoT y Domotica
7386,Art. 7386: Big Data
7387,Art. 7387: Algoritmos Predictivos
7388,Art. 7388: Redes Neuronales
7389,Art. 7389: Redes Fisicas
7390,Art. 7390: Telemetria
7391,Art. 7391: Analisis Estadistico
7392,Art. 7392: Criptografia
7393,Art. 7393: Redes Neuronales
7394,Art. 7394: Sistemas Embebidos
7395,Art. 7395: Riesgos Industriales con IA
7396,Art. 7396: Enrutamiento
7397,Art. 7397: Computacion Cuantica
7398,Art. 7398: Diseno de APIs REST
7399,Art. 7399: Diseno de APIs REST
7400,Art. 7400: Diseno de APIs REST
7401,Art. 7401: Vision Artificial
7402,Art. 7402: Criptografia
7403,Art. 7403: Redes Neuronales
7404,Art. 7404: Telemetria
7405,Art. 7405: Bases de Datos
7406,Art. 7406: Mineria de Datos
7407,Art. 7407: Optimizacion SQL
7408,Art. 7408: Cloud Computing
7409,Art. 7409: Computacion Cuantica
7410,Art. 7410: Contenedores Docker
7411,Art. 7411: Automatizacion de Pruebas
7412,Art. 7412: Sistemas de Control
7413,Art. 7413: Enrutamiento
7414,Art. 7414: Machine Learning
7415,Art. 7415: Edge Computing
7416,Art. 7416: Modelos Probabilisticos
7417,Art. 7417: Algoritmos Predictivos
7418,Art. 7418: Ciberseguridad
7419,Art. 7419: Seguridad Industrial
7420,Art. 7420: Big Data
7421,Art. 7421: Ingenieria de Software
7422,Art. 7422: Algoritmos Predictivos
7423,Art. 7423: Software Seguro
7424,Art. 7424: Diseno de APIs REST
7425,Art. 7425: Sistemas de Control
7426,Art. 7426: Algoritmos Predictivos
7427,Art. 7427: SO Distribuidos
7428,Art. 7428: Software Seguro
7429,Art. 7429: Business Intelligence
7430,Art. 7430: Algoritmos Predictivos
7431,Art. 7431: Sistemas Embebidos
7432,Art. 7432: Seguridad Industrial
7433,Art. 7433: Backtesting de Algoritmos
7434,Art. 7434: Vision Artificial
7435,Art. 7435: Software Seguro
7436,Art. 7436: Modelos Probabilisticos
7437,Art. 7437: Contenedores Docker
7438,Art. 7438: Seguridad Industrial
7439,Art. 7439: IoT y Domotica
7440,Art. 7440: Ingenieria de Software
7441,Art. 7441: Vision Artificial
7442,Art. 7442: Backtesting de Algoritmos
7443,Art. 7443: Seguridad Industrial
7444,Art. 7444: Mineria de Datos
7445,Art. 7445: Machine Learning
7446,Art. 7446: IoT y Domotica
7447,Art. 7447: IoT y Domotica
7448,Art. 7448: Pipelines ETL
7449,Art. 7449: Riesgos Industriales con IA
7450,Art. 7450: Business Intelligence
7451,Art. 7451: Redes Neuronales
7452,Art. 7452: Optimizacion SQL
7453,Art. 7453: Redes Fisicas
7454,Art. 7454: Modelos Probabilisticos
7455,Art. 7455: Big Data
7456,Art. 7456: Algoritmos Predictivos
7457,Art. 7457: Business Intelligence
7458,Art. 7458: Riesgos Industriales con IA
7459,Art. 7459: DevOps
7460,Art. 7460: Computacion Cuantica
7461,Art. 7461: Ingenieria de Software
7462,Art. 7462: Automatizacion de Pruebas
7463,Art. 7463: Microservicios
7464,Art. 7464: Ingenieria de Software
7465,Art. 7465: Sistemas Embebidos
7466,Art. 7466: Vision Artificial
7467,Art. 7467: Lenguaje Natural (NLP)
7468,Art. 7468: Ciberseguridad
7469,Art. 7469: Realidad Aumentada
7470,Art. 7470: Edge Computing
7471,Art. 7471: Blockchain
7472,Art. 7472: Diseno de APIs REST
7473,Art. 7473: Bases de Datos
7474,Art. 7474: Algoritmos Predictivos
7475,Art. 7475: IoT y Domotica
7476,Art. 7476: Realidad Aumentada
7477,Art. 7477: Analisis Estadistico
7478,Art. 7478: Software Seguro
7479,Art. 7479: Sistemas de Control
7480,Art. 7480: Desarrollo Movil
7481,Art. 7481: Microservicios
7482,Art. 7482: Business Intelligence
7483,Art. 7483: Desarrollo Movil
7484,Art. 7484: Modelos Probabilisticos
7485,Art. 7485: Modelos Probabilisticos
7486,Art. 7486: Seguridad Industrial
7487,Art. 7487: Enrutamiento
7488,Art. 7488: Riesgos Industriales con IA
7489,Art. 7489: Optimizacion SQL
7490,Art. 7490: Ciberseguridad
7491,Art. 7491: Modelos Probabilisticos
7492,Art. 7492: Machine Learning
7493,Art. 7493: Business Intelligence
7494,Art. 7494: Machine Learning
7495,Art. 7495: Blockchain
7496,Art. 7496: Criptografia
7497,Art. 7497: Vision Artificial
7498,Art. 7498: Big Data
7499,Art. 7499: Optimizacion SQL
7500,Art. 7500: Bases de Datos
7501,Art. 7501: Telemetria
7502,Art. 7502: Realidad Aumentada
7503,Art. 7503: Riesgos Industriales con IA
7504,Art. 7504: Big Data
7505,Art. 7505: Bases de Datos
7506,Art. 7506: Software Seguro
7507,Art. 7507: Backtesting de Algoritmos
7508,Art. 7508: Bases de Datos
7509,Art. 7509: Machine Learning
7510,Art. 7510: Vision Artificial
7511,Art. 7511: Redes Neuronales
7512,Art. 7512: Telemetria
7513,Art. 7513: Enrutamiento
7514,Art. 7514: Ingenieria de Software
7515,Art. 7515: Ciberseguridad
7516,Art. 7516: Criptografia
7517,Art. 7517: Riesgos Industriales con IA
7518,Art. 7518: IoT y Domotica
7519,Art. 7519: Edge Computing
7520,Art. 7520: Enrutamiento
7521,Art. 7521: Desarrollo Movil
7522,Art. 7522: Cloud Computing
7523,Art. 7523: Blockchain
7524,Art. 7524: Redes Neuronales
7525,Art. 7525: Seguridad Industrial
7526,Art. 7526: Edge Computing
7527,Art. 7527: Redes Fisicas
7528,Art. 7528: DevOps
7529,Art. 7529: Cloud Computing
7530,Art. 7530: Cableado Estructurado
7531,Art. 7531: Enrutamiento
7532,Art. 7532: Enrutamiento
7533,Art. 7533: Cloud Computing
7534,Art. 7534: Redes Neuronales
7535,Art. 7535: Edge Computing
7536,Art. 7536: Mineria de Datos
7537,Art. 7537: Redes Neuronales
7538,Art. 7538: Criptografia
7539,Art. 7539: Microservicios
7540,Art. 7540: Robotica Industrial
7541,Art. 7541: Computacion Cuantica
7542,Art. 7542: Computacion Cuantica
7543,Art. 7543: Computacion Cuantica
7544,Art. 7544: Computacion Cuantica
7545,Art. 7545: Big Data
7546,Art. 7546: Ingenieria de Software
7547,Art. 7547: Pipelines ETL
7548,Art. 7548: Diseno de APIs REST
7549,Art. 7549: Bases de Datos
7550,Art. 7550: SO Distribuidos
7551,Art. 7551: Redes Neuronales
7552,Art. 7552: Cableado Estructurado
7553,Art. 7553: Edge Computing
7554,Art. 7554: Redes Fisicas
7555,Art. 7555: Computacion Cuantica
7556,Art. 7556: Big Data
7557,Art. 7557: Redes Neuronales
7558,Art. 7558: Telemetria
7559,Art. 7559: Blockchain
7560,Art. 7560: Edge Computing
7561,Art. 7561: Ciberseguridad
7562,Art. 7562: Redes Neuronales
7563,Art. 7563: Bases de Datos
7564,Art. 7564: Machine Learning
7565,Art. 7565: Microservicios
7566,Art. 7566: Cableado Estructurado
7567,Art. 7567: Sistemas Embebidos
7568,Art. 7568: Seguridad Industrial
7569,Art. 7569: Realidad Aumentada
7570,Art. 7570: Algoritmos Predictivos
7571,Art. 7571: Enrutamiento
7572,Art. 7572: Backtesting de Algoritmos
7573,Art. 7573: Business Intelligence
7574,Art. 7574: Optimizacion SQL
7575,Art. 7575: Analisis Estadistico
7576,Art. 7576: Sistemas Embebidos
7577,Art. 7577: Ciberseguridad
7578,Art. 7578: Blockchain
7579,Art. 7579: Robotica Industrial
7580,Art. 7580: Criptografia
7581,Art. 7581: Backtesting de Algoritmos
7582,Art. 7582: Big Data
7583,Art. 7583: Diseno de APIs REST
7584,Art. 7584: IoT y Domotica
7585,Art. 7585: SO Distribuidos
7586,Art. 7586: Ciberseguridad
7587,Art. 7587: Cableado Estructurado
7588,Art. 7588: Lenguaje Natural (NLP)
7589,Art. 7589: Machine Learning
7590,Art. 7590: Blockchain
7591,Art. 7591: Backtesting de Algoritmos
7592,Art. 7592: Automatizacion de Pruebas
7593,Art. 7593: Business Intelligence
7594,Art. 7594: Mineria de Datos
7595,Art. 7595: Blockchain
7596,Art. 7596: Contenedores Docker
7597,Art. 7597: Criptografia
7598,Art. 7598: Analisis Estadistico
7599,Art. 7599: Cableado Estructurado
7600,Art. 7600: Cableado Estructurado
7601,Art. 7601: IoT y Domotica
7602,Art. 7602: Big Data
7603,Art. 7603: Big Data
7604,Art. 7604: Microservicios
7605,Art. 7605: Ciberseguridad
7606,Art. 7606: Edge Computing
7607,Art. 7607: Realidad Aumentada
7608,Art. 7608: Desarrollo Movil
7609,Art. 7609: Modelos Probabilisticos
7610,Art. 7610: Analisis Estadistico
7611,Art. 7611: Software Seguro
7612,Art. 7612: Ingenieria de Software
7613,Art. 7613: Vision Artificial
7614,Art. 7614: Microservicios
7615,Art. 7615: Computacion Cuantica
7616,Art. 7616: Sistemas Embebidos
7617,Art. 7617: Backtesting de Algoritmos
7618,Art. 7618: Software Seguro
7619,Art. 7619: Bases de Datos
7620,Art. 7620: Robotica Industrial
7621,Art. 7621: Pipelines ETL
7622,Art. 7622: Diseno de APIs REST
7623,Art. 7623: SO Distribuidos
7624,Art. 7624: Algoritmos Predictivos
7625,Art. 7625: Sistemas Embebidos
7626,Art. 7626: Microservicios
7627,Art. 7627: Edge Computing
7628,Art. 7628: Edge Computing
7629,Art. 7629: Realidad Aumentada
7630,Art. 7630: Cloud Computing
7631,Art. 7631: Diseno de APIs REST
7632,Art. 7632: Analisis Estadistico
7633,Art. 7633: Optimizacion SQL
7634,Art. 7634: Edge Computing
7635,Art. 7635: Realidad Aumentada
7636,Art. 7636: DevOps
7637,Art. 7637: Ingenieria de Software
7638,Art. 7638: Ingenieria de Software
7639,Art. 7639: Diseno de APIs REST
7640,Art. 7640: Lenguaje Natural (NLP)
7641,Art. 7641: Riesgos Industriales con IA
7642,Art. 7642: Cableado Estructurado
7643,Art. 7643: Computacion Cuantica
7644,Art. 7644: Ciberseguridad
7645,Art. 7645: Seguridad Industrial
7646,Art. 7646: Ingenieria de Software
7647,Art. 7647: Mineria de Datos
7648,Art. 7648: Desarrollo Movil
7649,Art. 7649: SO Distribuidos
7650,Art. 7650: Sistemas de Control
7651,Art. 7651: Robotica Industrial
7652,Art. 7652: Mineria de Datos
7653,Art. 7653: Vision Artificial
7654,Art. 7654: Bases de Datos
7655,Art. 7655: Business Intelligence
7656,Art. 7656: Redes Fisicas
7657,Art. 7657: Diseno de APIs REST
7658,Art. 7658: Software Seguro
7659,Art. 7659: Seguridad Industrial
7660,Art. 7660: Bases de Datos
7661,Art. 7661: Sistemas Embebidos
7662,Art. 7662: Contenedores Docker
7663,Art. 7663: Telemetria
7664,Art. 7664: Cableado Estructurado
7665,Art. 7665: Automatizacion de Pruebas
7666,Art. 7666: DevOps
7667,Art. 7667: Seguridad Industrial
7668,Art. 7668: Sistemas Embebidos
7669,Art. 7669: Cloud Computing
7670,Art. 7670: Cableado Estructurado
7671,Art. 7671: Analisis Estadistico
7672,Art. 7672: Big Data
7673,Art. 7673: Blockchain
7674,Art. 7674: Optimizacion SQL
7675,Art. 7675: Mineria de Datos
7676,Art. 7676: IoT y Domotica
7677,Art. 7677: Sistemas Embebidos
7678,Art. 7678: Sistemas de Control
7679,Art. 7679: Desarrollo Movil
7680,Art. 7680: Edge Computing
7681,Art. 7681: Criptografia
7682,Art. 7682: Sistemas de Control
7683,Art. 7683: Pipelines ETL
7684,Art. 7684: Robotica Industrial
7685,Art. 7685: Automatizacion de Pruebas
7686,Art. 7686: Pipelines ETL
7687,Art. 7687: Business Intelligence
7688,Art. 7688: Analisis Estadistico
7689,Art. 7689: IoT y Domotica
7690,Art. 7690: SO Distribuidos
7691,Art. 7691: Modelos Probabilisticos
7692,Art. 7692: Lenguaje Natural (NLP)
7693,Art. 7693: Bases de Datos
7694,Art. 7694: Lenguaje Natural (NLP)
7695,Art. 7695: Redes Fisicas
7696,Art. 7696: Criptografia
7697,Art. 7697: Pipelines ETL
7698,Art. 7698: Robotica Industrial
7699,Art. 7699: Enrutamiento
7700,Art. 7700: Criptografia
7701,Art. 7701: Automatizacion de Pruebas
7702,Art. 7702: Sistemas Embebidos
7703,Art. 7703: Bases de Datos
7704,Art. 7704: Ciberseguridad
7705,Art. 7705: Diseno de APIs REST
7706,Art. 7706: Contenedores Docker
7707,Art. 7707: Diseno de APIs REST
7708,Art. 7708: Software Seguro
7709,Art. 7709: Computacion Cuantica
7710,Art. 7710: Redes Fisicas
7711,Art. 7711: Cloud Computing
7712,Art. 7712: Mineria de Datos
7713,Art. 7713: Backtesting de Algoritmos
7714,Art. 7714: Redes Fisicas
7715,Art. 7715: Robotica Industrial
7716,Art. 7716: Lenguaje Natural (NLP)
7717,Art. 7717: Mineria de Datos
7718,Art. 7718: Ingenieria de Software
7719,Art. 7719: Diseno de APIs REST
7720,Art. 7720: Desarrollo Movil
7721,Art. 7721: SO Distribuidos
7722,Art. 7722: DevOps
7723,Art. 7723: Realidad Aumentada
7724,Art. 7724: Cableado Estructurado
7725,Art. 7725: Cableado Estructurado
7726,Art. 7726: Modelos Probabilisticos
7727,Art. 7727: Blockchain
7728,Art. 7728: Redes Neuronales
7729,Art. 7729: Desarrollo Movil
7730,Art. 7730: Robotica Industrial
7731,Art. 7731: Ingenieria de Software
7732,Art. 7732: SO Distribuidos
7733,Art. 7733: Telemetria
7734,Art. 7734: Edge Computing
7735,Art. 7735: DevOps
7736,Art. 7736: Cloud Computing
7737,Art. 7737: Enrutamiento
7738,Art. 7738: Vision Artificial
7739,Art. 7739: Vision Artificial
7740,Art. 7740: Seguridad Industrial
7741,Art. 7741: Lenguaje Natural (NLP)
7742,Art. 7742: Optimizacion SQL
7743,Art. 7743: Ingenieria de Software
7744,Art. 7744: SO Distribuidos
7745,Art. 7745: Algoritmos Predictivos
7746,Art. 7746: Redes Neuronales
7747,Art. 7747: IoT y Domotica
7748,Art. 7748: Redes Neuronales
7749,Art. 7749: Telemetria
7750,Art. 7750: Mineria de Datos
7751,Art. 7751: Mineria de Datos
7752,Art. 7752: Pipelines ETL
7753,Art. 7753: Backtesting de Algoritmos
7754,Art. 7754: Telemetria
7755,Art. 7755: Robotica Industrial
7756,Art. 7756: Bases de Datos
7757,Art. 7757: Microservicios
7758,Art. 7758: Cableado Estructurado
7759,Art. 7759: Sistemas de Control
7760,Art. 7760: Modelos Probabilisticos
7761,Art. 7761: Robotica Industrial
7762,Art. 7762: Contenedores Docker
7763,Art. 7763: SO Distribuidos
7764,Art. 7764: Optimizacion SQL
7765,Art. 7765: Backtesting de Algoritmos
7766,Art. 7766: Redes Fisicas
7767,Art. 7767: Criptografia
7768,Art. 7768: Sistemas Embebidos
7769,Art. 7769: Criptografia
7770,Art. 7770: Computacion Cuantica
7771,Art. 7771: Ciberseguridad
7772,Art. 7772: Big Data
7773,Art. 7773: Analisis Estadistico
7774,Art. 7774: Desarrollo Movil
7775,Art. 7775: Modelos Probabilisticos
7776,Art. 7776: Backtesting de Algoritmos
7777,Art. 7777: Microservicios
7778,Art. 7778: Big Data
7779,Art. 7779: Big Data
7780,Art. 7780: Machine Learning
7781,Art. 7781: Seguridad Industrial
7782,Art. 7782: Business Intelligence
7783,Art. 7783: Bases de Datos
7784,Art. 7784: Algoritmos Predictivos
7785,Art. 7785: Algoritmos Predictivos
7786,Art. 7786: Lenguaje Natural (NLP)
7787,Art. 7787: Seguridad Industrial
7788,Art. 7788: Criptografia
7789,Art. 7789: IoT y Domotica
7790,Art. 7790: SO Distribuidos
7791,Art. 7791: Mineria de Datos
7792,Art. 7792: Backtesting de Algoritmos
7793,Art. 7793: Telemetria
7794,Art. 7794: Analisis Estadistico
7795,Art. 7795: Telemetria
7796,Art. 7796: Big Data
7797,Art. 7797: Computacion Cuantica
7798,Art. 7798: Analisis Estadistico
7799,Art. 7799: Modelos Probabilisticos
7800,Art. 7800: Cableado Estructurado
7801,Art. 7801: Vision Artificial
7802,Art. 7802: Diseno de APIs REST
7803,Art. 7803: Business Intelligence
7804,Art. 7804: Microservicios
7805,Art. 7805: Telemetria
7806,Art. 7806: Sistemas de Control
7807,Art. 7807: DevOps
7808,Art. 7808: Ingenieria de Software
7809,Art. 7809: IoT y Domotica
7810,Art. 7810: Bases de Datos
7811,Art. 7811: Ingenieria de Software
7812,Art. 7812: Computacion Cuantica
7813,Art. 7813: Realidad Aumentada
7814,Art. 7814: SO Distribuidos
7815,Art. 7815: Lenguaje Natural (NLP)
7816,Art. 7816: Robotica Industrial
7817,Art. 7817: Ciberseguridad
7818,Art. 7818: Computacion Cuantica
7819,Art. 7819: Lenguaje Natural (NLP)
7820,Art. 7820: Redes Fisicas
7821,Art. 7821: Analisis Estadistico
7822,Art. 7822: Backtesting de Algoritmos
7823,Art. 7823: Lenguaje Natural (NLP)
7824,Art. 7824: Pipelines ETL
7825,Art. 7825: Desarrollo Movil
7826,Art. 7826: Backtesting de Algoritmos
7827,Art. 7827: Vision Artificial
7828,Art. 7828: Enrutamiento
7829,Art. 7829: Computacion Cuantica
7830,Art. 7830: Mineria de Datos
7831,Art. 7831: Telemetria
7832,Art. 7832: Analisis Estadistico
7833,Art. 7833: Optimizacion SQL
7834,Art. 7834: Realidad Aumentada
7835,Art. 7835: Vision Artificial
7836,Art. 7836: Cloud Computing
7837,Art. 7837: Edge Computing
7838,Art. 7838: DevOps
7839,Art. 7839: SO Distribuidos
7840,Art. 7840: Big Data
7841,Art. 7841: Blockchain
7842,Art. 7842: Redes Fisicas
7843,Art. 7843: IoT y Domotica
7844,Art. 7844: Computacion Cuantica
7845,Art. 7845: Sistemas Embebidos
7846,Art. 7846: Ciberseguridad
7847,Art. 7847: Desarrollo Movil
7848,Art. 7848: Contenedores Docker
7849,Art. 7849: Bases de Datos
7850,Art. 7850: Redes Fisicas
7851,Art. 7851: Pipelines ETL
7852,Art. 7852: Pipelines ETL
7853,Art. 7853: Telemetria
7854,Art. 7854: Business Intelligence
7855,Art. 7855: Bases de Datos
7856,Art. 7856: Modelos Probabilisticos
7857,Art. 7857: Realidad Aumentada
7858,Art. 7858: DevOps
7859,Art. 7859: Edge Computing
7860,Art. 7860: Big Data
7861,Art. 7861: Sistemas de Control
7862,Art. 7862: Realidad Aumentada
7863,Art. 7863: Redes Fisicas
7864,Art. 7864: Telemetria
7865,Art. 7865: Pipelines ETL
7866,Art. 7866: Big Data
7867,Art. 7867: Cableado Estructurado
7868,Art. 7868: Robotica Industrial
7869,Art. 7869: Edge Computing
7870,Art. 7870: Modelos Probabilisticos
7871,Art. 7871: Sistemas de Control
7872,Art. 7872: Vision Artificial
7873,Art. 7873: Blockchain
7874,Art. 7874: Edge Computing
7875,Art. 7875: Seguridad Industrial
7876,Art. 7876: Redes Neuronales
7877,Art. 7877: Mineria de Datos
7878,Art. 7878: Ingenieria de Software
7879,Art. 7879: Modelos Probabilisticos
7880,Art. 7880: Algoritmos Predictivos
7881,Art. 7881: Desarrollo Movil
7882,Art. 7882: Redes Neuronales
7883,Art. 7883: Seguridad Industrial
7884,Art. 7884: Microservicios
7885,Art. 7885: Analisis Estadistico
7886,Art. 7886: Diseno de APIs REST
7887,Art. 7887: Cloud Computing
7888,Art. 7888: Ingenieria de Software
7889,Art. 7889: Analisis Estadistico
7890,Art. 7890: Microservicios
7891,Art. 7891: Telemetria
7892,Art. 7892: Realidad Aumentada
7893,Art. 7893: Microservicios
7894,Art. 7894: DevOps
7895,Art. 7895: Edge Computing
7896,Art. 7896: Backtesting de Algoritmos
7897,Art. 7897: Robotica Industrial
7898,Art. 7898: Machine Learning
7899,Art. 7899: Enrutamiento
7900,Art. 7900: Machine Learning
7901,Art. 7901: Optimizacion SQL
7902,Art. 7902: Sistemas Embebidos
7903,Art. 7903: Bases de Datos
7904,Art. 7904: Backtesting de Algoritmos
7905,Art. 7905: Software Seguro
7906,Art. 7906: Edge Computing
7907,Art. 7907: DevOps
7908,Art. 7908: IoT y Domotica
7909,Art. 7909: Pipelines ETL
7910,Art. 7910: Contenedores Docker
7911,Art. 7911: Optimizacion SQL
7912,Art. 7912: Blockchain
7913,Art. 7913: Redes Neuronales
7914,Art. 7914: Robotica Industrial
7915,Art. 7915: Machine Learning
7916,Art. 7916: IoT y Domotica
7917,Art. 7917: Computacion Cuantica
7918,Art. 7918: Software Seguro
7919,Art. 7919: Enrutamiento
7920,Art. 7920: Robotica Industrial
7921,Art. 7921: Microservicios
7922,Art. 7922: Cableado Estructurado
7923,Art. 7923: Modelos Probabilisticos
7924,Art. 7924: Mineria de Datos
7925,Art. 7925: Cloud Computing
7926,Art. 7926: Contenedores Docker
7927,Art. 7927: Telemetria
7928,Art. 7928: Robotica Industrial
7929,Art. 7929: Ciberseguridad
7930,Art. 7930: Backtesting de Algoritmos
7931,Art. 7931: Sistemas de Control
7932,Art. 7932: Pipelines ETL
7933,Art. 7933: Mineria de Datos
7934,Art. 7934: Sistemas Embebidos
7935,Art. 7935: Ciberseguridad
7936,Art. 7936: Robotica Industrial
7937,Art. 7937: Machine Learning
7938,Art. 7938: Telemetria
7939,Art. 7939: Automatizacion de Pruebas
7940,Art. 7940: Sistemas de Control
7941,Art. 7941: Business Intelligence
7942,Art. 7942: Robotica Industrial
7943,Art. 7943: Cableado Estructurado
7944,Art. 7944: Business Intelligence
7945,Art. 7945: Blockchain
7946,Art. 7946: Riesgos Industriales con IA
7947,Art. 7947: Computacion Cuantica
7948,Art. 7948: Seguridad Industrial
7949,Art. 7949: Sistemas Embebidos
7950,Art. 7950: Microservicios
7951,Art. 7951: Criptografia
7952,Art. 7952: Criptografia
7953,Art. 7953: Seguridad Industrial
7954,Art. 7954: Analisis Estadistico
7955,Art. 7955: Ciberseguridad
7956,Art. 7956: Analisis Estadistico
7957,Art. 7957: Robotica Industrial
7958,Art. 7958: Ingenieria de Software
7959,Art. 7959: IoT y Domotica
7960,Art. 7960: Automatizacion de Pruebas
7961,Art. 7961: Enrutamiento
7962,Art. 7962: Modelos Probabilisticos
7963,Art. 7963: Software Seguro
7964,Art. 7964: Computacion Cuantica
7965,Art. 7965: Cloud Computing
7966,Art. 7966: Contenedores Docker
7967,Art. 7967: Desarrollo Movil
7968,Art. 7968: Computacion Cuantica
7969,Art. 7969: Cloud Computing
7970,Art. 7970: Computacion Cuantica
7971,Art. 7971: Big Data
7972,Art. 7972: Seguridad Industrial
7973,Art. 7973: Algoritmos Predictivos
7974,Art. 7974: Ingenieria de Software
7975,Art. 7975: Machine Learning
7976,Art. 7976: Analisis Estadistico
7977,Art. 7977: DevOps
7978,Art. 7978: Cableado Estructurado
7979,Art. 7979: Ciberseguridad
7980,Art. 7980: Optimizacion SQL
7981,Art. 7981: Desarrollo Movil
7982,Art. 7982: Diseno de APIs REST
7983,Art. 7983: Algoritmos Predictivos
7984,Art. 7984: Robotica Industrial
7985,Art. 7985: Telemetria
7986,Art. 7986: Sistemas Embebidos
7987,Art. 7987: Mineria de Datos
7988,Art. 7988: Microservicios
7989,Art. 7989: Optimizacion SQL
7990,Art. 7990: Ingenieria de Software
7991,Art. 7991: Cableado Estructurado
7992,Art. 7992: Big Data
7993,Art. 7993: Diseno de APIs REST
7994,Art. 7994: Seguridad Industrial
7995,Art. 7995: Realidad Aumentada
7996,Art. 7996: Backtesting de Algoritmos
7997,Art. 7997: DevOps
7998,Art. 7998: Criptografia
7999,Art. 7999: SO Distribuidos
8000,Art. 8000: Cloud Computing
8001,Art. 8001: Vision Artificial
8002,Art. 8002: Redes Fisicas
8003,Art. 8003: Automatizacion de Pruebas
8004,Art. 8004: Microservicios
8005,Art. 8005: Analisis Estadistico
8006,Art. 8006: Bases de Datos
8007,Art. 8007: Desarrollo Movil
8008,Art. 8008: Riesgos Industriales con IA
8009,Art. 8009: Vision Artificial
8010,Art. 8010: Backtesting de Algoritmos
8011,Art. 8011: Lenguaje Natural (NLP)
8012,Art. 8012: Blockchain
8013,Art. 8013: Riesgos Industriales con IA
8014,Art. 8014: SO Distribuidos
8015,Art. 8015: Redes Neuronales
8016,Art. 8016: Analisis Estadistico
8017,Art. 8017: Redes Fisicas
8018,Art. 8018: Ciberseguridad
8019,Art. 8019: Ingenieria de Software
8020,Art. 8020: Sistemas Embebidos
8021,Art. 8021: Sistemas Embebidos
8022,Art. 8022: Vision Artificial
8023,Art. 8023: Big Data
8024,Art. 8024: Pipelines ETL
8025,Art. 8025: Vision Artificial
8026,Art. 8026: Analisis Estadistico
8027,Art. 8027: Realidad Aumentada
8028,Art. 8028: Telemetria
8029,Art. 8029: Big Data
8030,Art. 8030: Computacion Cuantica
8031,Art. 8031: Bases de Datos
8032,Art. 8032: Enrutamiento
8033,Art. 8033: Cloud Computing
8034,Art. 8034: Lenguaje Natural (NLP)
8035,Art. 8035: Ciberseguridad
8036,Art. 8036: Telemetria
8037,Art. 8037: Ciberseguridad
8038,Art. 8038: Robotica Industrial
8039,Art. 8039: DevOps
8040,Art. 8040: Computacion Cuantica
8041,Art. 8041: Robotica Industrial
8042,Art. 8042: Algoritmos Predictivos
8043,Art. 8043: Telemetria
8044,Art. 8044: Mineria de Datos
8045,Art. 8045: Realidad Aumentada
8046,Art. 8046: Analisis Estadistico
8047,Art. 8047: Mineria de Datos
8048,Art. 8048: Vision Artificial
8049,Art. 8049: Redes Neuronales
8050,Art. 8050: Diseno de APIs REST
8051,Art. 8051: Lenguaje Natural (NLP)
8052,Art. 8052: Robotica Industrial
8053,Art. 8053: Modelos Probabilisticos
8054,Art. 8054: Ciberseguridad
8055,Art. 8055: Business Intelligence
8056,Art. 8056: Business Intelligence
8057,Art. 8057: Sistemas Embebidos
8058,Art. 8058: Telemetria
8059,Art. 8059: Blockchain
8060,Art. 8060: SO Distribuidos
8061,Art. 8061: Mineria de Datos
8062,Art. 8062: Enrutamiento
8063,Art. 8063: SO Distribuidos
8064,Art. 8064: Pipelines ETL
8065,Art. 8065: Enrutamiento
8066,Art. 8066: Backtesting de Algoritmos
8067,Art. 8067: Algoritmos Predictivos
8068,Art. 8068: Backtesting de Algoritmos
8069,Art. 8069: Criptografia
8070,Art. 8070: Ingenieria de Software
8071,Art. 8071: Redes Fisicas
8072,Art. 8072: Redes Neuronales
8073,Art. 8073: Edge Computing
8074,Art. 8074: Mineria de Datos
8075,Art. 8075: Telemetria
8076,Art. 8076: Redes Fisicas
8077,Art. 8077: Criptografia
8078,Art. 8078: Robotica Industrial
8079,Art. 8079: Bases de Datos
8080,Art. 8080: Diseno de APIs REST
8081,Art. 8081: Microservicios
8082,Art. 8082: IoT y Domotica
8083,Art. 8083: Ciberseguridad
8084,Art. 8084: Telemetria
8085,Art. 8085: Software Seguro
8086,Art. 8086: Bases de Datos
8087,Art. 8087: Cableado Estructurado
8088,Art. 8088: Cloud Computing
8089,Art. 8089: Sistemas Embebidos
8090,Art. 8090: Realidad Aumentada
8091,Art. 8091: Analisis Estadistico
8092,Art. 8092: Lenguaje Natural (NLP)
8093,Art. 8093: Contenedores Docker
8094,Art. 8094: Software Seguro
8095,Art. 8095: Contenedores Docker
8096,Art. 8096: Ciberseguridad
8097,Art. 8097: Enrutamiento
8098,Art. 8098: Edge Computing
8099,Art. 8099: Telemetria
8100,Art. 8100: Mineria de Datos
8101,Art. 8101: Redes Fisicas
8102,Art. 8102: Vision Artificial
8103,Art. 8103: Software Seguro
8104,Art. 8104: Contenedores Docker
8105,Art. 8105: SO Distribuidos
8106,Art. 8106: Modelos Probabilisticos
8107,Art. 8107: Realidad Aumentada
8108,Art. 8108: Bases de Datos
8109,Art. 8109: Pipelines ETL
8110,Art. 8110: Lenguaje Natural (NLP)
8111,Art. 8111: Ciberseguridad
8112,Art. 8112: Enrutamiento
8113,Art. 8113: Edge Computing
8114,Art. 8114: Mineria de Datos
8115,Art. 8115: IoT y Domotica
8116,Art. 8116: Desarrollo Movil
8117,Art. 8117: Contenedores Docker
8118,Art. 8118: Criptografia
8119,Art. 8119: Ingenieria de Software
8120,Art. 8120: Redes Fisicas
8121,Art. 8121: Machine Learning
8122,Art. 8122: Seguridad Industrial
8123,Art. 8123: Sistemas Embebidos
8124,Art. 8124: Robotica Industrial
8125,Art. 8125: DevOps
8126,Art. 8126: Optimizacion SQL
8127,Art. 8127: Diseno de APIs REST
8128,Art. 8128: Enrutamiento
8129,Art. 8129: Cloud Computing
8130,Art. 8130: Robotica Industrial
8131,Art. 8131: Vision Artificial
8132,Art. 8132: Realidad Aumentada
8133,Art. 8133: Telemetria
8134,Art. 8134: Machine Learning
8135,Art. 8135: Redes Fisicas
8136,Art. 8136: Business Intelligence
8137,Art. 8137: Redes Neuronales
8138,Art. 8138: Desarrollo Movil
8139,Art. 8139: Optimizacion SQL
8140,Art. 8140: Business Intelligence
8141,Art. 8141: Telemetria
8142,Art. 8142: Modelos Probabilisticos
8143,Art. 8143: Desarrollo Movil
8144,Art. 8144: Optimizacion SQL
8145,Art. 8145: Software Seguro
8146,Art. 8146: Modelos Probabilisticos
8147,Art. 8147: Ciberseguridad
8148,Art. 8148: Backtesting de Algoritmos
8149,Art. 8149: Backtesting de Algoritmos
8150,Art. 8150: Automatizacion de Pruebas
8151,Art. 8151: Mineria de Datos
8152,Art. 8152: Ingenieria de Software
8153,Art. 8153: Machine Learning
8154,Art. 8154: Microservicios
8155,Art. 8155: Vision Artificial
8156,Art. 8156: Redes Fisicas
8157,Art. 8157: SO Distribuidos
8158,Art. 8158: Vision Artificial
8159,Art. 8159: Criptografia
8160,Art. 8160: Mineria de Datos
8161,Art. 8161: Telemetria
8162,Art. 8162: Mineria de Datos
8163,Art. 8163: Edge Computing
8164,Art. 8164: Sistemas de Control
8165,Art. 8165: Computacion Cuantica
8166,Art. 8166: Desarrollo Movil
8167,Art. 8167: Lenguaje Natural (NLP)
8168,Art. 8168: Backtesting de Algoritmos
8169,Art. 8169: Diseno de APIs REST
8170,Art. 8170: Backtesting de Algoritmos
8171,Art. 8171: Backtesting de Algoritmos
8172,Art. 8172: Lenguaje Natural (NLP)
8173,Art. 8173: Pipelines ETL
8174,Art. 8174: Cableado Estructurado
8175,Art. 8175: Realidad Aumentada
8176,Art. 8176: Enrutamiento
8177,Art. 8177: Seguridad Industrial
8178,Art. 8178: Telemetria
8179,Art. 8179: Big Data
8180,Art. 8180: Microservicios
8181,Art. 8181: Backtesting de Algoritmos
8182,Art. 8182: Criptografia
8183,Art. 8183: Diseno de APIs REST
8184,Art. 8184: Backtesting de Algoritmos
8185,Art. 8185: Criptografia
8186,Art. 8186: Sistemas de Control
8187,Art. 8187: Robotica Industrial
8188,Art. 8188: Seguridad Industrial
8189,Art. 8189: Contenedores Docker
8190,Art. 8190: Machine Learning
8191,Art. 8191: Robotica Industrial
8192,Art. 8192: Machine Learning
8193,Art. 8193: Machine Learning
8194,Art. 8194: Automatizacion de Pruebas
8195,Art. 8195: Lenguaje Natural (NLP)
8196,Art. 8196: Mineria de Datos
8197,Art. 8197: Redes Fisicas
8198,Art. 8198: Ingenieria de Software
8199,Art. 8199: Optimizacion SQL
8200,Art. 8200: Edge Computing
8201,Art. 8201: Sistemas Embebidos
8202,Art. 8202: Modelos Probabilisticos
8203,Art. 8203: Seguridad Industrial
8204,Art. 8204: Blockchain
8205,Art. 8205: Edge Computing
8206,Art. 8206: Backtesting de Algoritmos
8207,Art. 8207: Enrutamiento
8208,Art. 8208: Business Intelligence
8209,Art. 8209: Enrutamiento
8210,Art. 8210: Ingenieria de Software
8211,Art. 8211: Backtesting de Algoritmos
8212,Art. 8212: Redes Fisicas
8213,Art. 8213: Sistemas de Control
8214,Art. 8214: Automatizacion de Pruebas
8215,Art. 8215: Bases de Datos
8216,Art. 8216: Desarrollo Movil
8217,Art. 8217: Analisis Estadistico
8218,Art. 8218: Redes Neuronales
8219,Art. 8219: Pipelines ETL
8220,Art. 8220: Modelos Probabilisticos
8221,Art. 8221: Redes Neuronales
8222,Art. 8222: Machine Learning
8223,Art. 8223: IoT y Domotica
8224,Art. 8224: Blockchain
8225,Art. 8225: Telemetria
8226,Art. 8226: Telemetria
8227,Art. 8227: Telemetria
8228,Art. 8228: Seguridad Industrial
8229,Art. 8229: DevOps
8230,Art. 8230: DevOps
8231,Art. 8231: IoT y Domotica
8232,Art. 8232: Realidad Aumentada
8233,Art. 8233: Robotica Industrial
8234,Art. 8234: Enrutamiento
8235,Art. 8235: Machine Learning
8236,Art. 8236: Microservicios
8237,Art. 8237: Cableado Estructurado
8238,Art. 8238: Blockchain
8239,Art. 8239: Redes Fisicas
8240,Art. 8240: Big Data
8241,Art. 8241: Backtesting de Algoritmos
8242,Art. 8242: Enrutamiento
8243,Art. 8243: Optimizacion SQL
8244,Art. 8244: DevOps
8245,Art. 8245: Microservicios
8246,Art. 8246: Business Intelligence
8247,Art. 8247: Telemetria
8248,Art. 8248: Redes Neuronales
8249,Art. 8249: Microservicios
8250,Art. 8250: SO Distribuidos
8251,Art. 8251: Sistemas Embebidos
8252,Art. 8252: Machine Learning
8253,Art. 8253: Telemetria
8254,Art. 8254: Modelos Probabilisticos
8255,Art. 8255: Cloud Computing
8256,Art. 8256: IoT y Domotica
8257,Art. 8257: Ciberseguridad
8258,Art. 8258: Business Intelligence
8259,Art. 8259: Contenedores Docker
8260,Art. 8260: Desarrollo Movil
8261,Art. 8261: Diseno de APIs REST
8262,Art. 8262: Optimizacion SQL
8263,Art. 8263: Robotica Industrial
8264,Art. 8264: Ciberseguridad
8265,Art. 8265: Machine Learning
8266,Art. 8266: Enrutamiento
8267,Art. 8267: Sistemas de Control
8268,Art. 8268: DevOps
8269,Art. 8269: Realidad Aumentada
8270,Art. 8270: Blockchain
8271,Art. 8271: Riesgos Industriales con IA
8272,Art. 8272: Desarrollo Movil
8273,Art. 8273: Microservicios
8274,Art. 8274: Enrutamiento
8275,Art. 8275: Cloud Computing
8276,Art. 8276: Redes Neuronales
8277,Art. 8277: Edge Computing
8278,Art. 8278: Bases de Datos
8279,Art. 8279: Redes Fisicas
8280,Art. 8280: Mineria de Datos
8281,Art. 8281: Backtesting de Algoritmos
8282,Art. 8282: Robotica Industrial
8283,Art. 8283: Algoritmos Predictivos
8284,Art. 8284: Automatizacion de Pruebas
8285,Art. 8285: Blockchain
8286,Art. 8286: Sistemas Embebidos
8287,Art. 8287: Microservicios
8288,Art. 8288: Vision Artificial
8289,Art. 8289: Computacion Cuantica
8290,Art. 8290: Lenguaje Natural (NLP)
8291,Art. 8291: Software Seguro
8292,Art. 8292: Cloud Computing
8293,Art. 8293: Cableado Estructurado
8294,Art. 8294: Sistemas Embebidos
8295,Art. 8295: Seguridad Industrial
8296,Art. 8296: Automatizacion de Pruebas
8297,Art. 8297: DevOps
8298,Art. 8298: Ciberseguridad
8299,Art. 8299: Contenedores Docker
8300,Art. 8300: Sistemas de Control
8301,Art. 8301: IoT y Domotica
8302,Art. 8302: Vision Artificial
8303,Art. 8303: Analisis Estadistico
8304,Art. 8304: Realidad Aumentada
8305,Art. 8305: Cableado Estructurado
8306,Art. 8306: Ingenieria de Software
8307,Art. 8307: Business Intelligence
8308,Art. 8308: Computacion Cuantica
8309,Art. 8309: Lenguaje Natural (NLP)
8310,Art. 8310: Edge Computing
8311,Art. 8311: Analisis Estadistico
8312,Art. 8312: Big Data
8313,Art. 8313: Lenguaje Natural (NLP)
8314,Art. 8314: Cloud Computing
8315,Art. 8315: Enrutamiento
8316,Art. 8316: Cableado Estructurado
8317,Art. 8317: Diseno de APIs REST
8318,Art. 8318: Contenedores Docker
8319,Art. 8319: Analisis Estadistico
8320,Art. 8320: Edge Computing
8321,Art. 8321: Ciberseguridad
8322,Art. 8322: Sistemas de Control
8323,Art. 8323: Analisis Estadistico
8324,Art. 8324: Modelos Probabilisticos
8325,Art. 8325: Contenedores Docker
8326,Art. 8326: Diseno de APIs REST
8327,Art. 8327: Machine Learning
8328,Art. 8328: Algoritmos Predictivos
8329,Art. 8329: Modelos Probabilisticos
8330,Art. 8330: Realidad Aumentada
8331,Art. 8331: Computacion Cuantica
8332,Art. 8332: Robotica Industrial
8333,Art. 8333: Microservicios
8334,Art. 8334: Sistemas Embebidos
8335,Art. 8335: Optimizacion SQL
8336,Art. 8336: Sistemas Embebidos
8337,Art. 8337: Algoritmos Predictivos
8338,Art. 8338: Mineria de Datos
8339,Art. 8339: DevOps
8340,Art. 8340: Seguridad Industrial
8341,Art. 8341: Redes Fisicas
8342,Art. 8342: Analisis Estadistico
8343,Art. 8343: Redes Neuronales
8344,Art. 8344: Blockchain
8345,Art. 8345: IoT y Domotica
8346,Art. 8346: Sistemas de Control
8347,Art. 8347: Lenguaje Natural (NLP)
8348,Art. 8348: Business Intelligence
8349,Art. 8349: Criptografia
8350,Art. 8350: Edge Computing
8351,Art. 8351: Enrutamiento
8352,Art. 8352: Robotica Industrial
8353,Art. 8353: Algoritmos Predictivos
8354,Art. 8354: Sistemas Embebidos
8355,Art. 8355: Contenedores Docker
8356,Art. 8356: Realidad Aumentada
8357,Art. 8357: Lenguaje Natural (NLP)
8358,Art. 8358: IoT y Domotica
8359,Art. 8359: Algoritmos Predictivos
8360,Art. 8360: Ciberseguridad
8361,Art. 8361: Edge Computing
8362,Art. 8362: Realidad Aumentada
8363,Art. 8363: Robotica Industrial
8364,Art. 8364: Robotica Industrial
8365,Art. 8365: Machine Learning
8366,Art. 8366: Edge Computing
8367,Art. 8367: Redes Neuronales
8368,Art. 8368: Telemetria
8369,Art. 8369: Criptografia
8370,Art. 8370: Enrutamiento
8371,Art. 8371: Analisis Estadistico
8372,Art. 8372: Riesgos Industriales con IA
8373,Art. 8373: Big Data
8374,Art. 8374: Criptografia
8375,Art. 8375: DevOps
8376,Art. 8376: Machine Learning
8377,Art. 8377: Computacion Cuantica
8378,Art. 8378: Ciberseguridad
8379,Art. 8379: Pipelines ETL
8380,Art. 8380: Redes Neuronales
8381,Art. 8381: Computacion Cuantica
8382,Art. 8382: Sistemas de Control
8383,Art. 8383: Microservicios
8384,Art. 8384: Redes Fisicas
8385,Art. 8385: Edge Computing
8386,Art. 8386: Pipelines ETL
8387,Art. 8387: Big Data
8388,Art. 8388: Edge Computing
8389,Art. 8389: Algoritmos Predictivos
8390,Art. 8390: Algoritmos Predictivos
8391,Art. 8391: Automatizacion de Pruebas
8392,Art. 8392: Machine Learning
8393,Art. 8393: Optimizacion SQL
8394,Art. 8394: Machine Learning
8395,Art. 8395: SO Distribuidos
8396,Art. 8396: Sistemas de Control
8397,Art. 8397: SO Distribuidos
8398,Art. 8398: Sistemas de Control
8399,Art. 8399: Contenedores Docker
8400,Art. 8400: Riesgos Industriales con IA
8401,Art. 8401: Desarrollo Movil
8402,Art. 8402: Desarrollo Movil
8403,Art. 8403: Analisis Estadistico
8404,Art. 8404: Criptografia
8405,Art. 8405: Cloud Computing
8406,Art. 8406: DevOps
8407,Art. 8407: Enrutamiento
8408,Art. 8408: Enrutamiento
8409,Art. 8409: Computacion Cuantica
8410,Art. 8410: Redes Fisicas
8411,Art. 8411: Optimizacion SQL
8412,Art. 8412: Vision Artificial
8413,Art. 8413: Contenedores Docker
8414,Art. 8414: Vision Artificial
8415,Art. 8415: Contenedores Docker
8416,Art. 8416: Vision Artificial
8417,Art. 8417: Telemetria
8418,Art. 8418: Analisis Estadistico
8419,Art. 8419: Criptografia
8420,Art. 8420: Ingenieria de Software
8421,Art. 8421: Big Data
8422,Art. 8422: SO Distribuidos
8423,Art. 8423: Modelos Probabilisticos
8424,Art. 8424: Backtesting de Algoritmos
8425,Art. 8425: DevOps
8426,Art. 8426: DevOps
8427,Art. 8427: SO Distribuidos
8428,Art. 8428: Machine Learning
8429,Art. 8429: Sistemas Embebidos
8430,Art. 8430: DevOps
8431,Art. 8431: Realidad Aumentada
8432,Art. 8432: Seguridad Industrial
8433,Art. 8433: Cableado Estructurado
8434,Art. 8434: Edge Computing
8435,Art. 8435: SO Distribuidos
8436,Art. 8436: Vision Artificial
8437,Art. 8437: Backtesting de Algoritmos
8438,Art. 8438: Optimizacion SQL
8439,Art. 8439: SO Distribuidos
8440,Art. 8440: Backtesting de Algoritmos
8441,Art. 8441: Business Intelligence
8442,Art. 8442: Big Data
8443,Art. 8443: Cloud Computing
8444,Art. 8444: Edge Computing
8445,Art. 8445: Enrutamiento
8446,Art. 8446: Diseno de APIs REST
8447,Art. 8447: Seguridad Industrial
8448,Art. 8448: Vision Artificial
8449,Art. 8449: Enrutamiento
8450,Art. 8450: IoT y Domotica
8451,Art. 8451: Seguridad Industrial
8452,Art. 8452: Optimizacion SQL
8453,Art. 8453: Realidad Aumentada
8454,Art. 8454: SO Distribuidos
8455,Art. 8455: Automatizacion de Pruebas
8456,Art. 8456: Diseno de APIs REST
8457,Art. 8457: Telemetria
8458,Art. 8458: Sistemas Embebidos
8459,Art. 8459: Diseno de APIs REST
8460,Art. 8460: Redes Fisicas
8461,Art. 8461: Desarrollo Movil
8462,Art. 8462: IoT y Domotica
8463,Art. 8463: Enrutamiento
8464,Art. 8464: Analisis Estadistico
8465,Art. 8465: Cableado Estructurado
8466,Art. 8466: Telemetria
8467,Art. 8467: Computacion Cuantica
8468,Art. 8468: IoT y Domotica
8469,Art. 8469: Redes Fisicas
8470,Art. 8470: Automatizacion de Pruebas
8471,Art. 8471: Robotica Industrial
8472,Art. 8472: Cloud Computing
8473,Art. 8473: Business Intelligence
8474,Art. 8474: Seguridad Industrial
8475,Art. 8475: Bases de Datos
8476,Art. 8476: Cableado Estructurado
8477,Art. 8477: Computacion Cuantica
8478,Art. 8478: Redes Fisicas
8479,Art. 8479: Seguridad Industrial
8480,Art. 8480: Lenguaje Natural (NLP)
8481,Art. 8481: Mineria de Datos
8482,Art. 8482: Robotica Industrial
8483,Art. 8483: Machine Learning
8484,Art. 8484: Microservicios
8485,Art. 8485: Backtesting de Algoritmos
8486,Art. 8486: Redes Neuronales
8487,Art. 8487: Enrutamiento
8488,Art. 8488: Realidad Aumentada
8489,Art. 8489: Software Seguro
8490,Art. 8490: Contenedores Docker
8491,Art. 8491: Computacion Cuantica
8492,Art. 8492: Business Intelligence
8493,Art. 8493: Mineria de Datos
8494,Art. 8494: Riesgos Industriales con IA
8495,Art. 8495: Optimizacion SQL
8496,Art. 8496: Lenguaje Natural (NLP)
8497,Art. 8497: Bases de Datos
8498,Art. 8498: Pipelines ETL
8499,Art. 8499: Algoritmos Predictivos
8500,Art. 8500: Cloud Computing
8501,Art. 8501: Edge Computing
8502,Art. 8502: Mineria de Datos
8503,Art. 8503: Big Data
8504,Art. 8504: Seguridad Industrial
8505,Art. 8505: Sistemas de Control
8506,Art. 8506: Seguridad Industrial
8507,Art. 8507: Criptografia
8508,Art. 8508: Enrutamiento
8509,Art. 8509: Redes Neuronales
8510,Art. 8510: Lenguaje Natural (NLP)
8511,Art. 8511: Optimizacion SQL
8512,Art. 8512: Seguridad Industrial
8513,Art. 8513: Diseno de APIs REST
8514,Art. 8514: Ciberseguridad
8515,Art. 8515: Edge Computing
8516,Art. 8516: IoT y Domotica
8517,Art. 8517: Redes Neuronales
8518,Art. 8518: Microservicios
8519,Art. 8519: Pipelines ETL
8520,Art. 8520: Pipelines ETL
8521,Art. 8521: Lenguaje Natural (NLP)
8522,Art. 8522: Optimizacion SQL
8523,Art. 8523: Blockchain
8524,Art. 8524: Software Seguro
8525,Art. 8525: Ciberseguridad
8526,Art. 8526: Mineria de Datos
8527,Art. 8527: Telemetria
8528,Art. 8528: Software Seguro
8529,Art. 8529: Optimizacion SQL
8530,Art. 8530: Backtesting de Algoritmos
8531,Art. 8531: Automatizacion de Pruebas
8532,Art. 8532: Ciberseguridad
8533,Art. 8533: Optimizacion SQL
8534,Art. 8534: Algoritmos Predictivos
8535,Art. 8535: Ingenieria de Software
8536,Art. 8536: Backtesting de Algoritmos
8537,Art. 8537: Automatizacion de Pruebas
8538,Art. 8538: Diseno de APIs REST
8539,Art. 8539: Vision Artificial
8540,Art. 8540: Enrutamiento
8541,Art. 8541: Contenedores Docker
8542,Art. 8542: Realidad Aumentada
8543,Art. 8543: Bases de Datos
8544,Art. 8544: Business Intelligence
8545,Art. 8545: Software Seguro
8546,Art. 8546: Bases de Datos
8547,Art. 8547: Automatizacion de Pruebas
8548,Art. 8548: Cableado Estructurado
8549,Art. 8549: Bases de Datos
8550,Art. 8550: Optimizacion SQL
8551,Art. 8551: Cloud Computing
8552,Art. 8552: Automatizacion de Pruebas
8553,Art. 8553: Microservicios
8554,Art. 8554: Realidad Aumentada
8555,Art. 8555: Seguridad Industrial
8556,Art. 8556: Edge Computing
8557,Art. 8557: Criptografia
8558,Art. 8558: Microservicios
8559,Art. 8559: Vision Artificial
8560,Art. 8560: Enrutamiento
8561,Art. 8561: Contenedores Docker
8562,Art. 8562: Business Intelligence
8563,Art. 8563: SO Distribuidos
8564,Art. 8564: Robotica Industrial
8565,Art. 8565: Sistemas Embebidos
8566,Art. 8566: Diseno de APIs REST
8567,Art. 8567: Analisis Estadistico
8568,Art. 8568: Backtesting de Algoritmos
8569,Art. 8569: Cloud Computing
8570,Art. 8570: Lenguaje Natural (NLP)
8571,Art. 8571: Big Data
8572,Art. 8572: Desarrollo Movil
8573,Art. 8573: Redes Fisicas
8574,Art. 8574: Backtesting de Algoritmos
8575,Art. 8575: Robotica Industrial
8576,Art. 8576: Cableado Estructurado
8577,Art. 8577: Software Seguro
8578,Art. 8578: Contenedores Docker
8579,Art. 8579: Robotica Industrial
8580,Art. 8580: Mineria de Datos
8581,Art. 8581: Machine Learning
8582,Art. 8582: IoT y Domotica
8583,Art. 8583: IoT y Domotica
8584,Art. 8584: Bases de Datos
8585,Art. 8585: Computacion Cuantica
8586,Art. 8586: Redes Fisicas
8587,Art. 8587: Redes Neuronales
8588,Art. 8588: Contenedores Docker
8589,Art. 8589: Automatizacion de Pruebas
8590,Art. 8590: Vision Artificial
8591,Art. 8591: Ciberseguridad
8592,Art. 8592: Analisis Estadistico
8593,Art. 8593: Computacion Cuantica
8594,Art. 8594: Redes Fisicas
8595,Art. 8595: Automatizacion de Pruebas
8596,Art. 8596: Robotica Industrial
8597,Art. 8597: Criptografia
8598,Art. 8598: Criptografia
8599,Art. 8599: Backtesting de Algoritmos
8600,Art. 8600: Algoritmos Predictivos
8601,Art. 8601: Cloud Computing
8602,Art. 8602: Sistemas Embebidos
8603,Art. 8603: Business Intelligence
8604,Art. 8604: SO Distribuidos
8605,Art. 8605: Mineria de Datos
8606,Art. 8606: IoT y Domotica
8607,Art. 8607: Bases de Datos
8608,Art. 8608: IoT y Domotica
8609,Art. 8609: Edge Computing
8610,Art. 8610: Realidad Aumentada
8611,Art. 8611: Computacion Cuantica
8612,Art. 8612: Desarrollo Movil
8613,Art. 8613: Microservicios
8614,Art. 8614: Contenedores Docker
8615,Art. 8615: Bases de Datos
8616,Art. 8616: Modelos Probabilisticos
8617,Art. 8617: Criptografia
8618,Art. 8618: Machine Learning
8619,Art. 8619: Redes Neuronales
8620,Art. 8620: Redes Neuronales
8621,Art. 8621: Redes Neuronales
8622,Art. 8622: Cloud Computing
8623,Art. 8623: Sistemas de Control
8624,Art. 8624: Realidad Aumentada
8625,Art. 8625: Vision Artificial
8626,Art. 8626: Business Intelligence
8627,Art. 8627: Modelos Probabilisticos
8628,Art. 8628: Mineria de Datos
8629,Art. 8629: Ingenieria de Software
8630,Art. 8630: Backtesting de Algoritmos
8631,Art. 8631: Sistemas de Control
8632,Art. 8632: Blockchain
8633,Art. 8633: Microservicios
8634,Art. 8634: Riesgos Industriales con IA
8635,Art. 8635: SO Distribuidos
8636,Art. 8636: Contenedores Docker
8637,Art. 8637: Bases de Datos
8638,Art. 8638: Mineria de Datos
8639,Art. 8639: Machine Learning
8640,Art. 8640: Realidad Aumentada
8641,Art. 8641: Sistemas de Control
8642,Art. 8642: Diseno de APIs REST
8643,Art. 8643: DevOps
8644,Art. 8644: Edge Computing
8645,Art. 8645: Criptografia
8646,Art. 8646: Edge Computing
8647,Art. 8647: Desarrollo Movil
8648,Art. 8648: Software Seguro
8649,Art. 8649: Lenguaje Natural (NLP)
8650,Art. 8650: Computacion Cuantica
8651,Art. 8651: Algoritmos Predictivos
8652,Art. 8652: Big Data
8653,Art. 8653: Criptografia
8654,Art. 8654: Robotica Industrial
8655,Art. 8655: Robotica Industrial
8656,Art. 8656: Automatizacion de Pruebas
8657,Art. 8657: Realidad Aumentada
8658,Art. 8658: Diseno de APIs REST
8659,Art. 8659: Machine Learning
8660,Art. 8660: Lenguaje Natural (NLP)
8661,Art. 8661: Pipelines ETL
8662,Art. 8662: Backtesting de Algoritmos
8663,Art. 8663: Computacion Cuantica
8664,Art. 8664: Vision Artificial
8665,Art. 8665: Pipelines ETL
8666,Art. 8666: Lenguaje Natural (NLP)
8667,Art. 8667: Lenguaje Natural (NLP)
8668,Art. 8668: Contenedores Docker
8669,Art. 8669: Seguridad Industrial
8670,Art. 8670: Automatizacion de Pruebas
8671,Art. 8671: Edge Computing
8672,Art. 8672: SO Distribuidos
8673,Art. 8673: Sistemas de Control
8674,Art. 8674: Desarrollo Movil
8675,Art. 8675: Telemetria
8676,Art. 8676: Telemetria
8677,Art. 8677: Sistemas Embebidos
8678,Art. 8678: Pipelines ETL
8679,Art. 8679: Analisis Estadistico
8680,Art. 8680: Realidad Aumentada
8681,Art. 8681: DevOps
8682,Art. 8682: DevOps
8683,Art. 8683: Edge Computing
8684,Art. 8684: Analisis Estadistico
8685,Art. 8685: Cloud Computing
8686,Art. 8686: Seguridad Industrial
8687,Art. 8687: Mineria de Datos
8688,Art. 8688: Edge Computing
8689,Art. 8689: Pipelines ETL
8690,Art. 8690: Edge Computing
8691,Art. 8691: Lenguaje Natural (NLP)
8692,Art. 8692: Contenedores Docker
8693,Art. 8693: Pipelines ETL
8694,Art. 8694: Big Data
8695,Art. 8695: Pipelines ETL
8696,Art. 8696: Diseno de APIs REST
8697,Art. 8697: Vision Artificial
8698,Art. 8698: Vision Artificial
8699,Art. 8699: Ciberseguridad
8700,Art. 8700: Microservicios
8701,Art. 8701: Bases de Datos
8702,Art. 8702: Enrutamiento
8703,Art. 8703: Desarrollo Movil
8704,Art. 8704: Computacion Cuantica
8705,Art. 8705: Automatizacion de Pruebas
8706,Art. 8706: Optimizacion SQL
8707,Art. 8707: Cableado Estructurado
8708,Art. 8708: Blockchain
8709,Art. 8709: Seguridad Industrial
8710,Art. 8710: Algoritmos Predictivos
8711,Art. 8711: Big Data
8712,Art. 8712: Automatizacion de Pruebas
8713,Art. 8713: DevOps
8714,Art. 8714: Sistemas Embebidos
8715,Art. 8715: Redes Neuronales
8716,Art. 8716: Microservicios
8717,Art. 8717: Pipelines ETL
8718,Art. 8718: Optimizacion SQL
8719,Art. 8719: Criptografia
8720,Art. 8720: Backtesting de Algoritmos
8721,Art. 8721: Mineria de Datos
8722,Art. 8722: Telemetria
8723,Art. 8723: Computacion Cuantica
8724,Art. 8724: Microservicios
8725,Art. 8725: Lenguaje Natural (NLP)
8726,Art. 8726: Business Intelligence
8727,Art. 8727: Seguridad Industrial
8728,Art. 8728: Optimizacion SQL
8729,Art. 8729: Algoritmos Predictivos
8730,Art. 8730: Modelos Probabilisticos
8731,Art. 8731: Realidad Aumentada
8732,Art. 8732: Redes Neuronales
8733,Art. 8733: Microservicios
8734,Art. 8734: Lenguaje Natural (NLP)
8735,Art. 8735: Cableado Estructurado
8736,Art. 8736: Seguridad Industrial
8737,Art. 8737: Telemetria
8738,Art. 8738: Desarrollo Movil
8739,Art. 8739: Cableado Estructurado
8740,Art. 8740: Cableado Estructurado
8741,Art. 8741: Software Seguro
8742,Art. 8742: Analisis Estadistico
8743,Art. 8743: Big Data
8744,Art. 8744: Microservicios
8745,Art. 8745: Software Seguro
8746,Art. 8746: Big Data
8747,Art. 8747: Modelos Probabilisticos
8748,Art. 8748: Ciberseguridad
8749,Art. 8749: Pipelines ETL
8750,Art. 8750: Bases de Datos
8751,Art. 8751: Blockchain
8752,Art. 8752: Ingenieria de Software
8753,Art. 8753: Computacion Cuantica
8754,Art. 8754: Ingenieria de Software
8755,Art. 8755: Mineria de Datos
8756,Art. 8756: Seguridad Industrial
8757,Art. 8757: Edge Computing
8758,Art. 8758: SO Distribuidos
8759,Art. 8759: Criptografia
8760,Art. 8760: Contenedores Docker
8761,Art. 8761: DevOps
8762,Art. 8762: Robotica Industrial
8763,Art. 8763: Sistemas Embebidos
8764,Art. 8764: Enrutamiento
8765,Art. 8765: Seguridad Industrial
8766,Art. 8766: Business Intelligence
8767,Art. 8767: Analisis Estadistico
8768,Art. 8768: Machine Learning
8769,Art. 8769: Analisis Estadistico
8770,Art. 8770: Big Data
8771,Art. 8771: Business Intelligence
8772,Art. 8772: Analisis Estadistico
8773,Art. 8773: Vision Artificial
8774,Art. 8774: Desarrollo Movil
8775,Art. 8775: Business Intelligence
8776,Art. 8776: Algoritmos Predictivos
8777,Art. 8777: Bases de Datos
8778,Art. 8778: Lenguaje Natural (NLP)
8779,Art. 8779: IoT y Domotica
8780,Art. 8780: Telemetria
8781,Art. 8781: Criptografia
8782,Art. 8782: Algoritmos Predictivos
8783,Art. 8783: Business Intelligence
8784,Art. 8784: Realidad Aumentada
8785,Art. 8785: Mineria de Datos
8786,Art. 8786: IoT y Domotica
8787,Art. 8787: Cableado Estructurado
8788,Art. 8788: Modelos Probabilisticos
8789,Art. 8789: Backtesting de Algoritmos
8790,Art. 8790: Redes Fisicas
8791,Art. 8791: DevOps
8792,Art. 8792: Ciberseguridad
8793,Art. 8793: Redes Fisicas
8794,Art. 8794: SO Distribuidos
8795,Art. 8795: Cableado Estructurado
8796,Art. 8796: Realidad Aumentada
8797,Art. 8797: Riesgos Industriales con IA
8798,Art. 8798: Vision Artificial
8799,Art. 8799: Robotica Industrial
8800,Art. 8800: Sistemas Embebidos
8801,Art. 8801: Ingenieria de Software
8802,Art. 8802: Mineria de Datos
8803,Art. 8803: Bases de Datos
8804,Art. 8804: Criptografia
8805,Art. 8805: Software Seguro
8806,Art. 8806: Big Data
8807,Art. 8807: Blockchain
8808,Art. 8808: Algoritmos Predictivos
8809,Art. 8809: Machine Learning
8810,Art. 8810: Algoritmos Predictivos
8811,Art. 8811: Software Seguro
8812,Art. 8812: Computacion Cuantica
8813,Art. 8813: Algoritmos Predictivos
8814,Art. 8814: Diseno de APIs REST
8815,Art. 8815: Enrutamiento
8816,Art. 8816: Redes Fisicas
8817,Art. 8817: Business Intelligence
8818,Art. 8818: Sistemas Embebidos
8819,Art. 8819: Vision Artificial
8820,Art. 8820: Ciberseguridad
8821,Art. 8821: Bases de Datos
8822,Art. 8822: Backtesting de Algoritmos
8823,Art. 8823: Contenedores Docker
8824,Art. 8824: Modelos Probabilisticos
8825,Art. 8825: Contenedores Docker
8826,Art. 8826: Modelos Probabilisticos
8827,Art. 8827: Sistemas de Control
8828,Art. 8828: Algoritmos Predictivos
8829,Art. 8829: Edge Computing
8830,Art. 8830: Cloud Computing
8831,Art. 8831: Computacion Cuantica
8832,Art. 8832: Redes Neuronales
8833,Art. 8833: Software Seguro
8834,Art. 8834: Seguridad Industrial
8835,Art. 8835: Sistemas Embebidos
8836,Art. 8836: Telemetria
8837,Art. 8837: Blockchain
8838,Art. 8838: Vision Artificial
8839,Art. 8839: Redes Neuronales
8840,Art. 8840: Criptografia
8841,Art. 8841: Microservicios
8842,Art. 8842: Mineria de Datos
8843,Art. 8843: Pipelines ETL
8844,Art. 8844: Analisis Estadistico
8845,Art. 8845: Algoritmos Predictivos
8846,Art. 8846: Contenedores Docker
8847,Art. 8847: Mineria de Datos
8848,Art. 8848: Vision Artificial
8849,Art. 8849: Criptografia
8850,Art. 8850: Big Data
8851,Art. 8851: Riesgos Industriales con IA
8852,Art. 8852: Computacion Cuantica
8853,Art. 8853: Redes Fisicas
8854,Art. 8854: Business Intelligence
8855,Art. 8855: Telemetria
8856,Art. 8856: Telemetria
8857,Art. 8857: Cloud Computing
8858,Art. 8858: Lenguaje Natural (NLP)
8859,Art. 8859: Vision Artificial
8860,Art. 8860: Desarrollo Movil
8861,Art. 8861: Telemetria
8862,Art. 8862: SO Distribuidos
8863,Art. 8863: Microservicios
8864,Art. 8864: Sistemas Embebidos
8865,Art. 8865: Redes Fisicas
8866,Art. 8866: Modelos Probabilisticos
8867,Art. 8867: Seguridad Industrial
8868,Art. 8868: Robotica Industrial
8869,Art. 8869: Machine Learning
8870,Art. 8870: Desarrollo Movil
8871,Art. 8871: Diseno de APIs REST
8872,Art. 8872: SO Distribuidos
8873,Art. 8873: Machine Learning
8874,Art. 8874: Enrutamiento
8875,Art. 8875: Automatizacion de Pruebas
8876,Art. 8876: Diseno de APIs REST
8877,Art. 8877: Seguridad Industrial
8878,Art. 8878: Automatizacion de Pruebas
8879,Art. 8879: Redes Neuronales
8880,Art. 8880: Automatizacion de Pruebas
8881,Art. 8881: Blockchain
8882,Art. 8882: Contenedores Docker
8883,Art. 8883: Bases de Datos
8884,Art. 8884: Big Data
8885,Art. 8885: Sistemas de Control
8886,Art. 8886: Telemetria
8887,Art. 8887: Blockchain
8888,Art. 8888: Ingenieria de Software
8889,Art. 8889: Redes Fisicas
8890,Art. 8890: Robotica Industrial
8891,Art. 8891: Redes Fisicas
8892,Art. 8892: Computacion Cuantica
8893,Art. 8893: Cloud Computing
8894,Art. 8894: Sistemas Embebidos
8895,Art. 8895: Criptografia
8896,Art. 8896: Business Intelligence
8897,Art. 8897: Automatizacion de Pruebas
8898,Art. 8898: Sistemas Embebidos
8899,Art. 8899: Seguridad Industrial
8900,Art. 8900: DevOps
8901,Art. 8901: Telemetria
8902,Art. 8902: Cableado Estructurado
8903,Art. 8903: Backtesting de Algoritmos
8904,Art. 8904: Analisis Estadistico
8905,Art. 8905: Diseno de APIs REST
8906,Art. 8906: Cloud Computing
8907,Art. 8907: Riesgos Industriales con IA
8908,Art. 8908: Mineria de Datos
8909,Art. 8909: Seguridad Industrial
8910,Art. 8910: Robotica Industrial
8911,Art. 8911: Optimizacion SQL
8912,Art. 8912: Redes Neuronales
8913,Art. 8913: Realidad Aumentada
8914,Art. 8914: Big Data
8915,Art. 8915: Blockchain
8916,Art. 8916: Cloud Computing
8917,Art. 8917: Algoritmos Predictivos
8918,Art. 8918: Edge Computing
8919,Art. 8919: Edge Computing
8920,Art. 8920: Realidad Aumentada
8921,Art. 8921: Realidad Aumentada
8922,Art. 8922: Redes Fisicas
8923,Art. 8923: Microservicios
8924,Art. 8924: Robotica Industrial
8925,Art. 8925: Ciberseguridad
8926,Art. 8926: Big Data
8927,Art. 8927: Ciberseguridad
8928,Art. 8928: Backtesting de Algoritmos
8929,Art. 8929: Automatizacion de Pruebas
8930,Art. 8930: Riesgos Industriales con IA
8931,Art. 8931: Sistemas de Control
8932,Art. 8932: Riesgos Industriales con IA
8933,Art. 8933: Computacion Cuantica
8934,Art. 8934: Computacion Cuantica
8935,Art. 8935: Automatizacion de Pruebas
8936,Art. 8936: Ciberseguridad
8937,Art. 8937: Enrutamiento
8938,Art. 8938: SO Distribuidos
8939,Art. 8939: Lenguaje Natural (NLP)
8940,Art. 8940: Optimizacion SQL
8941,Art. 8941: Analisis Estadistico
8942,Art. 8942: Lenguaje Natural (NLP)
8943,Art. 8943: Sistemas de Control
8944,Art. 8944: Pipelines ETL
8945,Art. 8945: Bases de Datos
8946,Art. 8946: Ciberseguridad
8947,Art. 8947: Desarrollo Movil
8948,Art. 8948: Machine Learning
8949,Art. 8949: Analisis Estadistico
8950,Art. 8950: DevOps
8951,Art. 8951: Seguridad Industrial
8952,Art. 8952: Sistemas de Control
8953,Art. 8953: Lenguaje Natural (NLP)
8954,Art. 8954: Blockchain
8955,Art. 8955: Backtesting de Algoritmos
8956,Art. 8956: Computacion Cuantica
8957,Art. 8957: Pipelines ETL
8958,Art. 8958: Backtesting de Algoritmos
8959,Art. 8959: Sistemas Embebidos
8960,Art. 8960: Criptografia
8961,Art. 8961: Edge Computing
8962,Art. 8962: Big Data
8963,Art. 8963: Realidad Aumentada
8964,Art. 8964: Redes Neuronales
8965,Art. 8965: Cableado Estructurado
8966,Art. 8966: Automatizacion de Pruebas
8967,Art. 8967: Big Data
8968,Art. 8968: Lenguaje Natural (NLP)
8969,Art. 8969: Pipelines ETL
8970,Art. 8970: Microservicios
8971,Art. 8971: Contenedores Docker
8972,Art. 8972: Desarrollo Movil
8973,Art. 8973: Algoritmos Predictivos
8974,Art. 8974: Bases de Datos
8975,Art. 8975: Mineria de Datos
8976,Art. 8976: Big Data
8977,Art. 8977: Redes Neuronales
8978,Art. 8978: Pipelines ETL
8979,Art. 8979: Software Seguro
8980,Art. 8980: Modelos Probabilisticos
8981,Art. 8981: Modelos Probabilisticos
8982,Art. 8982: Microservicios
8983,Art. 8983: Enrutamiento
8984,Art. 8984: Computacion Cuantica
8985,Art. 8985: Automatizacion de Pruebas
8986,Art. 8986: Backtesting de Algoritmos
8987,Art. 8987: SO Distribuidos
8988,Art. 8988: Microservicios
8989,Art. 8989: Riesgos Industriales con IA
8990,Art. 8990: SO Distribuidos
8991,Art. 8991: Pipelines ETL
8992,Art. 8992: Enrutamiento
8993,Art. 8993: Machine Learning
8994,Art. 8994: Enrutamiento
8995,Art. 8995: Desarrollo Movil
8996,Art. 8996: Redes Fisicas
8997,Art. 8997: Redes Neuronales
8998,Art. 8998: Riesgos Industriales con IA
8999,Art. 8999: IoT y Domotica
9000,Art. 9000: Big Data
9001,Art. 9001: SO Distribuidos
9002,Art. 9002: Lenguaje Natural (NLP)
9003,Art. 9003: Cloud Computing
9004,Art. 9004: Cloud Computing
9005,Art. 9005: Robotica Industrial
9006,Art. 9006: Vision Artificial
9007,Art. 9007: SO Distribuidos
9008,Art. 9008: Enrutamiento
9009,Art. 9009: Vision Artificial
9010,Art. 9010: Blockchain
9011,Art. 9011: Business Intelligence
9012,Art. 9012: DevOps
9013,Art. 9013: Redes Neuronales
9014,Art. 9014: DevOps
9015,Art. 9015: Big Data
9016,Art. 9016: Cloud Computing
9017,Art. 9017: Microservicios
9018,Art. 9018: Algoritmos Predictivos
9019,Art. 9019: Vision Artificial
9020,Art. 9020: Modelos Probabilisticos
9021,Art. 9021: Diseno de APIs REST
9022,Art. 9022: Analisis Estadistico
9023,Art. 9023: Cableado Estructurado
9024,Art. 9024: Analisis Estadistico
9025,Art. 9025: Lenguaje Natural (NLP)
9026,Art. 9026: Automatizacion de Pruebas
9027,Art. 9027: Criptografia
9028,Art. 9028: Diseno de APIs REST
9029,Art. 9029: Cloud Computing
9030,Art. 9030: Redes Neuronales
9031,Art. 9031: Backtesting de Algoritmos
9032,Art. 9032: Desarrollo Movil
9033,Art. 9033: Robotica Industrial
9034,Art. 9034: Backtesting de Algoritmos
9035,Art. 9035: Automatizacion de Pruebas
9036,Art. 9036: DevOps
9037,Art. 9037: Mineria de Datos
9038,Art. 9038: Software Seguro
9039,Art. 9039: Blockchain
9040,Art. 9040: Business Intelligence
9041,Art. 9041: Modelos Probabilisticos
9042,Art. 9042: SO Distribuidos
9043,Art. 9043: Sistemas de Control
9044,Art. 9044: Cableado Estructurado
9045,Art. 9045: Desarrollo Movil
9046,Art. 9046: Seguridad Industrial
9047,Art. 9047: Sistemas Embebidos
9048,Art. 9048: Ciberseguridad
9049,Art. 9049: DevOps
9050,Art. 9050: Optimizacion SQL
9051,Art. 9051: Lenguaje Natural (NLP)
9052,Art. 9052: Blockchain
9053,Art. 9053: Backtesting de Algoritmos
9054,Art. 9054: Business Intelligence
9055,Art. 9055: Sistemas Embebidos
9056,Art. 9056: IoT y Domotica
9057,Art. 9057: Edge Computing
9058,Art. 9058: Computacion Cuantica
9059,Art. 9059: Machine Learning
9060,Art. 9060: Cableado Estructurado
9061,Art. 9061: Pipelines ETL
9062,Art. 9062: Algoritmos Predictivos
9063,Art. 9063: Business Intelligence
9064,Art. 9064: Criptografia
9065,Art. 9065: Pipelines ETL
9066,Art. 9066: Realidad Aumentada
9067,Art. 9067: Cloud Computing
9068,Art. 9068: Ciberseguridad
9069,Art. 9069: Sistemas Embebidos
9070,Art. 9070: Cableado Estructurado
9071,Art. 9071: Contenedores Docker
9072,Art. 9072: Riesgos Industriales con IA
9073,Art. 9073: Software Seguro
9074,Art. 9074: Redes Fisicas
9075,Art. 9075: Seguridad Industrial
9076,Art. 9076: Desarrollo Movil
9077,Art. 9077: Analisis Estadistico
9078,Art. 9078: Sistemas de Control
9079,Art. 9079: Pipelines ETL
9080,Art. 9080: Backtesting de Algoritmos
9081,Art. 9081: Algoritmos Predictivos
9082,Art. 9082: Riesgos Industriales con IA
9083,Art. 9083: Business Intelligence
9084,Art. 9084: Pipelines ETL
9085,Art. 9085: Redes Fisicas
9086,Art. 9086: Edge Computing
9087,Art. 9087: Mineria de Datos
9088,Art. 9088: Computacion Cuantica
9089,Art. 9089: Vision Artificial
9090,Art. 9090: Pipelines ETL
9091,Art. 9091: Automatizacion de Pruebas
9092,Art. 9092: Diseno de APIs REST
9093,Art. 9093: Cloud Computing
9094,Art. 9094: Software Seguro
9095,Art. 9095: DevOps
9096,Art. 9096: Bases de Datos
9097,Art. 9097: Modelos Probabilisticos
9098,Art. 9098: Pipelines ETL
9099,Art. 9099: Lenguaje Natural (NLP)
9100,Art. 9100: Lenguaje Natural (NLP)
9101,Art. 9101: Realidad Aumentada
9102,Art. 9102: Ingenieria de Software
9103,Art. 9103: Bases de Datos
9104,Art. 9104: IoT y Domotica
9105,Art. 9105: Contenedores Docker
9106,Art. 9106: Redes Neuronales
9107,Art. 9107: Vision Artificial
9108,Art. 9108: Diseno de APIs REST
9109,Art. 9109: Enrutamiento
9110,Art. 9110: Analisis Estadistico
9111,Art. 9111: Modelos Probabilisticos
9112,Art. 9112: Modelos Probabilisticos
9113,Art. 9113: Microservicios
9114,Art. 9114: Redes Neuronales
9115,Art. 9115: Contenedores Docker
9116,Art. 9116: Computacion Cuantica
9117,Art. 9117: DevOps
9118,Art. 9118: Ingenieria de Software
9119,Art. 9119: Algoritmos Predictivos
9120,Art. 9120: Criptografia
9121,Art. 9121: Vision Artificial
9122,Art. 9122: Modelos Probabilisticos
9123,Art. 9123: Backtesting de Algoritmos
9124,Art. 9124: Redes Neuronales
9125,Art. 9125: Analisis Estadistico
9126,Art. 9126: Backtesting de Algoritmos
9127,Art. 9127: IoT y Domotica
9128,Art. 9128: Cableado Estructurado
9129,Art. 9129: Realidad Aumentada
9130,Art. 9130: Telemetria
9131,Art. 9131: Analisis Estadistico
9132,Art. 9132: Cloud Computing
9133,Art. 9133: Criptografia
9134,Art. 9134: Machine Learning
9135,Art. 9135: Lenguaje Natural (NLP)
9136,Art. 9136: SO Distribuidos
9137,Art. 9137: Optimizacion SQL
9138,Art. 9138: Contenedores Docker
9139,Art. 9139: Pipelines ETL
9140,Art. 9140: Backtesting de Algoritmos
9141,Art. 9141: Redes Fisicas
9142,Art. 9142: Diseno de APIs REST
9143,Art. 9143: Blockchain
9144,Art. 9144: Machine Learning
9145,Art. 9145: Enrutamiento
9146,Art. 9146: Machine Learning
9147,Art. 9147: Desarrollo Movil
9148,Art. 9148: Seguridad Industrial
9149,Art. 9149: Business Intelligence
9150,Art. 9150: Pipelines ETL
9151,Art. 9151: SO Distribuidos
9152,Art. 9152: Cableado Estructurado
9153,Art. 9153: Redes Fisicas
9154,Art. 9154: Criptografia
9155,Art. 9155: Blockchain
9156,Art. 9156: Vision Artificial
9157,Art. 9157: Modelos Probabilisticos
9158,Art. 9158: Blockchain
9159,Art. 9159: Cableado Estructurado
9160,Art. 9160: Microservicios
9161,Art. 9161: Edge Computing
9162,Art. 9162: Vision Artificial
9163,Art. 9163: Modelos Probabilisticos
9164,Art. 9164: Automatizacion de Pruebas
9165,Art. 9165: Modelos Probabilisticos
9166,Art. 9166: Microservicios
9167,Art. 9167: Software Seguro
9168,Art. 9168: Algoritmos Predictivos
9169,Art. 9169: Optimizacion SQL
9170,Art. 9170: Vision Artificial
9171,Art. 9171: Redes Fisicas
9172,Art. 9172: Cloud Computing
9173,Art. 9173: Sistemas Embebidos
9174,Art. 9174: Contenedores Docker
9175,Art. 9175: Seguridad Industrial
9176,Art. 9176: Analisis Estadistico
9177,Art. 9177: Computacion Cuantica
9178,Art. 9178: Microservicios
9179,Art. 9179: SO Distribuidos
9180,Art. 9180: Microservicios
9181,Art. 9181: Sistemas de Control
9182,Art. 9182: Big Data
9183,Art. 9183: Enrutamiento
9184,Art. 9184: Big Data
9185,Art. 9185: Machine Learning
9186,Art. 9186: DevOps
9187,Art. 9187: Desarrollo Movil
9188,Art. 9188: Realidad Aumentada
9189,Art. 9189: Edge Computing
9190,Art. 9190: Pipelines ETL
9191,Art. 9191: Modelos Probabilisticos
9192,Art. 9192: Ingenieria de Software
9193,Art. 9193: Computacion Cuantica
9194,Art. 9194: Seguridad Industrial
9195,Art. 9195: IoT y Domotica
9196,Art. 9196: Robotica Industrial
9197,Art. 9197: Lenguaje Natural (NLP)
9198,Art. 9198: Contenedores Docker
9199,Art. 9199: Big Data
9200,Art. 9200: Backtesting de Algoritmos
9201,Art. 9201: Backtesting de Algoritmos
9202,Art. 9202: Microservicios
9203,Art. 9203: Algoritmos Predictivos
9204,Art. 9204: Analisis Estadistico
9205,Art. 9205: Redes Neuronales
9206,Art. 9206: Business Intelligence
9207,Art. 9207: Business Intelligence
9208,Art. 9208: DevOps
9209,Art. 9209: Pipelines ETL
9210,Art. 9210: SO Distribuidos
9211,Art. 9211: Sistemas Embebidos
9212,Art. 9212: Big Data
9213,Art. 9213: Analisis Estadistico
9214,Art. 9214: Lenguaje Natural (NLP)
9215,Art. 9215: Redes Neuronales
9216,Art. 9216: Robotica Industrial
9217,Art. 9217: Microservicios
9218,Art. 9218: Business Intelligence
9219,Art. 9219: Sistemas Embebidos
9220,Art. 9220: DevOps
9221,Art. 9221: Robotica Industrial
9222,Art. 9222: Sistemas Embebidos
9223,Art. 9223: SO Distribuidos
9224,Art. 9224: Lenguaje Natural (NLP)
9225,Art. 9225: Blockchain
9226,Art. 9226: Optimizacion SQL
9227,Art. 9227: Optimizacion SQL
9228,Art. 9228: Microservicios
9229,Art. 9229: Vision Artificial
9230,Art. 9230: Pipelines ETL
9231,Art. 9231: Enrutamiento
9232,Art. 9232: Desarrollo Movil
9233,Art. 9233: Automatizacion de Pruebas
9234,Art. 9234: Microservicios
9235,Art. 9235: Optimizacion SQL
9236,Art. 9236: Blockchain
9237,Art. 9237: Algoritmos Predictivos
9238,Art. 9238: Backtesting de Algoritmos
9239,Art. 9239: Lenguaje Natural (NLP)
9240,Art. 9240: Contenedores Docker
9241,Art. 9241: Telemetria
9242,Art. 9242: Cloud Computing
9243,Art. 9243: SO Distribuidos
9244,Art. 9244: Bases de Datos
9245,Art. 9245: Optimizacion SQL
9246,Art. 9246: Optimizacion SQL
9247,Art. 9247: Automatizacion de Pruebas
9248,Art. 9248: Robotica Industrial
9249,Art. 9249: Edge Computing
9250,Art. 9250: Riesgos Industriales con IA
9251,Art. 9251: SO Distribuidos
9252,Art. 9252: Cloud Computing
9253,Art. 9253: Desarrollo Movil
9254,Art. 9254: Algoritmos Predictivos
9255,Art. 9255: Telemetria
9256,Art. 9256: IoT y Domotica
9257,Art. 9257: Cloud Computing
9258,Art. 9258: Cableado Estructurado
9259,Art. 9259: Criptografia
9260,Art. 9260: Mineria de Datos
9261,Art. 9261: Backtesting de Algoritmos
9262,Art. 9262: Computacion Cuantica
9263,Art. 9263: Automatizacion de Pruebas
9264,Art. 9264: Ciberseguridad
9265,Art. 9265: Optimizacion SQL
9266,Art. 9266: Cloud Computing
9267,Art. 9267: Microservicios
9268,Art. 9268: Contenedores Docker
9269,Art. 9269: Robotica Industrial
9270,Art. 9270: Lenguaje Natural (NLP)
9271,Art. 9271: Modelos Probabilisticos
9272,Art. 9272: Cableado Estructurado
9273,Art. 9273: Desarrollo Movil
9274,Art. 9274: Automatizacion de Pruebas
9275,Art. 9275: DevOps
9276,Art. 9276: Microservicios
9277,Art. 9277: Robotica Industrial
9278,Art. 9278: Redes Neuronales
9279,Art. 9279: Ingenieria de Software
9280,Art. 9280: Riesgos Industriales con IA
9281,Art. 9281: Seguridad Industrial
9282,Art. 9282: Pipelines ETL
9283,Art. 9283: Ciberseguridad
9284,Art. 9284: Blockchain
9285,Art. 9285: Diseno de APIs REST
9286,Art. 9286: Microservicios
9287,Art. 9287: Software Seguro
9288,Art. 9288: Algoritmos Predictivos
9289,Art. 9289: Modelos Probabilisticos
9290,Art. 9290: Analisis Estadistico
9291,Art. 9291: Telemetria
9292,Art. 9292: Cloud Computing
9293,Art. 9293: IoT y Domotica
9294,Art. 9294: Vision Artificial
9295,Art. 9295: Cableado Estructurado
9296,Art. 9296: Robotica Industrial
9297,Art. 9297: IoT y Domotica
9298,Art. 9298: SO Distribuidos
9299,Art. 9299: Redes Neuronales
9300,Art. 9300: Seguridad Industrial
9301,Art. 9301: Sistemas Embebidos
9302,Art. 9302: Mineria de Datos
9303,Art. 9303: Sistemas Embebidos
9304,Art. 9304: Cableado Estructurado
9305,Art. 9305: Backtesting de Algoritmos
9306,Art. 9306: Seguridad Industrial
9307,Art. 9307: Automatizacion de Pruebas
9308,Art. 9308: Software Seguro
9309,Art. 9309: Cableado Estructurado
9310,Art. 9310: Sistemas Embebidos
9311,Art. 9311: Sistemas Embebidos
9312,Art. 9312: Riesgos Industriales con IA
9313,Art. 9313: IoT y Domotica
9314,Art. 9314: Optimizacion SQL
9315,Art. 9315: Automatizacion de Pruebas
9316,Art. 9316: Sistemas de Control
9317,Art. 9317: Criptografia
9318,Art. 9318: Automatizacion de Pruebas
9319,Art. 9319: DevOps
9320,Art. 9320: Ciberseguridad
9321,Art. 9321: Automatizacion de Pruebas
9322,Art. 9322: Realidad Aumentada
9323,Art. 9323: Lenguaje Natural (NLP)
9324,Art. 9324: Business Intelligence
9325,Art. 9325: Enrutamiento
9326,Art. 9326: DevOps
9327,Art. 9327: Realidad Aumentada
9328,Art. 9328: Cloud Computing
9329,Art. 9329: Diseno de APIs REST
9330,Art. 9330: DevOps
9331,Art. 9331: Criptografia
9332,Art. 9332: Modelos Probabilisticos
9333,Art. 9333: DevOps
9334,Art. 9334: Seguridad Industrial
9335,Art. 9335: Software Seguro
9336,Art. 9336: Redes Neuronales
9337,Art. 9337: Big Data
9338,Art. 9338: Redes Neuronales
9339,Art. 9339: Machine Learning
9340,Art. 9340: Optimizacion SQL
9341,Art. 9341: Riesgos Industriales con IA
9342,Art. 9342: IoT y Domotica
9343,Art. 9343: Microservicios
9344,Art. 9344: Vision Artificial
9345,Art. 9345: Software Seguro
9346,Art. 9346: Cloud Computing
9347,Art. 9347: Algoritmos Predictivos
9348,Art. 9348: IoT y Domotica
9349,Art. 9349: Ciberseguridad
9350,Art. 9350: Microservicios
9351,Art. 9351: Criptografia
9352,Art. 9352: Ciberseguridad
9353,Art. 9353: Business Intelligence
9354,Art. 9354: Machine Learning
9355,Art. 9355: Blockchain
9356,Art. 9356: SO Distribuidos
9357,Art. 9357: IoT y Domotica
9358,Art. 9358: Algoritmos Predictivos
9359,Art. 9359: Redes Fisicas
9360,Art. 9360: Machine Learning
9361,Art. 9361: Algoritmos Predictivos
9362,Art. 9362: Telemetria
9363,Art. 9363: Automatizacion de Pruebas
9364,Art. 9364: SO Distribuidos
9365,Art. 9365: Ingenieria de Software
9366,Art. 9366: Seguridad Industrial
9367,Art. 9367: Robotica Industrial
9368,Art. 9368: Telemetria
9369,Art. 9369: Seguridad Industrial
9370,Art. 9370: Redes Neuronales
9371,Art. 9371: Cloud Computing
9372,Art. 9372: Machine Learning
9373,Art. 9373: Mineria de Datos
9374,Art. 9374: Microservicios
9375,Art. 9375: Edge Computing
9376,Art. 9376: Redes Fisicas
9377,Art. 9377: Sistemas Embebidos
9378,Art. 9378: Backtesting de Algoritmos
9379,Art. 9379: Backtesting de Algoritmos
9380,Art. 9380: Seguridad Industrial
9381,Art. 9381: Bases de Datos
9382,Art. 9382: Business Intelligence
9383,Art. 9383: Edge Computing
9384,Art. 9384: Ingenieria de Software
9385,Art. 9385: Vision Artificial
9386,Art. 9386: Software Seguro
9387,Art. 9387: Lenguaje Natural (NLP)
9388,Art. 9388: Vision Artificial
9389,Art. 9389: Automatizacion de Pruebas
9390,Art. 9390: Sistemas Embebidos
9391,Art. 9391: Ingenieria de Software
9392,Art. 9392: Automatizacion de Pruebas
9393,Art. 9393: Bases de Datos
9394,Art. 9394: Sistemas de Control
9395,Art. 9395: Ingenieria de Software
9396,Art. 9396: Blockchain
9397,Art. 9397: Automatizacion de Pruebas
9398,Art. 9398: Sistemas de Control
9399,Art. 9399: Contenedores Docker
9400,Art. 9400: Bases de Datos
9401,Art. 9401: Big Data
9402,Art. 9402: Cloud Computing
9403,Art. 9403: Software Seguro
9404,Art. 9404: Redes Fisicas
9405,Art. 9405: Microservicios
9406,Art. 9406: Desarrollo Movil
9407,Art. 9407: Cableado Estructurado
9408,Art. 9408: Software Seguro
9409,Art. 9409: IoT y Domotica
9410,Art. 9410: Big Data
9411,Art. 9411: Modelos Probabilisticos
9412,Art. 9412: Sistemas Embebidos
9413,Art. 9413: Pipelines ETL
9414,Art. 9414: Analisis Estadistico
9415,Art. 9415: Lenguaje Natural (NLP)
9416,Art. 9416: Pipelines ETL
9417,Art. 9417: Realidad Aumentada
9418,Art. 9418: Computacion Cuantica
9419,Art. 9419: Enrutamiento
9420,Art. 9420: Enrutamiento
9421,Art. 9421: Diseno de APIs REST
9422,Art. 9422: Modelos Probabilisticos
9423,Art. 9423: Riesgos Industriales con IA
9424,Art. 9424: DevOps
9425,Art. 9425: Sistemas de Control
9426,Art. 9426: Backtesting de Algoritmos
9427,Art. 9427: IoT y Domotica
9428,Art. 9428: Robotica Industrial
9429,Art. 9429: Business Intelligence
9430,Art. 9430: Redes Neuronales
9431,Art. 9431: Sistemas Embebidos
9432,Art. 9432: Business Intelligence
9433,Art. 9433: Blockchain
9434,Art. 9434: Enrutamiento
9435,Art. 9435: Computacion Cuantica
9436,Art. 9436: Cloud Computing
9437,Art. 9437: Pipelines ETL
9438,Art. 9438: Blockchain
9439,Art. 9439: Contenedores Docker
9440,Art. 9440: Edge Computing
9441,Art. 9441: Pipelines ETL
9442,Art. 9442: Bases de Datos
9443,Art. 9443: Robotica Industrial
9444,Art. 9444: Bases de Datos
9445,Art. 9445: Optimizacion SQL
9446,Art. 9446: Redes Fisicas
9447,Art. 9447: Backtesting de Algoritmos
9448,Art. 9448: Seguridad Industrial
9449,Art. 9449: Backtesting de Algoritmos
9450,Art. 9450: Edge Computing
9451,Art. 9451: Redes Fisicas
9452,Art. 9452: Modelos Probabilisticos
9453,Art. 9453: Optimizacion SQL
9454,Art. 9454: Optimizacion SQL
9455,Art. 9455: Backtesting de Algoritmos
9456,Art. 9456: Riesgos Industriales con IA
9457,Art. 9457: Cableado Estructurado
9458,Art. 9458: Bases de Datos
9459,Art. 9459: Modelos Probabilisticos
9460,Art. 9460: Redes Neuronales
9461,Art. 9461: Software Seguro
9462,Art. 9462: IoT y Domotica
9463,Art. 9463: Contenedores Docker
9464,Art. 9464: Machine Learning
9465,Art. 9465: IoT y Domotica
9466,Art. 9466: IoT y Domotica
9467,Art. 9467: Realidad Aumentada
9468,Art. 9468: Lenguaje Natural (NLP)
9469,Art. 9469: Automatizacion de Pruebas
9470,Art. 9470: Automatizacion de Pruebas
9471,Art. 9471: Automatizacion de Pruebas
9472,Art. 9472: Ingenieria de Software
9473,Art. 9473: Enrutamiento
9474,Art. 9474: Enrutamiento
9475,Art. 9475: Seguridad Industrial
9476,Art. 9476: Contenedores Docker
9477,Art. 9477: Business Intelligence
9478,Art. 9478: Cableado Estructurado
9479,Art. 9479: Blockchain
9480,Art. 9480: Cableado Estructurado
9481,Art. 9481: Seguridad Industrial
9482,Art. 9482: Machine Learning
9483,Art. 9483: Edge Computing
9484,Art. 9484: Redes Fisicas
9485,Art. 9485: Pipelines ETL
9486,Art. 9486: Backtesting de Algoritmos
9487,Art. 9487: Telemetria
9488,Art. 9488: SO Distribuidos
9489,Art. 9489: Business Intelligence
9490,Art. 9490: Business Intelligence
9491,Art. 9491: Big Data
9492,Art. 9492: Big Data
9493,Art. 9493: Robotica Industrial
9494,Art. 9494: Microservicios
9495,Art. 9495: Pipelines ETL
9496,Art. 9496: Telemetria
9497,Art. 9497: Big Data
9498,Art. 9498: Business Intelligence
9499,Art. 9499: Optimizacion SQL
9500,Art. 9500: Analisis Estadistico
9501,Art. 9501: Software Seguro
9502,Art. 9502: Automatizacion de Pruebas
9503,Art. 9503: Mineria de Datos
9504,Art. 9504: Mineria de Datos
9505,Art. 9505: Desarrollo Movil
9506,Art. 9506: Blockchain
9507,Art. 9507: Sistemas de Control
9508,Art. 9508: Lenguaje Natural (NLP)
9509,Art. 9509: Modelos Probabilisticos
9510,Art. 9510: SO Distribuidos
9511,Art. 9511: Machine Learning
9512,Art. 9512: Mineria de Datos
9513,Art. 9513: Cloud Computing
9514,Art. 9514: Desarrollo Movil
9515,Art. 9515: Criptografia
9516,Art. 9516: Cloud Computing
9517,Art. 9517: Modelos Probabilisticos
9518,Art. 9518: Optimizacion SQL
9519,Art. 9519: Realidad Aumentada
9520,Art. 9520: Business Intelligence
9521,Art. 9521: Realidad Aumentada
9522,Art. 9522: DevOps
9523,Art. 9523: IoT y Domotica
9524,Art. 9524: Contenedores Docker
9525,Art. 9525: IoT y Domotica
9526,Art. 9526: Automatizacion de Pruebas
9527,Art. 9527: Telemetria
9528,Art. 9528: Automatizacion de Pruebas
9529,Art. 9529: Business Intelligence
9530,Art. 9530: Robotica Industrial
9531,Art. 9531: Riesgos Industriales con IA
9532,Art. 9532: Cloud Computing
9533,Art. 9533: Mineria de Datos
9534,Art. 9534: Lenguaje Natural (NLP)
9535,Art. 9535: Enrutamiento
9536,Art. 9536: Computacion Cuantica
9537,Art. 9537: Microservicios
9538,Art. 9538: Edge Computing
9539,Art. 9539: Desarrollo Movil
9540,Art. 9540: Modelos Probabilisticos
9541,Art. 9541: Vision Artificial
9542,Art. 9542: Automatizacion de Pruebas
9543,Art. 9543: Bases de Datos
9544,Art. 9544: Business Intelligence
9545,Art. 9545: Edge Computing
9546,Art. 9546: Enrutamiento
9547,Art. 9547: Analisis Estadistico
9548,Art. 9548: IoT y Domotica
9549,Art. 9549: Contenedores Docker
9550,Art. 9550: Pipelines ETL
9551,Art. 9551: Diseno de APIs REST
9552,Art. 9552: Software Seguro
9553,Art. 9553: Machine Learning
9554,Art. 9554: Sistemas de Control
9555,Art. 9555: Sistemas de Control
9556,Art. 9556: Pipelines ETL
9557,Art. 9557: Criptografia
9558,Art. 9558: Sistemas de Control
9559,Art. 9559: Cableado Estructurado
9560,Art. 9560: Pipelines ETL
9561,Art. 9561: Blockchain
9562,Art. 9562: Criptografia
9563,Art. 9563: Ciberseguridad
9564,Art. 9564: Redes Neuronales
9565,Art. 9565: Lenguaje Natural (NLP)
9566,Art. 9566: Sistemas Embebidos
9567,Art. 9567: Ciberseguridad
9568,Art. 9568: Criptografia
9569,Art. 9569: Microservicios
9570,Art. 9570: Redes Neuronales
9571,Art. 9571: IoT y Domotica
9572,Art. 9572: Software Seguro
9573,Art. 9573: Cloud Computing
9574,Art. 9574: Sistemas de Control
9575,Art. 9575: Lenguaje Natural (NLP)
9576,Art. 9576: Enrutamiento
9577,Art. 9577: Telemetria
9578,Art. 9578: Automatizacion de Pruebas
9579,Art. 9579: Microservicios
9580,Art. 9580: Blockchain
9581,Art. 9581: Diseno de APIs REST
9582,Art. 9582: Enrutamiento
9583,Art. 9583: Algoritmos Predictivos
9584,Art. 9584: Criptografia
9585,Art. 9585: Pipelines ETL
9586,Art. 9586: Optimizacion SQL
9587,Art. 9587: Redes Fisicas
9588,Art. 9588: Contenedores Docker
9589,Art. 9589: Algoritmos Predictivos
9590,Art. 9590: DevOps
9591,Art. 9591: Business Intelligence
9592,Art. 9592: Lenguaje Natural (NLP)
9593,Art. 9593: Desarrollo Movil
9594,Art. 9594: Criptografia
9595,Art. 9595: Riesgos Industriales con IA
9596,Art. 9596: Optimizacion SQL
9597,Art. 9597: Big Data
9598,Art. 9598: Automatizacion de Pruebas
9599,Art. 9599: Analisis Estadistico
9600,Art. 9600: Contenedores Docker
9601,Art. 9601: Blockchain
9602,Art. 9602: Pipelines ETL
9603,Art. 9603: Automatizacion de Pruebas
9604,Art. 9604: Analisis Estadistico
9605,Art. 9605: Cableado Estructurado
9606,Art. 9606: Ingenieria de Software
9607,Art. 9607: Modelos Probabilisticos
9608,Art. 9608: Redes Neuronales
9609,Art. 9609: Ciberseguridad
9610,Art. 9610: Algoritmos Predictivos
9611,Art. 9611: Machine Learning
9612,Art. 9612: Riesgos Industriales con IA
9613,Art. 9613: Enrutamiento
9614,Art. 9614: Business Intelligence
9615,Art. 9615: Ingenieria de Software
9616,Art. 9616: SO Distribuidos
9617,Art. 9617: IoT y Domotica
9618,Art. 9618: Optimizacion SQL
9619,Art. 9619: Bases de Datos
9620,Art. 9620: SO Distribuidos
9621,Art. 9621: Realidad Aumentada
9622,Art. 9622: Bases de Datos
9623,Art. 9623: Seguridad Industrial
9624,Art. 9624: DevOps
9625,Art. 9625: Big Data
9626,Art. 9626: Analisis Estadistico
9627,Art. 9627: Desarrollo Movil
9628,Art. 9628: Optimizacion SQL
9629,Art. 9629: Diseno de APIs REST
9630,Art. 9630: Sistemas de Control
9631,Art. 9631: Sistemas de Control
9632,Art. 9632: Seguridad Industrial
9633,Art. 9633: Big Data
9634,Art. 9634: Contenedores Docker
9635,Art. 9635: Criptografia
9636,Art. 9636: Big Data
9637,Art. 9637: Software Seguro
9638,Art. 9638: Ciberseguridad
9639,Art. 9639: Realidad Aumentada
9640,Art. 9640: Machine Learning
9641,Art. 9641: Contenedores Docker
9642,Art. 9642: Vision Artificial
9643,Art. 9643: Vision Artificial
9644,Art. 9644: Software Seguro
9645,Art. 9645: Criptografia
9646,Art. 9646: Vision Artificial
9647,Art. 9647: Sistemas de Control
9648,Art. 9648: Cloud Computing
9649,Art. 9649: Enrutamiento
9650,Art. 9650: Blockchain
9651,Art. 9651: SO Distribuidos
9652,Art. 9652: Enrutamiento
9653,Art. 9653: Computacion Cuantica
9654,Art. 9654: Enrutamiento
9655,Art. 9655: Algoritmos Predictivos
9656,Art. 9656: Backtesting de Algoritmos
9657,Art. 9657: Algoritmos Predictivos
9658,Art. 9658: Software Seguro
9659,Art. 9659: Edge Computing
9660,Art. 9660: Desarrollo Movil
9661,Art. 9661: Lenguaje Natural (NLP)
9662,Art. 9662: Modelos Probabilisticos
9663,Art. 9663: Software Seguro
9664,Art. 9664: Cableado Estructurado
9665,Art. 9665: Redes Neuronales
9666,Art. 9666: Enrutamiento
9667,Art. 9667: Lenguaje Natural (NLP)
9668,Art. 9668: Optimizacion SQL
9669,Art. 9669: Microservicios
9670,Art. 9670: Criptografia
9671,Art. 9671: Software Seguro
9672,Art. 9672: Modelos Probabilisticos
9673,Art. 9673: Desarrollo Movil
9674,Art. 9674: Bases de Datos
9675,Art. 9675: Ingenieria de Software
9676,Art. 9676: Pipelines ETL
9677,Art. 9677: Contenedores Docker
9678,Art. 9678: Telemetria
9679,Art. 9679: Big Data
9680,Art. 9680: DevOps
9681,Art. 9681: Edge Computing
9682,Art. 9682: Desarrollo Movil
9683,Art. 9683: Vision Artificial
9684,Art. 9684: Robotica Industrial
9685,Art. 9685: Algoritmos Predictivos
9686,Art. 9686: Backtesting de Algoritmos
9687,Art. 9687: Machine Learning
9688,Art. 9688: Pipelines ETL
9689,Art. 9689: Contenedores Docker
9690,Art. 9690: Machine Learning
9691,Art. 9691: Modelos Probabilisticos
9692,Art. 9692: Telemetria
9693,Art. 9693: Lenguaje Natural (NLP)
9694,Art. 9694: Bases de Datos
9695,Art. 9695: DevOps
9696,Art. 9696: Automatizacion de Pruebas
9697,Art. 9697: Algoritmos Predictivos
9698,Art. 9698: Telemetria
9699,Art. 9699: Seguridad Industrial
9700,Art. 9700: Modelos Probabilisticos
9701,Art. 9701: SO Distribuidos
9702,Art. 9702: Analisis Estadistico
9703,Art. 9703: Desarrollo Movil
9704,Art. 9704: Sistemas de Control
9705,Art. 9705: Optimizacion SQL
9706,Art. 9706: Telemetria
9707,Art. 9707: Contenedores Docker
9708,Art. 9708: Microservicios
9709,Art. 9709: Pipelines ETL
9710,Art. 9710: Mineria de Datos
9711,Art. 9711: Blockchain
9712,Art. 9712: Seguridad Industrial
9713,Art. 9713: Diseno de APIs REST
9714,Art. 9714: Robotica Industrial
9715,Art. 9715: SO Distribuidos
9716,Art. 9716: Robotica Industrial
9717,Art. 9717: Algoritmos Predictivos
9718,Art. 9718: Machine Learning
9719,Art. 9719: Algoritmos Predictivos
9720,Art. 9720: Automatizacion de Pruebas
9721,Art. 9721: Ciberseguridad
9722,Art. 9722: Microservicios
9723,Art. 9723: Automatizacion de Pruebas
9724,Art. 9724: Desarrollo Movil
9725,Art. 9725: Edge Computing
9726,Art. 9726: Realidad Aumentada
9727,Art. 9727: DevOps
9728,Art. 9728: Mineria de Datos
9729,Art. 9729: Algoritmos Predictivos
9730,Art. 9730: Pipelines ETL
9731,Art. 9731: Vision Artificial
9732,Art. 9732: Seguridad Industrial
9733,Art. 9733: Criptografia
9734,Art. 9734: Software Seguro
9735,Art. 9735: Software Seguro
9736,Art. 9736: Bases de Datos
9737,Art. 9737: Business Intelligence
9738,Art. 9738: Telemetria
9739,Art. 9739: Bases de Datos
9740,Art. 9740: Seguridad Industrial
9741,Art. 9741: Realidad Aumentada
9742,Art. 9742: Realidad Aumentada
9743,Art. 9743: Diseno de APIs REST
9744,Art. 9744: Blockchain
9745,Art. 9745: Contenedores Docker
9746,Art. 9746: Desarrollo Movil
9747,Art. 9747: Contenedores Docker
9748,Art. 9748: Cloud Computing
9749,Art. 9749: Cloud Computing
9750,Art. 9750: Sistemas de Control
9751,Art. 9751: Software Seguro
9752,Art. 9752: Sistemas Embebidos
9753,Art. 9753: Sistemas Embebidos
9754,Art. 9754: Vision Artificial
9755,Art. 9755: Computacion Cuantica
9756,Art. 9756: Sistemas de Control
9757,Art. 9757: Sistemas de Control
9758,Art. 9758: Telemetria
9759,Art. 9759: Machine Learning
9760,Art. 9760: Redes Neuronales
9761,Art. 9761: IoT y Domotica
9762,Art. 9762: Machine Learning
9763,Art. 9763: Pipelines ETL
9764,Art. 9764: Backtesting de Algoritmos
9765,Art. 9765: Sistemas de Control
9766,Art. 9766: Bases de Datos
9767,Art. 9767: Automatizacion de Pruebas
9768,Art. 9768: DevOps
9769,Art. 9769: Business Intelligence
9770,Art. 9770: Diseno de APIs REST
9771,Art. 9771: Bases de Datos
9772,Art. 9772: Contenedores Docker
9773,Art. 9773: Criptografia
9774,Art. 9774: Optimizacion SQL
9775,Art. 9775: Backtesting de Algoritmos
9776,Art. 9776: Criptografia
9777,Art. 9777: Riesgos Industriales con IA
9778,Art. 9778: Riesgos Industriales con IA
9779,Art. 9779: IoT y Domotica
9780,Art. 9780: Redes Neuronales
9781,Art. 9781: Mineria de Datos
9782,Art. 9782: Edge Computing
9783,Art. 9783: Ingenieria de Software
9784,Art. 9784: Blockchain
9785,Art. 9785: DevOps
9786,Art. 9786: Big Data
9787,Art. 9787: Robotica Industrial
9788,Art. 9788: Mineria de Datos
9789,Art. 9789: Telemetria
9790,Art. 9790: Edge Computing
9791,Art. 9791: Analisis Estadistico
9792,Art. 9792: Robotica Industrial
9793,Art. 9793: Modelos Probabilisticos
9794,Art. 9794: SO Distribuidos
9795,Art. 9795: Big Data
9796,Art. 9796: Automatizacion de Pruebas
9797,Art. 9797: Analisis Estadistico
9798,Art. 9798: Blockchain
9799,Art. 9799: Desarrollo Movil
9800,Art. 9800: Sistemas Embebidos
9801,Art. 9801: Sistemas Embebidos
9802,Art. 9802: Computacion Cuantica
9803,Art. 9803: Computacion Cuantica
9804,Art. 9804: Algoritmos Predictivos
9805,Art. 9805: Software Seguro
9806,Art. 9806: Blockchain
9807,Art. 9807: Analisis Estadistico
9808,Art. 9808: Optimizacion SQL
9809,Art. 9809: Ciberseguridad
9810,Art. 9810: Optimizacion SQL
9811,Art. 9811: Robotica Industrial
9812,Art. 9812: Desarrollo Movil
9813,Art. 9813: Automatizacion de Pruebas
9814,Art. 9814: Backtesting de Algoritmos
9815,Art. 9815: Robotica Industrial
9816,Art. 9816: DevOps
9817,Art. 9817: SO Distribuidos
9818,Art. 9818: Realidad Aumentada
9819,Art. 9819: Telemetria
9820,Art. 9820: SO Distribuidos
9821,Art. 9821: Robotica Industrial
9822,Art. 9822: Redes Fisicas
9823,Art. 9823: Desarrollo Movil
9824,Art. 9824: Cableado Estructurado
9825,Art. 9825: Contenedores Docker
9826,Art. 9826: Machine Learning
9827,Art. 9827: Modelos Probabilisticos
9828,Art. 9828: Bases de Datos
9829,Art. 9829: Lenguaje Natural (NLP)
9830,Art. 9830: Ciberseguridad
9831,Art. 9831: Riesgos Industriales con IA
9832,Art. 9832: SO Distribuidos
9833,Art. 9833: Automatizacion de Pruebas
9834,Art. 9834: Vision Artificial
9835,Art. 9835: Blockchain
9836,Art. 9836: Ingenieria de Software
9837,Art. 9837: Cloud Computing
9838,Art. 9838: Analisis Estadistico
9839,Art. 9839: Desarrollo Movil
9840,Art. 9840: SO Distribuidos
9841,Art. 9841: Vision Artificial
9842,Art. 9842: Big Data
9843,Art. 9843: Business Intelligence
9844,Art. 9844: Sistemas de Control
9845,Art. 9845: Algoritmos Predictivos
9846,Art. 9846: Lenguaje Natural (NLP)
9847,Art. 9847: Blockchain
9848,Art. 9848: Cableado Estructurado
9849,Art. 9849: Ciberseguridad
9850,Art. 9850: Enrutamiento
9851,Art. 9851: Cableado Estructurado
9852,Art. 9852: DevOps
9853,Art. 9853: Ciberseguridad
9854,Art. 9854: Robotica Industrial
9855,Art. 9855: Seguridad Industrial
9856,Art. 9856: Bases de Datos
9857,Art. 9857: Sistemas Embebidos
9858,Art. 9858: Realidad Aumentada
9859,Art. 9859: Robotica Industrial
9860,Art. 9860: Redes Neuronales
9861,Art. 9861: Riesgos Industriales con IA
9862,Art. 9862: Optimizacion SQL
9863,Art. 9863: Criptografia
9864,Art. 9864: Enrutamiento
9865,Art. 9865: Mineria de Datos
9866,Art. 9866: Pipelines ETL
9867,Art. 9867: Business Intelligence
9868,Art. 9868: Seguridad Industrial
9869,Art. 9869: Automatizacion de Pruebas
9870,Art. 9870: Automatizacion de Pruebas
9871,Art. 9871: Seguridad Industrial
9872,Art. 9872: Backtesting de Algoritmos
9873,Art. 9873: SO Distribuidos
9874,Art. 9874: Vision Artificial
9875,Art. 9875: Sistemas Embebidos
9876,Art. 9876: Pipelines ETL
9877,Art. 9877: Ingenieria de Software
9878,Art. 9878: Big Data
9879,Art. 9879: Pipelines ETL
9880,Art. 9880: IoT y Domotica
9881,Art. 9881: Optimizacion SQL
9882,Art. 9882: Computacion Cuantica
9883,Art. 9883: DevOps
9884,Art. 9884: Computacion Cuantica
9885,Art. 9885: Analisis Estadistico
9886,Art. 9886: Analisis Estadistico
9887,Art. 9887: Big Data
9888,Art. 9888: Redes Fisicas
9889,Art. 9889: Optimizacion SQL
9890,Art. 9890: Optimizacion SQL
9891,Art. 9891: Software Seguro
9892,Art. 9892: Automatizacion de Pruebas
9893,Art. 9893: Automatizacion de Pruebas
9894,Art. 9894: Modelos Probabilisticos
9895,Art. 9895: Ciberseguridad
9896,Art. 9896: IoT y Domotica
9897,Art. 9897: Diseno de APIs REST
9898,Art. 9898: Big Data
9899,Art. 9899: Modelos Probabilisticos
9900,Art. 9900: Big Data
9901,Art. 9901: Enrutamiento
9902,Art. 9902: Microservicios
9903,Art. 9903: Cableado Estructurado
9904,Art. 9904: Seguridad Industrial
9905,Art. 9905: Diseno de APIs REST
9906,Art. 9906: Machine Learning
9907,Art. 9907: Ciberseguridad
9908,Art. 9908: Edge Computing
9909,Art. 9909: Riesgos Industriales con IA
9910,Art. 9910: Desarrollo Movil
9911,Art. 9911: Edge Computing
9912,Art. 9912: Pipelines ETL
9913,Art. 9913: Bases de Datos
9914,Art. 9914: Optimizacion SQL
9915,Art. 9915: Pipelines ETL
9916,Art. 9916: Diseno de APIs REST
9917,Art. 9917: Telemetria
9918,Art. 9918: SO Distribuidos
9919,Art. 9919: IoT y Domotica
9920,Art. 9920: Vision Artificial
9921,Art. 9921: Contenedores Docker
9922,Art. 9922: Backtesting de Algoritmos
9923,Art. 9923: Sistemas de Control
9924,Art. 9924: Cableado Estructurado
9925,Art. 9925: Optimizacion SQL
9926,Art. 9926: Vision Artificial
9927,Art. 9927: Automatizacion de Pruebas
9928,Art. 9928: Machine Learning
9929,Art. 9929: Seguridad Industrial
9930,Art. 9930: Pipelines ETL
9931,Art. 9931: Ingenieria de Software
9932,Art. 9932: Pipelines ETL
9933,Art. 9933: Algoritmos Predictivos
9934,Art. 9934: Redes Neuronales
9935,Art. 9935: Enrutamiento
9936,Art. 9936: Computacion Cuantica
9937,Art. 9937: Edge Computing
9938,Art. 9938: Edge Computing
9939,Art. 9939: Blockchain
9940,Art. 9940: IoT y Domotica
9941,Art. 9941: IoT y Domotica
9942,Art. 9942: Machine Learning
9943,Art. 9943: Microservicios
9944,Art. 9944: Desarrollo Movil
9945,Art. 9945: Algoritmos Predictivos
9946,Art. 9946: Sistemas de Control
9947,Art. 9947: Bases de Datos
9948,Art. 9948: Analisis Estadistico
9949,Art. 9949: Ingenieria de Software
9950,Art. 9950: Contenedores Docker
9951,Art. 9951: Diseno de APIs REST
9952,Art. 9952: Cableado Estructurado
9953,Art. 9953: Computacion Cuantica
9954,Art. 9954: DevOps
9955,Art. 9955: Ciberseguridad
9956,Art. 9956: Pipelines ETL
9957,Art. 9957: Enrutamiento
9958,Art. 9958: Mineria de Datos
9959,Art. 9959: Analisis Estadistico
9960,Art. 9960: Optimizacion SQL
9961,Art. 9961: Backtesting de Algoritmos
9962,Art. 9962: Blockchain
9963,Art. 9963: Pipelines ETL
9964,Art. 9964: Enrutamiento
9965,Art. 9965: Blockchain
9966,Art. 9966: SO Distribuidos
9967,Art. 9967: Lenguaje Natural (NLP)
9968,Art. 9968: Backtesting de Algoritmos
9969,Art. 9969: DevOps
9970,Art. 9970: Analisis Estadistico
9971,Art. 9971: Robotica Industrial
9972,Art. 9972: Vision Artificial
9973,Art. 9973: Enrutamiento
9974,Art. 9974: Ciberseguridad
9975,Art. 9975: Realidad Aumentada
9976,Art. 9976: Computacion Cuantica
9977,Art. 9977: Business Intelligence
9978,Art. 9978: Computacion Cuantica
9979,Art. 9979: Desarrollo Movil
9980,Art. 9980: Lenguaje Natural (NLP)
9981,Art. 9981: Modelos Probabilisticos
9982,Art. 9982: Software Seguro
9983,Art. 9983: Sistemas de Control
9984,Art. 9984: Pipelines ETL
9985,Art. 9985: Mineria de Datos
9986,Art. 9986: Big Data
9987,Art. 9987: Bases de Datos
9988,Art. 9988: Cableado Estructurado
9989,Art. 9989: Bases de Datos
9990,Art. 9990: Microservicios
9991,Art. 9991: Lenguaje Natural (NLP)
9992,Art. 9992: SO Distribuidos
9993,Art. 9993: Contenedores Docker
9994,Art. 9994: Analisis Estadistico
9995,Art. 9995: Telemetria
9996,Art. 9996: Lenguaje Natural (NLP)
9997,Art. 9997: Edge Computing
9998,Art. 9998: Analisis Estadistico
9999,Art. 9999: Modelos Probabilisticos
10000,Art. 10000: Ciberseguridad
10001,Art. 10001: Redes Fisicas
10002,Art. 10002: Riesgos Industriales con IA
10003,Art. 10003: SO Distribuidos
10004,Art. 10004: Bases de Datos
10005,Art. 10005: Seguridad Industrial
10006,Art. 10006: Enrutamiento
10007,Art. 10007: Business Intelligence
10008,Art. 10008: Realidad Aumentada
10009,Art. 10009: Cloud Computing
10010,Art. 10010: Telemetria
10011,Art. 10011: Vision Artificial
10012,Art. 10012: Mineria de Datos
10013,Art. 10013: Edge Computing
10014,Art. 10014: Machine Learning
10015,Art. 10015: Computacion Cuantica
10016,Art. 10016: Microservicios
10017,Art. 10017: Realidad Aumentada
10018,Art. 10018: DevOps
10019,Art. 10019: Cloud Computing
10020,Art. 10020: Redes Neuronales
10021,Art. 10021: Backtesting de Algoritmos
10022,Art. 10022: Lenguaje Natural (NLP)
10023,Art. 10023: Seguridad Industrial
10024,Art. 10024: Edge Computing
10025,Art. 10025: Robotica Industrial
10026,Art. 10026: SO Distribuidos
10027,Art. 10027: Criptografia
10028,Art. 10028: Optimizacion SQL
10029,Art. 10029: Analisis Estadistico
10030,Art. 10030: Redes Fisicas
10031,Art. 10031: Big Data
10032,Art. 10032: Optimizacion SQL
10033,Art. 10033: Riesgos Industriales con IA
10034,Art. 10034: Automatizacion de Pruebas
10035,Art. 10035: Enrutamiento
10036,Art. 10036: SO Distribuidos
10037,Art. 10037: IoT y Domotica
10038,Art. 10038: Analisis Estadistico
10039,Art. 10039: Optimizacion SQL
10040,Art. 10040: Ingenieria de Software
10041,Art. 10041: Pipelines ETL
10042,Art. 10042: Desarrollo Movil
10043,Art. 10043: Software Seguro
10044,Art. 10044: Algoritmos Predictivos
10045,Art. 10045: Modelos Probabilisticos
10046,Art. 10046: Redes Fisicas
10047,Art. 10047: Blockchain
10048,Art. 10048: Cableado Estructurado
10049,Art. 10049: Realidad Aumentada
10050,Art. 10050: Pipelines ETL
10051,Art. 10051: Pipelines ETL
10052,Art. 10052: Machine Learning
10053,Art. 10053: Analisis Estadistico
10054,Art. 10054: Ciberseguridad
10055,Art. 10055: Computacion Cuantica
10056,Art. 10056: Realidad Aumentada
10057,Art. 10057: Redes Neuronales
10058,Art. 10058: Pipelines ETL
10059,Art. 10059: Telemetria
10060,Art. 10060: Bases de Datos
10061,Art. 10061: Software Seguro
10062,Art. 10062: Software Seguro
10063,Art. 10063: Redes Neuronales
10064,Art. 10064: Redes Neuronales
10065,Art. 10065: Criptografia
10066,Art. 10066: Pipelines ETL
10067,Art. 10067: Blockchain
10068,Art. 10068: Redes Neuronales
10069,Art. 10069: Backtesting de Algoritmos
10070,Art. 10070: Backtesting de Algoritmos
10071,Art. 10071: Sistemas Embebidos
10072,Art. 10072: DevOps
10073,Art. 10073: Big Data
10074,Art. 10074: Contenedores Docker
10075,Art. 10075: SO Distribuidos
10076,Art. 10076: Big Data
10077,Art. 10077: Edge Computing
10078,Art. 10078: Big Data
10079,Art. 10079: Seguridad Industrial
10080,Art. 10080: Software Seguro
10081,Art. 10081: Seguridad Industrial
10082,Art. 10082: Bases de Datos
10083,Art. 10083: Sistemas Embebidos
10084,Art. 10084: Software Seguro
10085,Art. 10085: Robotica Industrial
10086,Art. 10086: Diseno de APIs REST
10087,Art. 10087: Riesgos Industriales con IA
10088,Art. 10088: Realidad Aumentada
10089,Art. 10089: Backtesting de Algoritmos
10090,Art. 10090: Desarrollo Movil
10091,Art. 10091: SO Distribuidos
10092,Art. 10092: Contenedores Docker
10093,Art. 10093: Lenguaje Natural (NLP)
10094,Art. 10094: Ciberseguridad
10095,Art. 10095: Redes Fisicas
10096,Art. 10096: Business Intelligence
10097,Art. 10097: Diseno de APIs REST
10098,Art. 10098: Redes Neuronales
10099,Art. 10099: Seguridad Industrial
10100,Art. 10100: Desarrollo Movil
10101,Art. 10101: Modelos Probabilisticos
10102,Art. 10102: Software Seguro
10103,Art. 10103: Contenedores Docker
10104,Art. 10104: Big Data
10105,Art. 10105: Software Seguro
10106,Art. 10106: Robotica Industrial
10107,Art. 10107: Algoritmos Predictivos
10108,Art. 10108: Optimizacion SQL
10109,Art. 10109: Diseno de APIs REST
10110,Art. 10110: Bases de Datos
10111,Art. 10111: Bases de Datos
10112,Art. 10112: Backtesting de Algoritmos
10113,Art. 10113: Realidad Aumentada
10114,Art. 10114: Riesgos Industriales con IA
10115,Art. 10115: Ciberseguridad
10116,Art. 10116: Ciberseguridad
10117,Art. 10117: Ingenieria de Software
10118,Art. 10118: Desarrollo Movil
10119,Art. 10119: Redes Fisicas
10120,Art. 10120: Big Data
10121,Art. 10121: Riesgos Industriales con IA
10122,Art. 10122: Desarrollo Movil
10123,Art. 10123: SO Distribuidos
10124,Art. 10124: Sistemas de Control
10125,Art. 10125: Contenedores Docker
10126,Art. 10126: Criptografia
10127,Art. 10127: Vision Artificial
10128,Art. 10128: Mineria de Datos
10129,Art. 10129: SO Distribuidos
10130,Art. 10130: Computacion Cuantica
10131,Art. 10131: Microservicios
10132,Art. 10132: Software Seguro
10133,Art. 10133: Sistemas Embebidos
10134,Art. 10134: Big Data
10135,Art. 10135: Backtesting de Algoritmos
10136,Art. 10136: Mineria de Datos
10137,Art. 10137: Automatizacion de Pruebas
10138,Art. 10138: Criptografia
10139,Art. 10139: Software Seguro
10140,Art. 10140: Telemetria
10141,Art. 10141: Analisis Estadistico
10142,Art. 10142: Backtesting de Algoritmos
10143,Art. 10143: Riesgos Industriales con IA
10144,Art. 10144: DevOps
10145,Art. 10145: Cloud Computing
10146,Art. 10146: Cableado Estructurado
10147,Art. 10147: Backtesting de Algoritmos
10148,Art. 10148: Criptografia
10149,Art. 10149: Sistemas de Control
10150,Art. 10150: Microservicios
10151,Art. 10151: Redes Neuronales
10152,Art. 10152: Software Seguro
10153,Art. 10153: Riesgos Industriales con IA
10154,Art. 10154: Sistemas de Control
10155,Art. 10155: Cloud Computing
10156,Art. 10156: Modelos Probabilisticos
10157,Art. 10157: Microservicios
10158,Art. 10158: Criptografia
10159,Art. 10159: Pipelines ETL
10160,Art. 10160: SO Distribuidos
10161,Art. 10161: Desarrollo Movil
10162,Art. 10162: Algoritmos Predictivos
10163,Art. 10163: Computacion Cuantica
10164,Art. 10164: Contenedores Docker
10165,Art. 10165: Optimizacion SQL
10166,Art. 10166: Diseno de APIs REST
10167,Art. 10167: Riesgos Industriales con IA
10168,Art. 10168: Ciberseguridad
10169,Art. 10169: Ciberseguridad
10170,Art. 10170: Big Data
10171,Art. 10171: Business Intelligence
10172,Art. 10172: Analisis Estadistico
10173,Art. 10173: Criptografia
10174,Art. 10174: Redes Neuronales
10175,Art. 10175: Redes Neuronales
10176,Art. 10176: Sistemas Embebidos
10177,Art. 10177: Microservicios
10178,Art. 10178: Backtesting de Algoritmos
10179,Art. 10179: Ingenieria de Software
10180,Art. 10180: Bases de Datos
10181,Art. 10181: Modelos Probabilisticos
10182,Art. 10182: Business Intelligence
10183,Art. 10183: Automatizacion de Pruebas
10184,Art. 10184: Sistemas de Control
10185,Art. 10185: Cloud Computing
10186,Art. 10186: Business Intelligence
10187,Art. 10187: Microservicios
10188,Art. 10188: Riesgos Industriales con IA
10189,Art. 10189: Lenguaje Natural (NLP)
10190,Art. 10190: Computacion Cuantica
10191,Art. 10191: Blockchain
10192,Art. 10192: Cloud Computing
10193,Art. 10193: Sistemas Embebidos
10194,Art. 10194: Lenguaje Natural (NLP)
10195,Art. 10195: Machine Learning
10196,Art. 10196: Telemetria
10197,Art. 10197: Cableado Estructurado
10198,Art. 10198: DevOps
10199,Art. 10199: Robotica Industrial
10200,Art. 10200: Redes Neuronales
10201,Art. 10201: SO Distribuidos
10202,Art. 10202: Computacion Cuantica
10203,Art. 10203: Business Intelligence
10204,Art. 10204: Algoritmos Predictivos
10205,Art. 10205: Enrutamiento
10206,Art. 10206: Telemetria
10207,Art. 10207: Enrutamiento
10208,Art. 10208: Lenguaje Natural (NLP)
10209,Art. 10209: SO Distribuidos
10210,Art. 10210: Cableado Estructurado
10211,Art. 10211: Computacion Cuantica
10212,Art. 10212: IoT y Domotica
10213,Art. 10213: Edge Computing
10214,Art. 10214: Mineria de Datos
10215,Art. 10215: Riesgos Industriales con IA
10216,Art. 10216: Mineria de Datos
10217,Art. 10217: Cableado Estructurado
10218,Art. 10218: Criptografia
10219,Art. 10219: Computacion Cuantica
10220,Art. 10220: Business Intelligence
10221,Art. 10221: Telemetria
10222,Art. 10222: Cableado Estructurado
10223,Art. 10223: Lenguaje Natural (NLP)
10224,Art. 10224: Vision Artificial
10225,Art. 10225: Lenguaje Natural (NLP)
10226,Art. 10226: Diseno de APIs REST
10227,Art. 10227: Edge Computing
10228,Art. 10228: Riesgos Industriales con IA
10229,Art. 10229: Lenguaje Natural (NLP)
10230,Art. 10230: Ciberseguridad
10231,Art. 10231: IoT y Domotica
10232,Art. 10232: Ingenieria de Software
10233,Art. 10233: Pipelines ETL
10234,Art. 10234: Blockchain
10235,Art. 10235: Cloud Computing
10236,Art. 10236: Pipelines ETL
10237,Art. 10237: Backtesting de Algoritmos
10238,Art. 10238: Software Seguro
10239,Art. 10239: Lenguaje Natural (NLP)
10240,Art. 10240: Criptografia
10241,Art. 10241: Mineria de Datos
10242,Art. 10242: Software Seguro
10243,Art. 10243: Bases de Datos
10244,Art. 10244: Business Intelligence
10245,Art. 10245: Robotica Industrial
10246,Art. 10246: Analisis Estadistico
10247,Art. 10247: Edge Computing
10248,Art. 10248: Algoritmos Predictivos
10249,Art. 10249: Redes Neuronales
10250,Art. 10250: Criptografia
10251,Art. 10251: Realidad Aumentada
10252,Art. 10252: Blockchain
10253,Art. 10253: IoT y Domotica
10254,Art. 10254: IoT y Domotica
10255,Art. 10255: Telemetria
10256,Art. 10256: Modelos Probabilisticos
10257,Art. 10257: Automatizacion de Pruebas
10258,Art. 10258: SO Distribuidos
10259,Art. 10259: Algoritmos Predictivos
10260,Art. 10260: Algoritmos Predictivos
10261,Art. 10261: Redes Fisicas
10262,Art. 10262: Analisis Estadistico
10263,Art. 10263: Enrutamiento
10264,Art. 10264: Bases de Datos
10265,Art. 10265: SO Distribuidos
10266,Art. 10266: Vision Artificial
10267,Art. 10267: Pipelines ETL
10268,Art. 10268: Optimizacion SQL
10269,Art. 10269: Pipelines ETL
10270,Art. 10270: DevOps
10271,Art. 10271: DevOps
10272,Art. 10272: Vision Artificial
10273,Art. 10273: Analisis Estadistico
10274,Art. 10274: Microservicios
10275,Art. 10275: Edge Computing
10276,Art. 10276: Software Seguro
10277,Art. 10277: Sistemas Embebidos
10278,Art. 10278: Ingenieria de Software
10279,Art. 10279: Software Seguro
10280,Art. 10280: Modelos Probabilisticos
10281,Art. 10281: Telemetria
10282,Art. 10282: Business Intelligence
10283,Art. 10283: Cableado Estructurado
10284,Art. 10284: Desarrollo Movil
10285,Art. 10285: Pipelines ETL
10286,Art. 10286: SO Distribuidos
10287,Art. 10287: Telemetria
10288,Art. 10288: Blockchain
10289,Art. 10289: Automatizacion de Pruebas
10290,Art. 10290: Software Seguro
10291,Art. 10291: Ciberseguridad
10292,Art. 10292: Diseno de APIs REST
10293,Art. 10293: Seguridad Industrial
10294,Art. 10294: Vision Artificial
10295,Art. 10295: Realidad Aumentada
10296,Art. 10296: Contenedores Docker
10297,Art. 10297: Computacion Cuantica
10298,Art. 10298: Ciberseguridad
10299,Art. 10299: Contenedores Docker
10300,Art. 10300: Realidad Aumentada
10301,Art. 10301: Contenedores Docker
10302,Art. 10302: Diseno de APIs REST
10303,Art. 10303: Riesgos Industriales con IA
10304,Art. 10304: Software Seguro
10305,Art. 10305: Robotica Industrial
10306,Art. 10306: Big Data
10307,Art. 10307: Vision Artificial
10308,Art. 10308: Computacion Cuantica
10309,Art. 10309: SO Distribuidos
10310,Art. 10310: Seguridad Industrial
10311,Art. 10311: DevOps
10312,Art. 10312: SO Distribuidos
10313,Art. 10313: Desarrollo Movil
10314,Art. 10314: Sistemas de Control
10315,Art. 10315: Microservicios
10316,Art. 10316: DevOps
10317,Art. 10317: Riesgos Industriales con IA
10318,Art. 10318: Realidad Aumentada
10319,Art. 10319: Desarrollo Movil
10320,Art. 10320: Software Seguro
10321,Art. 10321: Criptografia
10322,Art. 10322: Redes Fisicas
10323,Art. 10323: Enrutamiento
10324,Art. 10324: Vision Artificial
10325,Art. 10325: Computacion Cuantica
10326,Art. 10326: Seguridad Industrial
10327,Art. 10327: SO Distribuidos
10328,Art. 10328: Machine Learning
10329,Art. 10329: Enrutamiento
10330,Art. 10330: Algoritmos Predictivos
10331,Art. 10331: DevOps
10332,Art. 10332: Robotica Industrial
10333,Art. 10333: Machine Learning
10334,Art. 10334: Machine Learning
10335,Art. 10335: Backtesting de Algoritmos
10336,Art. 10336: Bases de Datos
10337,Art. 10337: Desarrollo Movil
10338,Art. 10338: Big Data
10339,Art. 10339: Sistemas Embebidos
10340,Art. 10340: Big Data
10341,Art. 10341: Machine Learning
10342,Art. 10342: Automatizacion de Pruebas
10343,Art. 10343: Enrutamiento
10344,Art. 10344: Automatizacion de Pruebas
10345,Art. 10345: Microservicios
10346,Art. 10346: Algoritmos Predictivos
10347,Art. 10347: SO Distribuidos
10348,Art. 10348: Edge Computing
10349,Art. 10349: Desarrollo Movil
10350,Art. 10350: Telemetria
10351,Art. 10351: Business Intelligence
10352,Art. 10352: Big Data
10353,Art. 10353: Mineria de Datos
10354,Art. 10354: Ciberseguridad
10355,Art. 10355: Ciberseguridad
10356,Art. 10356: Software Seguro
10357,Art. 10357: Redes Neuronales
10358,Art. 10358: Bases de Datos
10359,Art. 10359: Modelos Probabilisticos
10360,Art. 10360: Mineria de Datos
10361,Art. 10361: Criptografia
10362,Art. 10362: Ciberseguridad
10363,Art. 10363: Bases de Datos
10364,Art. 10364: Redes Neuronales
10365,Art. 10365: Telemetria
10366,Art. 10366: Computacion Cuantica
10367,Art. 10367: Enrutamiento
10368,Art. 10368: Sistemas de Control
10369,Art. 10369: Enrutamiento
10370,Art. 10370: Microservicios
10371,Art. 10371: Mineria de Datos
10372,Art. 10372: Big Data
10373,Art. 10373: Bases de Datos
10374,Art. 10374: Modelos Probabilisticos
10375,Art. 10375: IoT y Domotica
10376,Art. 10376: Riesgos Industriales con IA
10377,Art. 10377: Desarrollo Movil
10378,Art. 10378: Criptografia
10379,Art. 10379: Bases de Datos
10380,Art. 10380: Big Data
10381,Art. 10381: DevOps
10382,Art. 10382: Lenguaje Natural (NLP)
10383,Art. 10383: DevOps
10384,Art. 10384: Robotica Industrial
10385,Art. 10385: Machine Learning
10386,Art. 10386: Optimizacion SQL
10387,Art. 10387: Lenguaje Natural (NLP)
10388,Art. 10388: Vision Artificial
10389,Art. 10389: SO Distribuidos
10390,Art. 10390: Blockchain
10391,Art. 10391: Cableado Estructurado
10392,Art. 10392: DevOps
10393,Art. 10393: Software Seguro
10394,Art. 10394: Sistemas de Control
10395,Art. 10395: Desarrollo Movil
10396,Art. 10396: Realidad Aumentada
10397,Art. 10397: Big Data
10398,Art. 10398: Riesgos Industriales con IA
10399,Art. 10399: SO Distribuidos
10400,Art. 10400: Backtesting de Algoritmos
10401,Art. 10401: Riesgos Industriales con IA
10402,Art. 10402: IoT y Domotica
10403,Art. 10403: Redes Neuronales
10404,Art. 10404: Edge Computing
10405,Art. 10405: Seguridad Industrial
10406,Art. 10406: Backtesting de Algoritmos
10407,Art. 10407: Lenguaje Natural (NLP)
10408,Art. 10408: IoT y Domotica
10409,Art. 10409: Software Seguro
10410,Art. 10410: IoT y Domotica
10411,Art. 10411: Bases de Datos
10412,Art. 10412: Big Data
10413,Art. 10413: Riesgos Industriales con IA
10414,Art. 10414: Computacion Cuantica
10415,Art. 10415: Lenguaje Natural (NLP)
10416,Art. 10416: Pipelines ETL
10417,Art. 10417: Computacion Cuantica
10418,Art. 10418: Modelos Probabilisticos
10419,Art. 10419: Mineria de Datos
10420,Art. 10420: Diseno de APIs REST
10421,Art. 10421: Vision Artificial
10422,Art. 10422: Pipelines ETL
10423,Art. 10423: Ciberseguridad
10424,Art. 10424: Seguridad Industrial
10425,Art. 10425: Robotica Industrial
10426,Art. 10426: Contenedores Docker
10427,Art. 10427: Telemetria
10428,Art. 10428: Criptografia
10429,Art. 10429: Enrutamiento
10430,Art. 10430: Sistemas de Control
10431,Art. 10431: Microservicios
10432,Art. 10432: Diseno de APIs REST
10433,Art. 10433: IoT y Domotica
10434,Art. 10434: Backtesting de Algoritmos
10435,Art. 10435: Desarrollo Movil
10436,Art. 10436: Sistemas Embebidos
10437,Art. 10437: Bases de Datos
10438,Art. 10438: Analisis Estadistico
10439,Art. 10439: Blockchain
10440,Art. 10440: Lenguaje Natural (NLP)
10441,Art. 10441: Lenguaje Natural (NLP)
10442,Art. 10442: Lenguaje Natural (NLP)
10443,Art. 10443: Pipelines ETL
10444,Art. 10444: Realidad Aumentada
10445,Art. 10445: Pipelines ETL
10446,Art. 10446: Realidad Aumentada
10447,Art. 10447: Seguridad Industrial
10448,Art. 10448: DevOps
10449,Art. 10449: Realidad Aumentada
10450,Art. 10450: Lenguaje Natural (NLP)
10451,Art. 10451: Algoritmos Predictivos
10452,Art. 10452: IoT y Domotica
10453,Art. 10453: Desarrollo Movil
10454,Art. 10454: Seguridad Industrial
10455,Art. 10455: Sistemas Embebidos
10456,Art. 10456: Vision Artificial
10457,Art. 10457: Enrutamiento
10458,Art. 10458: IoT y Domotica
10459,Art. 10459: Contenedores Docker
10460,Art. 10460: Robotica Industrial
10461,Art. 10461: Optimizacion SQL
10462,Art. 10462: Criptografia
10463,Art. 10463: Software Seguro
10464,Art. 10464: Microservicios
10465,Art. 10465: Software Seguro
10466,Art. 10466: Backtesting de Algoritmos
10467,Art. 10467: Business Intelligence
10468,Art. 10468: Cloud Computing
10469,Art. 10469: Analisis Estadistico
10470,Art. 10470: SO Distribuidos
10471,Art. 10471: Enrutamiento
10472,Art. 10472: Big Data
10473,Art. 10473: Mineria de Datos
10474,Art. 10474: SO Distribuidos
10475,Art. 10475: Ciberseguridad
10476,Art. 10476: Diseno de APIs REST
10477,Art. 10477: Software Seguro
10478,Art. 10478: Modelos Probabilisticos
10479,Art. 10479: Machine Learning
10480,Art. 10480: Bases de Datos
10481,Art. 10481: Contenedores Docker
10482,Art. 10482: Criptografia
10483,Art. 10483: Lenguaje Natural (NLP)
10484,Art. 10484: Business Intelligence
10485,Art. 10485: Bases de Datos
10486,Art. 10486: Business Intelligence
10487,Art. 10487: Vision Artificial
10488,Art. 10488: Software Seguro
10489,Art. 10489: Bases de Datos
10490,Art. 10490: Optimizacion SQL
10491,Art. 10491: Desarrollo Movil
10492,Art. 10492: Sistemas de Control
10493,Art. 10493: Vision Artificial
10494,Art. 10494: Analisis Estadistico
10495,Art. 10495: Mineria de Datos
10496,Art. 10496: Business Intelligence
10497,Art. 10497: Diseno de APIs REST
10498,Art. 10498: Ciberseguridad
10499,Art. 10499: SO Distribuidos
10500,Art. 10500: IoT y Domotica
10501,Art. 10501: Diseno de APIs REST
10502,Art. 10502: Algoritmos Predictivos
10503,Art. 10503: Modelos Probabilisticos
10504,Art. 10504: Pipelines ETL
10505,Art. 10505: Microservicios
10506,Art. 10506: Software Seguro
10507,Art. 10507: Business Intelligence
10508,Art. 10508: Mineria de Datos
10509,Art. 10509: Riesgos Industriales con IA
10510,Art. 10510: Analisis Estadistico
10511,Art. 10511: Vision Artificial
10512,Art. 10512: Mineria de Datos
10513,Art. 10513: Redes Fisicas
10514,Art. 10514: Machine Learning
10515,Art. 10515: Business Intelligence
10516,Art. 10516: SO Distribuidos
10517,Art. 10517: Automatizacion de Pruebas
10518,Art. 10518: Machine Learning
10519,Art. 10519: Ciberseguridad
10520,Art. 10520: DevOps
10521,Art. 10521: Bases de Datos
10522,Art. 10522: SO Distribuidos
10523,Art. 10523: IoT y Domotica
10524,Art. 10524: Optimizacion SQL
10525,Art. 10525: Machine Learning
10526,Art. 10526: Enrutamiento
10527,Art. 10527: Bases de Datos
10528,Art. 10528: Ciberseguridad
10529,Art. 10529: Lenguaje Natural (NLP)
10530,Art. 10530: Backtesting de Algoritmos
10531,Art. 10531: Automatizacion de Pruebas
10532,Art. 10532: Business Intelligence
10533,Art. 10533: Optimizacion SQL
10534,Art. 10534: Software Seguro
10535,Art. 10535: SO Distribuidos
10536,Art. 10536: Cableado Estructurado
10537,Art. 10537: Sistemas de Control
10538,Art. 10538: Software Seguro
10539,Art. 10539: IoT y Domotica
10540,Art. 10540: Machine Learning
10541,Art. 10541: DevOps
10542,Art. 10542: Machine Learning
10543,Art. 10543: Mineria de Datos
10544,Art. 10544: DevOps
10545,Art. 10545: Ciberseguridad
10546,Art. 10546: IoT y Domotica
10547,Art. 10547: Analisis Estadistico
10548,Art. 10548: Bases de Datos
10549,Art. 10549: Pipelines ETL
10550,Art. 10550: Automatizacion de Pruebas
10551,Art. 10551: Contenedores Docker
10552,Art. 10552: Redes Neuronales
10553,Art. 10553: Realidad Aumentada
10554,Art. 10554: Robotica Industrial
10555,Art. 10555: Ingenieria de Software
10556,Art. 10556: Big Data
10557,Art. 10557: Pipelines ETL
10558,Art. 10558: Modelos Probabilisticos
10559,Art. 10559: Backtesting de Algoritmos
10560,Art. 10560: Criptografia
10561,Art. 10561: Algoritmos Predictivos
10562,Art. 10562: Big Data
10563,Art. 10563: IoT y Domotica
10564,Art. 10564: Cloud Computing
10565,Art. 10565: Edge Computing
10566,Art. 10566: Analisis Estadistico
10567,Art. 10567: Redes Neuronales
10568,Art. 10568: DevOps
10569,Art. 10569: Blockchain
10570,Art. 10570: Algoritmos Predictivos
10571,Art. 10571: Riesgos Industriales con IA
10572,Art. 10572: Riesgos Industriales con IA
10573,Art. 10573: Vision Artificial
10574,Art. 10574: Enrutamiento
10575,Art. 10575: Modelos Probabilisticos
10576,Art. 10576: Sistemas de Control
10577,Art. 10577: Modelos Probabilisticos
10578,Art. 10578: Analisis Estadistico
10579,Art. 10579: Vision Artificial
10580,Art. 10580: Edge Computing
10581,Art. 10581: Blockchain
10582,Art. 10582: Modelos Probabilisticos
10583,Art. 10583: Telemetria
10584,Art. 10584: Cloud Computing
10585,Art. 10585: Pipelines ETL
10586,Art. 10586: Redes Neuronales
10587,Art. 10587: Desarrollo Movil
10588,Art. 10588: Algoritmos Predictivos
10589,Art. 10589: Software Seguro
10590,Art. 10590: Redes Fisicas
10591,Art. 10591: Telemetria
10592,Art. 10592: Computacion Cuantica
10593,Art. 10593: Machine Learning
10594,Art. 10594: Enrutamiento
10595,Art. 10595: IoT y Domotica
10596,Art. 10596: Blockchain
10597,Art. 10597: Microservicios
10598,Art. 10598: Criptografia
10599,Art. 10599: Contenedores Docker
10600,Art. 10600: Analisis Estadistico
10601,Art. 10601: Bases de Datos
10602,Art. 10602: Backtesting de Algoritmos
10603,Art. 10603: DevOps
10604,Art. 10604: Lenguaje Natural (NLP)
10605,Art. 10605: Redes Fisicas
10606,Art. 10606: Bases de Datos
10607,Art. 10607: Vision Artificial
10608,Art. 10608: Desarrollo Movil
10609,Art. 10609: Enrutamiento
10610,Art. 10610: Sistemas de Control
10611,Art. 10611: Automatizacion de Pruebas
10612,Art. 10612: Mineria de Datos
10613,Art. 10613: Computacion Cuantica
10614,Art. 10614: Modelos Probabilisticos
10615,Art. 10615: Robotica Industrial
10616,Art. 10616: Cableado Estructurado
10617,Art. 10617: Bases de Datos
10618,Art. 10618: Criptografia
10619,Art. 10619: Edge Computing
10620,Art. 10620: Contenedores Docker
10621,Art. 10621: Algoritmos Predictivos
10622,Art. 10622: Vision Artificial
10623,Art. 10623: Contenedores Docker
10624,Art. 10624: Microservicios
10625,Art. 10625: Diseno de APIs REST
10626,Art. 10626: Blockchain
10627,Art. 10627: Mineria de Datos
10628,Art. 10628: Bases de Datos
10629,Art. 10629: Edge Computing
10630,Art. 10630: Business Intelligence
10631,Art. 10631: Redes Fisicas
10632,Art. 10632: Vision Artificial
10633,Art. 10633: Backtesting de Algoritmos
10634,Art. 10634: DevOps
10635,Art. 10635: Machine Learning
10636,Art. 10636: Telemetria
10637,Art. 10637: Lenguaje Natural (NLP)
10638,Art. 10638: Sistemas de Control
10639,Art. 10639: Ingenieria de Software
10640,Art. 10640: Criptografia
10641,Art. 10641: Ingenieria de Software
10642,Art. 10642: Edge Computing
10643,Art. 10643: Cableado Estructurado
10644,Art. 10644: Automatizacion de Pruebas
10645,Art. 10645: Criptografia
10646,Art. 10646: DevOps
10647,Art. 10647: Realidad Aumentada
10648,Art. 10648: Automatizacion de Pruebas
10649,Art. 10649: DevOps
10650,Art. 10650: Enrutamiento
10651,Art. 10651: Sistemas de Control
10652,Art. 10652: Sistemas de Control
10653,Art. 10653: Redes Neuronales
10654,Art. 10654: Ciberseguridad
10655,Art. 10655: Criptografia
10656,Art. 10656: SO Distribuidos
10657,Art. 10657: Vision Artificial
10658,Art. 10658: Lenguaje Natural (NLP)
10659,Art. 10659: Sistemas Embebidos
10660,Art. 10660: Realidad Aumentada
10661,Art. 10661: Microservicios
10662,Art. 10662: Cableado Estructurado
10663,Art. 10663: Backtesting de Algoritmos
10664,Art. 10664: Robotica Industrial
10665,Art. 10665: Analisis Estadistico
10666,Art. 10666: Modelos Probabilisticos
10667,Art. 10667: SO Distribuidos
10668,Art. 10668: Optimizacion SQL
10669,Art. 10669: Computacion Cuantica
10670,Art. 10670: Microservicios
10671,Art. 10671: Sistemas de Control
10672,Art. 10672: Mineria de Datos
10673,Art. 10673: Mineria de Datos
10674,Art. 10674: Criptografia
10675,Art. 10675: Contenedores Docker
10676,Art. 10676: Mineria de Datos
10677,Art. 10677: Edge Computing
10678,Art. 10678: Criptografia
10679,Art. 10679: Ingenieria de Software
10680,Art. 10680: Modelos Probabilisticos
10681,Art. 10681: Sistemas Embebidos
10682,Art. 10682: Sistemas de Control
10683,Art. 10683: SO Distribuidos
10684,Art. 10684: Ciberseguridad
10685,Art. 10685: Desarrollo Movil
10686,Art. 10686: Sistemas de Control
10687,Art. 10687: Robotica Industrial
10688,Art. 10688: Telemetria
10689,Art. 10689: Realidad Aumentada
10690,Art. 10690: Mineria de Datos
10691,Art. 10691: Blockchain
10692,Art. 10692: DevOps
10693,Art. 10693: Sistemas Embebidos
10694,Art. 10694: Microservicios
10695,Art. 10695: Big Data
10696,Art. 10696: Pipelines ETL
10697,Art. 10697: Machine Learning
10698,Art. 10698: Algoritmos Predictivos
10699,Art. 10699: Pipelines ETL
10700,Art. 10700: Blockchain
10701,Art. 10701: Analisis Estadistico
10702,Art. 10702: Contenedores Docker
10703,Art. 10703: Redes Neuronales
10704,Art. 10704: Machine Learning
10705,Art. 10705: Edge Computing
10706,Art. 10706: Blockchain
10707,Art. 10707: Machine Learning
10708,Art. 10708: Blockchain
10709,Art. 10709: Sistemas Embebidos
10710,Art. 10710: Lenguaje Natural (NLP)
10711,Art. 10711: Algoritmos Predictivos
10712,Art. 10712: Microservicios
10713,Art. 10713: SO Distribuidos
10714,Art. 10714: IoT y Domotica
10715,Art. 10715: Realidad Aumentada
10716,Art. 10716: Desarrollo Movil
10717,Art. 10717: Backtesting de Algoritmos
10718,Art. 10718: Criptografia
10719,Art. 10719: Modelos Probabilisticos
10720,Art. 10720: Cloud Computing
10721,Art. 10721: Analisis Estadistico
10722,Art. 10722: Optimizacion SQL
10723,Art. 10723: Cloud Computing
10724,Art. 10724: Robotica Industrial
10725,Art. 10725: Edge Computing
10726,Art. 10726: Telemetria
10727,Art. 10727: Riesgos Industriales con IA
10728,Art. 10728: Backtesting de Algoritmos
10729,Art. 10729: IoT y Domotica
10730,Art. 10730: Lenguaje Natural (NLP)
10731,Art. 10731: Cableado Estructurado
10732,Art. 10732: Contenedores Docker
10733,Art. 10733: Contenedores Docker
10734,Art. 10734: Cloud Computing
10735,Art. 10735: Analisis Estadistico
10736,Art. 10736: DevOps
10737,Art. 10737: Software Seguro
10738,Art. 10738: Telemetria
10739,Art. 10739: Redes Neuronales
10740,Art. 10740: Enrutamiento
10741,Art. 10741: Desarrollo Movil
10742,Art. 10742: Cableado Estructurado
10743,Art. 10743: Lenguaje Natural (NLP)
10744,Art. 10744: Sistemas de Control
10745,Art. 10745: Computacion Cuantica
10746,Art. 10746: Cloud Computing
10747,Art. 10747: Computacion Cuantica
10748,Art. 10748: Realidad Aumentada
10749,Art. 10749: Analisis Estadistico
10750,Art. 10750: Big Data
10751,Art. 10751: Analisis Estadistico
10752,Art. 10752: Algoritmos Predictivos
10753,Art. 10753: Backtesting de Algoritmos
10754,Art. 10754: Big Data
10755,Art. 10755: Diseno de APIs REST
10756,Art. 10756: Software Seguro
10757,Art. 10757: SO Distribuidos
10758,Art. 10758: Criptografia
10759,Art. 10759: Analisis Estadistico
10760,Art. 10760: Backtesting de Algoritmos
10761,Art. 10761: Mineria de Datos
10762,Art. 10762: Vision Artificial
10763,Art. 10763: Ciberseguridad
10764,Art. 10764: Big Data
10765,Art. 10765: Riesgos Industriales con IA
10766,Art. 10766: Seguridad Industrial
10767,Art. 10767: Diseno de APIs REST
10768,Art. 10768: Pipelines ETL
10769,Art. 10769: Analisis Estadistico
10770,Art. 10770: Automatizacion de Pruebas
10771,Art. 10771: Redes Neuronales
10772,Art. 10772: Analisis Estadistico
10773,Art. 10773: Edge Computing
10774,Art. 10774: Cloud Computing
10775,Art. 10775: Edge Computing
10776,Art. 10776: Telemetria
10777,Art. 10777: Backtesting de Algoritmos
10778,Art. 10778: Mineria de Datos
10779,Art. 10779: Business Intelligence
10780,Art. 10780: Robotica Industrial
10781,Art. 10781: Machine Learning
10782,Art. 10782: Big Data
10783,Art. 10783: Enrutamiento
10784,Art. 10784: Automatizacion de Pruebas
10785,Art. 10785: Microservicios
10786,Art. 10786: Desarrollo Movil
10787,Art. 10787: Sistemas Embebidos
10788,Art. 10788: Redes Fisicas
10789,Art. 10789: Computacion Cuantica
10790,Art. 10790: Vision Artificial
10791,Art. 10791: Vision Artificial
10792,Art. 10792: Cableado Estructurado
10793,Art. 10793: Blockchain
10794,Art. 10794: Ingenieria de Software
10795,Art. 10795: Bases de Datos
10796,Art. 10796: Computacion Cuantica
10797,Art. 10797: Software Seguro
10798,Art. 10798: IoT y Domotica
10799,Art. 10799: Ciberseguridad
10800,Art. 10800: Modelos Probabilisticos
10801,Art. 10801: Bases de Datos
10802,Art. 10802: Modelos Probabilisticos
10803,Art. 10803: Riesgos Industriales con IA
10804,Art. 10804: Redes Fisicas
10805,Art. 10805: Redes Neuronales
10806,Art. 10806: Sistemas Embebidos
10807,Art. 10807: Computacion Cuantica
10808,Art. 10808: Computacion Cuantica
10809,Art. 10809: Realidad Aumentada
10810,Art. 10810: Riesgos Industriales con IA
10811,Art. 10811: Sistemas Embebidos
10812,Art. 10812: Pipelines ETL
10813,Art. 10813: Big Data
10814,Art. 10814: Bases de Datos
10815,Art. 10815: Contenedores Docker
10816,Art. 10816: Telemetria
10817,Art. 10817: Ingenieria de Software
10818,Art. 10818: Modelos Probabilisticos
10819,Art. 10819: DevOps
10820,Art. 10820: Machine Learning
10821,Art. 10821: Enrutamiento
10822,Art. 10822: SO Distribuidos
10823,Art. 10823: Redes Neuronales
10824,Art. 10824: Microservicios
10825,Art. 10825: Bases de Datos
10826,Art. 10826: Ciberseguridad
10827,Art. 10827: Criptografia
10828,Art. 10828: Contenedores Docker
10829,Art. 10829: Backtesting de Algoritmos
10830,Art. 10830: Redes Neuronales
10831,Art. 10831: Software Seguro
10832,Art. 10832: Ingenieria de Software
10833,Art. 10833: Algoritmos Predictivos
10834,Art. 10834: Riesgos Industriales con IA
10835,Art. 10835: SO Distribuidos
10836,Art. 10836: DevOps
10837,Art. 10837: Optimizacion SQL
10838,Art. 10838: Pipelines ETL
10839,Art. 10839: Riesgos Industriales con IA
10840,Art. 10840: Cloud Computing
10841,Art. 10841: Pipelines ETL
10842,Art. 10842: Robotica Industrial
10843,Art. 10843: Vision Artificial
10844,Art. 10844: Robotica Industrial
10845,Art. 10845: Desarrollo Movil
10846,Art. 10846: Telemetria
10847,Art. 10847: Algoritmos Predictivos
10848,Art. 10848: IoT y Domotica
10849,Art. 10849: Vision Artificial
10850,Art. 10850: Riesgos Industriales con IA
10851,Art. 10851: Realidad Aumentada
10852,Art. 10852: Diseno de APIs REST
10853,Art. 10853: Software Seguro
10854,Art. 10854: Telemetria
10855,Art. 10855: Microservicios
10856,Art. 10856: Software Seguro
10857,Art. 10857: DevOps
10858,Art. 10858: Riesgos Industriales con IA
10859,Art. 10859: Software Seguro
10860,Art. 10860: Big Data
10861,Art. 10861: Lenguaje Natural (NLP)
10862,Art. 10862: Desarrollo Movil
10863,Art. 10863: IoT y Domotica
10864,Art. 10864: Bases de Datos
10865,Art. 10865: Modelos Probabilisticos
10866,Art. 10866: Desarrollo Movil
10867,Art. 10867: Ciberseguridad
10868,Art. 10868: Edge Computing
10869,Art. 10869: Business Intelligence
10870,Art. 10870: Software Seguro
10871,Art. 10871: Automatizacion de Pruebas
10872,Art. 10872: Business Intelligence
10873,Art. 10873: Pipelines ETL
10874,Art. 10874: Computacion Cuantica
10875,Art. 10875: Analisis Estadistico
10876,Art. 10876: Realidad Aumentada
10877,Art. 10877: Computacion Cuantica
10878,Art. 10878: Cableado Estructurado
10879,Art. 10879: Big Data
10880,Art. 10880: Business Intelligence
10881,Art. 10881: Automatizacion de Pruebas
10882,Art. 10882: Machine Learning
10883,Art. 10883: Realidad Aumentada
10884,Art. 10884: Criptografia
10885,Art. 10885: Robotica Industrial
10886,Art. 10886: Riesgos Industriales con IA
10887,Art. 10887: Criptografia
10888,Art. 10888: Redes Neuronales
10889,Art. 10889: Machine Learning
10890,Art. 10890: Criptografia
10891,Art. 10891: Telemetria
10892,Art. 10892: Bases de Datos
10893,Art. 10893: Criptografia
10894,Art. 10894: Redes Neuronales
10895,Art. 10895: Pipelines ETL
10896,Art. 10896: SO Distribuidos
10897,Art. 10897: Edge Computing
10898,Art. 10898: DevOps
10899,Art. 10899: Vision Artificial
10900,Art. 10900: Edge Computing
10901,Art. 10901: Riesgos Industriales con IA
10902,Art. 10902: Redes Neuronales
10903,Art. 10903: Bases de Datos
10904,Art. 10904: Redes Neuronales
10905,Art. 10905: Robotica Industrial
10906,Art. 10906: SO Distribuidos
10907,Art. 10907: Bases de Datos
10908,Art. 10908: Analisis Estadistico
10909,Art. 10909: Diseno de APIs REST
10910,Art. 10910: SO Distribuidos
10911,Art. 10911: Lenguaje Natural (NLP)
10912,Art. 10912: Desarrollo Movil
10913,Art. 10913: Sistemas Embebidos
10914,Art. 10914: Bases de Datos
10915,Art. 10915: Riesgos Industriales con IA
10916,Art. 10916: Pipelines ETL
10917,Art. 10917: Algoritmos Predictivos
10918,Art. 10918: Optimizacion SQL
10919,Art. 10919: SO Distribuidos
10920,Art. 10920: Bases de Datos
10921,Art. 10921: Analisis Estadistico
10922,Art. 10922: Ingenieria de Software
10923,Art. 10923: Optimizacion SQL
10924,Art. 10924: Big Data
10925,Art. 10925: Sistemas Embebidos
10926,Art. 10926: Desarrollo Movil
10927,Art. 10927: Backtesting de Algoritmos
10928,Art. 10928: Desarrollo Movil
10929,Art. 10929: Ingenieria de Software
10930,Art. 10930: Business Intelligence
10931,Art. 10931: Automatizacion de Pruebas
10932,Art. 10932: Redes Neuronales
10933,Art. 10933: Cloud Computing
10934,Art. 10934: Vision Artificial
10935,Art. 10935: Telemetria
10936,Art. 10936: Edge Computing
10937,Art. 10937: Vision Artificial
10938,Art. 10938: Microservicios
10939,Art. 10939: Vision Artificial
10940,Art. 10940: SO Distribuidos
10941,Art. 10941: Enrutamiento
10942,Art. 10942: Telemetria
10943,Art. 10943: Ciberseguridad
10944,Art. 10944: Redes Neuronales
10945,Art. 10945: Robotica Industrial
10946,Art. 10946: Redes Fisicas
10947,Art. 10947: Cableado Estructurado
10948,Art. 10948: Software Seguro
10949,Art. 10949: Redes Neuronales
10950,Art. 10950: Vision Artificial
10951,Art. 10951: Edge Computing
10952,Art. 10952: Riesgos Industriales con IA
10953,Art. 10953: Sistemas de Control
10954,Art. 10954: Telemetria
10955,Art. 10955: Robotica Industrial
10956,Art. 10956: Vision Artificial
10957,Art. 10957: Software Seguro
10958,Art. 10958: Vision Artificial
10959,Art. 10959: Modelos Probabilisticos
10960,Art. 10960: Software Seguro
10961,Art. 10961: DevOps
10962,Art. 10962: DevOps
10963,Art. 10963: Microservicios
10964,Art. 10964: Redes Neuronales
10965,Art. 10965: Sistemas Embebidos
10966,Art. 10966: Backtesting de Algoritmos
10967,Art. 10967: Microservicios
10968,Art. 10968: Computacion Cuantica
10969,Art. 10969: Algoritmos Predictivos
10970,Art. 10970: Lenguaje Natural (NLP)
10971,Art. 10971: Ingenieria de Software
10972,Art. 10972: Blockchain
10973,Art. 10973: Sistemas Embebidos
10974,Art. 10974: Seguridad Industrial
10975,Art. 10975: Cableado Estructurado
10976,Art. 10976: DevOps
10977,Art. 10977: Microservicios
10978,Art. 10978: Sistemas Embebidos
10979,Art. 10979: Pipelines ETL
10980,Art. 10980: Redes Fisicas
10981,Art. 10981: Blockchain
10982,Art. 10982: Sistemas de Control
10983,Art. 10983: Ciberseguridad
10984,Art. 10984: Ingenieria de Software
10985,Art. 10985: Vision Artificial
10986,Art. 10986: Seguridad Industrial
10987,Art. 10987: Modelos Probabilisticos
10988,Art. 10988: Realidad Aumentada
10989,Art. 10989: Sistemas Embebidos
10990,Art. 10990: Vision Artificial
10991,Art. 10991: Mineria de Datos
10992,Art. 10992: Analisis Estadistico
10993,Art. 10993: Modelos Probabilisticos
10994,Art. 10994: Automatizacion de Pruebas
10995,Art. 10995: Seguridad Industrial
10996,Art. 10996: Realidad Aumentada
10997,Art. 10997: Computacion Cuantica
10998,Art. 10998: Optimizacion SQL
10999,Art. 10999: Blockchain
11000,Art. 11000: Diseno de APIs REST
