idAutor,NOMBRE,CORREO,GRADO
1,Manuel Gonzalez,autor1@mail.com,MC
2,Antonio Salazar,autor2@mail.com,ING
3,Carmen Paredes,autor3@mail.com,DR
4,Silvia Avila,autor4@mail.com,MC
5,Claudia Velazquez,autor5@mail.com,MTI
6,Carmen Ramos,autor6@mail.com,LIC
7,Lucia Gonzalez,autor7@mail.com,DRA
8,Arturo Castro,autor8@mail.com,MTI
9,Gerardo Medina,autor9@mail.com,MC
10,Fernando Castro,autor10@mail.com,DRA
11,Rafael Romero,autor11@mail.com,ING
12,Carolina Chavez,autor12@mail.com,ING
13,Lorena Ruiz,autor13@mail.com,DRA
14,Diana Castro,autor14@mail.com,DRA
15,Rosa Vargas,autor15@mail.com,ING
16,Monica Ramos,autor16@mail.com,MC
17,Julio Medina,autor17@mail.com,MTI
18,Miguel Rojas,autor18@mail.com,DRA
19,Arturo Silva,autor19@mail.com,MC
20,Julio Guzman,autor20@mail.com,DRA
21,Daniela Rios,autor21@mail.com,MC
22,Ricardo Cruz,autor22@mail.com,MC
23,Oscar Rios,autor23@mail.com,MTI
24,Ricardo Paredes,autor24@mail.com,MTI
25,Arturo Velazquez,autor25@mail.com,ING
26,Laura Maldonado,autor26@mail.com,DR
27,Miguel Mendez,autor27@mail.com,DR
28,Hugo Munoz,autor28@mail.com,ING
29,Manuel Delgado,autor29@mail.com,MC
30,Oscar Paredes,autor30@mail.com,ING
31,Francisco Mendoza,autor31@mail.com,LIC
32,Teresa Gonzalez,autor32@mail.com,ING
33,Roberto Ruiz,autor33@mail.com,MC
34,Gael Gutierrez,autor34@mail.com,LIC
35,Jose Castro,autor35@mail.com,DR
36,Jose Chavez,autor36@mail.com,MC
37,Miguel Paredes,autor37@mail.com,MC
38,Luis Sanchez,autor38@mail.com,ING
39,Ricardo Vega,autor39@mail.com,DRA
40,Gael Sanchez,autor40@mail.com,DR
41,Patricia Flores,autor41@mail.com,ING
42,Ana Soto,autor42@mail.com,DRA
43,Rosa Valencia,autor43@mail.com,MTI
44,Oscar Ortiz,autor44@mail.com,MC
45,Jesus Romero,autor45@mail.com,MC
46,Ricardo Gonzalez,autor46@mail.com,MTI
47,Miguel Ramirez,autor47@mail.com,MTI
48,Roberto Castillo,autor48@mail.com,DR
49,Ruben Delgado,autor49@mail.com,MTI
50,Rosa Ramirez,autor50@mail.com,DR
51,Elena Garza,autor51@mail.com,ING
52,Rosa Castro,autor52@mail.com,DR
53,Luis Navarro,autor53@mail.com,DRA
54,Maria Munoz,autor54@mail.com,MTI
55,Adriana Escobar,autor55@mail.com,ING
56,Antonio Espinoza,autor56@mail.com,DRA
57,Maria Escobar,autor57@mail.com,LIC
58,Lucia Avila,autor58@mail.com,LIC
59,Veronica Guzman,autor59@mail.com,DRA
60,Ana Vega,autor60@mail.com,MC
61,Natalia Molina,autor61@mail.com,DRA
62,Jose Mendoza,autor62@mail.com,ING
63,Miguel Chavez,autor63@mail.com,DR
64,Lucia Perez,autor64@mail.com,DRA
65,Luis Herrera,autor65@mail.com,ING
66,Carolina Bautista,autor66@mail.com,MTI
67,Gael Gutierrez,autor67@mail.com,MC
68,Monica Romero,autor68@mail.com,DR
69,Roberto Martinez,autor69@mail.com,DRA
70,Teresa Ramos,autor70@mail.com,DR
71,Paola Espinoza,autor71@mail.com,MTI
72,Arturo Ramirez,autor72@mail.com,MTI
73,Pedro Dominguez,autor73@mail.com,DRA
74,Carolina Guzman,autor74@mail.com,DR
75,Gael Cortes,autor75@mail.com,ING
76,Beatriz Cruz,autor76@mail.com,ING
77,Natalia Garcia,autor77@mail.com,LIC
78,Jesus Cruz,autor78@mail.com,LIC
79,Miguel Medina,autor79@mail.com,LIC
80,Beatriz Bautista,autor80@mail.com,DRA
81,Beatriz Romero,autor81@mail.com,MTI
82,Antonio Molina,autor82@mail.com,MC
83,Ruben Maldonado,autor83@mail.com,LIC
84,Antonio Gomez,autor84@mail.com,ING
85,Oscar Silva,autor85@mail.com,ING
86,Alejandro Morales,autor86@mail.com,DRA
87,Oscar Gonzalez,autor87@mail.com,MTI
88,Esteban Guzman,autor88@mail.com,ING
89,Hector Delgado,autor89@mail.com,ING
90,Pedro Cruz,autor90@mail.com,LIC
91,Beatriz Ruiz,autor91@mail.com,LIC
92,Ruben Valencia,autor92@mail.com,DRA
93,Hector Cordova,autor93@mail.com,LIC
94,Arturo Bautista,autor94@mail.com,DR
95,Carlos Mendoza,autor95@mail.com,ING
96,Julio Morales,autor96@mail.com,ING
97,Hugo Campos,autor97@mail.com,LIC
98,Patricia Garcia,autor98@mail.com,DR
99,Veronica Cruz,autor99@mail.com,MC
100,Pedro Rios,autor100@mail.com,MTI
101,Carolina Ramirez,autor101@mail.com,ING
102,Antonio Sanchez,autor102@mail.com,MTI
103,Patricia Vega,autor103@mail.com,MC
104,Margarita Rojas,autor104@mail.com,LIC
105,Monica Cervantes,autor105@mail.com,ING
106,Ricardo Navarro,autor106@mail.com,ING
107,Patricia Navarro,autor107@mail.com,DR
108,Roberto Chavez,autor108@mail.com,DRA
109,Jesus Gonzalez,autor109@mail.com,LIC
110,Roberto Gutierrez,autor110@mail.com,MTI
111,Javier Maldonado,autor111@mail.com,DR
112,Gabriela Gonzalez,autor112@mail.com,DRA
113,Natalia Espinoza,autor113@mail.com,LIC
114,Rumualdo Flores,autor114@mail.com,LIC
115,Diana Diaz,autor115@mail.com,ING
116,Jesus Avila,autor116@mail.com,DRA
117,Monica Maldonado,autor117@mail.com,DRA
118,Lorena Flores,autor118@mail.com,DRA
119,Luis Diaz,autor119@mail.com,DR
120,Valeria Diaz,autor120@mail.com,LIC
121,Adriana Bautista,autor121@mail.com,LIC
122,Adriana Garcia,autor122@mail.com,MTI
123,Ruben Maldonado,autor123@mail.com,MTI
124,Diana Soto,autor124@mail.com,LIC
125,Manuel Guzman,autor125@mail.com,LIC
126,Javier Reyes,autor126@mail.com,LIC
127,Valeria Castillo,autor127@mail.com,DRA
128,Pedro Munoz,autor128@mail.com,LIC
129,Jesus Delgado,autor129@mail.com,MTI
130,Oscar Lopez,autor130@mail.com,MTI
131,Ana Medina,autor131@mail.com,LIC
132,Hugo Aguilar,autor132@mail.com,DR
133,Jesus Castillo,autor133@mail.com,LIC
134,Diana Cervantes,autor134@mail.com,ING
135,Margarita Gomez,autor135@mail.com,ING
136,Ricardo Castro,autor136@mail.com,MC
137,Julio Campos,autor137@mail.com,MC
138,Jesus Navarro,autor138@mail.com,ING
139,Maria Diaz,autor139@mail.com,LIC
140,Arturo Aguilar,autor140@mail.com,DR
141,Javier Silva,autor141@mail.com,ING
142,Arturo Medina,autor142@mail.com,DRA
143,Pedro Ortiz,autor143@mail.com,DRA
144,Diego Vargas,autor144@mail.com,MC
145,Valeria Medina,autor145@mail.com,MC
146,Patricia Vega,autor146@mail.com,DR
147,Gabriela Cabrera,autor147@mail.com,MC
148,Diego Campos,autor148@mail.com,MC
149,Martha Herrera,autor149@mail.com,MC
150,Jesus Cordova,autor150@mail.com,ING
151,Gael Gomez,autor151@mail.com,MC
152,Fernando Reyes,autor152@mail.com,MTI
153,Leticia Escobar,autor153@mail.com,MTI
154,Jesus Molina,autor154@mail.com,MTI
155,Oscar Navarro,autor155@mail.com,ING
156,Ruben Rojas,autor156@mail.com,ING
157,Andrea Dominguez,autor157@mail.com,ING
158,Adriana Martinez,autor158@mail.com,DR
159,Margarita Rios,autor159@mail.com,ING
160,Roberto Mejia,autor160@mail.com,ING
161,Elena Chavez,autor161@mail.com,DRA
162,Rafael Vargas,autor162@mail.com,ING
163,Carmen Perez,autor163@mail.com,LIC
164,Carlos Garza,autor164@mail.com,ING
165,Rumualdo Lopez,autor165@mail.com,MC
166,Valeria Campos,autor166@mail.com,LIC
167,Gael Morales,autor167@mail.com,MTI
168,Javier Valencia,autor168@mail.com,DR
169,Leticia Escobar,autor169@mail.com,MTI
170,Daniela Salazar,autor170@mail.com,LIC
171,Raul Ruiz,autor171@mail.com,DRA
172,Raul Munoz,autor172@mail.com,DR
173,Susana Vargas,autor173@mail.com,MTI
174,Rafael Mendez,autor174@mail.com,LIC
175,Francisco Garcia,autor175@mail.com,DRA
176,Ruben Romero,autor176@mail.com,MTI
177,Arturo Dominguez,autor177@mail.com,LIC
178,Manuel Castillo,autor178@mail.com,DRA
179,Raul Delgado,autor179@mail.com,ING
180,Andrea Flores,autor180@mail.com,LIC
181,Claudia Castro,autor181@mail.com,ING
182,Carmen Campos,autor182@mail.com,MTI
183,Lorena Flores,autor183@mail.com,ING
184,Javier Vega,autor184@mail.com,DRA
185,Jesus Garcia,autor185@mail.com,LIC
186,Carolina Morales,autor186@mail.com,DRA
187,Luis Cabrera,autor187@mail.com,LIC
188,Jose Ortiz,autor188@mail.com,ING
189,Esteban Gutierrez,autor189@mail.com,DR
190,Ruben Mendoza,autor190@mail.com,DRA
191,Pedro Reyes,autor191@mail.com,DR
192,Gabriela Mendoza,autor192@mail.com,MC
193,Carmen Soto,autor193@mail.com,DR
194,Jesus Lopez,autor194@mail.com,MTI
195,Margarita Espinoza,autor195@mail.com,DR
196,Pedro Reyes,autor196@mail.com,DR
197,Eduardo Romero,autor197@mail.com,ING
198,Rumualdo Soto,autor198@mail.com,MTI
199,Beatriz Bautista,autor199@mail.com,LIC
200,Esteban Avila,autor200@mail.com,DR
201,Oscar Ramos,autor201@mail.com,DRA
202,Rafael Bautista,autor202@mail.com,MTI
203,Francisco Hernandez,autor203@mail.com,DR
204,Natalia Gutierrez,autor204@mail.com,DRA
205,Javier Ramos,autor205@mail.com,LIC
206,Ana Perez,autor206@mail.com,LIC
207,Valeria Aguilar,autor207@mail.com,ING
208,Daniela Cordova,autor208@mail.com,DRA
209,Margarita Dominguez,autor209@mail.com,DRA
210,Rumualdo Mendoza,autor210@mail.com,LIC
211,Andrea Rodriguez,autor211@mail.com,MC
212,Elena Silva,autor212@mail.com,DR
213,Rafael Silva,autor213@mail.com,ING
214,Carlos Rodriguez,autor214@mail.com,MC
215,Hugo Herrera,autor215@mail.com,ING
216,Julio Espinoza,autor216@mail.com,LIC
217,Daniela Vargas,autor217@mail.com,ING
218,Natalia Ruiz,autor218@mail.com,MC
219,Martha Bautista,autor219@mail.com,DR
220,Rosa Rodriguez,autor220@mail.com,ING
221,Laura Aguilar,autor221@mail.com,LIC
222,Julio Rios,autor222@mail.com,MC
223,Diego Medina,autor223@mail.com,ING
224,Julio Romero,autor224@mail.com,DR
225,Martin Gomez,autor225@mail.com,LIC
226,Ricardo Gonzalez,autor226@mail.com,DR
227,Alejandro Silva,autor227@mail.com,ING
228,Victor Flores,autor228@mail.com,MC
229,Natalia Escobar,autor229@mail.com,ING
230,Martha Morales,autor230@mail.com,MC
231,Antonio Castillo,autor231@mail.com,MC
232,Claudia Soto,autor232@mail.com,DRA
233,Valeria Munoz,autor233@mail.com,ING
234,Jose Vega,autor234@mail.com,DRA
235,Francisco Herrera,autor235@mail.com,DRA
236,Veronica Lara,autor236@mail.com,MTI
237,Silvia Castillo,autor237@mail.com,MC
238,Monica Paredes,autor238@mail.com,MC
239,Ricardo Cabrera,autor239@mail.com,DR
240,Julio Gutierrez,autor240@mail.com,DRA
241,Miguel Avila,autor241@mail.com,LIC
242,Javier Cabrera,autor242@mail.com,LIC
243,Julio Sosa,autor243@mail.com,MC
244,Luis Rios,autor244@mail.com,DR
245,Lucia Lara,autor245@mail.com,ING
246,Martin Aguilar,autor246@mail.com,MC
247,Antonio Vargas,autor247@mail.com,ING
248,Alejandro Paredes,autor248@mail.com,DR
249,Miguel Garza,autor249@mail.com,ING
250,Natalia Molina,autor250@mail.com,DR
251,Valeria Flores,autor251@mail.com,MTI
252,Daniela Medina,autor252@mail.com,ING
253,Arturo Garza,autor253@mail.com,DRA
254,Jorge Romero,autor254@mail.com,DR
255,Alejandro Cordova,autor255@mail.com,LIC
256,Teresa Gutierrez,autor256@mail.com,ING
257,Beatriz Guzman,autor257@mail.com,ING
258,Teresa Perez,autor258@mail.com,DRA
259,Paola Vargas,autor259@mail.com,MTI
260,Miguel Ramos,autor260@mail.com,DR
261,Ruben Soto,autor261@mail.com,MC
262,Julio Molina,autor262@mail.com,MTI
263,Gerardo Martinez,autor263@mail.com,MC
264,Leticia Rojas,autor264@mail.com,MTI
265,Martin Avila,autor265@mail.com,DR
266,Victor Ramos,autor266@mail.com,DR
267,Beatriz Valencia,autor267@mail.com,DRA
268,Silvia Delgado,autor268@mail.com,MTI
269,Susana Soto,autor269@mail.com,DR
270,Maria Rios,autor270@mail.com,DRA
271,Ruben Cortes,autor271@mail.com,MC
272,Paola Garcia,autor272@mail.com,DRA
273,Roberto Valencia,autor273@mail.com,DR
274,Jorge Munoz,autor274@mail.com,LIC
275,Laura Avila,autor275@mail.com,MTI
276,Carolina Martinez,autor276@mail.com,ING
277,Miguel Salazar,autor277@mail.com,DRA
278,Gael Cordova,autor278@mail.com,LIC
279,Maria Campos,autor279@mail.com,DR
280,Andrea Rojas,autor280@mail.com,DRA
281,Susana Paredes,autor281@mail.com,MTI
282,Andrea Sosa,autor282@mail.com,DRA
283,Daniela Hernandez,autor283@mail.com,MC
284,Francisco Diaz,autor284@mail.com,ING
285,Valeria Sosa,autor285@mail.com,MTI
286,Diego Castillo,autor286@mail.com,DRA
287,Monica Guzman,autor287@mail.com,MTI
288,Gerardo Lara,autor288@mail.com,MTI
289,Leticia Ortiz,autor289@mail.com,DR
290,Martha Gutierrez,autor290@mail.com,ING
291,Claudia Cordova,autor291@mail.com,ING
292,Jose Molina,autor292@mail.com,DR
293,Roberto Ruiz,autor293@mail.com,ING
294,Monica Cervantes,autor294@mail.com,LIC
295,Alejandro Velazquez,autor295@mail.com,DR
296,Raul Garza,autor296@mail.com,MTI
297,Adriana Flores,autor297@mail.com,DRA
298,Gerardo Ruiz,autor298@mail.com,ING
299,Claudia Sosa,autor299@mail.com,MC
300,Martin Romero,autor300@mail.com,DRA
301,Ana Castro,autor301@mail.com,DRA
302,Claudia Espinoza,autor302@mail.com,ING
303,Victor Rodriguez,autor303@mail.com,MTI
304,Ruben Delgado,autor304@mail.com,DRA
305,Sofia Ramos,autor305@mail.com,MC
306,Sofia Garcia,autor306@mail.com,LIC
307,Luis Guzman,autor307@mail.com,ING
308,Manuel Molina,autor308@mail.com,MC
309,Leticia Bautista,autor309@mail.com,MTI
310,Arturo Aguilar,autor310@mail.com,DR
311,Martin Mendoza,autor311@mail.com,MC
312,Carlos Martinez,autor312@mail.com,MC
313,Francisco Vega,autor313@mail.com,LIC
314,Beatriz Reyes,autor314@mail.com,DR
315,Ruben Mendez,autor315@mail.com,MC
316,Victor Lara,autor316@mail.com,DR
317,Eduardo Sanchez,autor317@mail.com,DR
318,Raul Valencia,autor318@mail.com,ING
319,Rosa Ramos,autor319@mail.com,MTI
320,Luis Morales,autor320@mail.com,ING
321,Martin Mendez,autor321@mail.com,ING
322,Manuel Lopez,autor322@mail.com,MTI
323,Eduardo Herrera,autor323@mail.com,MTI
324,Miguel Medina,autor324@mail.com,ING
325,Esteban Gonzalez,autor325@mail.com,ING
326,Monica Lara,autor326@mail.com,DR
327,Maria Valencia,autor327@mail.com,MC
328,Maria Campos,autor328@mail.com,DR
329,Julio Lopez,autor329@mail.com,MTI
330,Manuel Gonzalez,autor330@mail.com,ING
331,Martha Martinez,autor331@mail.com,LIC
332,Susana Maldonado,autor332@mail.com,DR
333,Arturo Aguilar,autor333@mail.com,MTI
334,Martin Castro,autor334@mail.com,MTI
335,Lucia Ramos,autor335@mail.com,DR
336,Veronica Munoz,autor336@mail.com,LIC
337,Jose Gomez,autor337@mail.com,ING
338,Jose Ramirez,autor338@mail.com,ING
339,Roberto Maldonado,autor339@mail.com,DRA
340,Teresa Sanchez,autor340@mail.com,DR
341,Jesus Maldonado,autor341@mail.com,LIC
342,Margarita Ortiz,autor342@mail.com,LIC
343,Eduardo Herrera,autor343@mail.com,DRA
344,Gerardo Valencia,autor344@mail.com,MC
345,Victor Ortiz,autor345@mail.com,MC
346,Elena Valencia,autor346@mail.com,MC
347,Lucia Avila,autor347@mail.com,ING
348,Victor Morales,autor348@mail.com,DR
349,Francisco Cervantes,autor349@mail.com,MC
350,Jose Reyes,autor350@mail.com,DRA
351,Elena Sanchez,autor351@mail.com,MTI
352,Francisco Flores,autor352@mail.com,DR
353,Jorge Delgado,autor353@mail.com,LIC
354,Fernando Gomez,autor354@mail.com,MC
355,Veronica Garza,autor355@mail.com,MC
356,Valeria Garza,autor356@mail.com,MC
357,Rosa Gonzalez,autor357@mail.com,DR
358,Luis Garza,autor358@mail.com,LIC
359,Ana Romero,autor359@mail.com,ING
360,Gerardo Mendez,autor360@mail.com,MTI
361,Luis Campos,autor361@mail.com,DRA
362,Carmen Gomez,autor362@mail.com,DRA
363,Alejandro Diaz,autor363@mail.com,DRA
364,Maria Cordova,autor364@mail.com,ING
365,Eduardo Sanchez,autor365@mail.com,DRA
366,Victor Delgado,autor366@mail.com,ING
367,Diego Chavez,autor367@mail.com,LIC
368,Julio Sosa,autor368@mail.com,DR
369,Roberto Molina,autor369@mail.com,ING
370,Susana Cabrera,autor370@mail.com,DRA
371,Diana Cortes,autor371@mail.com,LIC
372,Ana Lara,autor372@mail.com,MTI
373,Martin Castillo,autor373@mail.com,DRA
374,Jose Aguilar,autor374@mail.com,DRA
375,Jorge Cabrera,autor375@mail.com,MTI
376,Martin Diaz,autor376@mail.com,DRA
377,Leticia Gonzalez,autor377@mail.com,ING
378,Maria Soto,autor378@mail.com,ING
379,Jesus Lopez,autor379@mail.com,MC
380,Ana Paredes,autor380@mail.com,ING
381,Eduardo Castro,autor381@mail.com,DR
382,Antonio Valencia,autor382@mail.com,DR
383,Lucia Cordova,autor383@mail.com,DRA
384,Arturo Ramos,autor384@mail.com,MC
385,Diego Ortiz,autor385@mail.com,DR
386,Alejandro Rodriguez,autor386@mail.com,MC
387,Lucia Sosa,autor387@mail.com,LIC
388,Ana Vargas,autor388@mail.com,MTI
389,Julio Cabrera,autor389@mail.com,ING
390,Jorge Morales,autor390@mail.com,MTI
391,Jesus Ramos,autor391@mail.com,ING
392,Veronica Ramos,autor392@mail.com,MC
393,Roberto Rios,autor393@mail.com,MC
394,Elena Maldonado,autor394@mail.com,DR
395,Fernando Escobar,autor395@mail.com,DRA
396,Patricia Castillo,autor396@mail.com,MC
397,Carolina Paredes,autor397@mail.com,ING
398,Natalia Chavez,autor398@mail.com,LIC
399,Gerardo Flores,autor399@mail.com,LIC
400,Victor Navarro,autor400@mail.com,ING
401,Claudia Lara,autor401@mail.com,DRA
402,Silvia Ortiz,autor402@mail.com,MC
403,Susana Vargas,autor403@mail.com,ING
404,Jose Lara,autor404@mail.com,LIC
405,Gael Molina,autor405@mail.com,LIC
406,Carlos Diaz,autor406@mail.com,MC
407,Elena Rios,autor407@mail.com,MC
408,Carlos Reyes,autor408@mail.com,ING
409,Oscar Sosa,autor409@mail.com,ING
410,Monica Maldonado,autor410@mail.com,DRA
411,Adriana Guzman,autor411@mail.com,MC
412,Jorge Vega,autor412@mail.com,ING
413,Hector Chavez,autor413@mail.com,DR
414,Javier Vega,autor414@mail.com,MC
415,Gabriela Diaz,autor415@mail.com,LIC
416,Lucia Ruiz,autor416@mail.com,MC
417,Hugo Castro,autor417@mail.com,ING
418,Lucia Mejia,autor418@mail.com,MC
419,Ruben Campos,autor419@mail.com,LIC
420,Alejandro Paredes,autor420@mail.com,ING
421,Carolina Aguilar,autor421@mail.com,DRA
422,Victor Ortiz,autor422@mail.com,DRA
423,Jesus Escobar,autor423@mail.com,DR
424,Jesus Medina,autor424@mail.com,DRA
425,Rafael Sanchez,autor425@mail.com,ING
426,Valeria Dominguez,autor426@mail.com,DRA
427,Francisco Rodriguez,autor427@mail.com,MC
428,Hector Herrera,autor428@mail.com,MTI
429,Jose Ortiz,autor429@mail.com,MTI
430,Roberto Herrera,autor430@mail.com,LIC
431,Elena Cordova,autor431@mail.com,LIC
432,Javier Lara,autor432@mail.com,MTI
433,Jorge Molina,autor433@mail.com,DRA
434,Claudia Navarro,autor434@mail.com,DR
435,Julio Mendez,autor435@mail.com,DRA
436,Sofia Ramos,autor436@mail.com,DRA
437,Jorge Herrera,autor437@mail.com,DR
438,Patricia Ramos,autor438@mail.com,DRA
439,Andrea Cervantes,autor439@mail.com,LIC
440,Beatriz Paredes,autor440@mail.com,DRA
441,Rafael Rojas,autor441@mail.com,MC
442,Jesus Reyes,autor442@mail.com,ING
443,Pedro Rodriguez,autor443@mail.com,MTI
444,Lucia Molina,autor444@mail.com,LIC
445,Claudia Vega,autor445@mail.com,MC
446,Manuel Castillo,autor446@mail.com,DR
447,Martin Ruiz,autor447@mail.com,ING
448,Valeria Diaz,autor448@mail.com,DRA
449,Claudia Espinoza,autor449@mail.com,MTI
450,Rosa Silva,autor450@mail.com,LIC
451,Fernando Sosa,autor451@mail.com,LIC
452,Lucia Garza,autor452@mail.com,MTI
453,Pedro Dominguez,autor453@mail.com,LIC
454,Carolina Avila,autor454@mail.com,DR
455,Hector Cordova,autor455@mail.com,DRA
456,Luis Ramirez,autor456@mail.com,DR
457,Laura Vargas,autor457@mail.com,MTI
458,Laura Hernandez,autor458@mail.com,DRA
459,Margarita Diaz,autor459@mail.com,LIC
460,Roberto Reyes,autor460@mail.com,DR
461,Ana Soto,autor461@mail.com,DRA
462,Lucia Mejia,autor462@mail.com,DRA
463,Rosa Mejia,autor463@mail.com,LIC
464,Antonio Silva,autor464@mail.com,MTI
465,Victor Navarro,autor465@mail.com,DR
466,Adriana Garza,autor466@mail.com,DRA
467,Gerardo Salazar,autor467@mail.com,MTI
468,Carmen Romero,autor468@mail.com,ING
469,Arturo Gomez,autor469@mail.com,MTI
470,Silvia Rios,autor470@mail.com,ING
471,Manuel Perez,autor471@mail.com,MTI
472,Diana Bautista,autor472@mail.com,MTI
473,Beatriz Cortes,autor473@mail.com,DR
474,Raul Avila,autor474@mail.com,DR
475,Martin Cortes,autor475@mail.com,LIC
476,Maria Hernandez,autor476@mail.com,MTI
477,Manuel Reyes,autor477@mail.com,MTI
478,Valeria Rojas,autor478@mail.com,ING
479,Gael Escobar,autor479@mail.com,ING
480,Alejandro Salazar,autor480@mail.com,MTI
481,Raul Dominguez,autor481@mail.com,LIC
482,Hugo Garcia,autor482@mail.com,MC
483,Patricia Chavez,autor483@mail.com,DR
484,Victor Hernandez,autor484@mail.com,DR
485,Monica Ortiz,autor485@mail.com,ING
486,Gerardo Lopez,autor486@mail.com,ING
487,Ricardo Romero,autor487@mail.com,DRA
488,Pedro Escobar,autor488@mail.com,MC
489,Oscar Salazar,autor489@mail.com,LIC
490,Luis Escobar,autor490@mail.com,MC
491,Javier Castillo,autor491@mail.com,LIC
492,Gabriela Salazar,autor492@mail.com,DR
493,Gerardo Lara,autor493@mail.com,MC
494,Diego Perez,autor494@mail.com,DR
495,Natalia Castro,autor495@mail.com,LIC
496,Ruben Cervantes,autor496@mail.com,LIC
497,Rumualdo Aguilar,autor497@mail.com,LIC
498,Sofia Hernandez,autor498@mail.com,ING
499,Diego Salazar,autor499@mail.com,DR
500,Valeria Diaz,autor500@mail.com,DRA
501,Martha Velazquez,autor501@mail.com,DRA
502,Lucia Rojas,autor502@mail.com,DRA
503,Esteban Lopez,autor503@mail.com,DR
504,Ricardo Maldonado,autor504@mail.com,DRA
505,Hugo Vargas,autor505@mail.com,MC
506,Margarita Delgado,autor506@mail.com,MTI
507,Victor Ortiz,autor507@mail.com,MTI
508,Patricia Gutierrez,autor508@mail.com,ING
509,Fernando Soto,autor509@mail.com,LIC
510,Javier Reyes,autor510@mail.com,DR
511,Carolina Ruiz,autor511@mail.com,MTI
512,Diego Rojas,autor512@mail.com,ING
513,Lucia Guzman,autor513@mail.com,ING
514,Victor Avila,autor514@mail.com,ING
515,Sofia Ramos,autor515@mail.com,MTI
516,Eduardo Mendoza,autor516@mail.com,ING
517,Rosa Perez,autor517@mail.com,MTI
518,Valeria Cervantes,autor518@mail.com,ING
519,Francisco Escobar,autor519@mail.com,DR
520,Natalia Munoz,autor520@mail.com,ING
521,Sofia Paredes,autor521@mail.com,MTI
522,Monica Bautista,autor522@mail.com,LIC
523,Andrea Silva,autor523@mail.com,MTI
524,Julio Romero,autor524@mail.com,ING
525,Veronica Paredes,autor525@mail.com,MC
526,Pedro Munoz,autor526@mail.com,ING
527,Susana Munoz,autor527@mail.com,LIC
528,Silvia Lara,autor528@mail.com,ING
529,Victor Gonzalez,autor529@mail.com,LIC
530,Ana Soto,autor530@mail.com,DR
531,Claudia Flores,autor531@mail.com,DRA
532,Paola Herrera,autor532@mail.com,ING
533,Luis Campos,autor533@mail.com,ING
534,Ruben Velazquez,autor534@mail.com,DR
535,Adriana Salazar,autor535@mail.com,LIC
536,Gabriela Guzman,autor536@mail.com,LIC
537,Oscar Navarro,autor537@mail.com,LIC
538,Valeria Paredes,autor538@mail.com,ING
539,Claudia Espinoza,autor539@mail.com,ING
540,Raul Ortiz,autor540@mail.com,DRA
541,Hector Cortes,autor541@mail.com,MTI
542,Julio Sosa,autor542@mail.com,DRA
543,Gael Cordova,autor543@mail.com,DRA
544,Valeria Castillo,autor544@mail.com,MC
545,Leticia Garza,autor545@mail.com,DRA
546,Victor Bautista,autor546@mail.com,LIC
547,Natalia Cortes,autor547@mail.com,MC
548,Andrea Romero,autor548@mail.com,DR
549,Eduardo Lopez,autor549@mail.com,MC
550,Hector Rojas,autor550@mail.com,ING
551,Veronica Morales,autor551@mail.com,MC
552,Raul Ramirez,autor552@mail.com,ING
553,Jorge Martinez,autor553@mail.com,MC
554,Silvia Medina,autor554@mail.com,DR
555,Carmen Romero,autor555@mail.com,MTI
556,Susana Vega,autor556@mail.com,ING
557,Miguel Aguilar,autor557@mail.com,LIC
558,Alejandro Silva,autor558@mail.com,MC
559,Ruben Perez,autor559@mail.com,DR
560,Hugo Garza,autor560@mail.com,DR
561,Diego Diaz,autor561@mail.com,MTI
562,Carolina Castillo,autor562@mail.com,DRA
563,Carmen Gutierrez,autor563@mail.com,MC
564,Carolina Romero,autor564@mail.com,ING
565,Hector Perez,autor565@mail.com,LIC
566,Gael Rios,autor566@mail.com,DR
567,Maria Ramirez,autor567@mail.com,MTI
568,Ricardo Medina,autor568@mail.com,LIC
569,Oscar Hernandez,autor569@mail.com,ING
570,Monica Chavez,autor570@mail.com,DR
571,Gerardo Garza,autor571@mail.com,LIC
572,Manuel Ramos,autor572@mail.com,LIC
573,Ruben Gomez,autor573@mail.com,ING
574,Jose Valencia,autor574@mail.com,ING
575,Julio Mejia,autor575@mail.com,DRA
576,Arturo Castro,autor576@mail.com,MC
577,Lucia Gonzalez,autor577@mail.com,LIC
578,Lucia Reyes,autor578@mail.com,DR
579,Arturo Martinez,autor579@mail.com,MTI
580,Jose Romero,autor580@mail.com,ING
581,Sofia Bautista,autor581@mail.com,DRA
582,Sofia Delgado,autor582@mail.com,DR
583,Martin Mendoza,autor583@mail.com,ING
584,Laura Guzman,autor584@mail.com,DR
585,Eduardo Mendoza,autor585@mail.com,DRA
586,Jose Guzman,autor586@mail.com,DRA
587,Rafael Flores,autor587@mail.com,MTI
588,Diego Diaz,autor588@mail.com,LIC
589,Susana Flores,autor589@mail.com,DRA
590,Hector Espinoza,autor590@mail.com,LIC
591,Carolina Garza,autor591@mail.com,LIC
592,Monica Avila,autor592@mail.com,LIC
593,Martin Castro,autor593@mail.com,LIC
594,Javier Garcia,autor594@mail.com,LIC
595,Leticia Cortes,autor595@mail.com,DRA
596,Patricia Martinez,autor596@mail.com,ING
597,Patricia Vargas,autor597@mail.com,MTI
598,Gabriela Guzman,autor598@mail.com,ING
599,Carolina Delgado,autor599@mail.com,MTI
600,Leticia Navarro,autor600@mail.com,MTI
601,Jorge Castro,autor601@mail.com,LIC
602,Arturo Ortiz,autor602@mail.com,DR
603,Julio Garza,autor603@mail.com,ING
604,Alejandro Flores,autor604@mail.com,MC
605,Esteban Medina,autor605@mail.com,LIC
606,Maria Rodriguez,autor606@mail.com,LIC
607,Esteban Vega,autor607@mail.com,DR
608,Ricardo Castillo,autor608@mail.com,ING
609,Manuel Rojas,autor609@mail.com,MTI
610,Gabriela Garza,autor610@mail.com,DRA
611,Francisco Vargas,autor611@mail.com,DRA
612,Rumualdo Cordova,autor612@mail.com,DRA
613,Victor Mejia,autor613@mail.com,LIC
614,Manuel Cortes,autor614@mail.com,LIC
615,Elena Cordova,autor615@mail.com,LIC
616,Patricia Dominguez,autor616@mail.com,LIC
617,Jose Gomez,autor617@mail.com,ING
618,Lucia Rojas,autor618@mail.com,DR
619,Carolina Ramirez,autor619@mail.com,DR
620,Fernando Gomez,autor620@mail.com,MC
621,Andrea Dominguez,autor621@mail.com,DR
622,Fernando Castillo,autor622@mail.com,DR
623,Andrea Castro,autor623@mail.com,DRA
624,Ricardo Cruz,autor624@mail.com,MC
625,Francisco Ruiz,autor625@mail.com,MTI
626,Manuel Martinez,autor626@mail.com,DRA
627,Maria Molina,autor627@mail.com,DRA
628,Miguel Rodriguez,autor628@mail.com,ING
629,Veronica Castillo,autor629@mail.com,DRA
630,Ana Munoz,autor630@mail.com,ING
631,Claudia Vega,autor631@mail.com,DR
632,Luis Rojas,autor632@mail.com,ING
633,Esteban Aguilar,autor633@mail.com,LIC
634,Margarita Rodriguez,autor634@mail.com,MC
635,Alejandro Garcia,autor635@mail.com,MC
636,Oscar Rios,autor636@mail.com,MC
637,Daniela Gomez,autor637@mail.com,DR
638,Rumualdo Lara,autor638@mail.com,MC
639,Luis Lara,autor639@mail.com,DR
640,Lorena Reyes,autor640@mail.com,MC
641,Raul Avila,autor641@mail.com,DR
642,Eduardo Lara,autor642@mail.com,MTI
643,Jose Cordova,autor643@mail.com,ING
644,Rafael Soto,autor644@mail.com,LIC
645,Fernando Gonzalez,autor645@mail.com,LIC
646,Martha Guzman,autor646@mail.com,MC
647,Monica Rojas,autor647@mail.com,DRA
648,Julio Hernandez,autor648@mail.com,DR
649,Valeria Cervantes,autor649@mail.com,MTI
650,Andrea Navarro,autor650@mail.com,MTI
651,Alejandro Ramirez,autor651@mail.com,ING
652,Fernando Sosa,autor652@mail.com,LIC
653,Andrea Velazquez,autor653@mail.com,ING
654,Hector Munoz,autor654@mail.com,MC
655,Silvia Molina,autor655@mail.com,MTI
656,Jesus Gonzalez,autor656@mail.com,DR
657,Laura Sosa,autor657@mail.com,DR
658,Monica Molina,autor658@mail.com,DRA
659,Arturo Ruiz,autor659@mail.com,MC
660,Elena Gonzalez,autor660@mail.com,LIC
661,Jesus Campos,autor661@mail.com,MTI
662,Maria Perez,autor662@mail.com,LIC
663,Daniela Munoz,autor663@mail.com,LIC
664,Julio Aguilar,autor664@mail.com,LIC
665,Patricia Hernandez,autor665@mail.com,ING
666,Pedro Valencia,autor666@mail.com,ING
667,Julio Velazquez,autor667@mail.com,MTI
668,Daniela Diaz,autor668@mail.com,ING
669,Arturo Rojas,autor669@mail.com,LIC
670,Ricardo Vargas,autor670@mail.com,DRA
671,Susana Lara,autor671@mail.com,DRA
672,Leticia Garcia,autor672@mail.com,DR
673,Silvia Ramos,autor673@mail.com,LIC
674,Gael Reyes,autor674@mail.com,LIC
675,Hector Herrera,autor675@mail.com,MTI
676,Luis Ramirez,autor676@mail.com,DRA
677,Gabriela Salazar,autor677@mail.com,ING
678,Laura Cruz,autor678@mail.com,MTI
679,Patricia Rojas,autor679@mail.com,DR
680,Laura Cabrera,autor680@mail.com,MC
681,Sofia Navarro,autor681@mail.com,DRA
682,Oscar Reyes,autor682@mail.com,LIC
683,Laura Herrera,autor683@mail.com,LIC
684,Adriana Mendoza,autor684@mail.com,LIC
685,Lorena Mendez,autor685@mail.com,DRA
686,Antonio Castillo,autor686@mail.com,LIC
687,Luis Molina,autor687@mail.com,MC
688,Jose Cabrera,autor688@mail.com,ING
689,Patricia Munoz,autor689@mail.com,DRA
690,Natalia Martinez,autor690@mail.com,ING
691,Raul Cabrera,autor691@mail.com,MTI
692,Ruben Martinez,autor692@mail.com,MC
693,Elena Silva,autor693@mail.com,MC
694,Esteban Reyes,autor694@mail.com,DRA
695,Miguel Morales,autor695@mail.com,MC
696,Margarita Munoz,autor696@mail.com,LIC
697,Hector Maldonado,autor697@mail.com,MC
698,Hector Ramos,autor698@mail.com,DRA
699,Carlos Espinoza,autor699@mail.com,DRA
700,Claudia Guzman,autor700@mail.com,DRA
701,Margarita Salazar,autor701@mail.com,DR
702,Veronica Avila,autor702@mail.com,DR
703,Ricardo Cruz,autor703@mail.com,ING
704,Manuel Vega,autor704@mail.com,DRA
705,Monica Mendoza,autor705@mail.com,LIC
706,Miguel Guzman,autor706@mail.com,MTI
707,Carmen Gonzalez,autor707@mail.com,MC
708,Miguel Salazar,autor708@mail.com,LIC
709,Silvia Garza,autor709@mail.com,MC
710,Monica Diaz,autor710@mail.com,DR
711,Roberto Navarro,autor711@mail.com,LIC
712,Gabriela Sosa,autor712@mail.com,MTI
713,Ricardo Rios,autor713@mail.com,MTI
714,Susana Flores,autor714@mail.com,DRA
715,Diana Mendoza,autor715@mail.com,MTI
716,Gael Aguilar,autor716@mail.com,DRA
717,Teresa Navarro,autor717@mail.com,DR
718,Leticia Ortiz,autor718@mail.com,MTI
719,Diego Cabrera,autor719@mail.com,ING
720,Jose Martinez,autor720@mail.com,MC
721,Sofia Salazar,autor721@mail.com,DR
722,Hector Ortiz,autor722@mail.com,MC
723,Ana Vega,autor723@mail.com,DR
724,Silvia Velazquez,autor724@mail.com,ING
725,Jose Chavez,autor725@mail.com,LIC
726,Martha Cabrera,autor726@mail.com,DRA
727,Carolina Dominguez,autor727@mail.com,ING
728,Jose Flores,autor728@mail.com,DR
729,Alejandro Cordova,autor729@mail.com,DRA
730,Rumualdo Cabrera,autor730@mail.com,DR
731,Gerardo Vargas,autor731@mail.com,DRA
732,Lorena Lopez,autor732@mail.com,MC
733,Ricardo Lara,autor733@mail.com,MTI
734,Lorena Chavez,autor734@mail.com,MC
735,Carolina Mendoza,autor735@mail.com,LIC
736,Ana Lopez,autor736@mail.com,DR
737,Arturo Gutierrez,autor737@mail.com,MTI
738,Ana Molina,autor738@mail.com,ING
739,Silvia Rojas,autor739@mail.com,LIC
740,Teresa Castillo,autor740@mail.com,LIC
741,Beatriz Castro,autor741@mail.com,LIC
742,Beatriz Soto,autor742@mail.com,MTI
743,Andrea Munoz,autor743@mail.com,DR
744,Hector Chavez,autor744@mail.com,LIC
745,Arturo Vega,autor745@mail.com,ING
746,Alejandro Medina,autor746@mail.com,MTI
747,Elena Martinez,autor747@mail.com,MC
748,Javier Rios,autor748@mail.com,MTI
749,Adriana Garcia,autor749@mail.com,ING
750,Maria Cabrera,autor750@mail.com,MC
751,Paola Lopez,autor751@mail.com,DR
752,Gael Salazar,autor752@mail.com,DR
753,Martha Flores,autor753@mail.com,LIC
754,Gerardo Hernandez,autor754@mail.com,LIC
755,Rosa Cordova,autor755@mail.com,MC
756,Luis Reyes,autor756@mail.com,LIC
757,Paola Castillo,autor757@mail.com,LIC
758,Laura Avila,autor758@mail.com,MTI
759,Raul Lopez,autor759@mail.com,DRA
760,Beatriz Cabrera,autor760@mail.com,MC
761,Patricia Medina,autor761@mail.com,ING
762,Adriana Diaz,autor762@mail.com,DRA
763,Fernando Sosa,autor763@mail.com,MTI
764,Rumualdo Silva,autor764@mail.com,LIC
765,Fernando Sanchez,autor765@mail.com,MC
766,Antonio Mendoza,autor766@mail.com,DR
767,Claudia Sanchez,autor767@mail.com,DRA
768,Jose Silva,autor768@mail.com,LIC
769,Valeria Medina,autor769@mail.com,DR
770,Veronica Ortiz,autor770@mail.com,MC
771,Francisco Garcia,autor771@mail.com,ING
772,Susana Gutierrez,autor772@mail.com,LIC
773,Oscar Flores,autor773@mail.com,DRA
774,Rosa Gonzalez,autor774@mail.com,MC
775,Daniela Cruz,autor775@mail.com,ING
776,Francisco Salazar,autor776@mail.com,DR
777,Hugo Mendez,autor777@mail.com,DR
778,Susana Bautista,autor778@mail.com,LIC
779,Martin Mejia,autor779@mail.com,DRA
780,Leticia Sosa,autor780@mail.com,MC
781,Susana Dominguez,autor781@mail.com,MC
782,Carolina Mejia,autor782@mail.com,MC
783,Ruben Valencia,autor783@mail.com,MC
784,Hugo Garza,autor784@mail.com,MC
785,Carolina Herrera,autor785@mail.com,MC
786,Alejandro Ramos,autor786@mail.com,LIC
787,Carlos Rojas,autor787@mail.com,DR
788,Arturo Bautista,autor788@mail.com,MTI
789,Rumualdo Rodriguez,autor789@mail.com,MC
790,Lorena Escobar,autor790@mail.com,DRA
791,Natalia Silva,autor791@mail.com,LIC
792,Maria Cabrera,autor792@mail.com,ING
793,Natalia Hernandez,autor793@mail.com,MTI
794,Alejandro Munoz,autor794@mail.com,DR
795,Luis Molina,autor795@mail.com,LIC
796,Gabriela Valencia,autor796@mail.com,DR
797,Adriana Lara,autor797@mail.com,DR
798,Eduardo Mendoza,autor798@mail.com,DRA
799,Monica Ortiz,autor799@mail.com,DRA
800,Susana Medina,autor800@mail.com,ING
801,Roberto Espinoza,autor801@mail.com,MC
802,Silvia Chavez,autor802@mail.com,MTI
803,Leticia Perez,autor803@mail.com,DR
804,Ricardo Bautista,autor804@mail.com,DR
805,Martin Chavez,autor805@mail.com,MTI
806,Victor Cruz,autor806@mail.com,LIC
807,Gael Hernandez,autor807@mail.com,MTI
808,Veronica Chavez,autor808@mail.com,MC
809,Sofia Rios,autor809@mail.com,MC
810,Pedro Guzman,autor810@mail.com,DRA
811,Claudia Paredes,autor811@mail.com,DRA
812,Maria Gonzalez,autor812@mail.com,LIC
813,Manuel Garcia,autor813@mail.com,MTI
814,Adriana Mendoza,autor814@mail.com,ING
815,Roberto Hernandez,autor815@mail.com,ING
816,Susana Sosa,autor816@mail.com,MTI
817,Rafael Gutierrez,autor817@mail.com,MC
818,Beatriz Gomez,autor818@mail.com,DR
819,Hector Lara,autor819@mail.com,LIC
820,Ruben Morales,autor820@mail.com,ING
821,Manuel Mendoza,autor821@mail.com,MTI
822,Elena Ramos,autor822@mail.com,LIC
823,Lorena Vega,autor823@mail.com,MTI
824,Fernando Hernandez,autor824@mail.com,MC
825,Rosa Lara,autor825@mail.com,MC
826,Francisco Castro,autor826@mail.com,LIC
827,Miguel Dominguez,autor827@mail.com,ING
828,Valeria Velazquez,autor828@mail.com,LIC
829,Francisco Cervantes,autor829@mail.com,LIC
830,Martin Bautista,autor830@mail.com,DRA
831,Alejandro Valencia,autor831@mail.com,MTI
832,Diana Ruiz,autor832@mail.com,ING
833,Diana Rojas,autor833@mail.com,MTI
834,Luis Romero,autor834@mail.com,ING
835,Diana Lara,autor835@mail.com,MTI
836,Elena Mendoza,autor836@mail.com,DR
837,Oscar Rodriguez,autor837@mail.com,DRA
838,Rumualdo Bautista,autor838@mail.com,MTI
839,Martha Lara,autor839@mail.com,MC
840,Susana Gutierrez,autor840@mail.com,MC
841,Carlos Diaz,autor841@mail.com,ING
842,Elena Garcia,autor842@mail.com,DR
843,Antonio Dominguez,autor843@mail.com,MC
844,Roberto Cruz,autor844@mail.com,DRA
845,Carlos Gutierrez,autor845@mail.com,DR
846,Arturo Cervantes,autor846@mail.com,MTI
847,Margarita Cortes,autor847@mail.com,DR
848,Daniela Munoz,autor848@mail.com,ING
849,Claudia Molina,autor849@mail.com,ING
850,Arturo Silva,autor850@mail.com,MTI
851,Diana Rojas,autor851@mail.com,LIC
852,Gabriela Gutierrez,autor852@mail.com,DRA
853,Hector Munoz,autor853@mail.com,MC
854,Gabriela Navarro,autor854@mail.com,MTI
855,Gerardo Garza,autor855@mail.com,MC
856,Margarita Paredes,autor856@mail.com,LIC
857,Ruben Avila,autor857@mail.com,DRA
858,Victor Cruz,autor858@mail.com,MTI
859,Diana Navarro,autor859@mail.com,MC
860,Esteban Munoz,autor860@mail.com,MC
861,Margarita Gutierrez,autor861@mail.com,ING
862,Hector Garcia,autor862@mail.com,LIC
863,Esteban Sosa,autor863@mail.com,LIC
864,Manuel Mendoza,autor864@mail.com,ING
865,Esteban Ruiz,autor865@mail.com,DR
866,Oscar Diaz,autor866@mail.com,DR
867,Hector Gomez,autor867@mail.com,MC
868,Antonio Gomez,autor868@mail.com,DRA
869,Gabriela Avila,autor869@mail.com,LIC
870,Francisco Martinez,autor870@mail.com,DR
871,Carlos Navarro,autor871@mail.com,LIC
872,Silvia Castillo,autor872@mail.com,MC
873,Jose Lopez,autor873@mail.com,LIC
874,Carlos Mendoza,autor874@mail.com,MC
875,Martha Escobar,autor875@mail.com,DRA
876,Luis Silva,autor876@mail.com,MC
877,Alejandro Flores,autor877@mail.com,MC
878,Gerardo Lara,autor878@mail.com,MTI
879,Eduardo Hernandez,autor879@mail.com,DRA
880,Margarita Reyes,autor880@mail.com,DR
881,Gael Cabrera,autor881@mail.com,MC
882,Diego Cabrera,autor882@mail.com,DR
883,Ruben Molina,autor883@mail.com,MTI
884,Monica Valencia,autor884@mail.com,MC
885,Jose Gonzalez,autor885@mail.com,ING
886,Roberto Cordova,autor886@mail.com,LIC
887,Rosa Herrera,autor887@mail.com,DR
888,Ruben Herrera,autor888@mail.com,DR
889,Carolina Cruz,autor889@mail.com,DRA
890,Ruben Espinoza,autor890@mail.com,MC
891,Daniela Mendez,autor891@mail.com,MTI
892,Claudia Flores,autor892@mail.com,ING
893,Elena Ortiz,autor893@mail.com,DRA
894,Ruben Silva,autor894@mail.com,MTI
895,Ana Cordova,autor895@mail.com,MTI
896,Margarita Lara,autor896@mail.com,ING
897,Rosa Rodriguez,autor897@mail.com,DRA
898,Natalia Salazar,autor898@mail.com,DR
899,Esteban Garcia,autor899@mail.com,MTI
900,Raul Rios,autor900@mail.com,MTI
901,Martha Cervantes,autor901@mail.com,LIC
902,Lorena Vega,autor902@mail.com,ING
903,Fernando Herrera,autor903@mail.com,MTI
904,Monica Molina,autor904@mail.com,DRA
905,Oscar Medina,autor905@mail.com,MTI
906,Roberto Chavez,autor906@mail.com,ING
907,Antonio Aguilar,autor907@mail.com,DRA
908,Francisco Garcia,autor908@mail.com,DR
909,Rosa Maldonado,autor909@mail.com,DR
910,Jesus Valencia,autor910@mail.com,DR
911,Arturo Cervantes,autor911@mail.com,MTI
912,Rumualdo Lopez,autor912@mail.com,ING
913,Claudia Espinoza,autor913@mail.com,MC
914,Martha Castillo,autor914@mail.com,LIC
915,Diana Ruiz,autor915@mail.com,ING
916,Sofia Reyes,autor916@mail.com,MTI
917,Rafael Perez,autor917@mail.com,MTI
918,Silvia Guzman,autor918@mail.com,MTI
919,Veronica Rios,autor919@mail.com,LIC
920,Pedro Ramos,autor920@mail.com,ING
921,Ana Guzman,autor921@mail.com,DRA
922,Luis Guzman,autor922@mail.com,ING
923,Paola Guzman,autor923@mail.com,ING
924,Beatriz Castillo,autor924@mail.com,DR
925,Miguel Rodriguez,autor925@mail.com,DRA
926,Margarita Salazar,autor926@mail.com,ING
927,Lorena Martinez,autor927@mail.com,DR
928,Arturo Castillo,autor928@mail.com,MC
929,Hugo Reyes,autor929@mail.com,DRA
930,Hector Ortiz,autor930@mail.com,LIC
931,Julio Herrera,autor931@mail.com,DR
932,Manuel Garcia,autor932@mail.com,LIC
933,Susana Navarro,autor933@mail.com,LIC
934,Susana Gomez,autor934@mail.com,ING
935,Gerardo Garcia,autor935@mail.com,DRA
936,Ruben Flores,autor936@mail.com,LIC
937,Adriana Romero,autor937@mail.com,MC
938,Gael Aguilar,autor938@mail.com,DRA
939,Julio Campos,autor939@mail.com,MC
940,Rafael Chavez,autor940@mail.com,DRA
941,Carlos Lopez,autor941@mail.com,DRA
942,Adriana Ramos,autor942@mail.com,DRA
943,Susana Valencia,autor943@mail.com,LIC
944,Daniela Garza,autor944@mail.com,MC
945,Jose Sanchez,autor945@mail.com,DR
946,Hugo Romero,autor946@mail.com,LIC
947,Monica Aguilar,autor947@mail.com,ING
948,Sofia Garza,autor948@mail.com,ING
949,Ruben Rodriguez,autor949@mail.com,MC
950,Martha Navarro,autor950@mail.com,DRA
951,Ruben Chavez,autor951@mail.com,DRA
952,Jesus Mendoza,autor952@mail.com,MTI
953,Jose Ramos,autor953@mail.com,LIC
954,Miguel Sosa,autor954@mail.com,ING
955,Julio Cabrera,autor955@mail.com,ING
956,Laura Aguilar,autor956@mail.com,DRA
957,Manuel Aguilar,autor957@mail.com,MTI
958,Eduardo Dominguez,autor958@mail.com,MTI
959,Lucia Campos,autor959@mail.com,LIC
960,Alejandro Rios,autor960@mail.com,DR
961,Carolina Ruiz,autor961@mail.com,DR
962,Laura Cordova,autor962@mail.com,ING
963,Luis Munoz,autor963@mail.com,MTI
964,Javier Escobar,autor964@mail.com,DRA
965,Andrea Aguilar,autor965@mail.com,LIC
966,Lucia Morales,autor966@mail.com,LIC
967,Oscar Dominguez,autor967@mail.com,LIC
968,Martha Rios,autor968@mail.com,MC
969,Ricardo Vargas,autor969@mail.com,LIC
970,Esteban Rojas,autor970@mail.com,MTI
971,Natalia Cortes,autor971@mail.com,LIC
972,Jose Dominguez,autor972@mail.com,LIC
973,Rosa Romero,autor973@mail.com,MTI
974,Margarita Escobar,autor974@mail.com,LIC
975,Alejandro Avila,autor975@mail.com,LIC
976,Fernando Guzman,autor976@mail.com,ING
977,Jesus Hernandez,autor977@mail.com,MC
978,Gerardo Mendez,autor978@mail.com,MTI
979,Julio Mejia,autor979@mail.com,MTI
980,Lorena Avila,autor980@mail.com,LIC
981,Rumualdo Cordova,autor981@mail.com,ING
982,Arturo Lara,autor982@mail.com,ING
983,Carlos Ortiz,autor983@mail.com,LIC
984,Elena Romero,autor984@mail.com,MC
985,Victor Munoz,autor985@mail.com,MC
986,Elena Sanchez,autor986@mail.com,LIC
987,Ruben Vargas,autor987@mail.com,MTI
988,Natalia Molina,autor988@mail.com,DRA
989,Rumualdo Molina,autor989@mail.com,MTI
990,Antonio Munoz,autor990@mail.com,ING
991,Paola Mejia,autor991@mail.com,ING
992,Jesus Gutierrez,autor992@mail.com,DR
993,Gael Castillo,autor993@mail.com,DRA
994,Pedro Ruiz,autor994@mail.com,ING
995,Maria Ruiz,autor995@mail.com,DR
996,Victor Sosa,autor996@mail.com,MC
997,Oscar Herrera,autor997@mail.com,DRA
998,Alejandro Bautista,autor998@mail.com,ING
999,Jorge Cordova,autor999@mail.com,ING
1000,Elena Perez,autor1000@mail.com,MTI
1001,Hector Navarro,autor1001@mail.com,ING
1002,Oscar Velazquez,autor1002@mail.com,DRA
1003,Carmen Valencia,autor1003@mail.com,LIC
1004,Carlos Perez,autor1004@mail.com,DRA
1005,Diana Garza,autor1005@mail.com,MC
1006,Carolina Herrera,autor1006@mail.com,ING
1007,Daniela Romero,autor1007@mail.com,DRA
1008,Carlos Hernandez,autor1008@mail.com,DRA
1009,Gerardo Silva,autor1009@mail.com,MTI
1010,Adriana Castro,autor1010@mail.com,MC
1011,Veronica Dominguez,autor1011@mail.com,LIC
1012,Natalia Maldonado,autor1012@mail.com,MC
1013,Ricardo Sanchez,autor1013@mail.com,MC
1014,Alejandro Garcia,autor1014@mail.com,DRA
1015,Paola Guzman,autor1015@mail.com,MTI
1016,Miguel Medina,autor1016@mail.com,MTI
1017,Martin Garcia,autor1017@mail.com,MTI
1018,Francisco Dominguez,autor1018@mail.com,MC
1019,Hector Hernandez,autor1019@mail.com,DR
1020,Eduardo Velazquez,autor1020@mail.com,MC
1021,Oscar Sosa,autor1021@mail.com,LIC
1022,Alejandro Ramos,autor1022@mail.com,ING
1023,Lucia Castillo,autor1023@mail.com,DR
1024,Beatriz Aguilar,autor1024@mail.com,MTI
1025,Daniela Lara,autor1025@mail.com,MTI
1026,Ana Molina,autor1026@mail.com,DR
1027,Jorge Perez,autor1027@mail.com,MC
1028,Maria Espinoza,autor1028@mail.com,MTI
1029,Ruben Espinoza,autor1029@mail.com,ING
1030,Silvia Avila,autor1030@mail.com,ING
1031,Oscar Silva,autor1031@mail.com,MC
1032,Gael Campos,autor1032@mail.com,LIC
1033,Esteban Gomez,autor1033@mail.com,DRA
1034,Ricardo Guzman,autor1034@mail.com,LIC
1035,Valeria Chavez,autor1035@mail.com,DRA
1036,Claudia Castro,autor1036@mail.com,MTI
1037,Claudia Flores,autor1037@mail.com,MC
1038,Diana Silva,autor1038@mail.com,MC
1039,Leticia Castillo,autor1039@mail.com,LIC
1040,Fernando Guzman,autor1040@mail.com,ING
1041,Ruben Molina,autor1041@mail.com,MC
1042,Maria Ramirez,autor1042@mail.com,LIC
1043,Carmen Cortes,autor1043@mail.com,MTI
1044,Valeria Bautista,autor1044@mail.com,LIC
1045,Lorena Martinez,autor1045@mail.com,MC
1046,Rumualdo Ortiz,autor1046@mail.com,MC
1047,Valeria Lara,autor1047@mail.com,LIC
1048,Adriana Gonzalez,autor1048@mail.com,MC
1049,Miguel Mendoza,autor1049@mail.com,ING
1050,Diego Cervantes,autor1050@mail.com,ING
1051,Carolina Velazquez,autor1051@mail.com,ING
1052,Julio Mendoza,autor1052@mail.com,ING
1053,Gael Soto,autor1053@mail.com,MTI
1054,Francisco Mendoza,autor1054@mail.com,DRA
1055,Fernando Reyes,autor1055@mail.com,DRA
1056,Lucia Martinez,autor1056@mail.com,DRA
1057,Carmen Rios,autor1057@mail.com,LIC
1058,Jesus Garcia,autor1058@mail.com,ING
1059,Beatriz Vargas,autor1059@mail.com,MTI
1060,Teresa Cortes,autor1060@mail.com,ING
1061,Gael Avila,autor1061@mail.com,DR
1062,Gerardo Gutierrez,autor1062@mail.com,DRA
1063,Teresa Flores,autor1063@mail.com,MC
1064,Silvia Delgado,autor1064@mail.com,LIC
1065,Antonio Ramos,autor1065@mail.com,MTI
1066,Antonio Morales,autor1066@mail.com,DRA
1067,Beatriz Cordova,autor1067@mail.com,LIC
1068,Valeria Castillo,autor1068@mail.com,MTI
1069,Susana Mejia,autor1069@mail.com,ING
1070,Pedro Escobar,autor1070@mail.com,ING
1071,Rosa Cortes,autor1071@mail.com,MC
1072,Pedro Reyes,autor1072@mail.com,MTI
1073,Elena Aguilar,autor1073@mail.com,ING
1074,Claudia Flores,autor1074@mail.com,MC
1075,Jose Chavez,autor1075@mail.com,MTI
1076,Julio Navarro,autor1076@mail.com,LIC
1077,Rumualdo Perez,autor1077@mail.com,MTI
1078,Sofia Mendoza,autor1078@mail.com,DRA
1079,Lorena Gutierrez,autor1079@mail.com,DRA
1080,Raul Rojas,autor1080@mail.com,LIC
1081,Teresa Bautista,autor1081@mail.com,MC
1082,Ricardo Flores,autor1082@mail.com,DRA
1083,Gerardo Vega,autor1083@mail.com,DR
1084,Miguel Vega,autor1084@mail.com,LIC
1085,Pedro Mendoza,autor1085@mail.com,DR
1086,Natalia Gomez,autor1086@mail.com,DR
1087,Natalia Navarro,autor1087@mail.com,DRA
1088,Paola Cordova,autor1088@mail.com,LIC
1089,Paola Lopez,autor1089@mail.com,MTI
1090,Natalia Hernandez,autor1090@mail.com,MC
1091,Julio Mendez,autor1091@mail.com,DR
1092,Valeria Cordova,autor1092@mail.com,DRA
1093,Rafael Silva,autor1093@mail.com,MC
1094,Hugo Ramirez,autor1094@mail.com,MTI
1095,Esteban Reyes,autor1095@mail.com,MC
1096,Martin Ortiz,autor1096@mail.com,MC
1097,Veronica Sosa,autor1097@mail.com,MTI
1098,Fernando Cruz,autor1098@mail.com,DRA
1099,Hector Flores,autor1099@mail.com,MC
1100,Daniela Hernandez,autor1100@mail.com,DRA
1101,Fernando Dominguez,autor1101@mail.com,LIC
1102,Gael Rodriguez,autor1102@mail.com,DR
1103,Gabriela Ramos,autor1103@mail.com,DRA
1104,Beatriz Ramirez,autor1104@mail.com,ING
1105,Teresa Maldonado,autor1105@mail.com,MC
1106,Elena Medina,autor1106@mail.com,MC
1107,Martha Castillo,autor1107@mail.com,DRA
1108,Sofia Rios,autor1108@mail.com,MC
1109,Leticia Escobar,autor1109@mail.com,DRA
1110,Diego Rodriguez,autor1110@mail.com,DR
1111,Fernando Diaz,autor1111@mail.com,MC
1112,Jesus Velazquez,autor1112@mail.com,LIC
1113,Lucia Mendez,autor1113@mail.com,MTI
1114,Monica Chavez,autor1114@mail.com,DR
1115,Victor Cabrera,autor1115@mail.com,MTI
1116,Lorena Cordova,autor1116@mail.com,ING
1117,Beatriz Cordova,autor1117@mail.com,DRA
1118,Valeria Diaz,autor1118@mail.com,DRA
1119,Martha Lopez,autor1119@mail.com,LIC
1120,Paola Martinez,autor1120@mail.com,DR
1121,Oscar Chavez,autor1121@mail.com,ING
1122,Diego Escobar,autor1122@mail.com,DRA
1123,Gabriela Cabrera,autor1123@mail.com,ING
1124,Patricia Mejia,autor1124@mail.com,DR
1125,Martha Soto,autor1125@mail.com,DR
1126,Susana Rios,autor1126@mail.com,ING
1127,Javier Flores,autor1127@mail.com,DR
1128,Claudia Maldonado,autor1128@mail.com,MC
1129,Margarita Avila,autor1129@mail.com,LIC
1130,Ana Molina,autor1130@mail.com,DR
1131,Paola Campos,autor1131@mail.com,DRA
1132,Diego Martinez,autor1132@mail.com,MTI
1133,Gerardo Campos,autor1133@mail.com,MC
1134,Elena Escobar,autor1134@mail.com,MC
1135,Roberto Guzman,autor1135@mail.com,LIC
1136,Gabriela Cruz,autor1136@mail.com,MC
1137,Alejandro Dominguez,autor1137@mail.com,DRA
1138,Monica Rodriguez,autor1138@mail.com,ING
1139,Gabriela Bautista,autor1139@mail.com,MTI
1140,Julio Vega,autor1140@mail.com,ING
1141,Daniela Soto,autor1141@mail.com,ING
1142,Sofia Cervantes,autor1142@mail.com,ING
1143,Margarita Medina,autor1143@mail.com,MTI
1144,Monica Velazquez,autor1144@mail.com,DRA
1145,Claudia Morales,autor1145@mail.com,MTI
1146,Manuel Guzman,autor1146@mail.com,LIC
1147,Rumualdo Munoz,autor1147@mail.com,LIC
1148,Pedro Cruz,autor1148@mail.com,MTI
1149,Rosa Salazar,autor1149@mail.com,LIC
1150,Gerardo Chavez,autor1150@mail.com,LIC
1151,Diego Morales,autor1151@mail.com,DRA
1152,Ana Cabrera,autor1152@mail.com,LIC
1153,Beatriz Chavez,autor1153@mail.com,DRA
1154,Jose Vargas,autor1154@mail.com,ING
1155,Margarita Garcia,autor1155@mail.com,DRA
1156,Valeria Ruiz,autor1156@mail.com,DRA
1157,Manuel Vargas,autor1157@mail.com,DRA
1158,Carmen Ramirez,autor1158@mail.com,DRA
1159,Jose Castillo,autor1159@mail.com,MTI
1160,Adriana Rodriguez,autor1160@mail.com,DRA
1161,Daniela Diaz,autor1161@mail.com,MC
1162,Pedro Cortes,autor1162@mail.com,DRA
1163,Laura Perez,autor1163@mail.com,MC
1164,Patricia Sanchez,autor1164@mail.com,MC
1165,Daniela Rios,autor1165@mail.com,LIC
1166,Esteban Hernandez,autor1166@mail.com,MTI
1167,Teresa Avila,autor1167@mail.com,MC
1168,Carlos Medina,autor1168@mail.com,DR
1169,Sofia Vega,autor1169@mail.com,DR
1170,Roberto Ortiz,autor1170@mail.com,MC
1171,Antonio Cruz,autor1171@mail.com,LIC
1172,Jorge Vargas,autor1172@mail.com,MTI
1173,Javier Navarro,autor1173@mail.com,DRA
1174,Luis Sosa,autor1174@mail.com,MC
1175,Leticia Herrera,autor1175@mail.com,MTI
1176,Ricardo Mendoza,autor1176@mail.com,MTI
1177,Ricardo Vega,autor1177@mail.com,LIC
1178,Julio Cruz,autor1178@mail.com,DRA
1179,Oscar Maldonado,autor1179@mail.com,MTI
1180,Veronica Sanchez,autor1180@mail.com,MTI
1181,Margarita Vega,autor1181@mail.com,DRA
1182,Gerardo Gomez,autor1182@mail.com,ING
1183,Raul Romero,autor1183@mail.com,MTI
1184,Julio Munoz,autor1184@mail.com,LIC
1185,Veronica Medina,autor1185@mail.com,LIC
1186,Antonio Avila,autor1186@mail.com,ING
1187,Diego Gomez,autor1187@mail.com,MC
1188,Arturo Diaz,autor1188@mail.com,DRA
1189,Margarita Perez,autor1189@mail.com,MC
1190,Monica Mendoza,autor1190@mail.com,DR
1191,Raul Gomez,autor1191@mail.com,DRA
1192,Sofia Gomez,autor1192@mail.com,MTI
1193,Rafael Martinez,autor1193@mail.com,ING
1194,Gael Espinoza,autor1194@mail.com,DRA
1195,Rumualdo Romero,autor1195@mail.com,DRA
1196,Ruben Sosa,autor1196@mail.com,MC
1197,Ricardo Ramirez,autor1197@mail.com,ING
1198,Susana Cordova,autor1198@mail.com,MTI
1199,Paola Medina,autor1199@mail.com,MTI
1200,Laura Velazquez,autor1200@mail.com,MTI
1201,Beatriz Cordova,autor1201@mail.com,DRA
1202,Natalia Salazar,autor1202@mail.com,DR
1203,Lucia Velazquez,autor1203@mail.com,MC
1204,Claudia Bautista,autor1204@mail.com,ING
1205,Susana Garcia,autor1205@mail.com,DRA
1206,Jose Hernandez,autor1206@mail.com,MTI
1207,Hugo Gomez,autor1207@mail.com,MTI
1208,Beatriz Dominguez,autor1208@mail.com,MTI
1209,Gael Gutierrez,autor1209@mail.com,DR
1210,Lucia Aguilar,autor1210@mail.com,LIC
1211,Paola Gonzalez,autor1211@mail.com,DR
1212,Martha Gomez,autor1212@mail.com,MC
1213,Patricia Avila,autor1213@mail.com,ING
1214,Beatriz Medina,autor1214@mail.com,ING
1215,Luis Castro,autor1215@mail.com,ING
1216,Fernando Dominguez,autor1216@mail.com,ING
1217,Ana Navarro,autor1217@mail.com,DRA
1218,Ana Ramos,autor1218@mail.com,MTI
1219,Javier Navarro,autor1219@mail.com,DRA
1220,Gabriela Cortes,autor1220@mail.com,MTI
1221,Francisco Morales,autor1221@mail.com,ING
1222,Daniela Molina,autor1222@mail.com,MTI
1223,Gael Navarro,autor1223@mail.com,DR
1224,Esteban Medina,autor1224@mail.com,DRA
1225,Rumualdo Medina,autor1225@mail.com,MTI
1226,Victor Escobar,autor1226@mail.com,ING
1227,Eduardo Guzman,autor1227@mail.com,MC
1228,Carmen Delgado,autor1228@mail.com,DR
1229,Victor Silva,autor1229@mail.com,DR
1230,Manuel Velazquez,autor1230@mail.com,MC
1231,Luis Escobar,autor1231@mail.com,ING
1232,Martin Bautista,autor1232@mail.com,ING
1233,Beatriz Gomez,autor1233@mail.com,MC
1234,Adriana Salazar,autor1234@mail.com,ING
1235,Gerardo Cruz,autor1235@mail.com,MC
1236,Arturo Valencia,autor1236@mail.com,MTI
1237,Monica Salazar,autor1237@mail.com,ING
1238,Gerardo Garcia,autor1238@mail.com,DRA
1239,Esteban Mendez,autor1239@mail.com,DRA
1240,Rumualdo Gutierrez,autor1240@mail.com,MTI
1241,Paola Romero,autor1241@mail.com,LIC
1242,Valeria Lopez,autor1242@mail.com,DRA
1243,Patricia Lopez,autor1243@mail.com,ING
1244,Carolina Soto,autor1244@mail.com,DRA
1245,Teresa Castro,autor1245@mail.com,MTI
1246,Raul Garcia,autor1246@mail.com,MC
1247,Eduardo Chavez,autor1247@mail.com,LIC
1248,Daniela Espinoza,autor1248@mail.com,MC
1249,Leticia Molina,autor1249@mail.com,MTI
1250,Gael Medina,autor1250@mail.com,DR
1251,Arturo Navarro,autor1251@mail.com,MC
1252,Patricia Navarro,autor1252@mail.com,MC
1253,Beatriz Perez,autor1253@mail.com,DR
1254,Esteban Cruz,autor1254@mail.com,MC
1255,Lucia Rojas,autor1255@mail.com,MC
1256,Oscar Gomez,autor1256@mail.com,MTI
1257,Jose Avila,autor1257@mail.com,DRA
1258,Esteban Garcia,autor1258@mail.com,MTI
1259,Rumualdo Chavez,autor1259@mail.com,MC
1260,Fernando Valencia,autor1260@mail.com,DRA
1261,Antonio Perez,autor1261@mail.com,MC
1262,Margarita Hernandez,autor1262@mail.com,DRA
1263,Ricardo Vega,autor1263@mail.com,MC
1264,Lucia Munoz,autor1264@mail.com,DR
1265,Rafael Chavez,autor1265@mail.com,DRA
1266,Paola Reyes,autor1266@mail.com,LIC
1267,Gerardo Ruiz,autor1267@mail.com,ING
1268,Lorena Diaz,autor1268@mail.com,DR
1269,Elena Castillo,autor1269@mail.com,LIC
1270,Ana Hernandez,autor1270@mail.com,DR
1271,Valeria Martinez,autor1271@mail.com,LIC
1272,Hector Munoz,autor1272@mail.com,ING
1273,Miguel Ramos,autor1273@mail.com,DRA
1274,Fernando Lara,autor1274@mail.com,ING
1275,Antonio Ramirez,autor1275@mail.com,LIC
1276,Fernando Garza,autor1276@mail.com,ING
1277,Raul Navarro,autor1277@mail.com,MTI
1278,Alejandro Munoz,autor1278@mail.com,ING
1279,Hugo Rodriguez,autor1279@mail.com,ING
1280,Hugo Delgado,autor1280@mail.com,MTI
1281,Alejandro Morales,autor1281@mail.com,DRA
1282,Ruben Gomez,autor1282@mail.com,MTI
1283,Claudia Aguilar,autor1283@mail.com,ING
1284,Jorge Cervantes,autor1284@mail.com,LIC
1285,Gael Flores,autor1285@mail.com,DRA
1286,Javier Mendez,autor1286@mail.com,ING
1287,Javier Lopez,autor1287@mail.com,DRA
1288,Oscar Chavez,autor1288@mail.com,DRA
1289,Teresa Martinez,autor1289@mail.com,DR
1290,Veronica Delgado,autor1290@mail.com,DRA
1291,Victor Ortiz,autor1291@mail.com,DRA
1292,Adriana Romero,autor1292@mail.com,MC
1293,Jesus Perez,autor1293@mail.com,LIC
1294,Martha Ramirez,autor1294@mail.com,DRA
1295,Gabriela Silva,autor1295@mail.com,MC
1296,Leticia Cruz,autor1296@mail.com,LIC
1297,Ricardo Vega,autor1297@mail.com,MTI
1298,Veronica Rojas,autor1298@mail.com,MC
1299,Silvia Sanchez,autor1299@mail.com,MC
1300,Rafael Avila,autor1300@mail.com,DRA
1301,Esteban Espinoza,autor1301@mail.com,DRA
1302,Andrea Cabrera,autor1302@mail.com,DR
1303,Antonio Valencia,autor1303@mail.com,LIC
1304,Carolina Reyes,autor1304@mail.com,MTI
1305,Daniela Garza,autor1305@mail.com,DR
1306,Patricia Vega,autor1306@mail.com,MC
1307,Sofia Bautista,autor1307@mail.com,ING
1308,Leticia Reyes,autor1308@mail.com,MC
1309,Carlos Garcia,autor1309@mail.com,MTI
1310,Raul Ramirez,autor1310@mail.com,DR
1311,Susana Chavez,autor1311@mail.com,DR
1312,Valeria Garcia,autor1312@mail.com,MC
1313,Oscar Velazquez,autor1313@mail.com,LIC
1314,Leticia Gonzalez,autor1314@mail.com,LIC
1315,Roberto Rojas,autor1315@mail.com,MC
1316,Lucia Romero,autor1316@mail.com,DR
1317,Diana Cordova,autor1317@mail.com,MTI
1318,Antonio Gonzalez,autor1318@mail.com,MTI
1319,Natalia Maldonado,autor1319@mail.com,DR
1320,Ana Navarro,autor1320@mail.com,DRA
1321,Pedro Romero,autor1321@mail.com,DRA
1322,Hector Valencia,autor1322@mail.com,LIC
1323,Rosa Molina,autor1323@mail.com,LIC
1324,Ricardo Sanchez,autor1324@mail.com,MC
1325,Rafael Valencia,autor1325@mail.com,DR
1326,Margarita Flores,autor1326@mail.com,MC
1327,Oscar Avila,autor1327@mail.com,ING
1328,Oscar Ruiz,autor1328@mail.com,DRA
1329,Rosa Rios,autor1329@mail.com,MTI
1330,Leticia Medina,autor1330@mail.com,ING
1331,Eduardo Martinez,autor1331@mail.com,ING
1332,Carmen Ramos,autor1332@mail.com,MTI
1333,Sofia Ruiz,autor1333@mail.com,DRA
1334,Susana Aguilar,autor1334@mail.com,MTI
1335,Raul Cabrera,autor1335@mail.com,MC
1336,Gael Morales,autor1336@mail.com,LIC
1337,Victor Aguilar,autor1337@mail.com,ING
1338,Francisco Gutierrez,autor1338@mail.com,MC
1339,Laura Flores,autor1339@mail.com,ING
1340,Raul Cabrera,autor1340@mail.com,ING
1341,Pedro Rios,autor1341@mail.com,ING
1342,Jose Mendoza,autor1342@mail.com,LIC
1343,Ana Munoz,autor1343@mail.com,ING
1344,Natalia Gomez,autor1344@mail.com,MC
1345,Martin Sanchez,autor1345@mail.com,DR
1346,Carlos Flores,autor1346@mail.com,MC
1347,Jose Perez,autor1347@mail.com,ING
1348,Julio Romero,autor1348@mail.com,DRA
1349,Eduardo Rojas,autor1349@mail.com,MC
1350,Gael Mendoza,autor1350@mail.com,MTI
1351,Diego Cabrera,autor1351@mail.com,MC
1352,Silvia Espinoza,autor1352@mail.com,DR
1353,Roberto Vargas,autor1353@mail.com,DR
1354,Hugo Salazar,autor1354@mail.com,ING
1355,Lorena Martinez,autor1355@mail.com,DR
1356,Daniela Cabrera,autor1356@mail.com,MC
1357,Javier Gutierrez,autor1357@mail.com,MTI
1358,Silvia Cruz,autor1358@mail.com,MC
1359,Laura Campos,autor1359@mail.com,DR
1360,Monica Aguilar,autor1360@mail.com,LIC
1361,Daniela Martinez,autor1361@mail.com,DR
1362,Miguel Diaz,autor1362@mail.com,DRA
1363,Claudia Cortes,autor1363@mail.com,MC
1364,Ruben Munoz,autor1364@mail.com,DR
1365,Eduardo Martinez,autor1365@mail.com,MC
1366,Jorge Maldonado,autor1366@mail.com,MTI
1367,Arturo Castro,autor1367@mail.com,DRA
1368,Maria Ortiz,autor1368@mail.com,MC
1369,Silvia Gomez,autor1369@mail.com,LIC
1370,Andrea Garcia,autor1370@mail.com,DR
1371,Valeria Rodriguez,autor1371@mail.com,LIC
1372,Andrea Cruz,autor1372@mail.com,DRA
1373,Teresa Rojas,autor1373@mail.com,ING
1374,Lucia Castro,autor1374@mail.com,MC
1375,Martha Cervantes,autor1375@mail.com,MC
1376,Luis Cortes,autor1376@mail.com,ING
1377,Francisco Gomez,autor1377@mail.com,MTI
1378,Gabriela Dominguez,autor1378@mail.com,MTI
1379,Carolina Cervantes,autor1379@mail.com,ING
1380,Ana Ramirez,autor1380@mail.com,DR
1381,Hector Delgado,autor1381@mail.com,DR
1382,Francisco Romero,autor1382@mail.com,MTI
1383,Natalia Cortes,autor1383@mail.com,MC
1384,Monica Garza,autor1384@mail.com,LIC
1385,Paola Castro,autor1385@mail.com,DR
1386,Gael Silva,autor1386@mail.com,LIC
1387,Javier Bautista,autor1387@mail.com,ING
1388,Luis Ortiz,autor1388@mail.com,DRA
1389,Patricia Castro,autor1389@mail.com,MC
1390,Martha Castillo,autor1390@mail.com,ING
1391,Margarita Morales,autor1391@mail.com,MC
1392,Eduardo Espinoza,autor1392@mail.com,MTI
1393,Carlos Morales,autor1393@mail.com,MC
1394,Carmen Cortes,autor1394@mail.com,MTI
1395,Eduardo Garcia,autor1395@mail.com,LIC
1396,Jesus Herrera,autor1396@mail.com,ING
1397,Daniela Flores,autor1397@mail.com,DRA
1398,Luis Morales,autor1398@mail.com,ING
1399,Alejandro Navarro,autor1399@mail.com,MC
1400,Ricardo Diaz,autor1400@mail.com,MTI
1401,Lorena Ramos,autor1401@mail.com,MC
1402,Susana Lara,autor1402@mail.com,MTI
1403,Martha Silva,autor1403@mail.com,ING
1404,Miguel Mendez,autor1404@mail.com,LIC
1405,Rosa Munoz,autor1405@mail.com,DRA
1406,Gerardo Hernandez,autor1406@mail.com,ING
1407,Monica Ruiz,autor1407@mail.com,MTI
1408,Julio Castillo,autor1408@mail.com,DRA
1409,Jose Reyes,autor1409@mail.com,MTI
1410,Roberto Flores,autor1410@mail.com,MTI
1411,Sofia Espinoza,autor1411@mail.com,MC
1412,Elena Garcia,autor1412@mail.com,LIC
1413,Teresa Guzman,autor1413@mail.com,MC
1414,Lorena Lara,autor1414@mail.com,MTI
1415,Gerardo Rodriguez,autor1415@mail.com,MTI
1416,Gerardo Gonzalez,autor1416@mail.com,ING
1417,Gael Ruiz,autor1417@mail.com,ING
1418,Rafael Sanchez,autor1418@mail.com,LIC
1419,Adriana Mendez,autor1419@mail.com,ING
1420,Claudia Garcia,autor1420@mail.com,DRA
1421,Luis Lopez,autor1421@mail.com,DR
1422,Natalia Mendez,autor1422@mail.com,DRA
1423,Beatriz Martinez,autor1423@mail.com,ING
1424,Paola Escobar,autor1424@mail.com,MC
1425,Daniela Mendez,autor1425@mail.com,DRA
1426,Margarita Cortes,autor1426@mail.com,DR
1427,Gabriela Escobar,autor1427@mail.com,DRA
1428,Diana Flores,autor1428@mail.com,DR
1429,Sofia Garcia,autor1429@mail.com,LIC
1430,Gael Chavez,autor1430@mail.com,DRA
1431,Martin Espinoza,autor1431@mail.com,MC
1432,Ruben Rodriguez,autor1432@mail.com,ING
1433,Victor Vega,autor1433@mail.com,MTI
1434,Julio Cervantes,autor1434@mail.com,LIC
1435,Manuel Morales,autor1435@mail.com,LIC
1436,Rafael Mendoza,autor1436@mail.com,MC
1437,Ana Garza,autor1437@mail.com,MC
1438,Miguel Guzman,autor1438@mail.com,LIC
1439,Monica Rios,autor1439@mail.com,DRA
1440,Elena Navarro,autor1440@mail.com,DRA
1441,Teresa Herrera,autor1441@mail.com,MTI
1442,Esteban Ruiz,autor1442@mail.com,DR
1443,Beatriz Vega,autor1443@mail.com,DR
1444,Hugo Gonzalez,autor1444@mail.com,ING
1445,Adriana Velazquez,autor1445@mail.com,MTI
1446,Veronica Guzman,autor1446@mail.com,DR
1447,Arturo Campos,autor1447@mail.com,ING
1448,Lorena Valencia,autor1448@mail.com,LIC
1449,Miguel Flores,autor1449@mail.com,ING
1450,Martin Gomez,autor1450@mail.com,MC
1451,Rafael Garza,autor1451@mail.com,DRA
1452,Alejandro Paredes,autor1452@mail.com,ING
1453,Francisco Garcia,autor1453@mail.com,LIC
1454,Susana Herrera,autor1454@mail.com,MC
1455,Carlos Mendoza,autor1455@mail.com,DR
1456,Adriana Ortiz,autor1456@mail.com,DR
1457,Hugo Espinoza,autor1457@mail.com,DRA
1458,Rafael Salazar,autor1458@mail.com,MC
1459,Carmen Delgado,autor1459@mail.com,MC
1460,Rumualdo Guzman,autor1460@mail.com,ING
1461,Andrea Garza,autor1461@mail.com,DR
1462,Diana Soto,autor1462@mail.com,LIC
1463,Leticia Castro,autor1463@mail.com,ING
1464,Pedro Munoz,autor1464@mail.com,DR
1465,Laura Romero,autor1465@mail.com,MC
1466,Martin Mendoza,autor1466@mail.com,ING
1467,Ruben Ramos,autor1467@mail.com,LIC
1468,Francisco Rojas,autor1468@mail.com,DR
1469,Gael Romero,autor1469@mail.com,LIC
1470,Antonio Maldonado,autor1470@mail.com,DRA
1471,Rafael Lopez,autor1471@mail.com,ING
1472,Adriana Romero,autor1472@mail.com,MTI
1473,Victor Gonzalez,autor1473@mail.com,MTI
1474,Valeria Hernandez,autor1474@mail.com,DR
1475,Andrea Vega,autor1475@mail.com,LIC
1476,Rafael Lara,autor1476@mail.com,DR
1477,Rafael Maldonado,autor1477@mail.com,DR
1478,Maria Garcia,autor1478@mail.com,DR
1479,Gabriela Cabrera,autor1479@mail.com,DRA
1480,Luis Ruiz,autor1480@mail.com,DR
1481,Martin Delgado,autor1481@mail.com,MC
1482,Arturo Romero,autor1482@mail.com,LIC
1483,Francisco Silva,autor1483@mail.com,DR
1484,Miguel Maldonado,autor1484@mail.com,DR
1485,Alejandro Silva,autor1485@mail.com,LIC
1486,Rumualdo Guzman,autor1486@mail.com,LIC
1487,Lorena Gutierrez,autor1487@mail.com,MC
1488,Laura Hernandez,autor1488@mail.com,ING
1489,Carolina Lara,autor1489@mail.com,MTI
1490,Sofia Gutierrez,autor1490@mail.com,ING
1491,Laura Navarro,autor1491@mail.com,ING
1492,Julio Ortiz,autor1492@mail.com,DR
1493,Leticia Cordova,autor1493@mail.com,DRA
1494,Claudia Sosa,autor1494@mail.com,DR
1495,Rosa Rios,autor1495@mail.com,ING
1496,Maria Guzman,autor1496@mail.com,LIC
1497,Diego Campos,autor1497@mail.com,ING
1498,Teresa Dominguez,autor1498@mail.com,LIC
1499,Andrea Mendoza,autor1499@mail.com,LIC
1500,Rafael Morales,autor1500@mail.com,LIC
1501,Hugo Molina,autor1501@mail.com,ING
1502,Martha Castillo,autor1502@mail.com,MTI
1503,Rafael Aguilar,autor1503@mail.com,MTI
1504,Rafael Castro,autor1504@mail.com,MTI
1505,Laura Rojas,autor1505@mail.com,MTI
1506,Rumualdo Rios,autor1506@mail.com,ING
1507,Eduardo Vega,autor1507@mail.com,ING
1508,Laura Cruz,autor1508@mail.com,MTI
1509,Lucia Lopez,autor1509@mail.com,MTI
1510,Diana Flores,autor1510@mail.com,MC
1511,Fernando Herrera,autor1511@mail.com,DR
1512,Rosa Guzman,autor1512@mail.com,DR
1513,Rosa Gomez,autor1513@mail.com,ING
1514,Hugo Espinoza,autor1514@mail.com,LIC
1515,Martin Bautista,autor1515@mail.com,DR
1516,Elena Munoz,autor1516@mail.com,ING
1517,Martha Navarro,autor1517@mail.com,MC
1518,Raul Chavez,autor1518@mail.com,DR
1519,Gael Navarro,autor1519@mail.com,MC
1520,Victor Martinez,autor1520@mail.com,DRA
1521,Daniela Vega,autor1521@mail.com,DRA
1522,Jesus Mejia,autor1522@mail.com,ING
1523,Diego Lopez,autor1523@mail.com,ING
1524,Julio Medina,autor1524@mail.com,MC
1525,Andrea Navarro,autor1525@mail.com,MC
1526,Rumualdo Herrera,autor1526@mail.com,LIC
1527,Julio Aguilar,autor1527@mail.com,MC
1528,Carlos Bautista,autor1528@mail.com,LIC
1529,Luis Gomez,autor1529@mail.com,MC
1530,Jose Delgado,autor1530@mail.com,DR
1531,Julio Ortiz,autor1531@mail.com,DRA
1532,Claudia Ramos,autor1532@mail.com,ING
1533,Martha Aguilar,autor1533@mail.com,LIC
1534,Veronica Garza,autor1534@mail.com,ING
1535,Beatriz Paredes,autor1535@mail.com,ING
1536,Valeria Rodriguez,autor1536@mail.com,DRA
1537,Leticia Martinez,autor1537@mail.com,ING
1538,Veronica Avila,autor1538@mail.com,DR
1539,Raul Reyes,autor1539@mail.com,ING
1540,Jesus Lara,autor1540@mail.com,DR
1541,Victor Bautista,autor1541@mail.com,DR
1542,Lorena Mejia,autor1542@mail.com,MTI
1543,Susana Morales,autor1543@mail.com,LIC
1544,Miguel Sosa,autor1544@mail.com,DRA
1545,Julio Cervantes,autor1545@mail.com,ING
1546,Carmen Molina,autor1546@mail.com,MC
1547,Hector Molina,autor1547@mail.com,ING
1548,Esteban Paredes,autor1548@mail.com,DRA
1549,Carlos Perez,autor1549@mail.com,DRA
1550,Carlos Reyes,autor1550@mail.com,DRA
1551,Jorge Cabrera,autor1551@mail.com,MC
1552,Susana Sanchez,autor1552@mail.com,DRA
1553,Eduardo Mendoza,autor1553@mail.com,DRA
1554,Silvia Lopez,autor1554@mail.com,LIC
1555,Roberto Gomez,autor1555@mail.com,DRA
1556,Diego Munoz,autor1556@mail.com,DRA
1557,Adriana Espinoza,autor1557@mail.com,LIC
1558,Manuel Garza,autor1558@mail.com,LIC
1559,Daniela Medina,autor1559@mail.com,LIC
1560,Hugo Valencia,autor1560@mail.com,MC
1561,Susana Vega,autor1561@mail.com,MTI
1562,Hector Garza,autor1562@mail.com,DR
1563,Gael Cortes,autor1563@mail.com,ING
1564,Maria Mejia,autor1564@mail.com,DRA
1565,Carolina Guzman,autor1565@mail.com,MTI
1566,Teresa Espinoza,autor1566@mail.com,DR
1567,Gabriela Ruiz,autor1567@mail.com,LIC
1568,Rosa Chavez,autor1568@mail.com,LIC
1569,Jorge Navarro,autor1569@mail.com,MTI
1570,Jesus Soto,autor1570@mail.com,DR
1571,Rumualdo Morales,autor1571@mail.com,MC
1572,Carlos Ramirez,autor1572@mail.com,DRA
1573,Daniela Aguilar,autor1573@mail.com,DR
1574,Gerardo Guzman,autor1574@mail.com,MTI
1575,Hugo Molina,autor1575@mail.com,ING
1576,Oscar Maldonado,autor1576@mail.com,ING
1577,Hugo Mejia,autor1577@mail.com,LIC
1578,Hugo Cortes,autor1578@mail.com,LIC
1579,Luis Cervantes,autor1579@mail.com,DR
1580,Ricardo Romero,autor1580@mail.com,MC
1581,Elena Cruz,autor1581@mail.com,LIC
1582,Manuel Chavez,autor1582@mail.com,DR
1583,Javier Cervantes,autor1583@mail.com,ING
1584,Gabriela Garcia,autor1584@mail.com,LIC
1585,Rumualdo Munoz,autor1585@mail.com,LIC
1586,Miguel Diaz,autor1586@mail.com,LIC
1587,Francisco Dominguez,autor1587@mail.com,MC
1588,Sofia Aguilar,autor1588@mail.com,LIC
1589,Julio Salazar,autor1589@mail.com,MC
1590,Miguel Gutierrez,autor1590@mail.com,MTI
1591,Adriana Rodriguez,autor1591@mail.com,DR
1592,Carlos Castillo,autor1592@mail.com,MC
1593,Monica Cruz,autor1593@mail.com,LIC
1594,Gael Garcia,autor1594@mail.com,DR
1595,Adriana Perez,autor1595@mail.com,MC
1596,Valeria Silva,autor1596@mail.com,DRA
1597,Beatriz Perez,autor1597@mail.com,DR
1598,Julio Lara,autor1598@mail.com,MC
1599,Hugo Vega,autor1599@mail.com,DR
1600,Rafael Cervantes,autor1600@mail.com,LIC
1601,Monica Maldonado,autor1601@mail.com,LIC
1602,Paola Sosa,autor1602@mail.com,MTI
1603,Lucia Molina,autor1603@mail.com,DR
1604,Elena Soto,autor1604@mail.com,DR
1605,Carmen Cortes,autor1605@mail.com,MC
1606,Carmen Salazar,autor1606@mail.com,DRA
1607,Raul Garcia,autor1607@mail.com,LIC
1608,Rumualdo Romero,autor1608@mail.com,MC
1609,Eduardo Cervantes,autor1609@mail.com,ING
1610,Paola Delgado,autor1610@mail.com,DR
1611,Beatriz Rodriguez,autor1611@mail.com,MC
1612,Laura Silva,autor1612@mail.com,DR
1613,Oscar Silva,autor1613@mail.com,ING
1614,Martha Mendoza,autor1614@mail.com,MTI
1615,Roberto Mendoza,autor1615@mail.com,DRA
1616,Beatriz Maldonado,autor1616@mail.com,ING
1617,Jorge Cortes,autor1617@mail.com,DRA
1618,Hugo Gonzalez,autor1618@mail.com,ING
1619,Rosa Aguilar,autor1619@mail.com,DR
1620,Hugo Perez,autor1620@mail.com,DRA
1621,Gerardo Rojas,autor1621@mail.com,DR
1622,Ricardo Dominguez,autor1622@mail.com,DRA
1623,Jorge Lopez,autor1623@mail.com,MC
1624,Javier Garza,autor1624@mail.com,ING
1625,Claudia Campos,autor1625@mail.com,LIC
1626,Oscar Herrera,autor1626@mail.com,ING
1627,Raul Cortes,autor1627@mail.com,MC
1628,Adriana Rojas,autor1628@mail.com,DRA
1629,Carlos Cordova,autor1629@mail.com,ING
1630,Andrea Gutierrez,autor1630@mail.com,DRA
1631,Jesus Mendoza,autor1631@mail.com,MC
1632,Rosa Aguilar,autor1632@mail.com,LIC
1633,Ruben Chavez,autor1633@mail.com,LIC
1634,Paola Chavez,autor1634@mail.com,DR
1635,Carolina Velazquez,autor1635@mail.com,DRA
1636,Pedro Martinez,autor1636@mail.com,LIC
1637,Diana Hernandez,autor1637@mail.com,ING
1638,Susana Salazar,autor1638@mail.com,MC
1639,Eduardo Flores,autor1639@mail.com,DRA
1640,Monica Espinoza,autor1640@mail.com,MTI
1641,Laura Mejia,autor1641@mail.com,MC
1642,Manuel Rios,autor1642@mail.com,MC
1643,Ana Reyes,autor1643@mail.com,ING
1644,Alejandro Espinoza,autor1644@mail.com,MTI
1645,Veronica Cordova,autor1645@mail.com,DRA
1646,Fernando Ruiz,autor1646@mail.com,MC
1647,Veronica Vega,autor1647@mail.com,MC
1648,Monica Flores,autor1648@mail.com,DR
1649,Elena Paredes,autor1649@mail.com,ING
1650,Lorena Castro,autor1650@mail.com,ING
1651,Hector Cordova,autor1651@mail.com,LIC
1652,Valeria Soto,autor1652@mail.com,MC
1653,Carmen Chavez,autor1653@mail.com,DRA
1654,Julio Hernandez,autor1654@mail.com,MTI
1655,Luis Dominguez,autor1655@mail.com,DR
1656,Margarita Espinoza,autor1656@mail.com,LIC
1657,Jesus Castro,autor1657@mail.com,DR
1658,Gael Garcia,autor1658@mail.com,MC
1659,Carolina Flores,autor1659@mail.com,LIC
1660,Elena Castro,autor1660@mail.com,DRA
1661,Leticia Escobar,autor1661@mail.com,LIC
1662,Martha Guzman,autor1662@mail.com,ING
1663,Margarita Valencia,autor1663@mail.com,DRA
1664,Gabriela Garcia,autor1664@mail.com,MC
1665,Eduardo Vargas,autor1665@mail.com,LIC
1666,Luis Romero,autor1666@mail.com,MC
1667,Diana Ramos,autor1667@mail.com,MC
1668,Gerardo Dominguez,autor1668@mail.com,LIC
1669,Luis Vega,autor1669@mail.com,MC
1670,Paola Ortiz,autor1670@mail.com,MC
1671,Julio Lara,autor1671@mail.com,LIC
1672,Hector Herrera,autor1672@mail.com,DR
1673,Antonio Sosa,autor1673@mail.com,DRA
1674,Adriana Castro,autor1674@mail.com,MTI
1675,Margarita Munoz,autor1675@mail.com,ING
1676,Martha Paredes,autor1676@mail.com,DRA
1677,Fernando Castillo,autor1677@mail.com,ING
1678,Hector Diaz,autor1678@mail.com,DRA
1679,Gabriela Perez,autor1679@mail.com,DRA
1680,Pedro Escobar,autor1680@mail.com,DR
1681,Alejandro Ramos,autor1681@mail.com,MC
1682,Jesus Gomez,autor1682@mail.com,MC
1683,Natalia Garcia,autor1683@mail.com,MC
1684,Margarita Munoz,autor1684@mail.com,LIC
1685,Daniela Morales,autor1685@mail.com,MTI
1686,Patricia Cruz,autor1686@mail.com,ING
1687,Fernando Cervantes,autor1687@mail.com,ING
1688,Susana Castillo,autor1688@mail.com,DRA
1689,Ricardo Espinoza,autor1689@mail.com,DRA
1690,Paola Cabrera,autor1690@mail.com,DRA
1691,Rosa Cruz,autor1691@mail.com,MC
1692,Hugo Espinoza,autor1692@mail.com,MC
1693,Patricia Sanchez,autor1693@mail.com,LIC
1694,Pedro Maldonado,autor1694@mail.com,MC
1695,Jose Lopez,autor1695@mail.com,LIC
1696,Patricia Munoz,autor1696@mail.com,DR
1697,Antonio Maldonado,autor1697@mail.com,MC
1698,Ana Herrera,autor1698@mail.com,MTI
1699,Jose Munoz,autor1699@mail.com,MTI
1700,Manuel Molina,autor1700@mail.com,ING
1701,Martha Lopez,autor1701@mail.com,LIC
1702,Javier Flores,autor1702@mail.com,DR
1703,Leticia Romero,autor1703@mail.com,LIC
1704,Antonio Dominguez,autor1704@mail.com,LIC
1705,Paola Castillo,autor1705@mail.com,MC
1706,Susana Garcia,autor1706@mail.com,DR
1707,Silvia Diaz,autor1707@mail.com,ING
1708,Teresa Mendez,autor1708@mail.com,LIC
1709,Oscar Garcia,autor1709@mail.com,DR
1710,Miguel Aguilar,autor1710@mail.com,DR
1711,Hugo Delgado,autor1711@mail.com,LIC
1712,Francisco Ortiz,autor1712@mail.com,DR
1713,Paola Ortiz,autor1713@mail.com,DRA
1714,Lucia Molina,autor1714@mail.com,LIC
1715,Leticia Reyes,autor1715@mail.com,ING
1716,Silvia Bautista,autor1716@mail.com,MC
1717,Victor Escobar,autor1717@mail.com,ING
1718,Roberto Sanchez,autor1718@mail.com,MTI
1719,Gerardo Chavez,autor1719@mail.com,MTI
1720,Julio Herrera,autor1720@mail.com,MTI
1721,Antonio Velazquez,autor1721@mail.com,LIC
1722,Martha Salazar,autor1722@mail.com,ING
1723,Elena Valencia,autor1723@mail.com,LIC
1724,Manuel Castro,autor1724@mail.com,LIC
1725,Martin Garcia,autor1725@mail.com,MTI
1726,Martin Perez,autor1726@mail.com,ING
1727,Adriana Espinoza,autor1727@mail.com,LIC
1728,Luis Ruiz,autor1728@mail.com,DR
1729,Adriana Hernandez,autor1729@mail.com,DRA
1730,Ana Medina,autor1730@mail.com,MTI
1731,Silvia Sanchez,autor1731@mail.com,ING
1732,Silvia Cruz,autor1732@mail.com,LIC
1733,Paola Garcia,autor1733@mail.com,LIC
1734,Natalia Gutierrez,autor1734@mail.com,DRA
1735,Gael Sanchez,autor1735@mail.com,MTI
1736,Lucia Maldonado,autor1736@mail.com,MTI
1737,Gabriela Molina,autor1737@mail.com,DRA
1738,Manuel Espinoza,autor1738@mail.com,DR
1739,Jose Maldonado,autor1739@mail.com,DR
1740,Natalia Sosa,autor1740@mail.com,DRA
1741,Paola Martinez,autor1741@mail.com,MC
1742,Natalia Castro,autor1742@mail.com,MTI
1743,Pedro Soto,autor1743@mail.com,LIC
1744,Paola Sosa,autor1744@mail.com,MC
1745,Victor Mendez,autor1745@mail.com,DR
1746,Ana Cortes,autor1746@mail.com,LIC
1747,Sofia Gutierrez,autor1747@mail.com,LIC
1748,Carlos Chavez,autor1748@mail.com,DR
1749,Antonio Lara,autor1749@mail.com,ING
1750,Carolina Cordova,autor1750@mail.com,MC
1751,Diego Campos,autor1751@mail.com,ING
1752,Jorge Rojas,autor1752@mail.com,LIC
1753,Jose Reyes,autor1753@mail.com,DRA
1754,Teresa Aguilar,autor1754@mail.com,DRA
1755,Diana Gutierrez,autor1755@mail.com,MTI
1756,Ricardo Lopez,autor1756@mail.com,ING
1757,Roberto Munoz,autor1757@mail.com,MC
1758,Gerardo Reyes,autor1758@mail.com,MTI
1759,Jorge Romero,autor1759@mail.com,MTI
1760,Esteban Cordova,autor1760@mail.com,ING
1761,Eduardo Flores,autor1761@mail.com,MTI
1762,Margarita Cordova,autor1762@mail.com,DRA
1763,Carlos Cruz,autor1763@mail.com,ING
1764,Antonio Mendoza,autor1764@mail.com,DRA
1765,Adriana Gutierrez,autor1765@mail.com,ING
1766,Lucia Herrera,autor1766@mail.com,ING
1767,Beatriz Ramirez,autor1767@mail.com,MC
1768,Esteban Paredes,autor1768@mail.com,ING
1769,Gerardo Delgado,autor1769@mail.com,LIC
1770,Elena Castillo,autor1770@mail.com,DRA
1771,Ruben Perez,autor1771@mail.com,DR
1772,Gabriela Gomez,autor1772@mail.com,DRA
1773,Paola Soto,autor1773@mail.com,MC
1774,Eduardo Ruiz,autor1774@mail.com,ING
1775,Veronica Ramirez,autor1775@mail.com,DR
1776,Rosa Cortes,autor1776@mail.com,LIC
1777,Natalia Munoz,autor1777@mail.com,MTI
1778,Fernando Avila,autor1778@mail.com,ING
1779,Raul Silva,autor1779@mail.com,DR
1780,Elena Molina,autor1780@mail.com,LIC
1781,Silvia Munoz,autor1781@mail.com,MC
1782,Hector Sanchez,autor1782@mail.com,DR
1783,Diego Ruiz,autor1783@mail.com,ING
1784,Carlos Campos,autor1784@mail.com,LIC
1785,Ruben Navarro,autor1785@mail.com,LIC
1786,Hugo Reyes,autor1786@mail.com,MTI
1787,Eduardo Rodriguez,autor1787@mail.com,LIC
1788,Carolina Mendez,autor1788@mail.com,DRA
1789,Jesus Romero,autor1789@mail.com,DR
1790,Teresa Garza,autor1790@mail.com,LIC
1791,Jesus Diaz,autor1791@mail.com,DRA
1792,Paola Cruz,autor1792@mail.com,DRA
1793,Luis Gonzalez,autor1793@mail.com,LIC
1794,Miguel Romero,autor1794@mail.com,LIC
1795,Maria Cortes,autor1795@mail.com,DRA
1796,Carmen Cordova,autor1796@mail.com,ING
1797,Susana Diaz,autor1797@mail.com,LIC
1798,Gabriela Cabrera,autor1798@mail.com,MC
1799,Diana Velazquez,autor1799@mail.com,DRA
1800,Paola Avila,autor1800@mail.com,LIC
1801,Ricardo Medina,autor1801@mail.com,LIC
1802,Diego Velazquez,autor1802@mail.com,DRA
1803,Pedro Bautista,autor1803@mail.com,DRA
1804,Monica Guzman,autor1804@mail.com,MTI
1805,Manuel Maldonado,autor1805@mail.com,LIC
1806,Victor Ramirez,autor1806@mail.com,DR
1807,Diego Lara,autor1807@mail.com,DR
1808,Gabriela Ruiz,autor1808@mail.com,MTI
1809,Gael Chavez,autor1809@mail.com,MTI
1810,Rafael Cabrera,autor1810@mail.com,MC
1811,Andrea Velazquez,autor1811@mail.com,DRA
1812,Hector Maldonado,autor1812@mail.com,MTI
1813,Daniela Diaz,autor1813@mail.com,LIC
1814,Elena Soto,autor1814@mail.com,DRA
1815,Margarita Valencia,autor1815@mail.com,DRA
1816,Carlos Bautista,autor1816@mail.com,ING
1817,Laura Garza,autor1817@mail.com,MC
1818,Lorena Silva,autor1818@mail.com,MTI
1819,Arturo Silva,autor1819@mail.com,MTI
1820,Veronica Cordova,autor1820@mail.com,LIC
1821,Paola Chavez,autor1821@mail.com,DRA
1822,Patricia Silva,autor1822@mail.com,DRA
1823,Miguel Rojas,autor1823@mail.com,ING
1824,Diego Rojas,autor1824@mail.com,DRA
1825,Valeria Ramos,autor1825@mail.com,DR
1826,Veronica Mendez,autor1826@mail.com,DRA
1827,Rumualdo Herrera,autor1827@mail.com,ING
1828,Antonio Ramirez,autor1828@mail.com,ING
1829,Pedro Mendoza,autor1829@mail.com,DR
1830,Rumualdo Cruz,autor1830@mail.com,ING
1831,Silvia Romero,autor1831@mail.com,MC
1832,Francisco Ortiz,autor1832@mail.com,DRA
1833,Carmen Garza,autor1833@mail.com,MC
1834,Veronica Chavez,autor1834@mail.com,DR
1835,Diego Rios,autor1835@mail.com,DRA
1836,Margarita Velazquez,autor1836@mail.com,LIC
1837,Patricia Silva,autor1837@mail.com,DRA
1838,Paola Cruz,autor1838@mail.com,DRA
1839,Valeria Gomez,autor1839@mail.com,ING
1840,Maria Bautista,autor1840@mail.com,MC
1841,Jose Cabrera,autor1841@mail.com,ING
1842,Jose Cruz,autor1842@mail.com,LIC
1843,Elena Molina,autor1843@mail.com,DR
1844,Adriana Morales,autor1844@mail.com,MTI
1845,Miguel Avila,autor1845@mail.com,DRA
1846,Jose Salazar,autor1846@mail.com,DRA
1847,Rumualdo Munoz,autor1847@mail.com,MTI
1848,Jorge Sanchez,autor1848@mail.com,MC
1849,Javier Mendez,autor1849@mail.com,MTI
1850,Beatriz Campos,autor1850@mail.com,LIC
1851,Arturo Silva,autor1851@mail.com,ING
1852,Claudia Sanchez,autor1852@mail.com,LIC
1853,Esteban Bautista,autor1853@mail.com,MTI
1854,Susana Cervantes,autor1854@mail.com,MTI
1855,Gerardo Aguilar,autor1855@mail.com,MTI
1856,Rumualdo Ramos,autor1856@mail.com,MC
1857,Javier Mendoza,autor1857@mail.com,MTI
1858,Andrea Perez,autor1858@mail.com,ING
1859,Antonio Reyes,autor1859@mail.com,DRA
1860,Hugo Mendez,autor1860@mail.com,LIC
1861,Jesus Ruiz,autor1861@mail.com,DRA
1862,Carlos Cordova,autor1862@mail.com,MTI
1863,Antonio Molina,autor1863@mail.com,DRA
1864,Antonio Vega,autor1864@mail.com,ING
1865,Pedro Ruiz,autor1865@mail.com,DRA
1866,Elena Gomez,autor1866@mail.com,MTI
1867,Carolina Munoz,autor1867@mail.com,LIC
1868,Jesus Morales,autor1868@mail.com,MC
1869,Francisco Avila,autor1869@mail.com,DRA
1870,Javier Hernandez,autor1870@mail.com,LIC
1871,Fernando Gomez,autor1871@mail.com,DRA
1872,Patricia Ruiz,autor1872@mail.com,MC
1873,Sofia Garza,autor1873@mail.com,DR
1874,Jorge Flores,autor1874@mail.com,MC
1875,Fernando Soto,autor1875@mail.com,MTI
1876,Elena Cortes,autor1876@mail.com,DR
1877,Carmen Gutierrez,autor1877@mail.com,DR
1878,Eduardo Gomez,autor1878@mail.com,ING
1879,Laura Mejia,autor1879@mail.com,DR
1880,Raul Valencia,autor1880@mail.com,MTI
1881,Leticia Gutierrez,autor1881@mail.com,DR
1882,Teresa Sanchez,autor1882@mail.com,MTI
1883,Veronica Molina,autor1883@mail.com,ING
1884,Lorena Mendoza,autor1884@mail.com,DRA
1885,Beatriz Medina,autor1885@mail.com,LIC
1886,Eduardo Romero,autor1886@mail.com,DR
1887,Esteban Espinoza,autor1887@mail.com,MC
1888,Leticia Rojas,autor1888@mail.com,DR
1889,Teresa Escobar,autor1889@mail.com,DRA
1890,Beatriz Maldonado,autor1890@mail.com,DRA
1891,Fernando Cabrera,autor1891@mail.com,LIC
1892,Ricardo Maldonado,autor1892@mail.com,MTI
1893,Carolina Silva,autor1893@mail.com,LIC
1894,Margarita Chavez,autor1894@mail.com,DRA
1895,Lucia Ortiz,autor1895@mail.com,ING
1896,Martin Vega,autor1896@mail.com,LIC
1897,Adriana Perez,autor1897@mail.com,MTI
1898,Esteban Lara,autor1898@mail.com,MTI
1899,Leticia Vega,autor1899@mail.com,LIC
1900,Fernando Campos,autor1900@mail.com,DRA
1901,Alejandro Munoz,autor1901@mail.com,LIC
1902,Jose Paredes,autor1902@mail.com,ING
1903,Sofia Silva,autor1903@mail.com,MC
1904,Susana Rios,autor1904@mail.com,DRA
1905,Carolina Molina,autor1905@mail.com,DRA
1906,Lorena Diaz,autor1906@mail.com,DRA
1907,Alejandro Silva,autor1907@mail.com,MTI
1908,Jose Vargas,autor1908@mail.com,ING
1909,Maria Vega,autor1909@mail.com,DR
1910,Elena Espinoza,autor1910@mail.com,MTI
1911,Gabriela Diaz,autor1911@mail.com,MC
1912,Victor Molina,autor1912@mail.com,MTI
1913,Eduardo Diaz,autor1913@mail.com,LIC
1914,Valeria Lopez,autor1914@mail.com,ING
1915,Gabriela Gutierrez,autor1915@mail.com,MC
1916,Martha Munoz,autor1916@mail.com,DR
1917,Leticia Campos,autor1917@mail.com,MC
1918,Jorge Mendez,autor1918@mail.com,DRA
1919,Silvia Gomez,autor1919@mail.com,LIC
1920,Carolina Garcia,autor1920@mail.com,DR
1921,Silvia Ruiz,autor1921@mail.com,ING
1922,Patricia Garcia,autor1922@mail.com,ING
1923,Lorena Bautista,autor1923@mail.com,MC
1924,Eduardo Guzman,autor1924@mail.com,LIC
1925,Rosa Escobar,autor1925@mail.com,MC
1926,Miguel Soto,autor1926@mail.com,MTI
1927,Alejandro Rios,autor1927@mail.com,MC
1928,Veronica Diaz,autor1928@mail.com,DR
1929,Javier Valencia,autor1929@mail.com,DR
1930,Margarita Cordova,autor1930@mail.com,MC
1931,Valeria Gonzalez,autor1931@mail.com,ING
1932,Manuel Ruiz,autor1932@mail.com,MTI
1933,Patricia Garcia,autor1933@mail.com,LIC
1934,Gabriela Silva,autor1934@mail.com,DRA
1935,Hector Salazar,autor1935@mail.com,MC
1936,Rosa Martinez,autor1936@mail.com,LIC
1937,Martha Molina,autor1937@mail.com,MTI
1938,Ruben Cervantes,autor1938@mail.com,DR
1939,Beatriz Mejia,autor1939@mail.com,LIC
1940,Laura Sosa,autor1940@mail.com,MTI
1941,Ricardo Cervantes,autor1941@mail.com,MTI
1942,Oscar Garza,autor1942@mail.com,MC
1943,Adriana Castillo,autor1943@mail.com,MC
1944,Antonio Reyes,autor1944@mail.com,MC
1945,Gabriela Perez,autor1945@mail.com,MTI
1946,Silvia Lopez,autor1946@mail.com,ING
1947,Jose Mendez,autor1947@mail.com,DR
1948,Martha Silva,autor1948@mail.com,MC
1949,Diego Hernandez,autor1949@mail.com,MTI
1950,Javier Herrera,autor1950@mail.com,MTI
1951,Fernando Avila,autor1951@mail.com,LIC
1952,Valeria Chavez,autor1952@mail.com,MTI
1953,Veronica Chavez,autor1953@mail.com,MC
1954,Carlos Garcia,autor1954@mail.com,LIC
1955,Silvia Avila,autor1955@mail.com,DRA
1956,Teresa Garcia,autor1956@mail.com,DRA
1957,Paola Mejia,autor1957@mail.com,DR
1958,Valeria Vega,autor1958@mail.com,LIC
1959,Elena Gomez,autor1959@mail.com,ING
1960,Julio Mendoza,autor1960@mail.com,MC
1961,Roberto Hernandez,autor1961@mail.com,LIC
1962,Maria Cervantes,autor1962@mail.com,DR
1963,Hugo Gonzalez,autor1963@mail.com,DR
1964,Rumualdo Reyes,autor1964@mail.com,LIC
1965,Francisco Cervantes,autor1965@mail.com,DR
1966,Laura Bautista,autor1966@mail.com,MC
1967,Hugo Aguilar,autor1967@mail.com,DR
1968,Jose Reyes,autor1968@mail.com,ING
1969,Valeria Salazar,autor1969@mail.com,DR
1970,Leticia Ramos,autor1970@mail.com,MTI
1971,Margarita Maldonado,autor1971@mail.com,DRA
1972,Francisco Castillo,autor1972@mail.com,LIC
1973,Adriana Gomez,autor1973@mail.com,ING
1974,Diana Morales,autor1974@mail.com,MTI
1975,Julio Aguilar,autor1975@mail.com,MC
1976,Raul Rios,autor1976@mail.com,MC
1977,Arturo Mendoza,autor1977@mail.com,LIC
1978,Hugo Diaz,autor1978@mail.com,MC
1979,Eduardo Gutierrez,autor1979@mail.com,DR
1980,Ruben Ruiz,autor1980@mail.com,MTI
1981,Jesus Escobar,autor1981@mail.com,MC
1982,Javier Guzman,autor1982@mail.com,MC
1983,Ana Ramirez,autor1983@mail.com,LIC
1984,Carmen Salazar,autor1984@mail.com,MC
1985,Veronica Sosa,autor1985@mail.com,DR
1986,Veronica Valencia,autor1986@mail.com,MTI
1987,Gael Dominguez,autor1987@mail.com,DRA
1988,Gabriela Cortes,autor1988@mail.com,DRA
1989,Jose Romero,autor1989@mail.com,LIC
1990,Esteban Navarro,autor1990@mail.com,DRA
1991,Veronica Mendez,autor1991@mail.com,DR
1992,Diana Perez,autor1992@mail.com,DRA
1993,Veronica Rojas,autor1993@mail.com,MTI
1994,Claudia Perez,autor1994@mail.com,DRA
1995,Roberto Martinez,autor1995@mail.com,DRA
1996,Daniela Cervantes,autor1996@mail.com,ING
1997,Adriana Ramirez,autor1997@mail.com,MTI
1998,Andrea Vega,autor1998@mail.com,MTI
1999,Oscar Herrera,autor1999@mail.com,DR
2000,Manuel Ruiz,autor2000@mail.com,ING
2001,Eduardo Molina,autor2001@mail.com,DRA
2002,Teresa Lopez,autor2002@mail.com,ING
2003,Julio Salazar,autor2003@mail.com,DR
2004,Natalia Sanchez,autor2004@mail.com,MC
2005,Carlos Mendoza,autor2005@mail.com,ING
2006,Susana Garcia,autor2006@mail.com,ING
2007,Margarita Garcia,autor2007@mail.com,DRA
2008,Alejandro Gonzalez,autor2008@mail.com,ING
2009,Rumualdo Ortiz,autor2009@mail.com,MTI
2010,Leticia Castillo,autor2010@mail.com,ING
2011,Carmen Delgado,autor2011@mail.com,MC
2012,Rafael Mendez,autor2012@mail.com,ING
2013,Fernando Dominguez,autor2013@mail.com,DR
2014,Hector Ramos,autor2014@mail.com,ING
2015,Ruben Cortes,autor2015@mail.com,DR
2016,Carmen Ruiz,autor2016@mail.com,DRA
2017,Fernando Chavez,autor2017@mail.com,DRA
2018,Jorge Medina,autor2018@mail.com,MTI
2019,Javier Mejia,autor2019@mail.com,LIC
2020,Jesus Valencia,autor2020@mail.com,MTI
2021,Roberto Rojas,autor2021@mail.com,DR
2022,Lucia Mejia,autor2022@mail.com,DR
2023,Maria Romero,autor2023@mail.com,LIC
2024,Rumualdo Soto,autor2024@mail.com,ING
2025,Miguel Molina,autor2025@mail.com,ING
2026,Maria Cruz,autor2026@mail.com,ING
2027,Ricardo Mejia,autor2027@mail.com,DRA
2028,Susana Vargas,autor2028@mail.com,MC
2029,Rosa Mendoza,autor2029@mail.com,LIC
2030,Leticia Romero,autor2030@mail.com,LIC
2031,Jose Escobar,autor2031@mail.com,MTI
2032,Adriana Garcia,autor2032@mail.com,MTI
2033,Laura Escobar,autor2033@mail.com,MTI
2034,Miguel Cabrera,autor2034@mail.com,DRA
2035,Martha Cortes,autor2035@mail.com,LIC
2036,Manuel Sanchez,autor2036@mail.com,MC
2037,Rosa Cordova,autor2037@mail.com,MTI
2038,Daniela Ramos,autor2038@mail.com,DR
2039,Patricia Navarro,autor2039@mail.com,MC
2040,Jesus Cordova,autor2040@mail.com,DRA
2041,Adriana Flores,autor2041@mail.com,MTI
2042,Rafael Cabrera,autor2042@mail.com,ING
2043,Natalia Martinez,autor2043@mail.com,DRA
2044,Carmen Ramirez,autor2044@mail.com,DRA
2045,Carolina Vega,autor2045@mail.com,LIC
2046,Andrea Mejia,autor2046@mail.com,DR
2047,Laura Sanchez,autor2047@mail.com,DR
2048,Raul Cabrera,autor2048@mail.com,MC
2049,Sofia Aguilar,autor2049@mail.com,MTI
2050,Oscar Perez,autor2050@mail.com,ING
2051,Ruben Reyes,autor2051@mail.com,ING
2052,Manuel Cortes,autor2052@mail.com,DR
2053,Julio Mejia,autor2053@mail.com,MC
2054,Esteban Perez,autor2054@mail.com,LIC
2055,Diana Mejia,autor2055@mail.com,MC
2056,Susana Medina,autor2056@mail.com,DRA
2057,Adriana Sanchez,autor2057@mail.com,MC
2058,Antonio Ortiz,autor2058@mail.com,ING
2059,Jose Cabrera,autor2059@mail.com,DR
2060,Natalia Guzman,autor2060@mail.com,DRA
2061,Adriana Velazquez,autor2061@mail.com,ING
2062,Esteban Gomez,autor2062@mail.com,ING
2063,Carlos Munoz,autor2063@mail.com,LIC
2064,Victor Medina,autor2064@mail.com,DR
2065,Claudia Lopez,autor2065@mail.com,DRA
2066,Ricardo Aguilar,autor2066@mail.com,DR
2067,Ruben Castro,autor2067@mail.com,MTI
2068,Diana Bautista,autor2068@mail.com,LIC
2069,Valeria Gomez,autor2069@mail.com,LIC
2070,Silvia Flores,autor2070@mail.com,LIC
2071,Leticia Munoz,autor2071@mail.com,LIC
2072,Elena Vega,autor2072@mail.com,DR
2073,Victor Garcia,autor2073@mail.com,MC
2074,Ruben Lara,autor2074@mail.com,DR
2075,Lucia Escobar,autor2075@mail.com,MTI
2076,Pedro Cortes,autor2076@mail.com,DRA
2077,Paola Hernandez,autor2077@mail.com,DRA
2078,Diego Garza,autor2078@mail.com,MTI
2079,Oscar Flores,autor2079@mail.com,DR
2080,Luis Sanchez,autor2080@mail.com,MC
2081,Patricia Rojas,autor2081@mail.com,ING
2082,Rumualdo Hernandez,autor2082@mail.com,LIC
2083,Miguel Velazquez,autor2083@mail.com,MC
2084,Beatriz Sosa,autor2084@mail.com,LIC
2085,Jesus Cordova,autor2085@mail.com,LIC
2086,Julio Diaz,autor2086@mail.com,LIC
2087,Oscar Gonzalez,autor2087@mail.com,LIC
2088,Hector Flores,autor2088@mail.com,ING
2089,Miguel Mejia,autor2089@mail.com,MC
2090,Lucia Herrera,autor2090@mail.com,MTI
2091,Gerardo Flores,autor2091@mail.com,DRA
2092,Lorena Escobar,autor2092@mail.com,MC
2093,Lorena Vega,autor2093@mail.com,MC
2094,Paola Romero,autor2094@mail.com,DRA
2095,Carolina Escobar,autor2095@mail.com,MC
2096,Claudia Garcia,autor2096@mail.com,ING
2097,Hector Salazar,autor2097@mail.com,LIC
2098,Rosa Espinoza,autor2098@mail.com,MTI
2099,Carmen Salazar,autor2099@mail.com,MTI
2100,Silvia Lara,autor2100@mail.com,DR
2101,Rafael Valencia,autor2101@mail.com,ING
2102,Victor Garcia,autor2102@mail.com,DR
2103,Francisco Medina,autor2103@mail.com,ING
2104,Manuel Ramos,autor2104@mail.com,MC
2105,Jesus Ortiz,autor2105@mail.com,ING
2106,Gabriela Cervantes,autor2106@mail.com,MC
2107,Patricia Medina,autor2107@mail.com,LIC
2108,Claudia Escobar,autor2108@mail.com,DRA
2109,Ana Ortiz,autor2109@mail.com,MC
2110,Manuel Rios,autor2110@mail.com,DR
2111,Leticia Maldonado,autor2111@mail.com,DR
2112,Victor Rios,autor2112@mail.com,ING
2113,Ruben Rojas,autor2113@mail.com,DRA
2114,Esteban Castro,autor2114@mail.com,LIC
2115,Alejandro Garcia,autor2115@mail.com,MTI
2116,Gerardo Perez,autor2116@mail.com,LIC
2117,Andrea Vega,autor2117@mail.com,DR
2118,Luis Castro,autor2118@mail.com,MC
2119,Victor Gonzalez,autor2119@mail.com,ING
2120,Paola Paredes,autor2120@mail.com,MTI
2121,Teresa Martinez,autor2121@mail.com,MTI
2122,Arturo Herrera,autor2122@mail.com,ING
2123,Claudia Ramos,autor2123@mail.com,ING
2124,Lucia Munoz,autor2124@mail.com,MC
2125,Rumualdo Morales,autor2125@mail.com,LIC
2126,Martha Ramirez,autor2126@mail.com,ING
2127,Carlos Munoz,autor2127@mail.com,MC
2128,Martin Chavez,autor2128@mail.com,MC
2129,Victor Velazquez,autor2129@mail.com,LIC
2130,Beatriz Herrera,autor2130@mail.com,DRA
2131,Natalia Reyes,autor2131@mail.com,DRA
2132,Daniela Cordova,autor2132@mail.com,MC
2133,Javier Morales,autor2133@mail.com,DR
2134,Rosa Rios,autor2134@mail.com,DR
2135,Jose Castillo,autor2135@mail.com,DRA
2136,Diego Escobar,autor2136@mail.com,LIC
2137,Raul Garcia,autor2137@mail.com,MC
2138,Carmen Velazquez,autor2138@mail.com,ING
2139,Valeria Cordova,autor2139@mail.com,LIC
2140,Jorge Navarro,autor2140@mail.com,DRA
2141,Lorena Garza,autor2141@mail.com,MTI
2142,Hugo Velazquez,autor2142@mail.com,MC
2143,Silvia Perez,autor2143@mail.com,MC
2144,Natalia Medina,autor2144@mail.com,DR
2145,Carmen Valencia,autor2145@mail.com,ING
2146,Veronica Medina,autor2146@mail.com,LIC
2147,Roberto Dominguez,autor2147@mail.com,MC
2148,Lucia Vargas,autor2148@mail.com,LIC
2149,Jose Cordova,autor2149@mail.com,MTI
2150,Miguel Rojas,autor2150@mail.com,DR
2151,Margarita Salazar,autor2151@mail.com,LIC
2152,Esteban Velazquez,autor2152@mail.com,DR
2153,Laura Delgado,autor2153@mail.com,MC
2154,Diego Escobar,autor2154@mail.com,LIC
2155,Jesus Maldonado,autor2155@mail.com,MTI
2156,Fernando Guzman,autor2156@mail.com,ING
2157,Susana Paredes,autor2157@mail.com,MTI
2158,Ricardo Bautista,autor2158@mail.com,DRA
2159,Daniela Gomez,autor2159@mail.com,LIC
2160,Claudia Ruiz,autor2160@mail.com,MTI
2161,Oscar Cruz,autor2161@mail.com,DR
2162,Teresa Mendez,autor2162@mail.com,MTI
2163,Lucia Mendez,autor2163@mail.com,MC
2164,Fernando Vargas,autor2164@mail.com,MTI
2165,Carmen Mejia,autor2165@mail.com,DR
2166,Paola Aguilar,autor2166@mail.com,DR
2167,Antonio Lara,autor2167@mail.com,DR
2168,Ruben Rios,autor2168@mail.com,MC
2169,Laura Vega,autor2169@mail.com,DR
2170,Julio Ramirez,autor2170@mail.com,DRA
2171,Gerardo Garcia,autor2171@mail.com,ING
2172,Miguel Ortiz,autor2172@mail.com,DR
2173,Elena Mendez,autor2173@mail.com,LIC
2174,Jorge Vega,autor2174@mail.com,LIC
2175,Arturo Lopez,autor2175@mail.com,MTI
2176,Ana Aguilar,autor2176@mail.com,DR
2177,Margarita Escobar,autor2177@mail.com,DR
2178,Teresa Navarro,autor2178@mail.com,DR
2179,Jose Lopez,autor2179@mail.com,MTI
2180,Veronica Molina,autor2180@mail.com,ING
2181,Lorena Molina,autor2181@mail.com,MC
2182,Gabriela Campos,autor2182@mail.com,MTI
2183,Raul Reyes,autor2183@mail.com,DRA
2184,Hugo Bautista,autor2184@mail.com,MTI
2185,Carmen Martinez,autor2185@mail.com,LIC
2186,Luis Reyes,autor2186@mail.com,DR
2187,Carlos Bautista,autor2187@mail.com,MTI
2188,Raul Cabrera,autor2188@mail.com,DRA
2189,Fernando Morales,autor2189@mail.com,DRA
2190,Martha Sanchez,autor2190@mail.com,LIC
2191,Hugo Mendoza,autor2191@mail.com,ING
2192,Gerardo Vargas,autor2192@mail.com,DRA
2193,Rosa Mendoza,autor2193@mail.com,LIC
2194,Rumualdo Velazquez,autor2194@mail.com,MC
2195,Diego Velazquez,autor2195@mail.com,LIC
2196,Javier Ramos,autor2196@mail.com,MTI
2197,Sofia Maldonado,autor2197@mail.com,DRA
2198,Susana Garcia,autor2198@mail.com,ING
2199,Hugo Cruz,autor2199@mail.com,DRA
2200,Rumualdo Rios,autor2200@mail.com,ING
2201,Rosa Rodriguez,autor2201@mail.com,ING
2202,Rafael Gutierrez,autor2202@mail.com,ING
2203,Fernando Silva,autor2203@mail.com,DRA
2204,Margarita Sosa,autor2204@mail.com,LIC
2205,Ricardo Ortiz,autor2205@mail.com,MC
2206,Lucia Ramos,autor2206@mail.com,MC
2207,Andrea Castillo,autor2207@mail.com,LIC
2208,Jorge Chavez,autor2208@mail.com,LIC
2209,Daniela Vega,autor2209@mail.com,DR
2210,Rumualdo Molina,autor2210@mail.com,DRA
2211,Rafael Gomez,autor2211@mail.com,MC
2212,Alejandro Rios,autor2212@mail.com,LIC
2213,Andrea Mendez,autor2213@mail.com,DR
2214,Patricia Bautista,autor2214@mail.com,LIC
2215,Javier Gomez,autor2215@mail.com,MC
2216,Martin Avila,autor2216@mail.com,MTI
2217,Roberto Flores,autor2217@mail.com,DR
2218,Carmen Mendez,autor2218@mail.com,ING
2219,Ruben Escobar,autor2219@mail.com,MC
2220,Susana Ruiz,autor2220@mail.com,ING
2221,Rafael Paredes,autor2221@mail.com,MC
2222,Julio Soto,autor2222@mail.com,LIC
2223,Claudia Delgado,autor2223@mail.com,DR
2224,Rafael Ramos,autor2224@mail.com,MTI
2225,Adriana Velazquez,autor2225@mail.com,LIC
2226,Eduardo Vega,autor2226@mail.com,DRA
2227,Lucia Perez,autor2227@mail.com,MC
2228,Francisco Guzman,autor2228@mail.com,DRA
2229,Rafael Rodriguez,autor2229@mail.com,DR
2230,Jorge Lopez,autor2230@mail.com,DRA
2231,Lucia Martinez,autor2231@mail.com,MC
2232,Martin Garcia,autor2232@mail.com,MC
2233,Rosa Rodriguez,autor2233@mail.com,DRA
2234,Valeria Flores,autor2234@mail.com,MTI
2235,Luis Soto,autor2235@mail.com,MC
2236,Arturo Campos,autor2236@mail.com,MTI
2237,Andrea Dominguez,autor2237@mail.com,DRA
2238,Lorena Martinez,autor2238@mail.com,DR
2239,Jorge Guzman,autor2239@mail.com,DR
2240,Andrea Ortiz,autor2240@mail.com,MC
2241,Julio Hernandez,autor2241@mail.com,LIC
2242,Laura Escobar,autor2242@mail.com,DRA
2243,Jose Salazar,autor2243@mail.com,MC
2244,Antonio Ramos,autor2244@mail.com,LIC
2245,Elena Cabrera,autor2245@mail.com,DRA
2246,Hugo Cruz,autor2246@mail.com,LIC
2247,Ana Romero,autor2247@mail.com,LIC
2248,Gerardo Molina,autor2248@mail.com,MTI
2249,Luis Avila,autor2249@mail.com,DRA
2250,Carmen Cervantes,autor2250@mail.com,DRA
2251,Susana Chavez,autor2251@mail.com,MC
2252,Natalia Cabrera,autor2252@mail.com,ING
2253,Elena Cervantes,autor2253@mail.com,DRA
2254,Javier Ruiz,autor2254@mail.com,DR
2255,Martin Velazquez,autor2255@mail.com,MTI
2256,Carolina Rios,autor2256@mail.com,LIC
2257,Alejandro Guzman,autor2257@mail.com,MTI
2258,Raul Mejia,autor2258@mail.com,DRA
2259,Lorena Gonzalez,autor2259@mail.com,MC
2260,Julio Ruiz,autor2260@mail.com,ING
2261,Rumualdo Reyes,autor2261@mail.com,MC
2262,Teresa Garza,autor2262@mail.com,ING
2263,Martha Garcia,autor2263@mail.com,DRA
2264,Daniela Ramos,autor2264@mail.com,MTI
2265,Carolina Castillo,autor2265@mail.com,MC
2266,Oscar Velazquez,autor2266@mail.com,DRA
2267,Veronica Mendez,autor2267@mail.com,MC
2268,Margarita Garza,autor2268@mail.com,MTI
2269,Maria Cervantes,autor2269@mail.com,MTI
2270,Oscar Gonzalez,autor2270@mail.com,MC
2271,Margarita Lara,autor2271@mail.com,LIC
2272,Sofia Escobar,autor2272@mail.com,LIC
2273,Carolina Rojas,autor2273@mail.com,DR
2274,Rafael Mendoza,autor2274@mail.com,MTI
2275,Gerardo Hernandez,autor2275@mail.com,MC
2276,Jose Dominguez,autor2276@mail.com,MTI
2277,Martin Aguilar,autor2277@mail.com,MTI
2278,Gael Velazquez,autor2278@mail.com,LIC
2279,Alejandro Silva,autor2279@mail.com,ING
2280,Susana Paredes,autor2280@mail.com,DR
2281,Silvia Molina,autor2281@mail.com,DR
2282,Gabriela Salazar,autor2282@mail.com,MTI
2283,Rumualdo Castro,autor2283@mail.com,MC
2284,Elena Bautista,autor2284@mail.com,MC
2285,Sofia Molina,autor2285@mail.com,LIC
2286,Julio Flores,autor2286@mail.com,MC
2287,Antonio Gonzalez,autor2287@mail.com,MTI
2288,Victor Lara,autor2288@mail.com,MC
2289,Rafael Lara,autor2289@mail.com,MC
2290,Paola Paredes,autor2290@mail.com,LIC
2291,Maria Espinoza,autor2291@mail.com,ING
2292,Veronica Diaz,autor2292@mail.com,LIC
2293,Manuel Salazar,autor2293@mail.com,MTI
2294,Andrea Castillo,autor2294@mail.com,ING
2295,Ana Rojas,autor2295@mail.com,MC
2296,Lucia Herrera,autor2296@mail.com,MTI
2297,Lorena Ruiz,autor2297@mail.com,MTI
2298,Valeria Hernandez,autor2298@mail.com,MTI
2299,Gabriela Aguilar,autor2299@mail.com,MTI
2300,Daniela Delgado,autor2300@mail.com,DR
2301,Silvia Mendoza,autor2301@mail.com,DRA
2302,Francisco Gonzalez,autor2302@mail.com,MC
2303,Victor Aguilar,autor2303@mail.com,MC
2304,Victor Valencia,autor2304@mail.com,MTI
2305,Ruben Medina,autor2305@mail.com,LIC
2306,Elena Chavez,autor2306@mail.com,DRA
2307,Silvia Valencia,autor2307@mail.com,DRA
2308,Miguel Castro,autor2308@mail.com,LIC
2309,Hector Vargas,autor2309@mail.com,ING
2310,Gerardo Ramos,autor2310@mail.com,DRA
2311,Patricia Paredes,autor2311@mail.com,MC
2312,Gabriela Valencia,autor2312@mail.com,DRA
2313,Rafael Campos,autor2313@mail.com,MTI
2314,Antonio Guzman,autor2314@mail.com,DR
2315,Adriana Cordova,autor2315@mail.com,DRA
2316,Natalia Rios,autor2316@mail.com,DRA
2317,Javier Lara,autor2317@mail.com,DR
2318,Eduardo Garza,autor2318@mail.com,DRA
2319,Antonio Escobar,autor2319@mail.com,ING
2320,Ana Ramos,autor2320@mail.com,DRA
2321,Carlos Gomez,autor2321@mail.com,LIC
2322,Pedro Medina,autor2322@mail.com,MTI
2323,Sofia Cortes,autor2323@mail.com,DRA
2324,Natalia Delgado,autor2324@mail.com,DR
2325,Margarita Salazar,autor2325@mail.com,MC
2326,Lorena Navarro,autor2326@mail.com,LIC
2327,Jesus Salazar,autor2327@mail.com,MTI
2328,Claudia Rios,autor2328@mail.com,MC
2329,Javier Guzman,autor2329@mail.com,LIC
2330,Paola Velazquez,autor2330@mail.com,ING
2331,Natalia Sosa,autor2331@mail.com,LIC
2332,Esteban Rojas,autor2332@mail.com,MTI
2333,Julio Valencia,autor2333@mail.com,MTI
2334,Laura Mejia,autor2334@mail.com,MTI
2335,Javier Guzman,autor2335@mail.com,DR
2336,Ricardo Reyes,autor2336@mail.com,ING
2337,Paola Lopez,autor2337@mail.com,MTI
2338,Carolina Campos,autor2338@mail.com,MTI
2339,Natalia Paredes,autor2339@mail.com,ING
2340,Elena Cordova,autor2340@mail.com,ING
2341,Roberto Velazquez,autor2341@mail.com,MTI
2342,Oscar Navarro,autor2342@mail.com,LIC
2343,Gerardo Rios,autor2343@mail.com,ING
2344,Rafael Valencia,autor2344@mail.com,MC
2345,Lucia Hernandez,autor2345@mail.com,DRA
2346,Martha Escobar,autor2346@mail.com,ING
2347,Lorena Herrera,autor2347@mail.com,MTI
2348,Veronica Vega,autor2348@mail.com,DR
2349,Jesus Diaz,autor2349@mail.com,DRA
2350,Ana Vega,autor2350@mail.com,MTI
2351,Jorge Reyes,autor2351@mail.com,ING
2352,Hector Cruz,autor2352@mail.com,DRA
2353,Alejandro Soto,autor2353@mail.com,MC
2354,Adriana Perez,autor2354@mail.com,DRA
2355,Ricardo Ramirez,autor2355@mail.com,MTI
2356,Veronica Gonzalez,autor2356@mail.com,ING
2357,Leticia Chavez,autor2357@mail.com,ING
2358,Lorena Mejia,autor2358@mail.com,MTI
2359,Esteban Castro,autor2359@mail.com,DR
2360,Jose Diaz,autor2360@mail.com,DR
2361,Carmen Espinoza,autor2361@mail.com,MC
2362,Fernando Maldonado,autor2362@mail.com,DR
2363,Oscar Soto,autor2363@mail.com,DRA
2364,Francisco Aguilar,autor2364@mail.com,LIC
2365,Rumualdo Bautista,autor2365@mail.com,DR
2366,Antonio Cervantes,autor2366@mail.com,DRA
2367,Martin Salazar,autor2367@mail.com,DR
2368,Jorge Dominguez,autor2368@mail.com,MC
2369,Pedro Gutierrez,autor2369@mail.com,LIC
2370,Gerardo Maldonado,autor2370@mail.com,LIC
2371,Oscar Cordova,autor2371@mail.com,MC
2372,Javier Morales,autor2372@mail.com,DR
2373,Silvia Dominguez,autor2373@mail.com,DRA
2374,Gabriela Cordova,autor2374@mail.com,ING
2375,Jorge Sosa,autor2375@mail.com,DR
2376,Carmen Mendoza,autor2376@mail.com,DR
2377,Patricia Garza,autor2377@mail.com,DRA
2378,Elena Espinoza,autor2378@mail.com,MTI
2379,Francisco Valencia,autor2379@mail.com,ING
2380,Carmen Ramos,autor2380@mail.com,DRA
2381,Ricardo Reyes,autor2381@mail.com,DR
2382,Ricardo Soto,autor2382@mail.com,DR
2383,Hugo Castro,autor2383@mail.com,MTI
2384,Luis Mendez,autor2384@mail.com,MC
2385,Miguel Gutierrez,autor2385@mail.com,MC
2386,Valeria Velazquez,autor2386@mail.com,DR
2387,Diego Mendez,autor2387@mail.com,LIC
2388,Francisco Medina,autor2388@mail.com,MTI
2389,Claudia Flores,autor2389@mail.com,DRA
2390,Patricia Herrera,autor2390@mail.com,MC
2391,Esteban Lopez,autor2391@mail.com,MTI
2392,Laura Espinoza,autor2392@mail.com,ING
2393,Martha Ramirez,autor2393@mail.com,DR
2394,Valeria Cruz,autor2394@mail.com,DR
2395,Esteban Ruiz,autor2395@mail.com,ING
2396,Fernando Cervantes,autor2396@mail.com,DR
2397,Julio Mejia,autor2397@mail.com,DR
2398,Oscar Soto,autor2398@mail.com,DR
2399,Rosa Gutierrez,autor2399@mail.com,MC
2400,Oscar Rojas,autor2400@mail.com,LIC
2401,Julio Cruz,autor2401@mail.com,LIC
2402,Diego Martinez,autor2402@mail.com,MTI
2403,Beatriz Bautista,autor2403@mail.com,DRA
2404,Lucia Espinoza,autor2404@mail.com,MC
2405,Jesus Rios,autor2405@mail.com,ING
2406,Carolina Garcia,autor2406@mail.com,MC
2407,Gerardo Castro,autor2407@mail.com,LIC
2408,Gabriela Gomez,autor2408@mail.com,ING
2409,Jesus Morales,autor2409@mail.com,DR
2410,Ana Morales,autor2410@mail.com,LIC
2411,Manuel Morales,autor2411@mail.com,DRA
2412,Patricia Vargas,autor2412@mail.com,DRA
2413,Eduardo Soto,autor2413@mail.com,DR
2414,Hector Escobar,autor2414@mail.com,DRA
2415,Jorge Chavez,autor2415@mail.com,ING
2416,Carolina Soto,autor2416@mail.com,MTI
2417,Maria Gonzalez,autor2417@mail.com,LIC
2418,Esteban Vega,autor2418@mail.com,LIC
2419,Roberto Lopez,autor2419@mail.com,LIC
2420,Jose Mendez,autor2420@mail.com,ING
2421,Laura Hernandez,autor2421@mail.com,DRA
2422,Adriana Gonzalez,autor2422@mail.com,DRA
2423,Teresa Romero,autor2423@mail.com,DRA
2424,Natalia Escobar,autor2424@mail.com,DRA
2425,Claudia Ruiz,autor2425@mail.com,ING
2426,Gael Chavez,autor2426@mail.com,ING
2427,Patricia Sanchez,autor2427@mail.com,MTI
2428,Adriana Salazar,autor2428@mail.com,DRA
2429,Rumualdo Cervantes,autor2429@mail.com,MC
2430,Alejandro Salazar,autor2430@mail.com,MTI
2431,Esteban Perez,autor2431@mail.com,DR
2432,Beatriz Paredes,autor2432@mail.com,DRA
2433,Rumualdo Flores,autor2433@mail.com,MC
2434,Monica Cervantes,autor2434@mail.com,DRA
2435,Francisco Perez,autor2435@mail.com,DRA
2436,Hugo Lara,autor2436@mail.com,MC
2437,Hector Mendez,autor2437@mail.com,DR
2438,Manuel Bautista,autor2438@mail.com,ING
2439,Diana Mejia,autor2439@mail.com,DR
2440,Adriana Escobar,autor2440@mail.com,LIC
2441,Veronica Cordova,autor2441@mail.com,LIC
2442,Diego Cervantes,autor2442@mail.com,ING
2443,Veronica Martinez,autor2443@mail.com,DRA
2444,Rosa Espinoza,autor2444@mail.com,MTI
2445,Esteban Gonzalez,autor2445@mail.com,ING
2446,Diego Velazquez,autor2446@mail.com,MTI
2447,Monica Herrera,autor2447@mail.com,DRA
2448,Victor Velazquez,autor2448@mail.com,DRA
2449,Roberto Campos,autor2449@mail.com,ING
2450,Natalia Mendez,autor2450@mail.com,MTI
2451,Leticia Delgado,autor2451@mail.com,MTI
2452,Gabriela Mendez,autor2452@mail.com,LIC
2453,Raul Mendoza,autor2453@mail.com,LIC
2454,Ana Diaz,autor2454@mail.com,ING
2455,Sofia Escobar,autor2455@mail.com,DR
2456,Gerardo Cervantes,autor2456@mail.com,MTI
2457,Silvia Salazar,autor2457@mail.com,LIC
2458,Rumualdo Rios,autor2458@mail.com,DR
2459,Carlos Mendez,autor2459@mail.com,MC
2460,Valeria Paredes,autor2460@mail.com,LIC
2461,Ricardo Escobar,autor2461@mail.com,MC
2462,Francisco Cervantes,autor2462@mail.com,ING
2463,Luis Sanchez,autor2463@mail.com,MC
2464,Sofia Ramirez,autor2464@mail.com,MTI
2465,Ruben Hernandez,autor2465@mail.com,LIC
2466,Martin Soto,autor2466@mail.com,DR
2467,Silvia Munoz,autor2467@mail.com,LIC
2468,Ricardo Delgado,autor2468@mail.com,DR
2469,Leticia Bautista,autor2469@mail.com,DR
2470,Carolina Lopez,autor2470@mail.com,MC
2471,Sofia Ramirez,autor2471@mail.com,ING
2472,Margarita Sanchez,autor2472@mail.com,LIC
2473,Arturo Cortes,autor2473@mail.com,LIC
2474,Carmen Ruiz,autor2474@mail.com,MC
2475,Oscar Cortes,autor2475@mail.com,DRA
2476,Victor Cruz,autor2476@mail.com,LIC
2477,Carmen Guzman,autor2477@mail.com,MC
2478,Ruben Ruiz,autor2478@mail.com,DR
2479,Victor Munoz,autor2479@mail.com,DR
2480,Gerardo Avila,autor2480@mail.com,LIC
2481,Gerardo Ruiz,autor2481@mail.com,DR
2482,Teresa Guzman,autor2482@mail.com,DRA
2483,Adriana Gutierrez,autor2483@mail.com,DR
2484,Julio Ramos,autor2484@mail.com,DR
2485,Valeria Castillo,autor2485@mail.com,LIC
2486,Victor Maldonado,autor2486@mail.com,MC
2487,Ruben Paredes,autor2487@mail.com,ING
2488,Rumualdo Garcia,autor2488@mail.com,LIC
2489,Lucia Campos,autor2489@mail.com,MC
2490,Monica Molina,autor2490@mail.com,DR
2491,Carlos Sanchez,autor2491@mail.com,MC
2492,Lorena Morales,autor2492@mail.com,LIC
2493,Veronica Lopez,autor2493@mail.com,MC
2494,Elena Garcia,autor2494@mail.com,ING
2495,Beatriz Silva,autor2495@mail.com,MTI
2496,Lorena Chavez,autor2496@mail.com,DR
2497,Jose Avila,autor2497@mail.com,DRA
2498,Arturo Cervantes,autor2498@mail.com,MC
2499,Teresa Delgado,autor2499@mail.com,MTI
2500,Rafael Espinoza,autor2500@mail.com,MC
2501,Teresa Campos,autor2501@mail.com,MC
2502,Maria Cabrera,autor2502@mail.com,MTI
2503,Laura Castro,autor2503@mail.com,MTI
2504,Natalia Chavez,autor2504@mail.com,ING
2505,Fernando Silva,autor2505@mail.com,MC
2506,Diego Ramirez,autor2506@mail.com,MC
2507,Ana Reyes,autor2507@mail.com,MTI
2508,Lucia Romero,autor2508@mail.com,MC
2509,Arturo Rodriguez,autor2509@mail.com,LIC
2510,Andrea Sanchez,autor2510@mail.com,DRA
2511,Roberto Mejia,autor2511@mail.com,MTI
2512,Daniela Romero,autor2512@mail.com,ING
2513,Arturo Sosa,autor2513@mail.com,MTI
2514,Martha Molina,autor2514@mail.com,DR
2515,Sofia Hernandez,autor2515@mail.com,MTI
2516,Diego Castillo,autor2516@mail.com,ING
2517,Elena Gutierrez,autor2517@mail.com,MC
2518,Jorge Lara,autor2518@mail.com,MTI
2519,Victor Martinez,autor2519@mail.com,ING
2520,Patricia Escobar,autor2520@mail.com,DR
2521,Javier Gutierrez,autor2521@mail.com,DR
2522,Antonio Soto,autor2522@mail.com,DRA
2523,Daniela Chavez,autor2523@mail.com,LIC
2524,Luis Aguilar,autor2524@mail.com,MC
2525,Margarita Lopez,autor2525@mail.com,DR
2526,Lorena Escobar,autor2526@mail.com,ING
2527,Lorena Herrera,autor2527@mail.com,ING
2528,Javier Ramos,autor2528@mail.com,DRA
2529,Ruben Martinez,autor2529@mail.com,MC
2530,Jesus Castillo,autor2530@mail.com,MC
2531,Ruben Rojas,autor2531@mail.com,LIC
2532,Andrea Ruiz,autor2532@mail.com,MTI
2533,Pedro Cruz,autor2533@mail.com,MTI
2534,Esteban Lopez,autor2534@mail.com,DR
2535,Luis Cordova,autor2535@mail.com,DR
2536,Carlos Avila,autor2536@mail.com,ING
2537,Silvia Lara,autor2537@mail.com,ING
2538,Patricia Garcia,autor2538@mail.com,DR
2539,Roberto Castillo,autor2539@mail.com,MC
2540,Lorena Martinez,autor2540@mail.com,MTI
2541,Elena Avila,autor2541@mail.com,LIC
2542,Ana Mendoza,autor2542@mail.com,LIC
2543,Carlos Ortiz,autor2543@mail.com,MTI
2544,Leticia Cortes,autor2544@mail.com,MTI
2545,Arturo Diaz,autor2545@mail.com,LIC
2546,Daniela Delgado,autor2546@mail.com,ING
2547,Daniela Cortes,autor2547@mail.com,ING
2548,Ricardo Romero,autor2548@mail.com,MC
2549,Laura Avila,autor2549@mail.com,LIC
2550,Diana Castro,autor2550@mail.com,ING
2551,Beatriz Cordova,autor2551@mail.com,ING
2552,Hugo Herrera,autor2552@mail.com,MC
2553,Manuel Martinez,autor2553@mail.com,MTI
2554,Jorge Ramirez,autor2554@mail.com,DRA
2555,Beatriz Ruiz,autor2555@mail.com,DRA
2556,Rafael Munoz,autor2556@mail.com,ING
2557,Rosa Aguilar,autor2557@mail.com,MTI
2558,Maria Sanchez,autor2558@mail.com,MTI
2559,Lorena Navarro,autor2559@mail.com,DR
2560,Arturo Chavez,autor2560@mail.com,DR
2561,Ruben Sanchez,autor2561@mail.com,MC
2562,Rafael Munoz,autor2562@mail.com,MTI
2563,Veronica Silva,autor2563@mail.com,ING
2564,Gabriela Perez,autor2564@mail.com,LIC
2565,Maria Paredes,autor2565@mail.com,MC
2566,Diana Mendez,autor2566@mail.com,LIC
2567,Gabriela Ruiz,autor2567@mail.com,DRA
2568,Beatriz Gutierrez,autor2568@mail.com,LIC
2569,Teresa Maldonado,autor2569@mail.com,ING
2570,Martha Ruiz,autor2570@mail.com,DR
2571,Raul Cortes,autor2571@mail.com,ING
2572,Hugo Rios,autor2572@mail.com,MC
2573,Andrea Martinez,autor2573@mail.com,MTI
2574,Teresa Cordova,autor2574@mail.com,DR
2575,Diego Reyes,autor2575@mail.com,LIC
2576,Javier Cervantes,autor2576@mail.com,DRA
2577,Margarita Salazar,autor2577@mail.com,DRA
2578,Raul Ortiz,autor2578@mail.com,MTI
2579,Elena Medina,autor2579@mail.com,DRA
2580,Elena Espinoza,autor2580@mail.com,DR
2581,Javier Gomez,autor2581@mail.com,MC
2582,Alejandro Perez,autor2582@mail.com,ING
2583,Francisco Guzman,autor2583@mail.com,MTI
2584,Gerardo Rodriguez,autor2584@mail.com,LIC
2585,Hector Cervantes,autor2585@mail.com,DRA
2586,Arturo Flores,autor2586@mail.com,MTI
2587,Oscar Vega,autor2587@mail.com,MC
2588,Paola Escobar,autor2588@mail.com,MC
2589,Diego Chavez,autor2589@mail.com,MC
2590,Beatriz Cordova,autor2590@mail.com,ING
2591,Julio Castillo,autor2591@mail.com,ING
2592,Fernando Espinoza,autor2592@mail.com,MC
2593,Pedro Castillo,autor2593@mail.com,DRA
2594,Arturo Cabrera,autor2594@mail.com,DR
2595,Antonio Ramos,autor2595@mail.com,MTI
2596,Hugo Gomez,autor2596@mail.com,DRA
2597,Teresa Salazar,autor2597@mail.com,MTI
2598,Claudia Ramos,autor2598@mail.com,ING
2599,Francisco Herrera,autor2599@mail.com,LIC
2600,Margarita Morales,autor2600@mail.com,LIC
2601,Lucia Rodriguez,autor2601@mail.com,DR
2602,Laura Mendez,autor2602@mail.com,ING
2603,Gerardo Ramos,autor2603@mail.com,MC
2604,Jose Castillo,autor2604@mail.com,MTI
2605,Maria Ramirez,autor2605@mail.com,MTI
2606,Carmen Diaz,autor2606@mail.com,MTI
2607,Diego Garcia,autor2607@mail.com,LIC
2608,Claudia Vega,autor2608@mail.com,LIC
2609,Antonio Garza,autor2609@mail.com,MTI
2610,Gabriela Castillo,autor2610@mail.com,MC
2611,Daniela Dominguez,autor2611@mail.com,DR
2612,Oscar Ramirez,autor2612@mail.com,ING
2613,Roberto Vega,autor2613@mail.com,DRA
2614,Maria Cortes,autor2614@mail.com,DRA
2615,Elena Munoz,autor2615@mail.com,LIC
2616,Pedro Avila,autor2616@mail.com,LIC
2617,Ricardo Valencia,autor2617@mail.com,MTI
2618,Lucia Velazquez,autor2618@mail.com,ING
2619,Hugo Lopez,autor2619@mail.com,MC
2620,Fernando Castro,autor2620@mail.com,LIC
2621,Ricardo Dominguez,autor2621@mail.com,DRA
2622,Veronica Romero,autor2622@mail.com,ING
2623,Miguel Bautista,autor2623@mail.com,LIC
2624,Lucia Cordova,autor2624@mail.com,LIC
2625,Luis Martinez,autor2625@mail.com,DRA
2626,Sofia Lara,autor2626@mail.com,DRA
2627,Carmen Valencia,autor2627@mail.com,ING
2628,Carlos Velazquez,autor2628@mail.com,MC
2629,Carmen Ramos,autor2629@mail.com,MC
2630,Rafael Lopez,autor2630@mail.com,DR
2631,Jesus Velazquez,autor2631@mail.com,DR
2632,Ruben Gonzalez,autor2632@mail.com,LIC
2633,Gabriela Mendez,autor2633@mail.com,LIC
2634,Fernando Garcia,autor2634@mail.com,DRA
2635,Hugo Sosa,autor2635@mail.com,MTI
2636,Natalia Espinoza,autor2636@mail.com,DRA
2637,Elena Soto,autor2637@mail.com,DRA
2638,Javier Campos,autor2638@mail.com,DR
2639,Daniela Ortiz,autor2639@mail.com,ING
2640,Paola Rojas,autor2640@mail.com,DR
2641,Rosa Cervantes,autor2641@mail.com,LIC
2642,Carolina Chavez,autor2642@mail.com,MC
2643,Roberto Espinoza,autor2643@mail.com,DRA
2644,Ana Cervantes,autor2644@mail.com,MC
2645,Victor Valencia,autor2645@mail.com,MTI
2646,Paola Garza,autor2646@mail.com,LIC
2647,Veronica Delgado,autor2647@mail.com,DRA
2648,Rumualdo Ortiz,autor2648@mail.com,MTI
2649,Maria Munoz,autor2649@mail.com,DRA
2650,Javier Vargas,autor2650@mail.com,ING
2651,Monica Sanchez,autor2651@mail.com,LIC
2652,Adriana Mendez,autor2652@mail.com,LIC
2653,Ricardo Garza,autor2653@mail.com,ING
2654,Paola Garcia,autor2654@mail.com,DR
2655,Esteban Avila,autor2655@mail.com,LIC
2656,Hector Maldonado,autor2656@mail.com,MTI
2657,Julio Castillo,autor2657@mail.com,MTI
2658,Silvia Gomez,autor2658@mail.com,DRA
2659,Oscar Cruz,autor2659@mail.com,DRA
2660,Raul Aguilar,autor2660@mail.com,MTI
2661,Eduardo Sanchez,autor2661@mail.com,LIC
2662,Jorge Delgado,autor2662@mail.com,LIC
2663,Eduardo Ramos,autor2663@mail.com,MTI
2664,Sofia Velazquez,autor2664@mail.com,DR
2665,Raul Medina,autor2665@mail.com,DR
2666,Natalia Perez,autor2666@mail.com,DRA
2667,Eduardo Silva,autor2667@mail.com,MC
2668,Claudia Herrera,autor2668@mail.com,MTI
2669,Silvia Mendoza,autor2669@mail.com,MC
2670,Carmen Herrera,autor2670@mail.com,MC
2671,Gael Flores,autor2671@mail.com,DRA
2672,Esteban Ramos,autor2672@mail.com,ING
2673,Alejandro Mendez,autor2673@mail.com,DRA
2674,Manuel Sanchez,autor2674@mail.com,MTI
2675,Alejandro Campos,autor2675@mail.com,DR
2676,Antonio Espinoza,autor2676@mail.com,MC
2677,Diana Medina,autor2677@mail.com,ING
2678,Roberto Romero,autor2678@mail.com,DR
2679,Ana Herrera,autor2679@mail.com,ING
2680,Daniela Ortiz,autor2680@mail.com,ING
2681,Jorge Dominguez,autor2681@mail.com,DRA
2682,Lorena Hernandez,autor2682@mail.com,DRA
2683,Monica Salazar,autor2683@mail.com,LIC
2684,Rumualdo Romero,autor2684@mail.com,ING
2685,Laura Soto,autor2685@mail.com,MTI
2686,Ricardo Hernandez,autor2686@mail.com,MTI
2687,Eduardo Sosa,autor2687@mail.com,DRA
2688,Carlos Castillo,autor2688@mail.com,DR
2689,Teresa Lara,autor2689@mail.com,DRA
2690,Sofia Mendez,autor2690@mail.com,MC
2691,Natalia Vargas,autor2691@mail.com,DR
2692,Lorena Cordova,autor2692@mail.com,MC
2693,Susana Diaz,autor2693@mail.com,DR
2694,Carlos Maldonado,autor2694@mail.com,MC
2695,Adriana Rojas,autor2695@mail.com,LIC
2696,Elena Campos,autor2696@mail.com,MC
2697,Jorge Rios,autor2697@mail.com,MTI
2698,Javier Munoz,autor2698@mail.com,ING
2699,Gabriela Maldonado,autor2699@mail.com,LIC
2700,Esteban Rojas,autor2700@mail.com,LIC
2701,Eduardo Soto,autor2701@mail.com,MC
2702,Gerardo Ortiz,autor2702@mail.com,DR
2703,Carlos Paredes,autor2703@mail.com,ING
2704,Ricardo Valencia,autor2704@mail.com,LIC
2705,Monica Munoz,autor2705@mail.com,ING
2706,Teresa Munoz,autor2706@mail.com,MC
2707,Patricia Soto,autor2707@mail.com,DR
2708,Natalia Rojas,autor2708@mail.com,MTI
2709,Julio Chavez,autor2709@mail.com,ING
2710,Javier Rodriguez,autor2710@mail.com,LIC
2711,Manuel Vega,autor2711@mail.com,DR
2712,Hector Cortes,autor2712@mail.com,LIC
2713,Manuel Paredes,autor2713@mail.com,LIC
2714,Rosa Sosa,autor2714@mail.com,ING
2715,Miguel Perez,autor2715@mail.com,DRA
2716,Teresa Garza,autor2716@mail.com,MC
2717,Pedro Velazquez,autor2717@mail.com,MTI
2718,Diana Campos,autor2718@mail.com,DR
2719,Leticia Cortes,autor2719@mail.com,ING
2720,Gabriela Ruiz,autor2720@mail.com,MC
2721,Carlos Salazar,autor2721@mail.com,DRA
2722,Rumualdo Cruz,autor2722@mail.com,DR
2723,Laura Romero,autor2723@mail.com,MTI
2724,Rafael Molina,autor2724@mail.com,ING
2725,Leticia Escobar,autor2725@mail.com,ING
2726,Beatriz Molina,autor2726@mail.com,LIC
2727,Roberto Diaz,autor2727@mail.com,MTI
2728,Martin Mejia,autor2728@mail.com,LIC
2729,Roberto Maldonado,autor2729@mail.com,MC
2730,Eduardo Soto,autor2730@mail.com,DRA
2731,Leticia Vargas,autor2731@mail.com,LIC
2732,Ruben Rodriguez,autor2732@mail.com,MTI
2733,Susana Escobar,autor2733@mail.com,DRA
2734,Luis Velazquez,autor2734@mail.com,MTI
2735,Julio Hernandez,autor2735@mail.com,LIC
2736,Jorge Aguilar,autor2736@mail.com,ING
2737,Lorena Delgado,autor2737@mail.com,LIC
2738,Lorena Mejia,autor2738@mail.com,ING
2739,Beatriz Rios,autor2739@mail.com,LIC
2740,Carolina Avila,autor2740@mail.com,MC
2741,Raul Romero,autor2741@mail.com,ING
2742,Eduardo Paredes,autor2742@mail.com,MTI
2743,Gerardo Castro,autor2743@mail.com,ING
2744,Francisco Castillo,autor2744@mail.com,DRA
2745,Beatriz Espinoza,autor2745@mail.com,DR
2746,Gerardo Gutierrez,autor2746@mail.com,DR
2747,Elena Sanchez,autor2747@mail.com,MC
2748,Fernando Avila,autor2748@mail.com,DR
2749,Teresa Sanchez,autor2749@mail.com,MC
2750,Ricardo Diaz,autor2750@mail.com,MC
2751,Ricardo Delgado,autor2751@mail.com,LIC
2752,Patricia Cervantes,autor2752@mail.com,DRA
2753,Ricardo Herrera,autor2753@mail.com,LIC
2754,Monica Cabrera,autor2754@mail.com,MC
2755,Margarita Dominguez,autor2755@mail.com,LIC
2756,Javier Avila,autor2756@mail.com,MC
2757,Margarita Herrera,autor2757@mail.com,DRA
2758,Laura Reyes,autor2758@mail.com,MC
2759,Beatriz Garza,autor2759@mail.com,MC
2760,Laura Reyes,autor2760@mail.com,MTI
2761,Hector Perez,autor2761@mail.com,ING
2762,Alejandro Aguilar,autor2762@mail.com,ING
2763,Javier Hernandez,autor2763@mail.com,MC
2764,Susana Sanchez,autor2764@mail.com,DRA
2765,Paola Ruiz,autor2765@mail.com,LIC
2766,Carolina Maldonado,autor2766@mail.com,DRA
2767,Andrea Ramos,autor2767@mail.com,MTI
2768,Monica Martinez,autor2768@mail.com,LIC
2769,Lorena Sanchez,autor2769@mail.com,DR
2770,Miguel Ruiz,autor2770@mail.com,LIC
2771,Laura Ruiz,autor2771@mail.com,LIC
2772,Jesus Munoz,autor2772@mail.com,DRA
2773,Silvia Dominguez,autor2773@mail.com,DRA
2774,Rafael Valencia,autor2774@mail.com,MTI
2775,Ana Aguilar,autor2775@mail.com,ING
2776,Adriana Ramirez,autor2776@mail.com,ING
2777,Gael Guzman,autor2777@mail.com,LIC
2778,Leticia Mendez,autor2778@mail.com,MC
2779,Diana Molina,autor2779@mail.com,DRA
2780,Gael Ramos,autor2780@mail.com,ING
2781,Andrea Munoz,autor2781@mail.com,DRA
2782,Leticia Gonzalez,autor2782@mail.com,DR
2783,Leticia Gutierrez,autor2783@mail.com,MTI
2784,Paola Rios,autor2784@mail.com,DR
2785,Manuel Mendoza,autor2785@mail.com,DRA
2786,Gael Paredes,autor2786@mail.com,MC
2787,Javier Mendoza,autor2787@mail.com,ING
2788,Rumualdo Gutierrez,autor2788@mail.com,MTI
2789,Victor Cruz,autor2789@mail.com,MTI
2790,Rafael Castillo,autor2790@mail.com,DRA
2791,Carolina Dominguez,autor2791@mail.com,MC
2792,Victor Reyes,autor2792@mail.com,DRA
2793,Elena Garcia,autor2793@mail.com,LIC
2794,Ruben Mendez,autor2794@mail.com,LIC
2795,Eduardo Garcia,autor2795@mail.com,MC
2796,Luis Rojas,autor2796@mail.com,DRA
2797,Ana Diaz,autor2797@mail.com,MC
2798,Gerardo Silva,autor2798@mail.com,ING
2799,Alejandro Gomez,autor2799@mail.com,MTI
2800,Carolina Flores,autor2800@mail.com,DR
2801,Carolina Cruz,autor2801@mail.com,DRA
2802,Hugo Vega,autor2802@mail.com,DRA
2803,Rosa Mendez,autor2803@mail.com,ING
2804,Elena Ramirez,autor2804@mail.com,ING
2805,Elena Cabrera,autor2805@mail.com,LIC
2806,Gael Rios,autor2806@mail.com,MC
2807,Gael Bautista,autor2807@mail.com,ING
2808,Daniela Diaz,autor2808@mail.com,DRA
2809,Margarita Garcia,autor2809@mail.com,MC
2810,Luis Mejia,autor2810@mail.com,ING
2811,Sofia Bautista,autor2811@mail.com,LIC
2812,Roberto Cervantes,autor2812@mail.com,DR
2813,Miguel Romero,autor2813@mail.com,DR
2814,Hector Reyes,autor2814@mail.com,DR
2815,Gael Mendez,autor2815@mail.com,ING
2816,Claudia Castillo,autor2816@mail.com,MC
2817,Patricia Ruiz,autor2817@mail.com,MTI
2818,Margarita Morales,autor2818@mail.com,LIC
2819,Pedro Cervantes,autor2819@mail.com,ING
2820,Paola Espinoza,autor2820@mail.com,MC
2821,Hector Reyes,autor2821@mail.com,DR
2822,Margarita Sosa,autor2822@mail.com,LIC
2823,Ricardo Sanchez,autor2823@mail.com,DRA
2824,Paola Delgado,autor2824@mail.com,ING
2825,Silvia Aguilar,autor2825@mail.com,ING
2826,Raul Castillo,autor2826@mail.com,MC
2827,Susana Avila,autor2827@mail.com,DRA
2828,Carolina Cordova,autor2828@mail.com,ING
2829,Lorena Rojas,autor2829@mail.com,MTI
2830,Ruben Lopez,autor2830@mail.com,MC
2831,Monica Cruz,autor2831@mail.com,LIC
2832,Arturo Salazar,autor2832@mail.com,DR
2833,Gabriela Paredes,autor2833@mail.com,MTI
2834,Luis Garcia,autor2834@mail.com,MTI
2835,Ana Paredes,autor2835@mail.com,MTI
2836,Arturo Martinez,autor2836@mail.com,ING
2837,Ana Molina,autor2837@mail.com,MTI
2838,Ana Espinoza,autor2838@mail.com,MC
2839,Antonio Aguilar,autor2839@mail.com,MC
2840,Carolina Delgado,autor2840@mail.com,LIC
2841,Patricia Gutierrez,autor2841@mail.com,LIC
2842,Teresa Salazar,autor2842@mail.com,DR
2843,Laura Mendoza,autor2843@mail.com,LIC
2844,Oscar Chavez,autor2844@mail.com,MTI
2845,Claudia Rodriguez,autor2845@mail.com,MC
2846,Martha Molina,autor2846@mail.com,LIC
2847,Rumualdo Herrera,autor2847@mail.com,MC
2848,Patricia Ramirez,autor2848@mail.com,DR
2849,Julio Ramos,autor2849@mail.com,MTI
2850,Maria Ortiz,autor2850@mail.com,MC
2851,Teresa Sanchez,autor2851@mail.com,DR
2852,Teresa Velazquez,autor2852@mail.com,MTI
2853,Gael Maldonado,autor2853@mail.com,LIC
2854,Ana Ramos,autor2854@mail.com,ING
2855,Julio Velazquez,autor2855@mail.com,LIC
2856,Lorena Castillo,autor2856@mail.com,LIC
2857,Rumualdo Soto,autor2857@mail.com,LIC
2858,Jorge Cruz,autor2858@mail.com,DR
2859,Carmen Gomez,autor2859@mail.com,DR
2860,Silvia Molina,autor2860@mail.com,DRA
2861,Silvia Garcia,autor2861@mail.com,DRA
2862,Diana Navarro,autor2862@mail.com,LIC
2863,Jorge Cordova,autor2863@mail.com,LIC
2864,Lorena Cortes,autor2864@mail.com,ING
2865,Maria Medina,autor2865@mail.com,MC
2866,Gabriela Campos,autor2866@mail.com,DRA
2867,Carmen Lara,autor2867@mail.com,DR
2868,Diego Bautista,autor2868@mail.com,LIC
2869,Rafael Sanchez,autor2869@mail.com,MTI
2870,Julio Medina,autor2870@mail.com,ING
2871,Victor Morales,autor2871@mail.com,DRA
2872,Martha Lara,autor2872@mail.com,DRA
2873,Lucia Navarro,autor2873@mail.com,DRA
2874,Javier Ruiz,autor2874@mail.com,MC
2875,Javier Navarro,autor2875@mail.com,DRA
2876,Victor Avila,autor2876@mail.com,ING
2877,Ana Avila,autor2877@mail.com,DRA
2878,Beatriz Sanchez,autor2878@mail.com,DRA
2879,Jose Bautista,autor2879@mail.com,ING
2880,Sofia Vega,autor2880@mail.com,DR
2881,Carolina Silva,autor2881@mail.com,ING
2882,Laura Morales,autor2882@mail.com,LIC
2883,Jesus Garcia,autor2883@mail.com,LIC
2884,Gael Silva,autor2884@mail.com,DR
2885,Rumualdo Lara,autor2885@mail.com,DR
2886,Francisco Hernandez,autor2886@mail.com,DRA
2887,Patricia Mejia,autor2887@mail.com,DRA
2888,Lucia Dominguez,autor2888@mail.com,DRA
2889,Gael Castro,autor2889@mail.com,MTI
2890,Raul Sosa,autor2890@mail.com,MTI
2891,Paola Avila,autor2891@mail.com,DRA
2892,Jose Gomez,autor2892@mail.com,ING
2893,Eduardo Medina,autor2893@mail.com,DRA
2894,Hector Soto,autor2894@mail.com,MC
2895,Paola Lara,autor2895@mail.com,DR
2896,Raul Gonzalez,autor2896@mail.com,MTI
2897,Miguel Lopez,autor2897@mail.com,LIC
2898,Rumualdo Mendoza,autor2898@mail.com,MC
2899,Ricardo Maldonado,autor2899@mail.com,DRA
2900,Rafael Mendez,autor2900@mail.com,DR
2901,Veronica Herrera,autor2901@mail.com,DR
2902,Oscar Paredes,autor2902@mail.com,ING
2903,Martin Bautista,autor2903@mail.com,MTI
2904,Teresa Dominguez,autor2904@mail.com,DRA
2905,Ana Soto,autor2905@mail.com,MC
2906,Diego Cordova,autor2906@mail.com,MTI
2907,Jorge Rodriguez,autor2907@mail.com,DRA
2908,Maria Hernandez,autor2908@mail.com,MTI
2909,Elena Mendez,autor2909@mail.com,LIC
2910,Carlos Gomez,autor2910@mail.com,LIC
2911,Elena Navarro,autor2911@mail.com,LIC
2912,Eduardo Lopez,autor2912@mail.com,DRA
2913,Pedro Mendoza,autor2913@mail.com,DRA
2914,Roberto Garcia,autor2914@mail.com,LIC
2915,Alejandro Bautista,autor2915@mail.com,DR
2916,Julio Gomez,autor2916@mail.com,DRA
2917,Carmen Sosa,autor2917@mail.com,ING
2918,Silvia Maldonado,autor2918@mail.com,LIC
2919,Antonio Perez,autor2919@mail.com,DR
2920,Margarita Salazar,autor2920@mail.com,ING
2921,Raul Espinoza,autor2921@mail.com,LIC
2922,Lorena Sanchez,autor2922@mail.com,DRA
2923,Claudia Velazquez,autor2923@mail.com,MTI
2924,Elena Medina,autor2924@mail.com,MC
2925,Oscar Rodriguez,autor2925@mail.com,ING
2926,Beatriz Cruz,autor2926@mail.com,DR
2927,Martha Aguilar,autor2927@mail.com,LIC
2928,Andrea Reyes,autor2928@mail.com,DR
2929,Elena Soto,autor2929@mail.com,DRA
2930,Roberto Diaz,autor2930@mail.com,ING
2931,Rafael Castro,autor2931@mail.com,DRA
2932,Gerardo Lara,autor2932@mail.com,DRA
2933,Diego Rios,autor2933@mail.com,MTI
2934,Valeria Mejia,autor2934@mail.com,MTI
2935,Beatriz Morales,autor2935@mail.com,DR
2936,Margarita Diaz,autor2936@mail.com,ING
2937,Silvia Dominguez,autor2937@mail.com,MTI
2938,Rafael Mejia,autor2938@mail.com,ING
2939,Javier Medina,autor2939@mail.com,LIC
2940,Carolina Castillo,autor2940@mail.com,DR
2941,Gael Vargas,autor2941@mail.com,MC
2942,Gael Rios,autor2942@mail.com,MTI
2943,Claudia Castillo,autor2943@mail.com,LIC
2944,Raul Munoz,autor2944@mail.com,MC
2945,Oscar Mendez,autor2945@mail.com,MTI
2946,Natalia Avila,autor2946@mail.com,MTI
2947,Claudia Dominguez,autor2947@mail.com,DRA
2948,Rosa Gutierrez,autor2948@mail.com,LIC
2949,Jesus Campos,autor2949@mail.com,MC
2950,Ruben Avila,autor2950@mail.com,LIC
2951,Miguel Morales,autor2951@mail.com,DRA
2952,Laura Gomez,autor2952@mail.com,ING
2953,Arturo Aguilar,autor2953@mail.com,DRA
2954,Patricia Gonzalez,autor2954@mail.com,MTI
2955,Raul Mendoza,autor2955@mail.com,ING
2956,Hector Gutierrez,autor2956@mail.com,ING
2957,Jose Velazquez,autor2957@mail.com,MTI
2958,Martha Romero,autor2958@mail.com,MTI
2959,Susana Garcia,autor2959@mail.com,DR
2960,Fernando Ramos,autor2960@mail.com,DR
2961,Ruben Salazar,autor2961@mail.com,LIC
2962,Teresa Hernandez,autor2962@mail.com,MTI
2963,Roberto Escobar,autor2963@mail.com,DRA
2964,Raul Avila,autor2964@mail.com,ING
2965,Martha Lopez,autor2965@mail.com,MTI
2966,Maria Flores,autor2966@mail.com,DR
2967,Ana Velazquez,autor2967@mail.com,DR
2968,Maria Mendez,autor2968@mail.com,ING
2969,Monica Valencia,autor2969@mail.com,DRA
2970,Roberto Rios,autor2970@mail.com,ING
2971,Martin Diaz,autor2971@mail.com,MTI
2972,Daniela Munoz,autor2972@mail.com,MC
2973,Jorge Gomez,autor2973@mail.com,LIC
2974,Gerardo Ramirez,autor2974@mail.com,ING
2975,Patricia Sanchez,autor2975@mail.com,DR
2976,Teresa Bautista,autor2976@mail.com,ING
2977,Daniela Soto,autor2977@mail.com,LIC
2978,Rumualdo Perez,autor2978@mail.com,MTI
2979,Sofia Castillo,autor2979@mail.com,MTI
2980,Paola Aguilar,autor2980@mail.com,DR
2981,Sofia Ramirez,autor2981@mail.com,ING
2982,Gael Avila,autor2982@mail.com,LIC
2983,Silvia Vargas,autor2983@mail.com,ING
2984,Gerardo Dominguez,autor2984@mail.com,DR
2985,Martin Velazquez,autor2985@mail.com,DR
2986,Patricia Rios,autor2986@mail.com,DR
2987,Alejandro Valencia,autor2987@mail.com,DRA
2988,Antonio Salazar,autor2988@mail.com,MTI
2989,Valeria Morales,autor2989@mail.com,LIC
2990,Paola Dominguez,autor2990@mail.com,DR
2991,Valeria Gonzalez,autor2991@mail.com,LIC
2992,Elena Cervantes,autor2992@mail.com,MC
2993,Carmen Rodriguez,autor2993@mail.com,LIC
2994,Adriana Dominguez,autor2994@mail.com,DR
2995,Beatriz Cruz,autor2995@mail.com,LIC
2996,Jesus Sosa,autor2996@mail.com,ING
2997,Francisco Garcia,autor2997@mail.com,ING
2998,Beatriz Sosa,autor2998@mail.com,MC
2999,Rafael Vargas,autor2999@mail.com,LIC
3000,Sofia Reyes,autor3000@mail.com,DRA
