CLAVE_CONF,COSTO,FECHA,ARTICULOS_CLAVE_ART
1,210.0,2023-07-24,1710
2,100.0,2023-08-26,9362
3,155.0,2025-06-04,6435
4,210.0,2026-01-30,2238
5,210.0,2024-10-15,7608
6,210.0,2023-05-18,3428
7,155.0,2025-07-09,6546
8,100.0,2024-10-24,10106
9,100.0,2024-10-14,1761
10,155.0,2024-04-13,9387
11,100.0,2025-08-31,10873
12,155.0,2023-04-14,4595
13,210.0,2024-04-06,174
14,210.0,2025-02-06,7753
15,210.0,2024-04-10,8951
16,155.0,2025-08-14,8151
17,100.0,2024-11-18,5693
18,155.0,2024-06-18,9729
19,210.0,2024-12-18,7487
20,155.0,2025-11-05,1145
21,210.0,2025-08-05,7724
22,210.0,2025-12-18,9424
23,100.0,2024-03-20,2902
24,100.0,2026-01-14,4542
25,100.0,2023-10-12,5405
26,155.0,2024-01-17,507
27,155.0,2025-05-27,4305
28,155.0,2026-03-15,8767
29,155.0,2024-04-19,2017
30,210.0,2024-08-16,10901
31,155.0,2024-06-13,1569
32,210.0,2023-05-27,8044
33,210.0,2025-11-28,4914
34,155.0,2025-09-26,8130
35,155.0,2024-03-13,4896
36,100.0,2023-03-08,3202
37,210.0,2023-07-17,2585
38,155.0,2023-03-30,2618
39,155.0,2023-09-22,5530
40,210.0,2023-01-04,4002
41,155.0,2024-10-29,5445
42,210.0,2023-07-22,3328
43,155.0,2023-05-19,4453
44,210.0,2025-10-19,4427
45,210.0,2024-05-21,6056
46,210.0,2024-01-27,9706
47,155.0,2024-05-29,8313
48,155.0,2024-07-20,5444
49,155.0,2024-10-07,10362
50,210.0,2023-06-18,4708
51,155.0,2023-07-29,6832
52,100.0,2023-07-21,8007
53,155.0,2024-07-02,69
54,100.0,2023-11-01,2473
55,155.0,2025-08-29,5875
56,100.0,2025-10-22,6807
57,100.0,2023-01-13,2944
58,100.0,2023-04-21,6078
59,100.0,2023-12-21,10582
60,155.0,2025-04-27,438
61,210.0,2026-04-16,3484
62,100.0,2023-10-03,17
63,100.0,2023-05-14,6129
64,100.0,2024-07-12,3768
65,155.0,2023-10-06,10196
66,100.0,2024-05-26,5806
67,100.0,2025-11-30,1046
68,210.0,2025-10-17,6553
69,100.0,2025-08-29,8441
70,100.0,2025-08-26,974
71,210.0,2025-02-08,7790
72,155.0,2023-06-04,10534
73,210.0,2024-04-20,4784
74,210.0,2025-09-15,1832
75,210.0,2025-02-13,4222
76,155.0,2025-09-23,10718
77,155.0,2023-12-18,9373
78,100.0,2024-02-16,5087
79,210.0,2025-10-04,6103
80,100.0,2024-02-13,6639
81,100.0,2024-12-16,6308
82,100.0,2024-10-28,3781
83,155.0,2024-12-05,1790
84,100.0,2025-12-23,7618
85,210.0,2024-01-16,9211
86,155.0,2025-04-17,9390
87,210.0,2025-04-12,2872
88,210.0,2023-12-14,5426
89,155.0,2023-01-18,3459
90,155.0,2023-04-21,10740
91,155.0,2024-12-01,9789
92,155.0,2023-08-06,5324
93,100.0,2024-10-19,6282
94,100.0,2023-11-30,10562
95,210.0,2026-04-20,6781
96,155.0,2026-01-20,4966
97,210.0,2024-04-27,5676
98,155.0,2024-07-01,4946
99,210.0,2025-08-22,2717
100,100.0,2023-03-18,3737
101,210.0,2024-02-15,8281
102,155.0,2023-07-30,10797
103,155.0,2024-05-19,6967
104,100.0,2023-05-26,1230
105,155.0,2024-09-08,2604
106,155.0,2026-02-07,9330
107,100.0,2025-06-19,8745
108,155.0,2025-09-15,357
109,210.0,2025-03-27,7510
110,100.0,2025-12-08,9442
111,210.0,2024-07-19,10584
112,155.0,2025-12-04,5163
113,155.0,2024-02-29,3960
114,155.0,2023-03-09,9941
115,155.0,2026-02-18,6843
116,210.0,2026-02-25,10719
117,100.0,2026-03-24,7893
118,210.0,2024-06-10,2656
119,155.0,2024-01-03,195
120,210.0,2023-01-05,2609
121,210.0,2025-05-18,8616
122,210.0,2024-11-15,10072
123,210.0,2023-06-17,7921
124,155.0,2023-09-22,6360
125,210.0,2025-02-11,7084
126,155.0,2025-02-18,6703
127,155.0,2025-10-28,1176
128,155.0,2024-05-29,7330
129,210.0,2026-01-24,867
130,155.0,2023-07-26,6711
131,210.0,2024-08-12,7586
132,155.0,2025-07-26,8224
133,210.0,2026-02-22,10059
134,155.0,2026-03-05,6529
135,210.0,2024-05-10,4329
136,210.0,2023-01-15,1187
137,100.0,2025-10-26,4177
138,155.0,2023-06-05,1284
139,210.0,2023-10-23,2214
140,155.0,2024-11-13,6936
141,210.0,2025-01-06,2765
142,100.0,2025-03-08,468
143,210.0,2024-03-16,7445
144,155.0,2024-10-13,9992
145,155.0,2023-11-22,10983
146,100.0,2023-05-09,10970
147,100.0,2023-01-06,5121
148,100.0,2023-02-19,1399
149,100.0,2023-08-03,2028
150,210.0,2024-07-02,1757
151,100.0,2024-12-08,1954
152,155.0,2024-05-10,2786
153,155.0,2024-09-16,1339
154,210.0,2023-05-14,2131
155,155.0,2024-11-11,8916
156,210.0,2025-04-24,286
157,210.0,2024-07-09,10480
158,155.0,2026-02-04,10568
159,210.0,2026-02-04,9890
160,155.0,2023-07-17,10172
161,210.0,2026-03-10,460
162,210.0,2025-04-21,3269
163,155.0,2023-08-29,9884
164,210.0,2024-05-15,8418
165,100.0,2024-04-16,1347
166,155.0,2024-04-30,7814
167,155.0,2024-08-05,356
168,210.0,2023-06-07,3326
169,210.0,2023-06-13,8527
170,155.0,2023-05-23,5831
171,100.0,2025-10-26,8760
172,210.0,2024-05-20,3198
173,155.0,2025-12-24,2285
174,100.0,2023-03-31,10576
175,210.0,2025-12-25,10143
176,210.0,2023-11-18,8475
177,155.0,2023-03-04,9266
178,155.0,2024-10-20,609
179,210.0,2024-09-16,6570
180,100.0,2024-05-09,9883
181,155.0,2025-06-04,4937
182,100.0,2023-05-07,1550
183,155.0,2024-12-28,2002
184,100.0,2023-11-06,9056
185,100.0,2024-11-23,1835
186,155.0,2023-04-26,10252
187,210.0,2024-06-22,10269
188,100.0,2024-08-16,8123
189,155.0,2023-04-18,1371
190,210.0,2024-01-20,3791
191,100.0,2025-01-18,8003
192,100.0,2023-11-28,10685
193,210.0,2026-04-28,7081
194,100.0,2024-08-26,1558
195,210.0,2024-09-01,399
196,155.0,2025-11-11,7826
197,210.0,2024-04-15,1249
198,100.0,2023-07-24,550
199,155.0,2025-09-11,623
200,210.0,2025-06-05,9271
201,155.0,2024-12-02,8077
202,210.0,2024-06-08,7962
203,210.0,2024-02-22,4217
204,100.0,2026-01-20,10833
205,155.0,2024-09-27,5261
206,100.0,2024-03-09,9060
207,155.0,2025-08-14,153
208,210.0,2023-05-03,2446
209,100.0,2026-04-16,5589
210,100.0,2026-03-05,62
211,100.0,2026-03-21,9719
212,100.0,2026-01-04,9039
213,100.0,2025-08-20,10567
214,155.0,2025-01-26,6439
215,210.0,2026-03-07,3978
216,100.0,2023-11-11,9760
217,210.0,2025-02-28,4533
218,210.0,2024-11-08,5384
219,100.0,2025-10-08,10806
220,210.0,2023-03-06,8004
221,100.0,2025-08-06,6071
222,100.0,2024-02-06,6266
223,155.0,2026-04-09,1630
224,155.0,2023-05-04,9016
225,155.0,2023-05-19,5607
226,100.0,2025-03-11,5534
227,155.0,2024-11-05,3678
228,155.0,2025-05-05,10024
229,155.0,2023-11-01,8310
230,155.0,2023-03-18,9375
231,210.0,2025-06-25,6126
232,155.0,2025-07-20,2116
233,100.0,2026-01-16,10028
234,100.0,2025-11-27,3065
235,210.0,2025-05-07,4696
236,155.0,2024-05-06,410
237,100.0,2023-07-28,7026
238,210.0,2025-07-29,597
239,210.0,2023-07-31,5088
240,100.0,2024-03-03,4112
241,210.0,2023-10-01,1120
242,210.0,2025-07-21,9479
243,100.0,2024-06-19,3083
244,155.0,2023-09-22,8487
245,155.0,2023-08-15,7421
246,210.0,2024-12-15,3245
247,155.0,2025-03-14,6986
248,210.0,2023-09-01,5943
249,100.0,2023-10-09,6463
250,210.0,2025-05-30,8761
251,100.0,2025-05-04,10093
252,210.0,2023-04-30,1765
253,100.0,2024-06-18,4866
254,210.0,2025-09-04,9669
255,100.0,2026-03-03,3979
256,155.0,2024-07-13,5389
257,210.0,2024-02-14,1847
258,155.0,2025-10-21,1963
259,155.0,2026-03-28,2470
260,100.0,2026-02-21,6273
261,155.0,2024-04-18,4393
262,210.0,2025-03-11,8232
263,210.0,2023-12-07,2102
264,100.0,2024-10-09,9224
265,210.0,2023-01-26,5751
266,155.0,2023-03-16,4752
267,210.0,2023-01-08,1951
268,155.0,2024-11-16,4732
269,210.0,2023-01-20,5617
270,100.0,2023-12-27,1694
271,210.0,2023-12-05,9356
272,210.0,2026-04-26,2980
273,100.0,2024-09-02,3599
274,210.0,2025-06-15,828
275,100.0,2026-01-17,9206
276,100.0,2024-01-13,8630
277,155.0,2025-05-25,2890
278,100.0,2024-12-01,10039
279,210.0,2026-01-01,1460
280,210.0,2024-06-10,5308
281,155.0,2025-01-26,2623
282,100.0,2024-11-09,7570
283,210.0,2024-12-09,8675
284,155.0,2023-11-10,8684
285,210.0,2024-12-31,3218
286,210.0,2025-03-26,4970
287,155.0,2024-03-11,6125
288,210.0,2025-03-25,1490
289,210.0,2023-08-21,4196
290,100.0,2024-11-05,4594
291,100.0,2023-02-02,1680
292,210.0,2025-01-07,3464
293,210.0,2023-12-16,7128
294,155.0,2023-04-23,7881
295,155.0,2023-11-08,9144
296,210.0,2023-03-01,411
297,155.0,2025-07-10,2983
298,100.0,2023-04-04,2543
299,155.0,2024-12-26,415
300,155.0,2023-06-22,8018
301,210.0,2024-12-11,3312
302,210.0,2025-06-25,303
303,100.0,2023-12-24,9830
304,100.0,2025-08-24,1420
305,210.0,2023-11-23,8847
306,100.0,2024-04-02,3374
307,210.0,2026-01-05,5363
308,155.0,2023-09-07,3813
309,155.0,2024-06-30,3703
310,155.0,2023-01-13,3538
311,155.0,2023-05-14,564
312,100.0,2025-01-25,2122
313,100.0,2023-04-12,6167
314,100.0,2023-03-17,6369
315,210.0,2026-01-03,3193
316,100.0,2024-06-12,9548
317,210.0,2025-01-11,5583
318,100.0,2024-03-06,4149
319,155.0,2025-03-11,999
320,210.0,2024-04-21,1508
321,100.0,2025-08-14,5714
322,155.0,2024-03-24,847
323,155.0,2024-07-28,9077
324,155.0,2023-09-05,8784
325,100.0,2026-02-23,1024
326,210.0,2024-06-09,1737
327,100.0,2023-12-06,4785
328,155.0,2025-03-19,720
329,155.0,2023-10-26,7904
330,210.0,2023-01-16,4807
331,100.0,2024-07-12,4487
332,155.0,2023-09-03,8140
333,210.0,2024-05-24,2266
334,155.0,2024-10-14,3513
335,100.0,2024-09-13,8610
336,155.0,2025-09-23,9431
337,210.0,2025-06-12,6777
338,100.0,2026-02-27,10796
339,210.0,2023-06-08,4178
340,210.0,2025-05-25,2977
341,155.0,2023-03-06,8072
342,100.0,2023-12-01,5204
343,210.0,2025-11-05,390
344,100.0,2025-03-26,4486
345,155.0,2026-02-21,1314
346,100.0,2023-04-02,7152
347,210.0,2025-04-29,9324
348,210.0,2023-08-25,8801
349,100.0,2024-05-16,3546
350,100.0,2024-11-18,178
351,210.0,2024-04-23,7844
352,210.0,2025-05-11,2871
353,100.0,2023-09-02,4998
354,100.0,2023-07-17,5775
355,155.0,2024-03-02,9644
356,100.0,2025-10-31,6979
357,155.0,2026-04-13,477
358,210.0,2023-01-14,8964
359,155.0,2024-04-21,646
360,155.0,2023-08-23,8945
361,100.0,2026-01-03,10759
362,100.0,2023-11-10,7090
363,155.0,2025-02-02,10681
364,210.0,2025-06-16,1465
365,155.0,2026-02-21,1774
366,155.0,2025-04-10,9034
367,155.0,2025-02-20,9135
368,100.0,2024-05-27,8836
369,155.0,2023-12-16,5708
370,100.0,2023-12-12,654
371,100.0,2025-03-07,3826
372,100.0,2025-11-19,4650
373,100.0,2024-01-12,6066
374,155.0,2025-11-15,7821
375,210.0,2025-02-24,576
376,210.0,2024-01-16,9623
377,155.0,2024-05-30,8728
378,210.0,2024-10-27,2576
379,155.0,2023-06-06,6067
380,155.0,2025-08-31,7384
381,100.0,2023-09-25,1370
382,100.0,2023-12-21,5605
383,210.0,2024-01-02,1922
384,155.0,2025-04-08,1715
385,210.0,2025-08-06,10469
386,100.0,2023-07-06,5942
387,100.0,2024-06-16,9869
388,210.0,2024-09-29,8840
389,155.0,2025-09-07,2223
390,155.0,2025-01-09,8762
391,155.0,2024-09-16,10600
392,100.0,2025-07-10,2165
393,210.0,2025-07-05,6984
394,100.0,2023-08-25,942
395,100.0,2024-11-14,793
396,155.0,2025-06-30,6674
397,210.0,2024-10-02,7115
398,155.0,2024-03-24,7760
399,155.0,2023-11-20,1239
400,155.0,2024-10-07,10731
401,210.0,2025-09-16,8726
402,210.0,2026-04-02,6795
403,100.0,2025-12-08,3801
404,155.0,2025-10-19,6351
405,210.0,2025-10-25,8778
406,210.0,2024-10-04,521
407,210.0,2025-08-12,28
408,155.0,2023-05-17,8454
409,210.0,2025-10-19,9536
410,210.0,2026-03-31,3772
411,100.0,2023-10-22,3481
412,155.0,2025-10-15,4525
413,155.0,2023-08-14,4038
414,155.0,2025-11-12,4547
415,100.0,2024-07-04,8532
416,210.0,2024-06-27,9371
417,210.0,2026-03-23,7022
418,210.0,2024-06-24,1441
419,100.0,2026-03-11,6205
420,100.0,2023-10-10,7440
421,210.0,2025-06-27,5588
422,210.0,2025-08-08,1871
423,100.0,2026-02-15,1430
424,155.0,2024-03-16,10973
425,155.0,2026-04-18,474
426,155.0,2025-04-30,7774
427,210.0,2023-08-09,2186
428,155.0,2025-12-18,4017
429,155.0,2025-07-25,4186
430,155.0,2025-04-02,2708
431,155.0,2023-02-27,6809
432,155.0,2025-09-20,1454
433,100.0,2025-04-21,5553
434,155.0,2024-08-17,1531
435,210.0,2025-06-22,9604
436,210.0,2023-01-28,9274
437,100.0,2024-05-01,10885
438,155.0,2025-02-17,10493
439,155.0,2023-09-01,5921
440,210.0,2024-04-28,6776
441,100.0,2025-10-08,6806
442,155.0,2025-07-21,8795
443,210.0,2023-06-08,6559
444,155.0,2023-07-06,2624
445,155.0,2023-10-27,6773
446,155.0,2025-01-19,9323
447,100.0,2023-11-21,10929
448,210.0,2026-04-10,7283
449,100.0,2025-11-06,5117
450,100.0,2024-04-24,10765
451,100.0,2023-08-22,8408
452,155.0,2023-08-07,4247
453,100.0,2025-03-13,9251
454,100.0,2026-03-09,7513
455,210.0,2023-06-12,6911
456,210.0,2023-08-03,8365
457,100.0,2025-09-10,4920
458,100.0,2023-11-06,1136
459,100.0,2023-04-14,7582
460,155.0,2025-08-19,5350
461,210.0,2023-05-05,4554
462,155.0,2023-11-26,2714
463,100.0,2023-11-10,4598
464,155.0,2025-03-25,9476
465,155.0,2023-09-13,9374
466,155.0,2024-09-26,5629
467,210.0,2025-07-23,10450
468,100.0,2024-10-14,3493
469,100.0,2024-03-22,9209
470,210.0,2023-07-12,8962
471,155.0,2023-04-08,1560
472,155.0,2024-10-10,8421
473,155.0,2025-10-12,3320
474,210.0,2025-07-16,1785
475,100.0,2024-02-14,6625
476,210.0,2025-07-18,2529
477,210.0,2026-02-21,4162
478,155.0,2025-03-27,957
479,100.0,2024-03-27,951
480,210.0,2023-02-01,752
481,155.0,2024-09-12,2261
482,100.0,2023-03-17,5529
483,100.0,2023-01-05,7123
484,210.0,2025-05-22,60
485,155.0,2024-12-21,5847
486,100.0,2023-09-05,6440
487,155.0,2026-03-14,6585
488,210.0,2025-12-18,3072
489,100.0,2024-04-19,1496
490,210.0,2026-01-26,9836
491,210.0,2026-02-04,4484
492,210.0,2025-02-04,10385
493,210.0,2026-04-02,7845
494,155.0,2025-02-24,3673
495,210.0,2024-11-09,2162
496,210.0,2026-03-12,9632
497,100.0,2024-03-13,2703
498,155.0,2025-03-06,3822
499,155.0,2026-03-21,3338
500,210.0,2025-02-13,7602
501,100.0,2025-12-10,2497
502,155.0,2024-05-19,10316
503,100.0,2023-09-08,2440
504,155.0,2026-02-15,7316
505,155.0,2024-12-26,4583
506,210.0,2023-05-09,7361
507,100.0,2025-04-24,610
508,210.0,2023-07-28,5365
509,100.0,2023-04-01,8273
510,210.0,2024-02-01,8292
511,155.0,2026-03-10,5297
512,100.0,2025-07-20,1379
513,155.0,2026-02-26,7566
514,210.0,2026-04-23,9847
515,210.0,2024-01-17,8450
516,100.0,2024-02-25,5518
517,155.0,2024-01-11,659
518,210.0,2023-11-09,513
519,100.0,2023-11-28,7609
520,210.0,2024-09-12,8220
521,155.0,2024-07-10,799
522,155.0,2023-12-16,4842
523,100.0,2023-08-17,6257
524,155.0,2023-12-30,3228
525,210.0,2025-06-15,4463
526,155.0,2025-03-17,6966
527,210.0,2025-01-11,7444
528,210.0,2023-01-09,90
529,155.0,2024-11-30,1436
530,155.0,2024-03-07,4679
531,100.0,2024-12-18,2784
532,155.0,2025-02-06,7802
533,210.0,2024-11-25,5769
534,155.0,2024-01-23,8233
535,155.0,2024-09-03,7730
536,100.0,2023-05-18,5277
537,210.0,2024-06-25,2679
538,155.0,2024-09-23,10513
539,100.0,2024-03-14,5809
540,210.0,2024-10-23,2768
541,100.0,2024-02-25,5503
542,100.0,2023-04-19,10926
543,155.0,2024-11-09,7302
544,100.0,2024-02-19,8844
545,210.0,2026-02-26,1973
546,100.0,2023-08-14,4030
547,100.0,2023-05-18,385
548,155.0,2023-10-05,5032
549,155.0,2025-01-17,6013
550,210.0,2024-01-13,6259
551,100.0,2023-02-14,10950
552,155.0,2025-11-07,7435
553,100.0,2026-03-24,6935
554,210.0,2024-06-15,6592
555,100.0,2023-03-27,8530
556,155.0,2025-02-20,5545
557,210.0,2024-02-29,6286
558,155.0,2026-04-12,3959
559,155.0,2025-01-04,9580
560,210.0,2024-12-24,5877
561,100.0,2023-08-13,7895
562,100.0,2023-09-28,7932
563,100.0,2025-12-14,2739
564,155.0,2023-05-16,8816
565,100.0,2026-02-20,1762
566,100.0,2024-11-13,1719
567,155.0,2024-11-08,7427
568,155.0,2025-04-19,9471
569,100.0,2025-11-03,1860
570,210.0,2023-02-18,4394
571,155.0,2023-07-07,3770
572,100.0,2026-03-23,7365
573,155.0,2024-05-21,4902
574,155.0,2024-06-06,6609
575,155.0,2024-05-10,8969
576,155.0,2025-07-16,5689
577,100.0,2024-12-15,6861
578,100.0,2023-02-12,5920
579,100.0,2024-01-14,92
580,100.0,2025-12-28,7326
581,100.0,2024-01-21,7892
582,155.0,2024-03-07,10078
583,155.0,2024-03-19,3073
584,100.0,2025-11-10,1616
585,100.0,2025-08-15,1978
586,155.0,2025-05-14,4818
587,100.0,2024-03-14,3111
588,155.0,2024-06-04,4792
589,100.0,2023-06-06,27
590,210.0,2025-04-15,1609
591,100.0,2023-11-18,10981
592,155.0,2023-12-30,7129
593,210.0,2023-01-06,3726
594,100.0,2026-01-28,8660
595,155.0,2024-03-07,7407
596,155.0,2024-04-10,2985
597,100.0,2024-02-26,8094
598,155.0,2023-10-28,9673
599,210.0,2025-08-17,262
600,210.0,2024-03-11,4430
601,155.0,2023-03-02,878
602,155.0,2024-05-01,1483
603,210.0,2025-03-22,332
604,155.0,2025-12-12,313
605,210.0,2024-11-05,6783
606,210.0,2024-08-23,1247
607,210.0,2024-01-22,9113
608,155.0,2026-04-13,949
609,155.0,2026-01-30,8367
610,100.0,2025-08-17,2816
611,155.0,2023-02-05,5385
612,155.0,2023-06-29,8120
613,155.0,2023-02-18,6318
614,100.0,2025-02-15,5841
615,100.0,2025-02-23,7199
616,210.0,2023-03-20,5727
617,100.0,2025-05-31,5958
618,210.0,2025-08-12,7520
619,210.0,2025-03-29,3094
620,210.0,2024-08-17,4173
621,100.0,2026-03-13,9289
622,100.0,2023-09-09,5065
623,210.0,2024-08-20,8396
624,100.0,2025-06-22,1817
625,155.0,2025-02-15,9844
626,155.0,2023-05-12,7501
627,210.0,2025-01-05,6714
628,100.0,2025-12-05,3381
629,100.0,2024-11-28,6784
630,210.0,2025-10-05,3684
631,210.0,2025-10-21,5219
632,210.0,2025-04-16,8548
633,100.0,2024-09-21,4748
634,100.0,2025-10-10,10215
635,155.0,2023-12-11,947
636,100.0,2025-02-28,5953
637,100.0,2025-12-14,5598
638,155.0,2023-10-27,8608
639,100.0,2023-03-10,4579
640,210.0,2024-01-12,352
641,155.0,2024-03-18,8385
642,210.0,2023-05-18,4383
643,155.0,2026-02-21,7349
644,210.0,2025-05-14,10079
645,100.0,2023-03-30,5188
646,155.0,2025-11-10,7121
647,100.0,2024-08-01,5892
648,210.0,2025-06-09,7341
649,100.0,2023-12-28,8981
650,210.0,2025-10-05,6492
651,210.0,2023-12-12,7425
652,100.0,2025-10-15,3011
653,155.0,2023-12-21,10461
654,100.0,2024-12-13,8515
655,155.0,2023-09-21,3777
656,155.0,2023-11-08,4043
657,210.0,2024-09-07,7108
658,210.0,2024-12-31,1359
659,210.0,2026-04-19,10620
660,100.0,2023-02-18,2292
661,210.0,2023-09-24,8753
662,210.0,2025-01-04,5639
663,210.0,2025-03-04,5376
664,100.0,2024-08-16,7024
665,100.0,2024-07-13,7650
666,210.0,2024-07-09,9521
667,155.0,2024-03-09,5234
668,210.0,2025-11-18,4994
669,155.0,2025-05-30,8228
670,210.0,2025-05-08,7787
671,100.0,2024-02-01,1027
672,155.0,2024-10-09,9610
673,100.0,2026-01-26,5537
674,155.0,2025-02-12,4031
675,100.0,2023-02-18,10799
676,155.0,2023-11-24,1253
677,155.0,2026-03-05,1410
678,210.0,2025-01-30,10879
679,155.0,2024-08-26,8589
680,155.0,2025-10-05,1320
681,155.0,2025-06-29,2466
682,155.0,2023-04-03,9911
683,210.0,2025-07-27,5005
684,100.0,2024-12-15,4977
685,155.0,2025-05-30,7631
686,155.0,2024-10-11,3748
687,100.0,2023-01-16,10705
688,155.0,2024-01-02,755
689,155.0,2025-04-08,2140
690,155.0,2024-06-30,8516
691,100.0,2024-06-27,9496
692,100.0,2023-02-18,691
693,210.0,2023-06-13,1961
694,155.0,2023-11-25,2452
695,100.0,2025-02-06,4242
696,210.0,2026-02-16,5854
697,155.0,2025-07-03,7357
698,210.0,2023-04-16,9283
699,210.0,2025-09-10,2668
700,100.0,2025-06-17,10366
701,155.0,2026-04-12,2137
702,155.0,2024-08-24,632
703,210.0,2023-11-01,6701
704,155.0,2025-08-12,4804
705,210.0,2023-05-14,480
706,100.0,2024-10-10,8546
707,100.0,2023-04-25,1313
708,155.0,2025-10-29,9333
709,100.0,2025-03-16,2644
710,100.0,2025-07-09,10319
711,155.0,2024-05-17,2383
712,155.0,2024-03-24,922
713,100.0,2023-01-13,4396
714,155.0,2024-06-30,10185
715,210.0,2024-07-19,8979
716,100.0,2024-05-01,5962
717,155.0,2023-09-21,4788
718,100.0,2023-04-26,1932
719,210.0,2024-05-18,2865
720,155.0,2023-07-31,10811
721,155.0,2025-11-17,8311
722,155.0,2025-09-23,3429
723,100.0,2025-06-28,8999
724,210.0,2024-01-05,2790
725,155.0,2023-10-10,10307
726,210.0,2024-05-15,10933
727,210.0,2023-01-03,6513
728,210.0,2024-05-18,7040
729,210.0,2025-12-05,9744
730,100.0,2025-04-16,8633
731,100.0,2024-11-26,9501
732,210.0,2024-12-03,6523
733,100.0,2025-05-13,462
734,210.0,2024-10-27,973
735,100.0,2025-10-15,4238
736,210.0,2024-01-22,8337
737,100.0,2025-09-02,10784
738,210.0,2025-01-17,781
739,100.0,2023-02-23,1218
740,210.0,2024-09-26,4499
741,100.0,2024-05-25,4632
742,210.0,2023-12-05,10870
743,100.0,2023-05-08,9232
744,210.0,2025-01-13,4908
745,155.0,2025-04-03,6566
746,100.0,2025-02-28,6598
747,155.0,2024-12-23,3984
748,155.0,2023-09-05,2506
749,100.0,2026-02-16,10344
750,155.0,2026-02-15,6216
751,100.0,2023-04-01,2683
752,100.0,2023-12-28,9923
753,210.0,2024-10-04,7318
754,210.0,2023-11-26,10102
755,210.0,2024-04-12,1109
756,155.0,2023-09-12,2468
757,210.0,2024-11-22,603
758,155.0,2026-03-29,3107
759,210.0,2025-04-29,5464
760,210.0,2025-06-27,10634
761,155.0,2023-12-31,2432
762,100.0,2025-05-09,8770
763,155.0,2023-05-08,9915
764,100.0,2024-12-21,7258
765,210.0,2025-10-19,1635
766,210.0,2023-01-21,6339
767,155.0,2025-08-14,6336
768,100.0,2023-08-07,6761
769,155.0,2025-05-13,8938
770,100.0,2025-02-09,7101
771,100.0,2023-07-01,1994
772,100.0,2024-11-16,2016
773,100.0,2025-01-01,8790
774,100.0,2024-04-28,6579
775,100.0,2023-12-24,4366
776,100.0,2024-03-10,4352
777,155.0,2025-09-27,3948
778,210.0,2024-10-23,2936
779,100.0,2024-08-31,4052
780,155.0,2025-09-02,5276
781,210.0,2023-05-30,1927
782,100.0,2025-02-09,10991
783,155.0,2025-12-02,8803
784,210.0,2023-04-13,4334
785,155.0,2024-03-29,7707
786,210.0,2025-12-20,10952
787,155.0,2025-04-04,6386
788,100.0,2024-10-11,7215
789,100.0,2025-01-19,8934
790,210.0,2023-05-13,1075
791,210.0,2023-04-06,7970
792,100.0,2023-07-17,1631
793,100.0,2025-09-25,1137
794,100.0,2024-01-09,2508
795,100.0,2023-11-21,6340
796,210.0,2024-02-25,7436
797,155.0,2024-07-23,2946
798,210.0,2023-05-02,9615
799,210.0,2024-04-06,4103
800,100.0,2024-03-31,336
801,155.0,2026-03-02,1938
802,210.0,2023-07-12,8179
803,210.0,2023-03-21,2040
804,155.0,2024-09-29,5832
805,100.0,2025-07-17,2637
806,155.0,2024-11-21,9331
807,100.0,2024-02-10,946
808,155.0,2023-08-15,3884
809,155.0,2023-01-11,669
810,100.0,2026-03-13,501
811,100.0,2023-05-06,6297
812,210.0,2025-07-15,2130
813,155.0,2024-11-20,2574
814,210.0,2023-08-21,10859
815,210.0,2023-07-21,495
816,155.0,2025-01-19,2254
817,100.0,2023-03-28,6912
818,100.0,2023-10-10,5846
819,155.0,2024-07-31,3407
820,155.0,2025-05-05,4418
821,155.0,2023-10-05,1988
822,210.0,2024-01-26,5682
823,155.0,2023-07-13,10438
824,155.0,2023-09-08,7772
825,100.0,2024-12-25,9167
826,100.0,2025-07-08,5879
827,155.0,2023-09-15,7491
828,155.0,2024-09-08,876
829,155.0,2024-04-09,6302
830,100.0,2024-06-09,3483
831,210.0,2025-03-30,201
832,100.0,2024-03-01,309
833,210.0,2023-06-17,159
834,100.0,2025-10-07,3907
835,210.0,2024-04-19,7077
836,100.0,2023-01-05,8935
837,100.0,2023-11-26,7939
838,100.0,2024-02-27,10805
839,210.0,2026-04-06,3070
840,155.0,2023-11-02,10593
841,155.0,2023-10-04,3651
842,210.0,2024-09-27,6685
843,100.0,2026-03-14,6241
844,155.0,2024-09-17,138
845,100.0,2025-10-03,6629
846,155.0,2026-03-25,6070
847,210.0,2024-11-08,3248
848,210.0,2023-07-06,708
849,210.0,2025-05-13,9722
850,100.0,2024-09-07,9557
851,100.0,2025-10-14,1626
852,155.0,2024-09-16,4702
853,100.0,2024-08-01,8837
854,155.0,2025-07-24,5760
855,210.0,2023-05-06,3603
856,100.0,2024-01-06,2394
857,210.0,2024-10-14,1431
858,210.0,2023-09-18,9927
859,100.0,2023-10-31,9815
860,210.0,2023-03-25,10358
861,155.0,2025-07-07,1034
862,155.0,2024-05-10,4340
863,210.0,2025-12-01,6671
864,100.0,2025-09-22,9011
865,155.0,2026-02-05,687
866,210.0,2026-03-10,3351
867,155.0,2023-08-16,7449
868,100.0,2023-06-13,6691
869,155.0,2023-11-10,9849
870,155.0,2024-11-01,3443
871,155.0,2025-11-06,9441
872,210.0,2024-07-23,5861
873,155.0,2023-07-14,5697
874,155.0,2025-08-18,4057
875,210.0,2024-06-25,1298
876,100.0,2023-04-09,4423
877,210.0,2025-03-15,6562
878,210.0,2023-07-27,3019
879,210.0,2024-05-01,8196
880,155.0,2023-11-02,8192
881,210.0,2024-08-30,8495
882,155.0,2026-04-02,10290
883,100.0,2026-02-12,8559
884,210.0,2023-07-18,6965
885,100.0,2024-12-09,3348
886,210.0,2026-04-11,2952
887,100.0,2023-07-15,6016
888,155.0,2025-08-01,1288
889,210.0,2025-03-08,7223
890,155.0,2023-09-16,5570
891,100.0,2025-10-23,3101
892,155.0,2024-08-07,5862
893,100.0,2023-01-14,8976
894,210.0,2023-07-19,442
895,210.0,2023-05-18,4951
896,155.0,2024-02-01,10238
897,155.0,2024-12-07,4548
898,100.0,2026-04-11,9309
899,100.0,2023-04-11,6634
900,210.0,2023-10-30,9344
901,100.0,2025-01-23,2113
902,155.0,2025-10-26,10055
903,100.0,2024-09-12,4158
904,210.0,2023-02-03,2615
905,100.0,2023-04-05,6827
906,155.0,2025-09-05,7322
907,100.0,2024-09-25,5402
908,155.0,2024-03-24,9350
909,210.0,2025-03-31,3626
910,100.0,2023-03-28,8944
911,155.0,2025-09-22,10374
912,100.0,2023-12-19,6090
913,155.0,2026-01-03,431
914,100.0,2025-03-18,2532
915,100.0,2023-04-04,102
916,100.0,2023-09-20,10336
917,210.0,2023-07-25,1388
918,210.0,2024-06-07,9057
919,210.0,2024-11-13,3400
920,100.0,2025-05-10,3872
921,210.0,2023-01-16,2479
922,100.0,2024-01-18,2973
923,100.0,2025-01-24,5814
924,100.0,2024-12-07,1351
925,210.0,2025-01-13,1975
926,210.0,2024-09-01,7029
927,210.0,2025-05-16,4248
928,210.0,2025-05-20,1520
929,100.0,2024-05-06,7613
930,210.0,2025-12-09,8127
931,155.0,2024-11-18,5901
932,100.0,2023-04-17,320
933,155.0,2023-01-18,6637
934,100.0,2024-01-11,1038
935,210.0,2023-07-07,3342
936,210.0,2023-12-26,2920
937,100.0,2025-06-16,7607
938,100.0,2024-10-21,1939
939,100.0,2025-08-18,4652
940,100.0,2024-09-03,9846
941,155.0,2023-05-31,6174
942,210.0,2023-11-19,8046
943,100.0,2025-01-10,7598
944,100.0,2023-11-09,6444
945,210.0,2024-08-15,3010
946,210.0,2025-12-28,1751
947,155.0,2024-01-24,2178
948,210.0,2024-02-12,8069
949,210.0,2026-01-28,8747
950,155.0,2025-09-06,6551
951,100.0,2023-04-25,4760
952,100.0,2023-12-13,6128
953,210.0,2025-08-26,5208
954,100.0,2025-10-01,5771
955,155.0,2024-05-03,2377
956,155.0,2025-05-17,2723
957,155.0,2023-02-08,3996
958,155.0,2024-12-07,10917
959,100.0,2025-07-10,10918
960,210.0,2026-02-23,577
961,155.0,2024-04-15,3365
962,210.0,2024-07-11,5858
963,155.0,2025-12-08,7104
964,155.0,2025-03-28,10920
965,155.0,2023-06-23,5767
966,155.0,2023-09-12,9026
967,100.0,2024-10-06,10210
968,100.0,2025-09-30,2335
969,100.0,2025-01-03,10125
970,100.0,2023-01-10,8995
971,155.0,2024-05-15,7187
972,100.0,2023-07-14,5041
973,100.0,2024-08-29,7246
974,210.0,2023-11-22,481
975,100.0,2025-02-21,2660
976,100.0,2023-12-09,10857
977,155.0,2025-12-17,7542
978,155.0,2025-10-10,184
979,155.0,2023-11-23,9306
980,100.0,2024-09-03,311
981,100.0,2024-11-21,8786
982,210.0,2026-02-26,2284
983,210.0,2025-12-12,1053
984,155.0,2024-04-13,10843
985,155.0,2024-04-23,6164
986,100.0,2023-06-01,491
987,210.0,2023-07-03,3942
988,155.0,2023-06-10,9797
989,210.0,2024-05-26,2054
990,210.0,2023-01-01,4290
991,100.0,2025-05-05,800
992,155.0,2025-08-19,9838
993,155.0,2024-09-05,2619
994,100.0,2025-04-15,7037
995,100.0,2026-02-09,4614
996,100.0,2023-12-08,5283
997,100.0,2024-07-05,8841
998,100.0,2024-09-27,5597
999,210.0,2025-06-15,7102
1000,210.0,2023-12-12,4193
1001,210.0,2023-01-19,8783
1002,100.0,2025-04-14,4653
1003,210.0,2026-01-21,4761
1004,100.0,2024-07-31,6147
1005,155.0,2025-02-18,579
1006,210.0,2024-07-31,53
1007,100.0,2025-06-24,7025
1008,210.0,2025-03-12,880
1009,210.0,2023-07-18,6405
1010,210.0,2024-11-25,8722
1011,210.0,2025-02-17,4808
1012,155.0,2024-06-07,4628
1013,210.0,2023-03-06,5926
1014,100.0,2024-10-20,10263
1015,210.0,2023-08-28,1138
1016,155.0,2025-05-21,6311
1017,210.0,2023-12-23,8557
1018,155.0,2024-06-12,2873
1019,100.0,2023-06-25,9848
1020,210.0,2025-03-27,3093
1021,100.0,2025-08-19,10345
1022,100.0,2026-04-11,4561
1023,210.0,2026-01-11,245
1024,210.0,2024-04-23,2164
1025,210.0,2025-12-20,8347
1026,100.0,2025-04-01,3242
1027,100.0,2023-01-19,6058
1028,155.0,2023-07-09,5782
1029,100.0,2024-09-16,6246
1030,100.0,2025-09-19,2170
1031,210.0,2023-07-22,5574
1032,210.0,2025-03-24,3951
1033,155.0,2025-01-16,5278
1034,155.0,2023-08-23,8912
1035,210.0,2023-11-21,5700
1036,155.0,2023-03-22,8771
1037,100.0,2026-03-09,780
1038,100.0,2023-11-26,10734
1039,210.0,2025-11-19,8020
1040,210.0,2025-02-09,5413
1041,210.0,2025-12-29,7257
1042,155.0,2023-11-25,8456
1043,100.0,2024-07-11,3251
1044,155.0,2023-02-13,9005
1045,100.0,2025-05-15,5837
1046,210.0,2023-02-26,2677
1047,100.0,2024-09-08,9549
1048,155.0,2025-08-08,6956
1049,100.0,2025-08-29,1995
1050,210.0,2025-12-27,5153
1051,210.0,2025-12-28,5133
1052,210.0,2026-04-17,8641
1053,155.0,2023-08-15,1721
1054,155.0,2023-06-02,9118
1055,100.0,2025-06-15,5873
1056,155.0,2026-02-18,7982
1057,210.0,2023-03-31,9534
1058,155.0,2024-01-15,1335
1059,100.0,2023-11-12,8702
1060,155.0,2025-04-11,6811
1061,155.0,2024-08-21,7111
1062,210.0,2025-03-02,7592
1063,210.0,2025-01-19,4256
1064,155.0,2025-04-06,3944
1065,100.0,2024-04-21,10951
1066,210.0,2023-08-31,6214
1067,100.0,2024-08-13,934
1068,210.0,2025-11-04,7464
1069,100.0,2026-03-07,3745
1070,210.0,2024-10-09,9736
1071,210.0,2023-12-11,553
1072,100.0,2024-10-22,4024
1073,100.0,2025-10-14,4285
1074,155.0,2024-09-14,9631
1075,100.0,2023-04-17,3222
1076,100.0,2024-09-08,479
1077,210.0,2023-11-09,6951
1078,155.0,2025-11-06,3690
1079,155.0,2024-09-17,10310
1080,100.0,2025-02-15,2740
1081,100.0,2025-01-01,6796
1082,100.0,2023-07-06,4192
1083,100.0,2023-07-12,6864
1084,155.0,2024-05-30,4390
1085,210.0,2024-11-23,7382
1086,155.0,2023-06-06,8642
1087,210.0,2026-01-22,6337
1088,100.0,2025-11-19,4442
1089,155.0,2023-07-21,5576
1090,100.0,2026-01-08,5970
1091,155.0,2023-10-13,5002
1092,155.0,2023-11-10,7068
1093,210.0,2024-03-05,6808
1094,210.0,2023-04-16,1645
1095,210.0,2025-09-29,9594
1096,100.0,2025-11-17,10907
1097,210.0,2023-04-02,6491
1098,210.0,2025-02-08,10383
1099,210.0,2025-12-13,2836
1100,210.0,2024-05-14,8416
1101,155.0,2026-04-20,5866
1102,100.0,2023-02-27,3476
1103,210.0,2025-01-17,1755
1104,100.0,2025-04-18,9804
1105,210.0,2023-06-01,1708
1106,210.0,2024-05-05,2885
1107,210.0,2024-10-22,5765
1108,100.0,2026-03-28,5109
1109,210.0,2025-04-30,10240
1110,155.0,2023-03-29,8019
1111,210.0,2025-05-31,9092
1112,155.0,2026-02-14,10993
1113,155.0,2023-03-17,9461
1114,155.0,2023-04-28,2947
1115,210.0,2023-09-23,9094
1116,155.0,2024-07-02,7793
1117,210.0,2023-03-11,7924
1118,210.0,2025-04-30,247
1119,100.0,2025-03-17,8345
1120,155.0,2025-04-13,6550
1121,155.0,2024-09-06,3921
1122,155.0,2025-07-23,2773
1123,210.0,2023-05-17,4200
1124,155.0,2023-07-20,6719
1125,155.0,2025-11-19,8060
1126,210.0,2023-08-10,3453
1127,100.0,2025-12-09,7230
1128,155.0,2025-08-19,4550
1129,210.0,2024-09-05,1131
1130,210.0,2024-05-01,6679
1131,100.0,2025-03-16,6411
1132,155.0,2023-11-07,4420
1133,155.0,2023-09-22,4288
1134,210.0,2024-03-02,7593
1135,100.0,2023-11-29,3416
1136,100.0,2023-12-03,8289
1137,155.0,2026-03-13,4175
1138,100.0,2025-12-07,7568
1139,210.0,2025-12-07,236
1140,210.0,2023-10-29,9007
1141,155.0,2023-12-13,2889
1142,100.0,2023-05-22,6734
1143,210.0,2025-08-16,7701
1144,155.0,2025-11-07,1990
1145,210.0,2023-06-04,9124
1146,155.0,2025-08-02,8469
1147,155.0,2024-05-27,98
1148,155.0,2023-01-23,8341
1149,100.0,2024-01-07,3988
1150,210.0,2024-06-30,10517
1151,155.0,2023-11-05,1502
1152,100.0,2025-02-23,8398
1153,210.0,2025-12-21,1261
1154,155.0,2023-12-23,3710
1155,155.0,2023-08-24,10230
1156,100.0,2025-09-23,3952
1157,155.0,2025-12-11,2908
1158,155.0,2024-02-29,9967
1159,155.0,2024-05-07,7611
1160,210.0,2025-08-23,9622
1161,155.0,2023-06-01,1803
1162,100.0,2025-05-09,1262
1163,210.0,2025-05-02,9831
1164,155.0,2025-11-10,2864
1165,210.0,2025-06-01,8768
1166,100.0,2024-11-08,5247
1167,100.0,2023-08-19,1257
1168,100.0,2023-08-26,10583
1169,210.0,2025-05-10,593
1170,100.0,2023-05-23,9658
1171,210.0,2024-03-28,9776
1172,210.0,2024-11-23,3839
1173,210.0,2023-05-27,6917
1174,100.0,2023-04-13,5796
1175,155.0,2025-07-03,8780
1176,100.0,2023-06-06,1272
1177,100.0,2025-12-14,91
1178,155.0,2024-12-13,10352
1179,155.0,2024-01-23,10975
1180,210.0,2023-01-08,2971
1181,100.0,2025-01-13,424
1182,100.0,2023-11-11,4332
1183,100.0,2025-04-04,1592
1184,155.0,2025-09-22,8430
1185,210.0,2023-12-11,6105
1186,100.0,2024-02-16,4710
1187,100.0,2024-06-09,4830
1188,210.0,2024-08-24,9526
1189,155.0,2024-06-03,10107
1190,100.0,2023-07-16,392
1191,155.0,2023-02-11,1802
1192,155.0,2024-07-07,3201
1193,100.0,2023-03-15,374
1194,100.0,2023-11-02,10750
1195,210.0,2024-04-13,3874
1196,155.0,2024-05-24,10124
1197,210.0,2024-11-25,8482
1198,210.0,2024-10-03,572
1199,210.0,2025-08-08,7842
1200,155.0,2023-08-17,1578
1201,100.0,2024-11-22,6565
1202,210.0,2023-06-30,9248
1203,100.0,2023-12-29,7936
1204,155.0,2024-03-20,3446
1205,155.0,2023-11-28,680
1206,210.0,2026-04-26,5015
1207,210.0,2023-06-21,8591
1208,210.0,2023-06-23,2239
1209,210.0,2024-02-03,9021
1210,155.0,2023-05-28,8868
1211,210.0,2023-05-08,10514
1212,155.0,2026-04-13,10827
1213,155.0,2023-05-11,7468
1214,210.0,2024-07-13,6032
1215,210.0,2026-01-07,8908
1216,155.0,2023-06-18,3798
1217,100.0,2024-10-24,7861
1218,210.0,2024-01-16,10312
1219,155.0,2023-04-08,2414
1220,100.0,2023-07-15,10324
1221,155.0,2024-01-21,1999
1222,155.0,2023-08-12,499
1223,100.0,2025-12-29,6283
1224,100.0,2025-11-06,2755
1225,155.0,2025-12-15,2019
1226,155.0,2025-06-06,10224
1227,155.0,2024-12-22,5655
1228,100.0,2023-10-28,5260
1229,155.0,2023-11-03,6839
1230,100.0,2024-07-28,333
1231,155.0,2026-02-23,7806
1232,210.0,2025-01-27,10604
1233,100.0,2025-12-22,7463
1234,155.0,2024-09-13,7204
1235,100.0,2024-07-03,4179
1236,155.0,2024-09-28,10754
1237,155.0,2026-01-28,5833
1238,155.0,2025-08-13,3631
1239,100.0,2024-01-16,2025
1240,210.0,2023-04-19,987
1241,100.0,2023-01-13,7406
1242,155.0,2024-09-29,8107
1243,100.0,2026-01-03,5759
1244,210.0,2024-01-27,4539
1245,155.0,2026-01-09,5349
1246,155.0,2025-11-21,7541
1247,210.0,2025-02-20,6166
1248,210.0,2024-04-26,9291
1249,155.0,2025-08-05,530
1250,100.0,2025-05-06,668
1251,100.0,2023-08-04,690
1252,100.0,2024-11-09,4477
1253,210.0,2025-11-11,1891
1254,155.0,2025-06-25,4671
1255,210.0,2025-01-23,1533
1256,210.0,2023-07-08,3947
1257,155.0,2025-10-31,8677
1258,155.0,2025-08-02,8358
1259,155.0,2024-09-12,334
1260,100.0,2023-01-07,9361
1261,210.0,2026-03-14,784
1262,100.0,2023-06-26,5110
1263,155.0,2025-07-21,2599
1264,100.0,2023-09-10,8535
1265,210.0,2024-06-07,3881
1266,210.0,2023-06-08,7968
1267,210.0,2025-02-02,7573
1268,210.0,2025-04-14,10556
1269,100.0,2024-02-08,4347
1270,100.0,2025-08-21,1489
1271,155.0,2023-03-05,4780
1272,155.0,2024-11-06,2422
1273,100.0,2024-11-22,7494
1274,155.0,2024-05-27,7596
1275,155.0,2024-07-21,2060
1276,155.0,2023-06-09,3273
1277,155.0,2024-01-01,10223
1278,210.0,2025-03-13,2105
1279,100.0,2023-10-23,679
1280,100.0,2025-03-31,2258
1281,155.0,2026-03-29,4138
1282,210.0,2026-03-17,760
1283,100.0,2026-02-07,461
1284,100.0,2025-11-12,9140
1285,100.0,2025-04-17,10618
1286,100.0,2024-01-05,983
1287,100.0,2025-01-11,10646
1288,100.0,2025-07-29,10632
1289,100.0,2025-04-30,2940
1290,100.0,2023-04-13,7035
1291,155.0,2023-01-31,9691
1292,210.0,2024-04-08,4041
1293,100.0,2023-05-22,10136
1294,100.0,2024-12-25,10501
1295,210.0,2025-02-23,6650
1296,100.0,2024-09-16,1255
1297,100.0,2025-05-21,2053
1298,155.0,2023-09-17,8298
1299,155.0,2024-12-25,3541
1300,100.0,2025-07-20,221
1301,155.0,2025-12-20,4310
1302,210.0,2025-06-29,2602
1303,155.0,2023-06-15,4301
1304,210.0,2024-10-18,9584
1305,100.0,2024-12-24,4046
1306,210.0,2023-11-16,1580
1307,100.0,2024-05-29,1568
1308,210.0,2023-04-05,7380
1309,100.0,2024-10-06,1808
1310,155.0,2023-02-10,6237
1311,210.0,2024-04-04,8714
1312,155.0,2023-11-19,3891
1313,100.0,2024-12-18,9063
1314,100.0,2024-01-05,7930
1315,155.0,2023-05-16,1266
1316,155.0,2024-01-22,2286
1317,210.0,2023-01-01,218
1318,100.0,2025-10-18,782
1319,100.0,2023-03-17,7351
1320,100.0,2026-02-24,1585
1321,100.0,2024-11-17,5528
1322,155.0,2023-02-16,1146
1323,155.0,2026-01-07,4606
1324,100.0,2026-01-27,5391
1325,210.0,2024-09-08,325
1326,210.0,2024-06-16,10430
1327,210.0,2026-02-26,8624
1328,100.0,2023-06-16,9432
1329,155.0,2025-08-16,4575
1330,210.0,2023-01-18,959
1331,100.0,2024-01-23,7545
1332,155.0,2024-08-31,10742
1333,155.0,2024-02-05,7143
1334,210.0,2025-08-03,794
1335,210.0,2025-09-24,5650
1336,155.0,2026-01-31,969
1337,100.0,2023-05-09,5729
1338,155.0,2023-08-30,6962
1339,155.0,2024-04-18,3491
1340,210.0,2024-06-20,5894
1341,155.0,2024-07-18,1651
1342,155.0,2024-09-05,3246
1343,100.0,2023-07-11,8699
1344,210.0,2024-11-19,8907
1345,100.0,2025-02-19,1164
1346,210.0,2025-11-05,10347
1347,155.0,2024-01-09,2225
1348,155.0,2023-10-09,3048
1349,155.0,2025-04-30,4731
1350,100.0,2024-11-02,7125
1351,155.0,2024-05-25,8529
1352,100.0,2026-04-07,2812
1353,100.0,2025-09-09,8621
1354,100.0,2025-04-10,2018
1355,100.0,2023-11-22,193
1356,155.0,2023-07-11,4814
1357,155.0,2024-12-28,10527
1358,155.0,2025-02-06,124
1359,100.0,2024-12-26,2832
1360,100.0,2024-12-09,3728
1361,100.0,2024-09-02,9842
1362,100.0,2026-03-19,899
1363,100.0,2025-06-17,1117
1364,100.0,2023-06-13,8949
1365,210.0,2023-05-14,1165
1366,155.0,2024-02-21,4938
1367,100.0,2024-10-26,8729
1368,210.0,2024-12-02,8808
1369,100.0,2023-10-11,5724
1370,210.0,2023-03-13,7694
1371,210.0,2023-09-30,5615
1372,100.0,2026-03-10,7820
1373,155.0,2025-05-22,2268
1374,155.0,2023-09-24,2203
1375,210.0,2025-01-08,9451
1376,210.0,2023-03-11,5638
1377,100.0,2023-08-02,8306
1378,210.0,2024-05-03,24
1379,155.0,2025-08-02,8057
1380,210.0,2025-01-29,5486
1381,210.0,2023-01-12,9552
1382,210.0,2023-09-22,9978
1383,210.0,2023-07-03,8842
1384,155.0,2025-12-03,2530
1385,100.0,2023-09-29,2390
1386,155.0,2024-06-24,5624
1387,100.0,2023-04-12,2183
1388,210.0,2024-03-15,3961
1389,210.0,2025-08-15,9976
1390,100.0,2025-05-23,44
1391,100.0,2023-02-24,7154
1392,155.0,2023-03-01,6883
1393,100.0,2025-12-21,1012
1394,155.0,2023-04-30,4720
1395,155.0,2025-07-05,500
1396,210.0,2023-04-06,10546
1397,155.0,2023-10-11,6000
1398,155.0,2023-10-31,9096
1399,155.0,2026-03-07,2275
1400,210.0,2023-01-11,4432
1401,210.0,2025-05-25,6587
1402,155.0,2025-01-01,5406
1403,100.0,2023-07-09,8547
1404,100.0,2024-07-10,9204
1405,155.0,2023-03-27,308
1406,210.0,2024-09-15,643
1407,210.0,2026-03-25,4243
1408,210.0,2025-02-22,4197
1409,155.0,2026-02-25,10393
1410,155.0,2023-11-27,5961
1411,155.0,2025-07-27,8663
1412,210.0,2025-01-18,9934
1413,100.0,2023-12-23,8873
1414,155.0,2023-07-26,3614
1415,100.0,2026-02-05,1729
1416,210.0,2024-01-10,2188
1417,100.0,2026-01-21,2049
1418,100.0,2026-01-01,3563
1419,155.0,2023-12-13,7942
1420,100.0,2024-08-29,3501
1421,155.0,2025-12-19,7139
1422,100.0,2025-08-21,1566
1423,210.0,2023-06-23,7061
1424,100.0,2025-09-08,5401
1425,210.0,2023-04-30,7587
1426,210.0,2024-09-23,2648
1427,210.0,2025-07-29,4698
1428,100.0,2026-03-06,254
1429,210.0,2024-07-10,4188
1430,155.0,2023-01-11,7000
1431,155.0,2025-02-06,103
1432,100.0,2026-04-25,9177
1433,155.0,2024-01-14,10635
1434,100.0,2026-01-08,9403
1435,100.0,2025-12-02,7669
1436,210.0,2023-07-24,2187
1437,155.0,2023-08-14,5011
1438,210.0,2023-04-14,8328
1439,210.0,2025-07-26,2325
1440,100.0,2024-10-04,5245
1441,155.0,2025-11-17,211
1442,155.0,2026-04-07,5797
1443,210.0,2025-04-05,6457
1444,210.0,2024-08-26,6097
1445,210.0,2026-01-16,2528
1446,210.0,2025-02-15,10500
1447,155.0,2023-06-09,7499
1448,210.0,2026-01-20,7883
1449,100.0,2026-03-26,810
1450,210.0,2024-06-21,6460
1451,155.0,2024-11-27,10609
1452,155.0,2023-11-20,8611
1453,155.0,2025-12-03,4742
1454,210.0,2024-05-27,984
1455,155.0,2023-04-03,5863
1456,210.0,2025-01-01,1659
1457,100.0,2023-05-17,8772
1458,100.0,2025-06-18,9635
1459,100.0,2025-02-09,5458
1460,100.0,2023-06-03,5474
1461,210.0,2023-08-03,4401
1462,155.0,2025-10-04,8350
1463,210.0,2024-08-05,2298
1464,100.0,2024-01-26,2991
1465,100.0,2025-01-30,7345
1466,155.0,2023-08-20,9099
1467,155.0,2023-09-15,4640
1468,100.0,2024-04-15,8091
1469,210.0,2025-11-22,5664
1470,210.0,2025-08-04,7385
1471,155.0,2023-07-12,8587
1472,210.0,2024-06-14,8763
1473,210.0,2024-07-23,9243
1474,210.0,2025-10-17,6104
1475,210.0,2025-08-14,4180
1476,100.0,2025-12-24,8258
1477,100.0,2025-02-27,6086
1478,155.0,2024-02-20,2092
1479,100.0,2025-11-13,5317
1480,210.0,2023-08-27,9602
1481,155.0,2026-02-17,7387
1482,100.0,2025-10-10,4037
1483,100.0,2024-07-06,9041
1484,155.0,2024-02-22,8651
1485,210.0,2025-06-12,1055
1486,210.0,2024-11-02,3232
1487,210.0,2025-02-13,2607
1488,155.0,2023-12-21,10531
1489,100.0,2023-06-12,9006
1490,210.0,2024-03-16,6044
1491,210.0,2024-12-03,9406
1492,100.0,2024-04-21,9450
1493,155.0,2025-12-25,605
1494,100.0,2023-03-21,3113
1495,155.0,2024-04-02,4935
1496,100.0,2024-08-06,5056
1497,155.0,2025-03-31,3838
1498,100.0,2024-09-05,699
1499,100.0,2023-04-16,6638
1500,100.0,2025-04-23,7208
1501,210.0,2023-11-11,55
1502,155.0,2024-09-14,6330
1503,100.0,2023-08-27,5555
1504,100.0,2023-11-23,10558
1505,210.0,2025-06-28,328
1506,210.0,2026-02-24,9046
1507,100.0,2023-01-16,4956
1508,100.0,2025-01-12,10724
1509,100.0,2024-05-15,5455
1510,155.0,2023-11-15,4326
1511,210.0,2024-02-12,1139
1512,155.0,2025-03-26,10296
1513,210.0,2024-10-07,8733
1514,100.0,2024-10-10,9129
1515,210.0,2024-12-31,1782
1516,100.0,2023-11-19,5569
1517,155.0,2024-10-07,54
1518,210.0,2026-03-08,6799
1519,100.0,2024-05-25,2559
1520,100.0,2024-08-21,8014
1521,155.0,2026-03-29,4934
1522,210.0,2025-11-16,6459
1523,210.0,2024-09-27,9695
1524,100.0,2025-07-27,3924
1525,155.0,2023-03-18,7622
1526,100.0,2023-01-09,7544
1527,155.0,2025-04-03,8863
1528,155.0,2023-05-29,1648
1529,210.0,2024-01-28,10026
1530,210.0,2024-06-25,3254
1531,155.0,2023-06-02,7516
1532,210.0,2025-08-15,2539
1533,100.0,2024-07-01,4032
1534,210.0,2024-05-20,1877
1535,100.0,2024-03-04,5699
1536,155.0,2023-06-25,2726
1537,210.0,2023-11-14,8924
1538,100.0,2023-01-30,6844
1539,210.0,2025-01-28,8309
1540,155.0,2024-12-12,4684
1541,210.0,2026-02-21,6314
1542,155.0,2025-10-04,8609
1543,100.0,2024-11-03,7253
1544,100.0,2025-05-21,8240
1545,155.0,2025-05-06,10980
1546,100.0,2025-03-22,2153
1547,210.0,2023-08-30,2288
1548,100.0,2025-03-19,135
1549,210.0,2024-12-09,10667
1550,155.0,2026-01-24,5429
1551,155.0,2024-01-29,6045
1552,155.0,2025-03-17,9444
1553,155.0,2026-03-21,3533
1554,100.0,2025-07-25,1813
1555,155.0,2024-07-26,4850
1556,100.0,2023-07-08,6043
1557,155.0,2025-12-25,10262
1558,155.0,2024-05-07,8465
1559,100.0,2025-07-24,9311
1560,155.0,2025-12-26,1618
1561,100.0,2023-04-08,8871
1562,210.0,2023-07-15,9485
1563,210.0,2023-10-29,10948
1564,155.0,2025-10-13,8954
1565,155.0,2026-01-11,5356
1566,155.0,2025-01-03,3364
1567,155.0,2025-10-07,5193
1568,210.0,2024-08-17,674
1569,100.0,2025-06-25,7424
1570,155.0,2025-04-28,1134
1571,155.0,2023-12-03,3516
1572,100.0,2025-04-20,6009
1573,155.0,2025-07-01,2903
1574,100.0,2023-09-08,3598
1575,210.0,2023-06-24,3973
1576,155.0,2025-10-02,6949
1577,210.0,2025-05-13,2884
1578,100.0,2024-01-14,745
1579,100.0,2025-07-20,2642
1580,100.0,2025-03-25,3304
1581,100.0,2025-07-22,5925
1582,155.0,2025-06-13,4703
1583,210.0,2023-07-17,2180
1584,155.0,2023-05-09,9688
1585,100.0,2023-01-08,1936
1586,210.0,2023-03-24,4395
1587,155.0,2025-06-07,7146
1588,155.0,2023-10-03,9415
1589,100.0,2023-10-25,7356
1590,100.0,2023-04-23,4374
1591,210.0,2026-01-27,2032
1592,210.0,2023-06-15,4289
1593,210.0,2026-04-15,8593
1594,210.0,2025-05-01,5233
1595,155.0,2023-06-11,3390
1596,210.0,2024-10-14,2625
1597,100.0,2024-11-22,6870
1598,210.0,2026-03-17,1447
1599,100.0,2024-01-21,5178
1600,210.0,2025-02-24,8598
1601,155.0,2026-01-04,3521
1602,100.0,2025-12-01,4532
1603,100.0,2026-01-15,7457
1604,155.0,2024-08-15,4155
1605,100.0,2024-01-13,9513
1606,155.0,2025-03-18,1421
1607,210.0,2025-04-07,5226
1608,100.0,2024-04-09,9572
1609,100.0,2025-05-16,10067
1610,100.0,2024-07-21,387
1611,210.0,2025-02-22,870
1612,210.0,2024-05-11,5575
1613,155.0,2024-04-08,1183
1614,210.0,2024-08-24,512
1615,100.0,2023-03-08,6647
1616,100.0,2023-05-23,2522
1617,210.0,2026-01-20,3363
1618,210.0,2025-10-30,995
1619,100.0,2024-10-12,5155
1620,100.0,2023-01-22,5001
1621,210.0,2024-02-22,10751
1622,155.0,2024-08-05,10591
1623,155.0,2025-09-12,10781
1624,155.0,2025-09-26,613
1625,155.0,2024-11-22,7947
1626,210.0,2026-04-20,4303
1627,155.0,2024-02-23,6074
1628,210.0,2025-10-15,2329
1629,210.0,2025-12-23,5301
1630,155.0,2023-03-11,10186
1631,155.0,2025-06-13,657
1632,155.0,2025-05-29,9902
1633,155.0,2024-12-16,475
1634,210.0,2023-05-05,9101
1635,210.0,2025-03-03,341
1636,100.0,2025-06-17,3475
1637,100.0,2024-02-23,7591
1638,210.0,2025-06-25,4318
1639,210.0,2025-09-23,2893
1640,155.0,2024-07-31,10065
1641,210.0,2025-02-16,9833
1642,155.0,2025-05-04,10422
1643,155.0,2025-07-08,10544
1644,100.0,2024-04-28,5593
1645,210.0,2026-04-23,7600
1646,155.0,2024-04-27,1600
1647,210.0,2026-01-10,7313
1648,210.0,2026-03-23,1876
1649,210.0,2024-04-08,10355
1650,100.0,2024-01-21,266
1651,210.0,2024-01-20,6185
1652,210.0,2026-01-23,6603
1653,100.0,2026-01-14,5654
1654,155.0,2025-12-09,6775
1655,100.0,2025-07-25,2517
1656,100.0,2023-01-04,7046
1657,100.0,2024-12-18,3307
1658,210.0,2025-04-10,1997
1659,210.0,2024-07-26,9839
1660,210.0,2025-12-01,2934
1661,100.0,2024-02-08,689
1662,210.0,2023-03-16,6221
1663,210.0,2024-02-17,7779
1664,155.0,2025-03-06,8664
1665,100.0,2025-11-01,4865
1666,100.0,2024-06-23,6275
1667,100.0,2024-10-31,7056
1668,210.0,2023-10-24,3247
1669,155.0,2024-07-24,1575
1670,100.0,2024-10-01,3014
1671,155.0,2025-05-23,7903
1672,100.0,2025-02-25,10332
1673,210.0,2026-01-24,7376
1674,100.0,2024-07-19,9895
1675,100.0,2024-08-05,8953
1676,100.0,2024-02-07,5635
1677,155.0,2026-02-03,6950
1678,155.0,2026-04-01,2976
1679,210.0,2023-10-07,3644
1680,210.0,2025-09-05,1650
1681,100.0,2023-11-20,2391
1682,100.0,2023-10-18,3682
1683,155.0,2024-02-07,95
1684,100.0,2023-08-08,2271
1685,100.0,2024-09-09,8141
1686,210.0,2024-08-07,10850
1687,100.0,2025-04-19,10071
1688,100.0,2024-11-06,1001
1689,155.0,2024-07-13,6382
1690,100.0,2023-02-24,370
1691,155.0,2025-06-17,5115
1692,210.0,2025-11-07,9593
1693,210.0,2025-03-19,1890
1694,210.0,2025-11-05,4445
1695,155.0,2023-01-06,10128
1696,100.0,2025-09-30,1405
1697,210.0,2023-09-03,5312
1698,155.0,2026-04-25,7362
1699,210.0,2024-01-08,4665
1700,210.0,2025-08-12,1448
1701,210.0,2024-07-09,9727
1702,210.0,2025-09-21,5259
1703,210.0,2024-01-13,535
1704,210.0,2025-05-06,9168
1705,155.0,2025-02-10,10478
1706,155.0,2025-06-16,10515
1707,100.0,2025-11-09,4555
1708,210.0,2024-05-19,10622
1709,210.0,2025-04-28,10217
1710,100.0,2024-02-07,7923
1711,210.0,2025-06-26,2273
1712,210.0,2024-07-16,2822
1713,155.0,2023-08-20,4060
1714,100.0,2023-02-23,2121
1715,155.0,2023-04-27,9551
1716,100.0,2025-03-24,3993
1717,155.0,2025-02-23,4090
1718,100.0,2025-07-27,5728
1719,210.0,2024-05-04,8098
1720,155.0,2025-06-24,423
1721,100.0,2024-04-14,2024
1722,210.0,2023-09-03,990
1723,155.0,2025-07-08,1273
1724,100.0,2025-04-06,3995
1725,155.0,2023-01-21,7768
1726,100.0,2025-09-10,10266
1727,100.0,2023-11-27,10454
1728,210.0,2024-11-07,1078
1729,155.0,2023-10-25,7166
1730,155.0,2024-09-23,8878
1731,155.0,2023-08-19,3766
1732,155.0,2025-04-09,8805
1733,100.0,2025-09-30,9250
1734,100.0,2024-01-25,6088
1735,100.0,2023-12-10,6724
1736,210.0,2025-02-23,5864
1737,210.0,2025-06-17,3901
1738,100.0,2023-03-23,1280
1739,155.0,2023-02-14,10364
1740,210.0,2025-05-21,3520
1741,100.0,2023-10-02,428
1742,155.0,2025-06-03,713
1743,100.0,2026-03-12,7141
1744,210.0,2025-06-18,3035
1745,210.0,2025-06-19,844
1746,210.0,2024-10-07,8826
1747,155.0,2025-10-07,6321
1748,155.0,2024-10-13,4181
1749,155.0,2024-04-16,1291
1750,210.0,2025-06-17,9963
1751,155.0,2023-06-23,9555
1752,155.0,2025-11-11,1033
1753,100.0,2025-01-17,6379
1754,100.0,2024-06-12,4747
1755,155.0,2024-08-30,9429
1756,155.0,2023-10-21,6274
1757,210.0,2023-06-05,3647
1758,100.0,2023-06-29,3340
1759,155.0,2023-10-01,9239
1760,155.0,2023-05-17,4333
1761,210.0,2024-01-22,4694
1762,155.0,2025-11-28,1385
1763,100.0,2024-08-29,1713
1764,100.0,2026-01-31,956
1765,155.0,2025-04-20,7858
1766,100.0,2023-06-14,3190
1767,210.0,2024-10-16,8189
1768,210.0,2025-08-03,1110
1769,155.0,2023-06-11,4846
1770,155.0,2025-11-10,3989
1771,155.0,2023-11-18,3980
1772,210.0,2025-03-19,1627
1773,155.0,2024-11-07,2727
1774,210.0,2024-09-01,10816
1775,210.0,2024-08-01,6901
1776,210.0,2024-03-08,4000
1777,100.0,2024-11-15,8384
1778,210.0,2023-03-19,9376
1779,100.0,2025-12-22,6269
1780,100.0,2023-01-02,5735
1781,155.0,2025-05-31,8010
1782,100.0,2025-06-15,6822
1783,155.0,2023-11-12,7094
1784,155.0,2023-06-06,7260
1785,155.0,2024-11-19,886
1786,155.0,2025-07-07,2993
1787,155.0,2025-08-01,4715
1788,210.0,2026-04-04,1072
1789,155.0,2023-04-24,217
1790,210.0,2024-06-23,4100
1791,155.0,2026-03-21,2093
1792,155.0,2025-04-27,2909
1793,210.0,2025-07-08,4751
1794,100.0,2024-05-30,1910
1795,100.0,2023-11-07,8067
1796,100.0,2024-05-09,8508
1797,155.0,2026-03-04,14
1798,155.0,2024-12-22,4777
1799,210.0,2024-03-24,10778
1800,100.0,2024-01-31,8824
1801,100.0,2025-08-02,1536
1802,210.0,2023-12-08,9778
1803,155.0,2025-04-26,5980
1804,210.0,2026-01-25,2897
1805,210.0,2024-04-27,6544
1806,155.0,2024-11-09,6346
1807,210.0,2024-06-12,2504
1808,100.0,2024-11-18,6954
1809,210.0,2025-08-26,5829
1810,100.0,2023-10-15,3268
1811,100.0,2025-10-09,1786
1812,210.0,2023-10-06,9452
1813,100.0,2023-06-18,5295
1814,155.0,2025-07-16,5424
1815,100.0,2023-03-22,10474
1816,100.0,2023-11-08,1003
1817,155.0,2023-12-16,7036
1818,100.0,2023-07-11,1918
1819,155.0,2023-01-18,9595
1820,155.0,2024-08-05,4415
1821,210.0,2025-09-16,9606
1822,210.0,2025-11-28,10151
1823,100.0,2024-06-12,7925
1824,210.0,2023-01-12,592
1825,100.0,2024-05-11,8302
1826,100.0,2025-07-03,6920
1827,210.0,2024-10-29,8506
1828,155.0,2023-11-27,1020
1829,210.0,2024-03-09,8625
1830,100.0,2023-11-13,1874
1831,210.0,2025-10-18,1781
1832,155.0,2024-04-27,6856
1833,155.0,2024-01-21,3610
1834,210.0,2024-10-04,6531
1835,210.0,2023-10-23,8095
1836,100.0,2026-03-29,7796
1837,210.0,2024-02-17,1343
1838,155.0,2024-01-06,1815
1839,100.0,2025-06-08,4119
1840,100.0,2024-04-08,4769
1841,100.0,2023-10-24,1354
1842,100.0,2026-02-07,2005
1843,210.0,2024-08-07,10766
1844,155.0,2024-10-14,2296
1845,155.0,2026-03-09,7974
1846,155.0,2025-02-11,6026
1847,210.0,2025-10-17,6728
1848,155.0,2025-04-25,1549
1849,100.0,2025-04-21,8138
1850,155.0,2025-11-26,7885
1851,155.0,2024-04-18,6038
1852,155.0,2023-05-17,2306
1853,100.0,2025-08-27,6981
1854,155.0,2024-08-05,3237
1855,155.0,2025-06-01,5341
1856,155.0,2025-09-24,6223
1857,155.0,2025-06-28,5220
1858,210.0,2024-12-23,831
1859,155.0,2023-04-23,9288
1860,155.0,2023-03-07,8510
1861,155.0,2023-09-27,1495
1862,100.0,2026-02-25,7789
1863,210.0,2025-11-05,5244
1864,100.0,2026-04-02,3656
1865,100.0,2024-06-09,8214
1866,100.0,2025-05-25,3837
1867,210.0,2023-09-27,9448
1868,210.0,2025-01-02,5224
1869,100.0,2023-09-14,4472
1870,155.0,2026-01-18,8654
1871,155.0,2025-01-18,7015
1872,210.0,2025-11-05,3323
1873,100.0,2025-04-26,2091
1874,210.0,2023-05-22,1408
1875,155.0,2025-07-25,9605
1876,100.0,2023-12-07,6675
1877,155.0,2025-03-04,514
1878,210.0,2023-03-08,1161
1879,100.0,2023-03-01,6385
1880,155.0,2023-01-22,9242
1881,210.0,2025-12-02,5510
1882,155.0,2025-06-04,6748
1883,100.0,2025-06-22,3215
1884,155.0,2023-09-19,8861
1885,210.0,2026-03-07,260
1886,210.0,2024-03-21,6975
1887,100.0,2025-11-20,3831
1888,155.0,2025-11-02,1579
1889,210.0,2024-08-26,417
1890,155.0,2025-11-25,189
1891,210.0,2023-05-09,662
1892,100.0,2024-10-01,9292
1893,100.0,2025-07-28,1942
1894,210.0,2025-07-10,2484
1895,155.0,2025-10-30,1820
1896,100.0,2024-12-27,892
1897,210.0,2024-02-21,4802
1898,155.0,2023-09-20,5842
1899,155.0,2024-12-24,515
1900,155.0,2023-03-22,2503
1901,100.0,2025-03-10,74
1902,155.0,2025-04-26,6304
1903,210.0,2023-07-07,10118
1904,210.0,2023-01-03,2026
1905,155.0,2024-09-17,9018
1906,155.0,2025-09-02,10295
1907,210.0,2026-01-29,4369
1908,155.0,2023-01-25,4538
1909,100.0,2023-07-01,4361
1910,210.0,2024-06-10,3532
1911,210.0,2025-06-27,6401
1912,100.0,2025-07-06,497
1913,210.0,2024-04-05,9957
1914,210.0,2025-08-17,2707
1915,210.0,2025-06-11,363
1916,210.0,2025-07-02,9132
1917,100.0,2024-11-25,7277
1918,155.0,2023-10-27,8748
1919,100.0,2023-07-18,827
1920,210.0,2025-05-16,7054
1921,210.0,2024-01-17,8543
1922,155.0,2024-01-09,4701
1923,210.0,2024-02-23,8290
1924,100.0,2025-11-20,1487
1925,155.0,2025-07-16,3556
1926,100.0,2025-04-12,5521
1927,155.0,2026-03-16,756
1928,100.0,2024-07-25,816
1929,155.0,2024-10-25,595
1930,155.0,2026-01-08,1191
1931,210.0,2025-08-08,10555
1932,155.0,2024-09-30,9793
1933,100.0,2023-06-20,1603
1934,210.0,2024-09-11,826
1935,155.0,2025-02-01,9194
1936,155.0,2024-09-09,10016
1937,100.0,2023-11-05,7755
1938,100.0,2025-04-20,9102
1939,155.0,2024-05-16,3727
1940,155.0,2023-01-04,1967
1941,155.0,2025-08-21,3911
1942,100.0,2025-01-28,7612
1943,210.0,2025-12-16,1006
1944,210.0,2023-08-24,10538
1945,210.0,2023-09-09,1576
1946,210.0,2023-10-31,7004
1947,100.0,2025-11-24,3977
1948,100.0,2023-05-09,7560
1949,100.0,2023-08-09,7248
1950,100.0,2026-04-09,7780
1951,100.0,2025-10-23,8832
1952,100.0,2023-10-08,10865
1953,100.0,2023-01-22,2981
1954,100.0,2026-01-11,2791
1955,155.0,2024-10-04,7797
1956,210.0,2025-03-13,3515
1957,155.0,2023-01-17,1150
1958,155.0,2023-12-14,4880
1959,155.0,2023-06-22,2828
1960,210.0,2023-12-17,8809
1961,210.0,2023-11-26,10552
1962,210.0,2024-03-11,2086
1963,155.0,2024-10-03,3314
1964,210.0,2023-06-09,7083
1965,210.0,2025-03-17,5631
1966,155.0,2023-07-21,2168
1967,210.0,2025-09-29,6051
1968,155.0,2026-02-14,986
1969,100.0,2023-03-04,10351
1970,155.0,2023-08-11,9754
1971,155.0,2023-04-17,2593
1972,155.0,2024-01-16,142
1973,155.0,2023-05-10,7195
1974,100.0,2025-01-31,7617
1975,155.0,2025-08-04,1093
1976,100.0,2024-05-27,1950
1977,100.0,2024-05-11,1745
1978,100.0,2025-03-03,6023
1979,100.0,2024-05-11,7759
1980,155.0,2025-06-09,3910
1981,100.0,2023-08-04,10676
1982,100.0,2025-12-24,5733
1983,155.0,2026-03-30,10982
1984,100.0,2023-09-28,3581
1985,210.0,2024-01-12,7529
1986,210.0,2025-04-04,3827
1987,155.0,2023-11-16,8540
1988,155.0,2025-03-20,3935
1989,100.0,2023-06-20,9694
1990,100.0,2023-04-22,316
1991,100.0,2023-06-10,3763
1992,210.0,2023-05-02,7308
1993,100.0,2024-03-10,9559
1994,100.0,2025-12-20,9152
1995,100.0,2024-03-13,4647
1996,100.0,2026-02-08,1641
1997,100.0,2025-09-08,4615
1998,100.0,2024-10-31,7191
1999,210.0,2025-11-15,4854
2000,155.0,2023-05-21,7877
2001,100.0,2026-01-03,3998
2002,155.0,2024-05-13,3823
2003,210.0,2025-01-01,8354
2004,155.0,2024-02-15,4809
2005,100.0,2024-07-13,4608
2006,100.0,2024-09-25,7782
2007,210.0,2024-09-14,3528
2008,100.0,2023-03-01,2673
2009,100.0,2023-05-24,8774
2010,100.0,2024-07-18,9767
2011,100.0,2024-03-11,7634
2012,155.0,2025-05-09,1238
2013,210.0,2025-12-27,1143
2014,155.0,2024-01-27,3294
2015,100.0,2025-02-09,6403
2016,155.0,2026-01-09,1607
2017,100.0,2024-02-20,4070
2018,210.0,2026-03-03,2584
2019,155.0,2025-11-28,3863
2020,155.0,2025-10-23,7309
2021,100.0,2024-01-31,7910
2022,155.0,2025-07-11,3628
2023,155.0,2025-10-04,306
2024,210.0,2023-12-09,1394
2025,100.0,2023-06-26,2804
2026,155.0,2025-11-23,8705
2027,155.0,2023-08-27,980
2028,100.0,2025-04-28,219
2029,100.0,2025-03-20,7641
2030,155.0,2026-01-21,5974
2031,100.0,2023-12-31,9462
2032,210.0,2025-12-01,8193
2033,100.0,2024-08-16,5918
2034,210.0,2024-04-17,1547
2035,210.0,2024-06-05,8103
2036,210.0,2024-02-12,2966
2037,100.0,2023-07-06,8108
2038,210.0,2025-03-28,566
2039,210.0,2025-02-02,7218
2040,155.0,2025-10-18,6018
2041,210.0,2024-02-22,4876
2042,210.0,2023-06-06,5928
2043,100.0,2023-03-12,6768
2044,210.0,2024-06-29,9840
2045,210.0,2023-10-15,3032
2046,155.0,2023-01-27,282
2047,100.0,2024-02-23,6027
2048,210.0,2024-08-30,5938
2049,210.0,2023-01-11,8176
2050,210.0,2024-07-26,9110
2051,210.0,2024-07-19,4636
2052,210.0,2024-09-03,9022
2053,100.0,2025-02-16,8635
2054,155.0,2023-12-11,7604
2055,155.0,2023-08-01,3662
2056,100.0,2026-02-10,1732
2057,100.0,2023-12-04,8998
2058,100.0,2023-09-09,1700
2059,155.0,2025-02-21,6263
2060,210.0,2024-02-11,10377
2061,210.0,2023-02-10,7250
2062,155.0,2023-02-21,7595
2063,210.0,2025-10-14,2914
2064,100.0,2024-01-29,548
2065,210.0,2026-03-31,6692
2066,100.0,2025-11-20,7823
2067,155.0,2024-08-30,7981
2068,155.0,2024-09-01,3904
2069,155.0,2024-07-24,8830
2070,100.0,2025-06-23,1970
2071,155.0,2023-05-15,10817
2072,210.0,2024-04-04,2681
2073,100.0,2024-07-04,3567
2074,100.0,2025-12-15,10987
2075,155.0,2025-02-20,8551
2076,210.0,2024-06-07,2716
2077,155.0,2026-03-13,9803
2078,100.0,2025-09-27,2590
2079,210.0,2024-01-11,2444
2080,210.0,2024-09-27,6306
2081,210.0,2023-01-04,6833
2082,100.0,2024-05-24,8849
2083,155.0,2025-12-10,4678
2084,100.0,2024-07-21,6393
2085,100.0,2025-09-03,9762
2086,100.0,2024-06-05,8213
2087,210.0,2025-04-11,3041
2088,210.0,2024-08-22,4271
2089,210.0,2024-12-23,1292
2090,155.0,2023-05-27,5281
2091,100.0,2023-06-15,5719
2092,155.0,2025-10-17,9901
2093,155.0,2023-08-26,10462
2094,100.0,2025-03-04,7620
2095,210.0,2025-02-17,6305
2096,100.0,2023-10-31,2361
2097,100.0,2023-01-06,9388
2098,155.0,2023-11-06,7416
2099,155.0,2025-01-09,7933
2100,155.0,2024-05-16,6034
2101,100.0,2025-07-18,1850
2102,210.0,2024-09-06,6069
2103,100.0,2023-12-25,8758
2104,210.0,2025-07-31,10455
2105,210.0,2024-06-04,3046
2106,210.0,2026-03-13,5439
2107,210.0,2023-08-21,7953
2108,100.0,2023-10-07,9365
2109,155.0,2023-07-25,3679
2110,210.0,2023-07-21,1554
2111,155.0,2023-12-21,5194
2112,100.0,2023-02-02,8372
2113,210.0,2023-09-28,10530
2114,100.0,2025-10-25,4697
2115,100.0,2024-12-21,5923
2116,210.0,2024-11-05,10463
2117,210.0,2025-07-02,9740
2118,155.0,2025-01-20,393
2119,210.0,2025-02-08,6568
2120,100.0,2024-01-01,9527
2121,155.0,2023-07-07,3426
2122,100.0,2026-01-30,3912
2123,155.0,2023-03-24,1251
2124,155.0,2023-09-24,5660
2125,155.0,2023-01-30,9507
2126,100.0,2026-04-13,4738
2127,100.0,2025-03-03,4062
2128,100.0,2024-07-20,6397
2129,100.0,2024-02-10,6648
2130,100.0,2025-01-28,5074
2131,155.0,2025-05-16,8710
2132,100.0,2025-03-27,6001
2133,155.0,2024-12-02,9413
2134,100.0,2025-04-09,1934
2135,100.0,2023-11-04,9711
2136,155.0,2024-05-05,4027
2137,100.0,2025-01-10,5094
2138,100.0,2025-09-13,8383
2139,155.0,2024-06-12,10669
2140,100.0,2025-07-26,1155
2141,155.0,2024-09-29,587
2142,210.0,2025-09-05,4092
2143,100.0,2026-04-04,4214
2144,100.0,2024-05-06,9170
2145,155.0,2024-05-07,6150
2146,100.0,2024-11-14,6881
2147,155.0,2024-09-11,5414
2148,155.0,2025-06-23,10553
2149,100.0,2025-12-23,5138
2150,210.0,2024-07-09,6362
2151,155.0,2025-12-25,2320
2152,100.0,2024-05-18,1924
2153,210.0,2024-01-07,1825
2154,155.0,2026-01-27,8250
2155,155.0,2024-09-30,9525
2156,100.0,2024-02-03,5423
2157,155.0,2023-07-16,7846
2158,100.0,2026-03-09,326
2159,155.0,2023-01-11,8825
2160,155.0,2023-04-02,8665
2161,100.0,2023-12-26,2249
2162,100.0,2026-02-14,2567
2163,155.0,2023-09-29,5471
2164,100.0,2023-09-21,2464
2165,100.0,2025-09-19,1534
2166,155.0,2026-04-04,4151
2167,100.0,2023-11-15,6764
2168,210.0,2025-02-21,3851
2169,100.0,2025-01-26,6831
2170,155.0,2026-02-27,744
2171,210.0,2024-10-05,9914
2172,210.0,2023-11-17,10363
2173,100.0,2023-05-09,10808
2174,210.0,2024-07-27,2015
2175,155.0,2023-07-18,4928
2176,155.0,2025-11-15,7472
2177,100.0,2026-04-01,10453
2178,155.0,2026-02-07,6526
2179,155.0,2025-01-04,7579
2180,210.0,2024-08-25,7243
2181,210.0,2024-10-01,3173
2182,210.0,2025-12-04,1372
2183,155.0,2025-08-11,1776
2184,210.0,2024-06-27,1676
2185,155.0,2023-05-22,2205
2186,100.0,2023-10-30,10112
2187,100.0,2024-03-19,8106
2188,155.0,2024-10-23,10075
2189,100.0,2023-01-02,7684
2190,100.0,2023-11-16,3787
2191,155.0,2024-09-26,8030
2192,100.0,2025-02-12,1177
2193,155.0,2024-01-04,5668
2194,100.0,2024-08-18,10566
2195,210.0,2024-07-11,2010
2196,210.0,2023-12-16,2457
2197,210.0,2025-05-04,1326
2198,155.0,2025-06-27,4470
2199,210.0,2025-10-20,10328
2200,210.0,2026-03-11,2763
2201,155.0,2024-06-27,8798
2202,155.0,2024-01-14,6290
2203,100.0,2024-05-18,10792
2204,100.0,2025-04-20,7740
2205,100.0,2026-03-24,586
2206,100.0,2024-05-25,7827
2207,155.0,2024-03-08,7002
2208,155.0,2025-08-08,953
2209,210.0,2024-02-28,2794
2210,155.0,2023-12-18,7434
2211,155.0,2025-02-11,6299
2212,100.0,2026-01-13,4572
2213,155.0,2023-10-06,1528
2214,210.0,2026-02-02,4867
2215,100.0,2024-05-11,4010
2216,100.0,2026-03-15,765
2217,100.0,2025-01-13,10193
2218,210.0,2025-12-08,4118
2219,155.0,2025-03-02,10499
2220,100.0,2023-11-05,8472
2221,100.0,2023-05-07,5812
2222,100.0,2024-10-12,9235
2223,100.0,2025-05-18,1149
2224,100.0,2023-07-13,3290
2225,100.0,2023-02-23,1306
2226,100.0,2023-07-26,1450
2227,100.0,2024-11-15,2207
2228,155.0,2023-04-30,9158
2229,100.0,2023-03-16,4371
2230,155.0,2025-08-05,10826
2231,155.0,2025-05-29,1461
2232,155.0,2025-02-18,7678
2233,155.0,2024-04-21,8183
2234,210.0,2025-09-23,4577
2235,155.0,2024-10-08,4428
2236,100.0,2024-12-24,3151
2237,155.0,2024-03-07,10205
2238,100.0,2025-01-18,7841
2239,155.0,2025-08-11,9938
2240,210.0,2026-01-14,1198
2241,100.0,2024-07-22,9083
2242,100.0,2025-11-19,3315
2243,100.0,2025-01-30,3510
2244,100.0,2024-07-10,10431
2245,210.0,2025-08-05,5195
2246,210.0,2023-11-08,4983
2247,100.0,2023-01-25,5493
2248,100.0,2024-03-09,2667
2249,210.0,2023-11-05,7388
2250,210.0,2023-02-23,4359
2251,100.0,2026-02-03,10096
2252,210.0,2023-07-07,4211
2253,210.0,2023-02-12,2177
2254,210.0,2024-10-13,10123
2255,155.0,2023-12-03,6641
2256,155.0,2024-10-18,9538
2257,100.0,2023-10-07,2826
2258,155.0,2023-11-18,2277
2259,100.0,2023-09-03,3263
2260,210.0,2025-10-20,8419
2261,210.0,2024-10-23,771
2262,210.0,2025-07-27,2233
2263,100.0,2024-08-03,9953
2264,155.0,2026-02-19,2209
2265,210.0,2025-12-16,1892
2266,100.0,2025-06-18,511
2267,100.0,2024-06-30,4488
2268,100.0,2025-03-25,9357
2269,100.0,2025-11-01,3114
2270,210.0,2025-01-20,5440
2271,155.0,2025-02-13,4259
2272,210.0,2023-01-02,8400
2273,210.0,2024-06-10,8321
2274,100.0,2024-08-19,7338
2275,155.0,2023-05-08,3846
2276,210.0,2023-10-17,1096
2277,210.0,2023-09-07,4171
2278,210.0,2023-04-04,240
2279,155.0,2024-05-02,2397
2280,100.0,2024-12-21,8947
2281,210.0,2024-02-14,9881
2282,155.0,2023-12-31,8245
2283,210.0,2023-06-10,10464
2284,155.0,2023-05-15,4512
2285,155.0,2025-06-11,1669
2286,210.0,2024-02-25,5182
2287,210.0,2023-07-09,7817
2288,210.0,2024-12-23,8701
2289,155.0,2025-02-10,8116
2290,155.0,2025-03-06,4275
2291,155.0,2023-10-26,4676
2292,155.0,2023-12-04,6556
2293,100.0,2023-10-27,1758
2294,210.0,2023-06-05,10231
2295,210.0,2024-05-15,367
2296,210.0,2023-07-04,7086
2297,210.0,2023-12-22,2151
2298,100.0,2024-08-08,10467
2299,210.0,2023-02-02,9981
2300,210.0,2024-08-19,4028
2301,210.0,2023-06-24,7170
2302,155.0,2026-02-11,5819
2303,100.0,2024-09-15,7614
2304,210.0,2023-03-04,10621
2305,210.0,2024-09-21,3336
2306,155.0,2023-02-25,1993
2307,155.0,2025-01-18,1413
2308,210.0,2026-03-13,3068
2309,100.0,2024-01-26,1855
2310,210.0,2025-04-12,5657
2311,100.0,2023-06-08,7674
2312,155.0,2023-09-27,2456
2313,155.0,2024-06-14,1208
2314,100.0,2026-02-18,4643
2315,155.0,2025-09-18,7366
2316,100.0,2025-11-03,5050
2317,100.0,2024-02-20,9627
2318,210.0,2024-10-05,9870
2319,210.0,2024-06-22,8563
2320,155.0,2025-06-18,8667
2321,210.0,2024-09-14,10414
2322,155.0,2025-08-17,508
2323,100.0,2023-06-12,9059
2324,210.0,2025-01-05,7142
2325,210.0,2025-09-29,7863
2326,210.0,2023-09-12,3530
2327,155.0,2024-05-08,6704
2328,210.0,2024-09-24,3793
2329,155.0,2024-01-22,2613
2330,155.0,2026-03-26,10903
2331,210.0,2025-04-02,2143
2332,155.0,2023-05-03,3253
2333,210.0,2024-10-16,10276
2334,100.0,2025-03-06,6597
2335,155.0,2024-12-17,10340
2336,155.0,2023-05-30,9783
2337,100.0,2024-12-16,4787
2338,100.0,2023-06-26,8982
2339,210.0,2025-05-07,8134
2340,210.0,2023-10-04,7581
2341,100.0,2024-11-18,1621
2342,155.0,2026-01-11,9690
2343,155.0,2025-03-07,10183
2344,210.0,2024-08-17,4356
2345,155.0,2023-08-01,9958
2346,100.0,2024-10-09,8374
2347,155.0,2024-09-18,10791
2348,210.0,2023-03-03,631
2349,155.0,2025-07-22,4965
2350,100.0,2025-01-11,8704
2351,155.0,2026-01-07,4292
2352,100.0,2024-05-11,2308
2353,100.0,2024-05-02,1213
2354,100.0,2023-01-11,194
2355,100.0,2025-05-26,8773
2356,210.0,2023-04-22,8185
2357,210.0,2025-12-26,5025
2358,100.0,2024-07-24,5911
2359,100.0,2023-02-10,7868
2360,210.0,2026-04-10,10902
2361,155.0,2025-08-19,6826
2362,210.0,2024-01-30,950
2363,100.0,2025-11-02,1982
2364,155.0,2023-11-07,764
2365,210.0,2023-10-12,4527
2366,210.0,2025-07-13,5792
2367,155.0,2023-12-08,284
2368,155.0,2023-02-08,3584
2369,155.0,2025-06-19,8818
2370,155.0,2026-03-14,4717
2371,210.0,2025-05-14,2358
2372,100.0,2024-03-13,5418
2373,210.0,2026-04-29,101
2374,210.0,2023-11-08,10098
2375,100.0,2023-10-19,10938
2376,155.0,2025-09-16,2807
2377,100.0,2026-03-24,2101
2378,155.0,2023-02-07,8443
2379,100.0,2023-02-14,9668
2380,155.0,2025-03-24,943
2381,155.0,2024-08-14,2860
2382,100.0,2023-06-07,6605
2383,155.0,2023-12-29,854
2384,210.0,2024-03-25,8088
2385,210.0,2024-08-19,6746
2386,100.0,2023-10-06,2524
2387,155.0,2023-09-23,244
2388,210.0,2024-08-10,6820
2389,210.0,2023-09-11,7399
2390,155.0,2024-05-02,1068
2391,100.0,2023-05-19,8114
2392,100.0,2023-08-06,5642
2393,100.0,2025-08-23,5986
2394,100.0,2025-01-02,8775
2395,210.0,2024-04-13,4376
2396,155.0,2025-11-18,5591
2397,210.0,2025-12-04,2154
2398,100.0,2024-08-15,8655
2399,210.0,2024-11-01,4284
2400,100.0,2025-05-03,6062
2401,155.0,2024-07-21,6281
2402,155.0,2024-01-13,9857
2403,100.0,2023-12-19,2257
2404,155.0,2024-01-06,7557
2405,210.0,2025-12-28,8148
2406,210.0,2023-10-16,6769
2407,210.0,2023-12-08,6925
2408,100.0,2024-11-08,7489
2409,210.0,2025-11-13,8042
2410,100.0,2023-11-25,2465
2411,210.0,2024-02-02,1172
2412,210.0,2023-08-16,9791
2413,155.0,2025-10-31,3419
2414,210.0,2024-03-10,9805
2415,155.0,2024-09-18,225
2416,155.0,2024-12-19,9932
2417,155.0,2026-04-07,8223
2418,100.0,2024-12-29,10008
2419,155.0,2023-02-13,3582
2420,155.0,2024-11-08,724
2421,100.0,2024-09-18,3166
2422,155.0,2024-10-01,7803
2423,155.0,2024-01-05,3485
2424,155.0,2025-09-09,4213
2425,100.0,2024-09-18,2659
2426,155.0,2024-01-28,1931
2427,100.0,2023-01-31,10317
2428,100.0,2025-10-04,8503
2429,100.0,2023-07-30,6093
2430,155.0,2024-01-23,5996
2431,100.0,2024-08-08,10144
2432,100.0,2026-04-01,8073
2433,155.0,2025-03-01,1690
2434,155.0,2025-05-15,10427
2435,100.0,2024-04-27,5321
2436,210.0,2026-03-21,971
2437,100.0,2024-05-20,7117
2438,210.0,2023-10-02,1979
2439,100.0,2025-12-03,5288
2440,210.0,2024-10-17,10429
2441,210.0,2023-12-18,8438
2442,155.0,2026-03-13,719
2443,100.0,2025-06-29,1537
2444,100.0,2025-11-14,835
2445,210.0,2024-11-09,5249
2446,100.0,2025-11-29,5673
2447,210.0,2023-03-12,7404
2448,155.0,2023-04-26,8820
2449,155.0,2023-05-02,5075
2450,155.0,2023-02-01,5590
2451,155.0,2024-03-08,4124
2452,210.0,2023-01-16,4088
2453,210.0,2025-01-14,3404
2454,210.0,2024-09-07,7956
2455,100.0,2026-01-22,192
2456,155.0,2026-01-04,2182
2457,155.0,2025-11-21,718
2458,155.0,2025-05-03,6218
2459,100.0,2025-08-03,5330
2460,100.0,2023-12-12,2510
2461,155.0,2024-10-25,78
2462,210.0,2023-04-17,9950
2463,155.0,2023-08-30,5756
2464,210.0,2025-03-18,6564
2465,155.0,2024-05-13,813
2466,100.0,2023-01-15,4523
2467,210.0,2024-10-26,1643
2468,100.0,2025-10-13,8793
2469,100.0,2023-02-18,1717
2470,155.0,2023-01-18,6929
2471,155.0,2023-04-09,9802
2472,155.0,2026-01-20,7807
2473,100.0,2024-02-20,8316
2474,155.0,2026-03-15,9032
2475,210.0,2023-12-09,2749
2476,210.0,2024-04-10,9943
2477,210.0,2026-03-19,9484
2478,155.0,2023-04-29,8177
2479,155.0,2024-12-06,6943
2480,210.0,2024-04-18,8071
2481,155.0,2023-04-12,546
2482,210.0,2025-09-30,8121
2483,100.0,2026-01-03,538
2484,210.0,2023-09-18,10384
2485,100.0,2024-05-15,10887
2486,100.0,2026-01-16,7983
2487,155.0,2024-09-23,10483
2488,210.0,2025-01-31,9986
2489,100.0,2024-06-04,8257
2490,210.0,2023-01-14,10961
2491,155.0,2023-09-05,3933
2492,155.0,2025-12-05,9537
2493,155.0,2026-03-23,407
2494,155.0,2023-05-23,10717
2495,155.0,2025-11-20,4502
2496,155.0,2024-07-25,7379
2497,100.0,2025-03-27,2651
2498,210.0,2024-11-20,9107
2499,100.0,2023-01-18,5674
2500,210.0,2023-09-25,10954
2501,100.0,2025-11-01,8334
2502,100.0,2025-12-19,4573
2503,155.0,2025-10-16,234
2504,100.0,2023-03-20,9693
2505,100.0,2025-06-28,1843
2506,210.0,2025-12-09,8706
2507,100.0,2023-11-20,10571
2508,210.0,2023-05-11,4878
2509,210.0,2025-08-01,761
2510,210.0,2023-12-12,4812
2511,210.0,2024-07-01,8263
2512,100.0,2023-04-11,7149
2513,100.0,2024-07-03,3486
2514,155.0,2024-04-29,988
2515,100.0,2024-08-13,1581
2516,210.0,2024-03-26,1469
2517,210.0,2023-10-17,9723
2518,155.0,2023-11-03,5618
2519,155.0,2025-01-22,1503
2520,155.0,2025-07-16,3733
2521,100.0,2025-03-09,10164
2522,210.0,2024-03-18,4308
2523,155.0,2024-02-12,3843
2524,100.0,2026-03-29,8444
2525,210.0,2026-02-11,4216
2526,155.0,2024-02-09,8713
2527,100.0,2026-01-22,6983
2528,100.0,2025-03-31,10509
2529,100.0,2026-03-20,5006
2530,100.0,2023-09-05,232
2531,210.0,2024-09-03,2294
2532,155.0,2026-01-14,8693
2533,210.0,2025-04-11,5659
2534,100.0,2023-06-13,4107
2535,100.0,2026-01-25,6664
2536,100.0,2024-10-20,9721
2537,100.0,2023-11-13,8111
2538,210.0,2024-06-03,2639
2539,210.0,2024-07-31,9245
2540,155.0,2023-12-28,4085
2541,210.0,2025-04-03,6136
2542,210.0,2023-06-17,9891
2543,100.0,2025-11-10,4940
2544,155.0,2024-01-27,9743
2545,155.0,2024-01-25,5977
2546,210.0,2026-01-14,3181
2547,210.0,2025-03-09,435
2548,210.0,2024-12-17,7103
2549,210.0,2024-11-04,1472
2550,100.0,2025-01-22,5646
2551,155.0,2024-05-15,8707
2552,100.0,2025-02-06,2883
2553,210.0,2023-01-26,1195
2554,155.0,2023-04-02,1140
2555,155.0,2024-12-02,5694
2556,155.0,2024-09-21,5059
2557,155.0,2026-04-12,706
2558,100.0,2025-08-15,7957
2559,155.0,2024-10-07,6519
2560,155.0,2023-07-06,5632
2561,155.0,2024-05-28,3648
2562,155.0,2024-03-12,982
2563,155.0,2023-03-17,10563
2564,155.0,2026-03-28,5978
2565,210.0,2023-05-02,7695
2566,155.0,2024-06-27,667
2567,155.0,2023-03-31,5567
2568,100.0,2024-11-15,10663
2569,210.0,2023-07-03,1842
2570,100.0,2023-02-16,961
2571,210.0,2024-02-25,10537
2572,100.0,2025-01-21,1409
2573,155.0,2023-04-14,5823
2574,155.0,2024-01-20,9145
2575,100.0,2024-04-07,5785
2576,100.0,2026-03-06,1699
2577,210.0,2025-05-28,5181
2578,210.0,2025-07-30,8287
2579,100.0,2024-02-06,9569
2580,210.0,2023-11-09,3962
2581,100.0,2023-06-27,200
2582,155.0,2023-11-21,6739
2583,100.0,2025-05-13,5286
2584,210.0,2023-09-06,10292
2585,100.0,2024-04-11,7285
2586,100.0,2024-06-22,3895
2587,100.0,2024-10-23,7381
2588,100.0,2023-12-15,2758
2589,100.0,2023-08-07,147
2590,210.0,2025-05-09,6798
2591,155.0,2023-11-11,5320
2592,210.0,2023-03-01,600
2593,100.0,2026-02-15,10779
2594,100.0,2023-11-29,6584
2595,100.0,2023-02-13,8034
2596,155.0,2026-04-29,3403
2597,155.0,2024-10-23,3188
2598,100.0,2024-03-03,913
2599,100.0,2023-08-18,6267
2600,210.0,2025-06-18,139
2601,210.0,2026-02-12,6532
2602,155.0,2024-12-27,8368
2603,100.0,2025-01-25,8118
2604,155.0,2024-01-10,7528
2605,100.0,2023-09-19,2066
2606,100.0,2024-05-28,3306
2607,155.0,2025-05-14,8024
2608,100.0,2024-01-07,9091
2609,100.0,2023-06-21,9360
2610,100.0,2026-03-22,10659
2611,155.0,2023-02-08,1178
2612,210.0,2025-08-19,10289
2613,155.0,2025-12-07,8839
2614,155.0,2023-11-22,6065
2615,100.0,2025-02-27,9085
2616,100.0,2024-10-12,7919
2617,100.0,2024-05-12,7652
2618,210.0,2024-09-25,1691
2619,155.0,2023-10-03,10064
2620,155.0,2024-11-20,10802
2621,100.0,2023-07-13,5720
2622,155.0,2026-02-14,2641
2623,210.0,2024-05-17,5020
2624,100.0,2026-01-29,10640
2625,155.0,2026-01-30,9183
2626,155.0,2023-07-25,10518
2627,100.0,2025-04-22,5904
2628,210.0,2026-02-10,4686
2629,155.0,2024-03-16,2666
2630,210.0,2025-04-25,2476
2631,155.0,2024-01-05,1679
2632,100.0,2026-03-02,9195
2633,155.0,2024-06-04,5896
2634,100.0,2024-05-29,3749
2635,155.0,2024-07-15,3002
2636,210.0,2024-12-17,7791
2637,155.0,2026-03-08,10939
2638,155.0,2023-01-25,9893
2639,210.0,2024-04-25,6588
2640,155.0,2025-09-16,3165
2641,100.0,2026-04-23,5786
2642,100.0,2024-07-31,8222
2643,100.0,2025-05-17,2663
2644,100.0,2025-10-30,10228
2645,210.0,2026-03-13,1881
2646,100.0,2026-02-24,3399
2647,155.0,2024-08-01,7287
2648,100.0,2025-09-07,7763
2649,155.0,2023-01-30,288
2650,155.0,2024-07-28,9033
2651,100.0,2025-05-16,5612
2652,210.0,2023-10-22,6730
2653,155.0,2023-06-12,3168
2654,155.0,2023-08-14,4
2655,100.0,2024-04-09,1977
2656,210.0,2025-07-17,2218
2657,155.0,2025-11-25,890
2658,100.0,2025-04-02,4725
2659,100.0,2023-03-08,2555
2660,210.0,2025-12-12,7014
2661,100.0,2024-11-11,274
2662,100.0,2025-12-05,9775
2663,210.0,2025-07-09,8627
2664,155.0,2024-12-17,6470
2665,100.0,2025-06-11,630
2666,155.0,2023-01-05,4087
2667,100.0,2024-03-24,252
2668,155.0,2023-10-07,2686
2669,100.0,2025-01-14,4452
2670,100.0,2025-10-25,6309
2671,210.0,2025-12-02,6930
2672,100.0,2024-01-03,9320
2673,210.0,2024-05-15,8996
2674,210.0,2025-06-13,4101
2675,155.0,2024-06-18,626
2676,210.0,2023-09-30,5565
2677,155.0,2024-10-17,6253
2678,155.0,2025-01-16,5933
2679,100.0,2025-06-19,678
2680,155.0,2023-06-13,2699
2681,155.0,2024-04-10,1434
2682,210.0,2023-03-09,2649
2683,155.0,2026-01-02,1328
2684,155.0,2024-01-21,7091
2685,100.0,2023-05-11,648
2686,100.0,2025-11-24,10565
2687,100.0,2023-04-07,6757
2688,100.0,2024-01-30,1015
2689,100.0,2023-02-10,4848
2690,210.0,2024-07-12,7157
2691,210.0,2024-12-24,3805
2692,100.0,2025-10-19,10052
2693,155.0,2025-03-16,7878
2694,100.0,2026-01-11,6238
2695,155.0,2024-05-21,8244
2696,100.0,2025-04-02,6121
2697,210.0,2026-03-09,8697
2698,100.0,2023-03-12,1148
2699,155.0,2023-01-25,10040
2700,155.0,2024-02-10,8602
2701,210.0,2026-04-06,5662
2702,210.0,2024-08-04,9592
2703,155.0,2023-11-15,58
2704,155.0,2025-11-26,967
2705,155.0,2025-06-03,7336
2706,210.0,2023-04-08,1443
2707,210.0,2023-07-11,5773
2708,155.0,2024-12-28,2376
2709,100.0,2025-02-22,10581
2710,210.0,2024-09-25,4281
2711,155.0,2024-04-14,9935
2712,155.0,2023-01-02,2548
2713,210.0,2024-02-24,4012
2714,155.0,2025-03-02,3853
2715,100.0,2025-11-18,5127
2716,210.0,2023-09-24,8528
2717,210.0,2024-10-19,205
2718,100.0,2023-10-01,343
2719,155.0,2023-08-31,5707
2720,210.0,2024-04-24,6541
2721,100.0,2026-03-22,10343
2722,155.0,2023-11-11,8736
2723,100.0,2024-05-27,10087
2724,155.0,2024-09-22,1485
2725,210.0,2023-08-16,2104
2726,210.0,2024-12-02,7786
2727,210.0,2025-03-18,6376
2728,155.0,2024-03-01,8937
2729,155.0,2023-06-20,10692
2730,210.0,2025-07-13,9081
2731,210.0,2026-02-01,10820
2732,210.0,2024-01-31,5870
2733,100.0,2025-04-25,4776
2734,155.0,2023-12-06,3148
2735,155.0,2026-02-14,10847
2736,210.0,2023-06-16,10486
2737,155.0,2024-05-02,134
2738,100.0,2024-02-13,8303
2739,100.0,2025-04-26,4039
2740,100.0,2025-08-11,4596
2741,210.0,2024-11-03,5648
2742,210.0,2026-04-14,3919
2743,210.0,2025-12-17,8845
2744,155.0,2026-04-09,2531
2745,100.0,2024-10-06,8679
2746,155.0,2023-07-05,6504
2747,100.0,2025-03-05,6141
2748,155.0,2023-11-30,2280
2749,100.0,2023-06-21,3016
2750,155.0,2024-11-10,5434
2751,155.0,2023-04-09,7522
2752,210.0,2025-09-09,6371
2753,100.0,2024-09-12,2242
2754,155.0,2025-08-18,10888
2755,210.0,2025-01-15,1821
2756,100.0,2024-01-29,5404
2757,155.0,2024-02-05,6483
2758,210.0,2025-09-03,6612
2759,100.0,2024-04-23,7469
2760,100.0,2024-02-07,1760
2761,155.0,2025-03-12,1584
2762,155.0,2025-01-25,6445
2763,100.0,2025-11-27,239
2764,100.0,2023-05-27,9619
2765,155.0,2026-02-15,10974
2766,210.0,2024-03-03,2160
2767,100.0,2023-04-26,1582
2768,155.0,2024-01-14,3936
2769,210.0,2026-04-16,3802
2770,100.0,2023-07-26,1644
2771,210.0,2024-01-25,10774
2772,155.0,2025-08-22,6052
2773,155.0,2024-02-23,5449
2774,100.0,2023-11-24,8203
2775,155.0,2026-01-07,2750
2776,210.0,2024-10-30,742
2777,155.0,2025-07-22,10301
2778,210.0,2023-05-20,9567
2779,100.0,2025-11-21,1791
2780,155.0,2025-12-12,6320
2781,155.0,2023-03-13,8895
2782,155.0,2025-01-17,10073
2783,210.0,2023-11-24,7733
2784,210.0,2025-02-15,3913
2785,100.0,2026-03-28,10359
2786,155.0,2026-01-01,4687
2787,100.0,2025-12-06,8848
2788,155.0,2023-01-08,6651
2789,100.0,2024-03-22,9299
2790,155.0,2024-01-05,6816
2791,100.0,2025-06-08,8407
2792,100.0,2025-09-30,970
2793,155.0,2023-10-08,1904
2794,155.0,2025-06-22,6751
2795,210.0,2025-07-27,8092
2796,210.0,2024-11-19,5242
2797,210.0,2025-04-14,767
2798,155.0,2023-01-06,2415
2799,100.0,2026-02-10,2937
2800,155.0,2026-02-06,7736
2801,210.0,2024-03-04,5596
2802,155.0,2025-12-15,8149
2803,100.0,2025-07-14,5816
2804,100.0,2023-04-22,8866
2805,210.0,2024-02-14,7151
2806,100.0,2026-01-20,7461
2807,155.0,2024-02-14,5743
2808,100.0,2023-11-23,1302
2809,155.0,2023-03-27,10074
2810,155.0,2023-08-07,2809
2811,100.0,2023-01-07,2802
2812,100.0,2023-04-05,3266
2813,155.0,2026-04-22,8788
2814,100.0,2025-07-09,4363
2815,100.0,2023-09-02,3103
2816,100.0,2025-02-12,10201
2817,155.0,2023-08-22,8891
2818,155.0,2023-10-06,2305
2819,155.0,2024-08-14,10636
2820,155.0,2023-05-07,8869
2821,210.0,2025-10-13,1589
2822,155.0,2024-07-25,89
2823,100.0,2023-05-11,8271
2824,155.0,2024-03-26,10387
2825,100.0,2025-11-06,3499
2826,210.0,2024-05-27,10473
2827,155.0,2026-04-08,2250
2828,210.0,2025-10-12,1349
2829,155.0,2024-06-10,3517
2830,155.0,2023-06-06,10119
2831,100.0,2024-01-14,1252
2832,100.0,2025-10-31,9553
2833,100.0,2023-12-31,6423
2834,210.0,2026-03-24,7374
2835,155.0,2023-07-07,4176
2836,100.0,2023-02-22,3270
2837,210.0,2026-01-12,5669
2838,155.0,2025-03-24,10702
2839,155.0,2023-10-27,2493
2840,100.0,2024-04-12,36
2841,155.0,2025-12-01,2633
2842,155.0,2023-08-14,7907
2843,155.0,2023-09-08,725
2844,155.0,2024-03-23,2910
2845,155.0,2024-08-31,7296
2846,210.0,2023-08-29,5129
2847,155.0,2024-06-02,5189
2848,155.0,2025-01-29,1976
2849,210.0,2026-01-07,10314
2850,100.0,2025-02-06,4080
2851,155.0,2023-09-18,9577
2852,155.0,2023-09-29,6041
2853,210.0,2025-09-16,606
2854,155.0,2025-12-12,5343
2855,210.0,2025-01-07,6718
2856,155.0,2024-01-08,2748
2857,155.0,2024-05-20,9755
2858,210.0,2025-11-26,8373
2859,100.0,2025-03-20,10856
2860,210.0,2023-08-29,8509
2861,100.0,2024-03-14,8900
2862,155.0,2023-12-15,6342
2863,100.0,2024-01-24,3994
2864,100.0,2024-09-19,2300
2865,100.0,2025-10-03,3321
2866,155.0,2024-02-09,2172
2867,155.0,2026-03-24,10801
2868,210.0,2024-09-19,2745
2869,100.0,2023-12-01,8721
2870,210.0,2023-12-27,9423
2871,100.0,2023-08-21,5310
2872,210.0,2024-01-15,4489
2873,100.0,2023-09-29,3444
2874,210.0,2024-05-13,149
2875,155.0,2023-02-20,1670
2876,210.0,2023-03-23,3561
2877,155.0,2026-01-20,7050
2878,100.0,2024-08-26,2008
2879,210.0,2023-08-25,9133
2880,155.0,2025-05-24,3439
2881,155.0,2024-08-12,7954
2882,155.0,2024-07-04,3579
2883,100.0,2023-08-08,8858
2884,155.0,2024-02-19,3099
2885,155.0,2023-06-24,8881
2886,100.0,2024-03-16,5029
2887,210.0,2023-07-02,5022
2888,210.0,2023-11-23,5454
2889,100.0,2026-01-31,3220
2890,210.0,2025-06-14,4964
2891,155.0,2024-06-07,6119
2892,155.0,2025-07-04,10858
2893,210.0,2024-04-04,7140
2894,100.0,2023-05-31,4758
2895,155.0,2025-04-08,8505
2896,210.0,2025-05-27,5620
2897,155.0,2024-03-25,10947
2898,210.0,2024-03-02,10655
2899,210.0,2023-07-21,5279
2900,210.0,2023-06-02,6178
2901,100.0,2025-08-23,6295
2902,210.0,2025-09-29,10152
2903,100.0,2023-03-05,7818
2904,155.0,2023-08-07,347
2905,210.0,2024-06-03,9616
2906,100.0,2023-04-30,2761
2907,100.0,2023-09-27,3009
2908,210.0,2026-04-13,4377
2909,210.0,2025-10-30,8906
2910,100.0,2023-06-13,9137
2911,155.0,2026-03-31,4019
2912,155.0,2023-10-15,634
2913,210.0,2024-05-26,4018
2914,210.0,2025-03-15,818
2915,210.0,2026-03-15,2505
2916,100.0,2023-06-04,8000
2917,100.0,2024-11-30,5688
2918,210.0,2023-05-08,2589
2919,155.0,2023-02-25,5685
2920,155.0,2023-10-25,8737
2921,155.0,2024-06-18,1697
2922,210.0,2024-05-17,2089
2923,155.0,2023-04-10,8424
2924,155.0,2025-10-15,4128
2925,155.0,2024-05-15,7704
2926,100.0,2025-04-20,4856
2927,100.0,2024-01-28,1456
2928,210.0,2025-06-03,9856
2929,100.0,2026-01-22,4980
2930,155.0,2025-03-15,2787
2931,100.0,2023-09-18,5633
2932,210.0,2024-09-30,3711
2933,155.0,2025-08-04,7693
2934,155.0,2024-05-09,111
2935,155.0,2025-12-27,2874
2936,100.0,2026-01-21,7871
2937,155.0,2024-04-23,7955
2938,210.0,2025-06-10,1686
2939,100.0,2023-06-05,3723
2940,210.0,2023-03-29,2082
2941,100.0,2025-04-15,3508
2942,155.0,2023-09-09,8819
2943,155.0,2023-05-16,6144
2944,100.0,2024-06-19,1414
2945,210.0,2025-11-16,683
2946,100.0,2023-02-17,5425
2947,100.0,2023-02-17,1886
2948,155.0,2023-03-12,9359
2949,210.0,2026-01-29,8023
2950,100.0,2023-07-27,5818
2951,210.0,2023-12-21,9408
2952,210.0,2025-10-19,866
2953,210.0,2024-11-02,8880
2954,210.0,2025-07-04,5422
2955,210.0,2023-08-04,7834
2956,100.0,2024-03-20,1452
2957,100.0,2023-12-05,1486
2958,210.0,2023-02-28,10166
2959,210.0,2024-01-08,5410
2960,100.0,2023-12-08,8266
2961,100.0,2024-07-02,8905
2962,100.0,2025-09-17,8420
2963,210.0,2024-10-09,1879
2964,100.0,2024-05-22,1985
2965,210.0,2026-04-08,459
2966,155.0,2023-12-08,7339
2967,100.0,2026-03-18,9675
2968,210.0,2023-12-27,6183
2969,155.0,2024-02-12,4267
2970,100.0,2023-05-10,5546
2971,100.0,2023-10-13,7574
2972,100.0,2025-03-28,5443
2973,100.0,2024-12-06,7211
2974,100.0,2024-07-13,7286
2975,155.0,2024-06-29,5479
2976,210.0,2025-02-05,8386
2977,210.0,2026-01-24,5159
2978,100.0,2025-04-20,5372
2979,210.0,2024-01-31,9419
2980,210.0,2023-06-28,10184
2981,210.0,2024-08-30,7832
2982,210.0,2024-01-08,2272
2983,210.0,2024-11-08,2747
2984,210.0,2025-02-28,2478
2985,210.0,2023-05-15,5387
2986,100.0,2025-10-27,4786
2987,100.0,2024-05-01,3224
2988,100.0,2024-02-22,5023
2989,100.0,2025-09-30,9600
2990,100.0,2025-04-14,10070
2991,210.0,2024-02-28,8099
2992,100.0,2026-01-08,4993
2993,100.0,2024-01-28,3550
2994,100.0,2025-04-28,8917
2995,210.0,2025-07-26,9186
2996,210.0,2023-11-13,6095
2997,100.0,2023-03-29,287
2998,100.0,2025-09-04,6107
2999,210.0,2023-05-12,4890
3000,100.0,2026-01-30,6172
3001,100.0,2024-01-15,1382
3002,100.0,2024-04-10,773
3003,100.0,2026-02-17,7751
3004,100.0,2024-04-09,8070
3005,210.0,2026-03-02,9608
3006,100.0,2024-06-16,9120
3007,155.0,2024-03-02,7057
3008,155.0,2024-07-05,9685
3009,210.0,2025-02-06,4160
3010,155.0,2024-10-20,350
3011,210.0,2025-03-07,1026
3012,100.0,2024-08-24,4349
3013,155.0,2025-09-29,2314
3014,210.0,2025-06-10,647
3015,100.0,2026-01-15,6735
3016,210.0,2024-06-24,8986
3017,155.0,2024-11-09,2228
3018,155.0,2025-09-24,9530
3019,100.0,2025-05-19,6825
3020,100.0,2023-02-22,1814
3021,100.0,2023-07-31,1315
3022,210.0,2023-08-06,3507
3023,210.0,2026-03-20,5952
3024,155.0,2026-04-28,10025
3025,210.0,2023-03-17,3885
3026,100.0,2023-06-05,4821
3027,100.0,2024-01-11,2355
3028,155.0,2023-07-22,86
3029,210.0,2023-06-03,7972
3030,100.0,2026-02-28,2184
3031,210.0,2025-05-28,2403
3032,155.0,2024-09-13,3085
3033,155.0,2024-02-08,3758
3034,155.0,2024-10-09,1666
3035,100.0,2023-04-02,7268
3036,155.0,2025-10-15,8539
3037,100.0,2024-02-03,9241
3038,155.0,2026-01-11,9505
3039,100.0,2024-12-29,7352
3040,155.0,2026-04-07,8892
3041,155.0,2025-06-27,6352
3042,155.0,2025-05-21,3154
3043,155.0,2025-10-30,8208
3044,210.0,2025-12-18,5433
3045,210.0,2025-03-04,1089
3046,155.0,2025-07-18,4973
3047,155.0,2023-03-24,7189
3048,100.0,2024-07-08,1097
3049,100.0,2023-09-05,2365
3050,100.0,2024-10-14,787
3051,100.0,2026-03-05,3313
3052,155.0,2024-08-01,1432
3053,100.0,2025-03-29,9866
3054,210.0,2023-12-07,9621
3055,155.0,2023-12-18,9265
3056,100.0,2023-10-25,4262
3057,155.0,2024-02-17,9613
3058,100.0,2025-10-29,9556
3059,100.0,2025-08-13,1398
3060,210.0,2025-10-23,8525
3061,210.0,2023-12-08,2724
3062,210.0,2023-01-11,5298
3063,210.0,2024-12-03,7034
3064,100.0,2023-08-09,6374
3065,155.0,2025-07-29,9464
3066,155.0,2023-11-22,1672
3067,100.0,2023-07-07,6865
3068,155.0,2026-01-24,5745
3069,210.0,2024-12-17,10710
3070,155.0,2024-04-16,6
3071,155.0,2025-01-26,3474
3072,155.0,2025-11-20,1482
3073,155.0,2023-12-28,936
3074,155.0,2023-05-20,1841
3075,210.0,2023-04-28,8683
3076,100.0,2026-02-25,931
3077,100.0,2024-05-29,10405
3078,155.0,2023-11-27,5468
3079,100.0,2026-04-03,6717
3080,155.0,2024-07-14,7795
3081,100.0,2026-04-26,6035
3082,155.0,2023-11-27,10788
3083,210.0,2023-07-30,5885
3084,100.0,2025-05-08,10178
3085,155.0,2024-02-01,3821
3086,155.0,2023-03-14,10511
3087,100.0,2023-03-10,3759
3088,100.0,2025-05-06,8360
3089,100.0,2026-01-18,1281
3090,100.0,2026-03-03,7575
3091,210.0,2023-11-18,10304
3092,155.0,2023-05-21,10113
3093,210.0,2023-02-10,7662
3094,210.0,2023-07-16,9160
3095,155.0,2023-02-10,1688
3096,155.0,2025-08-28,6063
3097,100.0,2025-10-31,4655
3098,100.0,2024-01-06,8612
3099,155.0,2024-04-03,4530
3100,155.0,2023-05-04,6454
3101,155.0,2025-11-17,4832
3102,100.0,2023-11-07,4948
3103,155.0,2025-01-05,9346
3104,210.0,2025-05-31,3183
3105,155.0,2023-11-17,7835
3106,100.0,2024-08-26,10194
3107,100.0,2025-06-18,2729
3108,210.0,2025-06-10,2945
3109,210.0,2024-03-24,1162
3110,155.0,2024-07-02,6280
3111,155.0,2024-03-11,636
3112,100.0,2026-01-13,8040
3113,155.0,2025-11-15,8496
3114,155.0,2024-07-25,7922
3115,155.0,2023-06-05,3663
3116,100.0,2025-02-13,6712
3117,100.0,2024-06-15,10300
3118,100.0,2023-12-10,8065
3119,210.0,2023-03-19,10419
3120,155.0,2023-09-25,9189
3121,100.0,2023-11-27,7490
3122,210.0,2023-06-02,5333
3123,100.0,2023-06-14,1051
3124,100.0,2026-04-25,5907
3125,155.0,2023-06-02,6421
3126,100.0,2025-12-11,8638
3127,100.0,2023-09-04,10209
3128,210.0,2023-12-03,9393
3129,155.0,2023-08-12,10218
3130,100.0,2024-11-13,3240
3131,210.0,2026-04-15,5610
3132,210.0,2025-10-24,9282
3133,100.0,2025-03-08,7665
3134,155.0,2023-08-11,1638
3135,210.0,2024-11-04,5718
3136,100.0,2023-04-13,7292
3137,100.0,2023-10-12,6871
3138,155.0,2023-12-18,5370
3139,155.0,2023-08-23,1406
3140,100.0,2023-08-24,5867
3141,155.0,2023-05-21,6919
3142,210.0,2024-04-24,5740
3143,100.0,2024-09-01,4078
3144,210.0,2026-04-05,9638
3145,155.0,2025-10-02,10606
3146,155.0,2024-07-10,9765
3147,155.0,2025-04-09,1073
3148,155.0,2025-06-17,9175
3149,155.0,2025-10-17,3031
3150,100.0,2024-02-07,8914
3151,155.0,2024-05-04,10744
3152,210.0,2023-12-27,4328
3153,210.0,2023-12-12,2700
3154,210.0,2024-12-27,10084
3155,210.0,2023-11-03,8977
3156,100.0,2025-06-09,7418
3157,155.0,2023-08-01,2805
3158,155.0,2025-03-18,3164
3159,210.0,2024-10-21,3118
3160,100.0,2023-10-07,9960
3161,210.0,2025-09-25,4982
3162,100.0,2025-09-19,7310
3163,155.0,2025-07-27,7539
3164,100.0,2023-01-13,8958
3165,210.0,2025-11-05,9779
3166,210.0,2024-02-11,2898
3167,210.0,2024-08-17,7484
3168,155.0,2023-06-17,2987
3169,155.0,2023-02-01,3773
3170,210.0,2025-05-19,2572
3171,210.0,2024-06-26,5808
3172,155.0,2023-07-15,8978
3173,100.0,2024-03-23,5081
3174,155.0,2025-10-01,639
3175,155.0,2024-03-10,9819
3176,100.0,2025-03-14,4713
3177,155.0,2024-12-15,1839
3178,100.0,2025-02-12,1331
3179,155.0,2024-03-31,7251
3180,100.0,2023-06-18,10187
3181,210.0,2025-07-08,6875
3182,100.0,2025-06-26,450
3183,100.0,2025-04-13,3804
3184,100.0,2025-12-09,8565
3185,100.0,2025-02-11,6080
3186,100.0,2023-10-09,1511
3187,100.0,2025-12-30,9425
3188,210.0,2023-06-23,5237
3189,155.0,2024-08-08,7959
3190,100.0,2023-03-07,10652
3191,100.0,2025-08-13,1156
3192,210.0,2023-11-02,6763
3193,210.0,2025-09-05,2259
3194,155.0,2025-03-14,10869
3195,155.0,2024-12-09,10141
3196,155.0,2026-01-14,6706
3197,100.0,2023-04-16,10105
3198,155.0,2023-09-25,7097
3199,210.0,2025-09-29,5898
3200,155.0,2023-09-04,4277
3201,155.0,2024-12-11,1826
3202,155.0,2024-09-25,9607
3203,210.0,2024-05-04,1799
3204,155.0,2025-08-24,2540
3205,210.0,2024-10-16,9667
3206,210.0,2024-03-14,10925
3207,155.0,2023-01-22,4945
3208,100.0,2024-11-26,5564
3209,155.0,2025-08-06,4790
3210,210.0,2024-05-27,3519
3211,210.0,2023-10-27,1551
3212,155.0,2025-01-22,1849
3213,210.0,2024-10-13,10472
3214,155.0,2025-06-24,3372
3215,210.0,2023-04-19,125
3216,100.0,2024-06-25,6345
3217,210.0,2024-07-03,1523
3218,155.0,2025-12-13,6024
3219,210.0,2023-06-04,1074
3220,210.0,2025-11-25,4670
3221,155.0,2024-03-01,8799
3222,210.0,2025-01-08,8434
3223,210.0,2026-02-26,8009
3224,210.0,2024-06-21,4562
3225,155.0,2024-11-26,6974
3226,155.0,2025-01-18,2516
3227,100.0,2024-01-10,5411
3228,210.0,2024-04-20,3836
3229,155.0,2025-06-14,7329
3230,155.0,2023-01-03,740
3231,100.0,2025-04-01,10302
3232,155.0,2024-05-17,6631
3233,100.0,2025-01-18,8787
3234,155.0,2024-11-27,5397
3235,210.0,2025-04-09,9816
3236,100.0,2023-02-23,3876
3237,100.0,2025-11-22,7467
3238,210.0,2024-01-17,7030
3239,100.0,2024-04-06,6586
3240,100.0,2024-12-25,9582
3241,210.0,2024-06-07,7437
3242,155.0,2025-03-28,4270
3243,210.0,2025-03-10,6011
3244,210.0,2026-03-05,2780
3245,155.0,2024-10-12,10367
3246,155.0,2024-09-30,2281
3247,155.0,2023-04-09,3153
3248,155.0,2024-01-02,8743
3249,155.0,2024-01-21,3864
3250,155.0,2023-03-05,3039
3251,100.0,2023-10-10,9809
3252,155.0,2025-03-05,1919
3253,155.0,2023-01-07,2431
3254,155.0,2026-02-22,8371
3255,100.0,2025-05-04,2561
3256,155.0,2025-05-12,3450
3257,210.0,2023-07-28,9517
3258,155.0,2023-12-24,9629
3259,210.0,2023-04-07,1797
3260,210.0,2025-05-25,5955
3261,210.0,2023-06-27,10876
3262,210.0,2025-06-01,4545
3263,155.0,2023-10-25,9946
3264,155.0,2023-05-15,10036
3265,210.0,2024-11-11,7324
3266,210.0,2025-12-03,10435
3267,155.0,2024-10-07,3361
3268,210.0,2023-07-28,8165
3269,100.0,2025-07-23,10836
3270,210.0,2024-08-25,10998
3271,210.0,2023-05-31,3792
3272,155.0,2026-02-12,7254
3273,210.0,2023-10-29,5132
3274,210.0,2024-09-22,110
3275,100.0,2025-05-11,7526
3276,155.0,2024-02-25,966
3277,100.0,2025-03-03,10029
3278,100.0,2023-02-24,8135
3279,100.0,2024-03-25,2158
3280,100.0,2023-03-26,2126
3281,155.0,2024-08-19,7393
3282,210.0,2025-07-03,6358
3283,210.0,2023-04-04,6848
3284,155.0,2025-08-31,7126
3285,155.0,2023-08-18,10308
3286,155.0,2024-02-08,10932
3287,210.0,2023-07-26,7160
3288,100.0,2024-01-28,5306
3289,100.0,2024-09-13,8136
3290,100.0,2023-12-06,5706
3291,155.0,2024-10-25,964
3292,100.0,2023-08-14,2854
3293,210.0,2023-08-13,2792
3294,210.0,2025-10-16,3562
3295,155.0,2025-08-21,8080
3296,155.0,2023-09-06,2134
3297,210.0,2026-02-05,6165
3298,100.0,2024-06-21,3013
3299,210.0,2025-01-08,8243
3300,155.0,2024-03-24,4246
3301,100.0,2023-01-31,3743
3302,100.0,2025-05-05,4413
3303,155.0,2026-04-30,4493
3304,210.0,2024-09-24,2643
3305,155.0,2025-06-04,5711
3306,155.0,2024-07-20,6578
3307,155.0,2023-10-05,8584
3308,210.0,2024-08-06,614
3309,155.0,2023-03-12,1617
3310,100.0,2023-12-11,1125
3311,210.0,2025-11-01,4286
3312,155.0,2025-05-07,10707
3313,155.0,2024-01-19,4033
3314,210.0,2024-09-05,2949
3315,210.0,2023-03-15,7219
3316,100.0,2023-01-17,5741
3317,210.0,2025-12-02,9240
3318,100.0,2025-04-08,2882
3319,100.0,2026-03-22,8492
3320,155.0,2024-04-09,9456
3321,155.0,2024-01-15,8144
3322,100.0,2025-01-21,6159
3323,155.0,2026-01-12,3697
3324,155.0,2023-10-27,5513
3325,210.0,2025-09-11,4042
3326,155.0,2025-09-17,7001
3327,210.0,2023-10-27,9664
3328,210.0,2024-08-23,2378
3329,155.0,2025-12-13,645
3330,210.0,2025-11-11,8486
3331,210.0,2023-08-27,3005
3332,210.0,2024-07-26,5526
3333,100.0,2025-06-08,3122
3334,100.0,2024-02-07,10587
3335,210.0,2024-06-30,962
3336,210.0,2026-04-13,4068
3337,100.0,2024-06-04,8888
3338,210.0,2025-12-23,7912
3339,100.0,2023-03-14,8867
3340,210.0,2024-07-31,7112
3341,155.0,2023-03-15,3277
3342,210.0,2024-05-16,4385
3343,210.0,2025-08-26,8568
3344,155.0,2026-01-24,8327
3345,210.0,2024-09-23,7280
3346,155.0,2023-12-26,2690
3347,210.0,2026-02-04,4099
3348,100.0,2023-03-29,9626
3349,100.0,2025-10-05,10237
3350,210.0,2024-06-29,3203
3351,210.0,2023-06-20,2398
3352,210.0,2026-03-07,8429
3353,100.0,2025-09-05,3835
3354,155.0,2025-10-02,6517
3355,210.0,2025-11-24,73
3356,210.0,2024-12-27,6869
3357,155.0,2024-06-27,2519
3358,100.0,2025-03-04,9827
3359,155.0,2025-08-24,602
3360,155.0,2023-03-22,4410
3361,210.0,2024-10-16,4134
3362,155.0,2024-02-22,10134
3363,100.0,2024-07-02,4040
3364,100.0,2023-07-01,1492
3365,210.0,2024-01-10,4055
3366,155.0,2024-07-26,319
3367,210.0,2024-07-22,5726
3368,155.0,2024-06-02,4604
3369,210.0,2025-04-06,3038
3370,155.0,2024-04-27,4820
3371,210.0,2023-05-05,8461
3372,100.0,2025-10-07,9174
3373,155.0,2024-07-24,67
3374,100.0,2023-02-15,8586
3375,210.0,2024-03-31,10111
3376,210.0,2025-10-01,9281
3377,100.0,2024-08-26,4823
3378,100.0,2024-03-14,7192
3379,210.0,2023-05-30,355
3380,155.0,2025-12-22,1393
3381,155.0,2023-05-16,2290
3382,100.0,2023-03-07,806
3383,210.0,2023-06-29,9203
3384,210.0,2023-08-25,9886
3385,100.0,2025-08-17,10268
3386,155.0,2025-03-16,8147
3387,100.0,2024-08-16,3423
3388,155.0,2024-08-17,8952
3389,155.0,2024-05-05,4811
3390,100.0,2025-05-01,1322
3391,100.0,2023-06-22,5636
3392,210.0,2024-08-29,6910
3393,100.0,2024-10-08,9603
3394,155.0,2025-11-01,7124
3395,155.0,2023-08-02,7735
3396,210.0,2023-04-08,4156
3397,210.0,2024-01-17,9954
3398,155.0,2025-11-12,2992
3399,155.0,2023-12-18,3036
3400,100.0,2023-01-08,3214
3401,155.0,2023-02-10,504
3402,155.0,2024-09-12,6814
3403,155.0,2023-01-11,766
3404,210.0,2023-07-10,1801
3405,210.0,2023-01-05,9822
3406,100.0,2024-04-29,1222
3407,100.0,2025-08-11,3810
3408,100.0,2023-06-15,9845
3409,100.0,2024-10-21,3506
3410,210.0,2024-10-23,272
3411,210.0,2023-08-07,4504
3412,100.0,2024-03-26,9066
3413,100.0,2023-05-19,6684
3414,100.0,2026-03-13,7770
3415,155.0,2025-05-31,4490
3416,155.0,2024-12-04,10012
3417,155.0,2023-02-22,9922
3418,155.0,2025-12-29,7769
3419,100.0,2023-09-17,3945
3420,210.0,2024-01-01,7367
3421,210.0,2024-02-21,796
3422,210.0,2026-01-02,4378
3423,155.0,2025-02-06,5876
3424,155.0,2023-11-30,9058
3425,155.0,2026-01-15,9
3426,100.0,2023-03-27,9205
3427,100.0,2024-12-29,6007
3428,210.0,2023-09-10,3985
3429,100.0,2023-11-21,522
3430,155.0,2023-11-20,2994
3431,210.0,2024-11-27,2769
3432,100.0,2023-04-22,1707
3433,155.0,2025-09-25,2746
3434,155.0,2024-06-01,6316
3435,100.0,2024-01-27,6758
3436,210.0,2025-01-19,9028
3437,100.0,2025-08-17,3221
3438,210.0,2024-04-02,10579
3439,210.0,2025-09-06,7757
3440,155.0,2024-09-03,3078
3441,155.0,2024-08-12,884
3442,155.0,2025-10-23,1217
3443,100.0,2024-05-18,2979
3444,210.0,2025-08-13,6301
3445,210.0,2024-04-20,9955
3446,100.0,2024-06-28,3512
3447,100.0,2024-02-23,2899
3448,100.0,2024-02-28,1709
3449,210.0,2025-12-08,612
3450,100.0,2023-01-24,7577
3451,210.0,2023-06-08,10813
3452,210.0,2024-07-10,4294
3453,100.0,2023-08-07,2861
3454,210.0,2025-11-02,170
3455,155.0,2025-08-20,6417
3456,155.0,2023-11-21,9270
3457,155.0,2023-11-03,6322
3458,155.0,2023-12-18,8056
3459,210.0,2023-01-24,1270
3460,155.0,2024-03-01,4066
3461,100.0,2025-10-20,4004
3462,155.0,2025-02-23,4146
3463,100.0,2026-03-27,5805
3464,100.0,2025-06-29,6425
3465,155.0,2023-03-25,5395
3466,210.0,2024-12-25,4098
3467,155.0,2024-02-10,857
3468,210.0,2024-01-23,4927
3469,210.0,2024-01-27,607
3470,155.0,2023-09-24,7505
3471,155.0,2026-01-16,4718
3472,155.0,2023-04-27,5156
3473,210.0,2025-09-15,8455
3474,155.0,2024-06-09,8212
3475,210.0,2024-04-12,1185
3476,100.0,2026-01-26,9490
3477,100.0,2025-03-31,6135
3478,210.0,2025-12-25,7138
3479,155.0,2025-12-22,6303
3480,100.0,2025-06-07,8053
3481,100.0,2025-06-08,4120
3482,100.0,2024-09-15,7985
3483,155.0,2023-04-18,5446
3484,155.0,2024-06-08,197
3485,100.0,2025-07-26,5342
3486,100.0,2023-04-17,9657
3487,210.0,2025-07-19,4704
3488,100.0,2024-03-23,9070
3489,210.0,2024-03-09,2085
3490,155.0,2024-12-27,6004
3491,155.0,2024-03-31,9996
3492,155.0,2024-09-02,941
3493,100.0,2024-09-28,8304
3494,100.0,2025-12-24,9123
3495,100.0,2023-05-20,429
3496,100.0,2025-02-26,3350
3497,210.0,2025-06-16,2427
3498,100.0,2025-03-26,4133
3499,155.0,2023-10-29,7686
3500,155.0,2024-06-17,471
3501,100.0,2025-07-04,6753
3502,100.0,2023-06-12,4067
3503,155.0,2024-01-17,6495
3504,155.0,2024-07-01,5762
3505,210.0,2025-01-21,2998
3506,100.0,2025-04-28,168
3507,100.0,2025-05-21,5954
3508,155.0,2024-03-31,1263
3509,100.0,2023-02-11,7043
3510,155.0,2026-04-08,4421
3511,210.0,2025-09-18,6143
3512,210.0,2025-11-04,106
3513,155.0,2025-05-17,7039
3514,155.0,2025-09-12,1353
3515,100.0,2024-03-12,3034
3516,100.0,2023-08-02,7708
3517,100.0,2026-01-31,5927
3518,210.0,2024-10-20,7745
3519,210.0,2025-12-06,2801
3520,155.0,2023-08-28,2911
3521,210.0,2025-03-23,4613
3522,155.0,2023-09-28,9879
3523,155.0,2024-12-03,4219
3524,100.0,2025-03-21,5030
3525,100.0,2025-03-01,10861
3526,155.0,2025-12-08,6688
3527,210.0,2023-11-26,1242
3528,100.0,2023-12-20,6893
3529,100.0,2023-04-29,684
3530,155.0,2023-11-22,5675
3531,100.0,2025-03-23,4045
3532,100.0,2023-11-14,1695
3533,100.0,2025-04-12,4877
3534,100.0,2024-09-22,8936
3535,155.0,2026-02-26,345
3536,155.0,2026-02-04,10608
3537,210.0,2024-08-07,4355
3538,100.0,2024-07-08,8081
3539,155.0,2024-04-03,10506
3540,100.0,2024-04-27,8153
3541,155.0,2026-02-17,4553
3542,210.0,2023-07-01,1119
3543,155.0,2025-12-13,9753
3544,210.0,2026-01-12,3829
3545,210.0,2024-01-25,7264
3546,155.0,2024-01-14,264
3547,100.0,2023-02-01,4207
3548,100.0,2023-05-18,9520
3549,210.0,2024-01-16,8606
3550,100.0,2025-02-04,3571
3551,100.0,2024-07-02,996
3552,210.0,2024-01-06,3613
3553,210.0,2026-02-09,5052
3554,155.0,2025-10-23,10488
3555,210.0,2024-06-02,10236
3556,155.0,2023-12-27,5585
3557,210.0,2024-05-23,6662
3558,210.0,2026-03-15,2462
3559,155.0,2025-11-26,3735
3560,155.0,2024-06-15,1278
3561,210.0,2023-03-14,10017
3562,155.0,2024-05-20,4733
3563,100.0,2023-05-09,9708
3564,155.0,2025-05-11,855
3565,155.0,2023-09-26,5573
3566,155.0,2026-03-29,8500
3567,155.0,2025-10-23,4711
3568,210.0,2026-03-27,5143
3569,100.0,2024-11-06,8259
3570,210.0,2025-10-04,6606
3571,100.0,2025-08-29,1900
3572,155.0,2026-03-10,10173
3573,100.0,2024-09-22,158
3574,210.0,2024-11-30,9459
3575,210.0,2023-06-25,3923
3576,155.0,2024-04-28,8960
3577,155.0,2026-01-31,3393
3578,100.0,2025-09-21,6414
3579,155.0,2023-02-25,6960
3580,210.0,2024-05-12,758
3581,155.0,2025-09-02,3672
3582,155.0,2023-09-26,9790
3583,100.0,2026-04-23,2785
3584,100.0,2023-07-24,7315
3585,210.0,2025-07-03,4884
3586,155.0,2023-09-26,6888
3587,210.0,2024-09-17,6390
3588,210.0,2025-02-25,7728
3589,100.0,2025-10-14,5054
3590,155.0,2023-05-21,10503
3591,210.0,2024-12-29,228
3592,210.0,2023-03-05,2842
3593,155.0,2024-07-14,10294
3594,100.0,2023-11-26,10246
3595,100.0,2024-02-27,296
3596,210.0,2024-06-18,6694
3597,155.0,2025-01-06,5221
3598,155.0,2024-05-21,4517
3599,100.0,2025-04-22,2110
3600,155.0,2025-07-19,6437
3601,100.0,2023-06-07,2409
3602,210.0,2026-02-13,8534
3603,210.0,2025-04-07,8274
3604,155.0,2023-04-06,3282
3605,100.0,2024-03-02,5072
3606,100.0,2026-02-05,6633
3607,155.0,2023-12-28,2399
3608,210.0,2025-12-30,2244
3609,210.0,2024-03-16,3965
3610,210.0,2023-05-06,7837
3611,100.0,2023-10-09,8218
3612,210.0,2026-03-25,5252
3613,210.0,2024-12-07,1501
3614,155.0,2025-08-28,6957
3615,210.0,2025-06-01,775
3616,100.0,2024-03-23,9939
3617,210.0,2025-06-24,8901
3618,210.0,2023-06-26,997
3619,100.0,2025-09-16,3102
3620,210.0,2024-03-02,5623
3621,155.0,2023-09-30,2569
3622,155.0,2025-11-28,4763
3623,210.0,2025-10-01,8391
3624,210.0,2023-10-17,10928
3625,155.0,2025-10-22,8910
3626,155.0,2025-10-10,4667
3627,210.0,2025-08-09,10580
3628,155.0,2025-09-21,2838
3629,210.0,2025-10-30,8950
3630,155.0,2023-06-06,9438
3631,155.0,2025-10-20,8236
3632,155.0,2023-03-06,1221
3633,210.0,2025-04-24,5012
3634,210.0,2023-07-01,3675
3635,155.0,2025-03-27,5798
3636,155.0,2023-10-03,6698
3637,155.0,2025-02-22,8417
3638,100.0,2025-12-30,7744
3639,100.0,2025-12-21,9493
3640,155.0,2024-01-27,3664
3641,210.0,2025-07-02,2495
3642,155.0,2025-07-03,8874
3643,155.0,2023-11-05,10129
3644,100.0,2025-10-23,3300
3645,100.0,2023-02-26,1152
3646,100.0,2024-01-18,676
3647,100.0,2025-05-20,3256
3648,155.0,2023-01-02,3335
3649,155.0,2023-07-20,2939
3650,155.0,2023-01-26,1476
3651,210.0,2025-06-16,7659
3652,155.0,2026-01-26,7350
3653,210.0,2023-09-07,10560
3654,155.0,2023-07-11,5073
3655,100.0,2024-06-03,6287
3656,210.0,2024-11-29,8346
3657,155.0,2023-08-28,707
3658,155.0,2025-02-26,6031
3659,210.0,2024-12-19,7900
3660,100.0,2023-06-12,5222
3661,100.0,2023-07-13,1960
3662,210.0,2026-03-01,6441
3663,210.0,2023-11-24,4560
3664,100.0,2026-01-06,2033
3665,100.0,2025-10-29,4425
3666,155.0,2024-07-19,2594
3667,100.0,2024-11-19,10309
3668,210.0,2025-03-27,6743
3669,100.0,2023-01-17,8280
3670,100.0,2023-02-14,506
3671,210.0,2025-09-08,1479
3672,100.0,2025-03-14,4212
3673,155.0,2023-08-17,120
3674,210.0,2025-05-06,5348
3675,100.0,2023-03-02,2963
3676,155.0,2025-01-22,2366
3677,210.0,2023-03-18,6767
3678,155.0,2023-05-05,161
3679,155.0,2025-06-27,248
3680,210.0,2024-08-08,3287
3681,210.0,2025-01-13,7761
3682,155.0,2024-01-25,1911
3683,155.0,2023-06-27,5839
3684,210.0,2023-05-11,574
3685,155.0,2023-05-10,891
3686,155.0,2025-02-03,2230
3687,100.0,2026-03-08,3025
3688,100.0,2025-09-15,3380
3689,155.0,2026-02-20,8361
3690,100.0,2024-02-16,3724
3691,155.0,2023-09-04,618
3692,210.0,2024-11-27,1683
3693,100.0,2024-03-25,7645
3694,210.0,2026-03-14,1834
3695,100.0,2024-03-29,2460
3696,155.0,2023-07-26,4845
3697,210.0,2025-11-12,10320
3698,210.0,2023-08-28,3956
3699,210.0,2023-03-28,5421
3700,155.0,2024-06-24,1743
3701,210.0,2024-07-25,536
3702,155.0,2026-01-09,5908
3703,210.0,2023-04-19,6324
3704,210.0,2023-03-03,3725
3705,210.0,2023-04-03,3687
3706,155.0,2023-07-26,9636
3707,100.0,2025-06-22,4344
3708,210.0,2023-11-17,476
3709,155.0,2023-05-16,4609
3710,100.0,2025-09-19,2084
3711,155.0,2025-05-23,6384
3712,155.0,2025-01-22,5268
3713,155.0,2023-07-22,8619
3714,155.0,2025-12-18,1017
3715,155.0,2023-04-03,3588
3716,210.0,2025-01-12,364
3717,210.0,2023-12-31,2389
3718,155.0,2025-11-22,2628
3719,155.0,2024-09-09,10081
3720,155.0,2024-09-01,5379
3721,100.0,2023-06-10,6697
3722,155.0,2024-04-12,10963
3723,210.0,2023-05-15,6916
3724,210.0,2025-08-30,849
3725,155.0,2026-01-31,6091
3726,155.0,2024-03-16,5214
3727,155.0,2025-04-07,6187
3728,100.0,2024-04-16,7951
3729,155.0,2024-09-04,483
3730,155.0,2026-04-15,7828
3731,155.0,2024-04-10,7176
3732,210.0,2023-04-07,9969
3733,210.0,2025-11-26,569
3734,210.0,2024-09-20,9745
3735,100.0,2023-07-29,7247
3736,100.0,2023-06-21,2650
3737,155.0,2025-11-15,7626
3738,210.0,2023-11-11,7058
3739,100.0,2024-01-17,2912
3740,155.0,2024-07-22,9748
3741,155.0,2023-09-21,4204
3742,155.0,2023-10-15,1237
3743,210.0,2024-02-02,8333
3744,155.0,2024-11-22,436
3745,155.0,2024-07-14,1422
3746,210.0,2023-06-18,3600
3747,155.0,2025-12-18,5106
3748,210.0,2023-05-08,1025
3749,100.0,2023-11-02,5217
3750,155.0,2023-08-23,3299
3751,210.0,2025-04-05,2850
3752,100.0,2024-03-14,7019
3753,100.0,2025-10-12,3303
3754,155.0,2023-11-03,8676
3755,100.0,2025-05-10,10222
3756,210.0,2024-03-05,6506
3757,155.0,2024-10-26,5981
3758,100.0,2025-09-24,10532
3759,100.0,2024-08-02,8425
3760,155.0,2024-11-09,9149
3761,210.0,2023-05-23,5212
3762,155.0,2023-06-17,4201
3763,210.0,2023-11-19,754
3764,100.0,2024-04-03,5315
3765,155.0,2024-03-23,702
3766,155.0,2025-02-15,584
3767,210.0,2023-05-06,8033
3768,155.0,2025-10-27,8462
3769,100.0,2023-04-30,8155
3770,100.0,2025-06-29,2697
3771,100.0,2023-01-18,6434
3772,155.0,2024-07-05,5561
3773,210.0,2024-06-27,10905
3774,100.0,2025-07-23,3686
3775,100.0,2025-12-09,10167
3776,155.0,2024-08-23,259
3777,210.0,2026-04-29,935
3778,100.0,2025-01-30,10264
3779,155.0,2023-04-17,4125
3780,100.0,2025-09-14,10034
3781,100.0,2026-02-12,9182
3782,210.0,2025-05-20,4083
3783,155.0,2025-04-03,9568
3784,155.0,2025-09-25,5076
3785,155.0,2023-07-21,4674
3786,210.0,2024-11-21,10197
3787,100.0,2024-02-06,9794
3788,155.0,2024-01-27,8670
3789,210.0,2025-03-06,1402
3790,155.0,2025-05-12,3987
3791,100.0,2023-10-22,1057
3792,100.0,2026-02-25,1361
3793,210.0,2023-06-29,2849
3794,155.0,2025-07-27,10444
3795,155.0,2026-04-17,2710
3796,155.0,2025-09-24,1514
3797,210.0,2023-03-10,2030
3798,210.0,2024-08-15,6699
3799,210.0,2024-11-17,8512
3800,155.0,2025-01-02,2562
3801,100.0,2025-01-12,7746
3802,155.0,2025-07-22,9443
3803,210.0,2024-04-25,7420
3804,100.0,2023-07-24,4524
3805,100.0,2023-01-17,5667
3806,155.0,2023-05-31,9828
3807,210.0,2024-10-16,9752
3808,100.0,2023-09-09,7274
3809,210.0,2023-08-17,3887
3810,155.0,2025-12-24,5355
3811,210.0,2023-07-14,7085
3812,155.0,2025-11-21,6059
3813,100.0,2024-11-17,1875
3814,210.0,2023-04-25,5856
3815,210.0,2025-11-11,769
3816,155.0,2025-12-05,7290
3817,100.0,2023-01-06,2964
3818,155.0,2024-05-11,310
3819,100.0,2023-06-13,7825
3820,155.0,2023-11-04,8765
3821,210.0,2025-09-28,5709
3822,100.0,2025-06-08,8821
3823,210.0,2026-02-12,7119
3824,210.0,2024-10-21,1030
3825,210.0,2024-01-22,8634
3826,155.0,2024-08-23,3815
3827,210.0,2023-11-05,7532
3828,210.0,2023-02-09,7705
3829,155.0,2024-04-10,4882
3830,100.0,2023-10-19,2629
3831,210.0,2025-10-03,3371
3832,210.0,2023-06-06,4464
3833,210.0,2023-02-16,8414
3834,155.0,2025-08-03,8404
3835,210.0,2025-07-13,8567
3836,155.0,2023-01-10,7347
3837,210.0,2023-06-24,6040
3838,210.0,2026-02-24,4827
3839,100.0,2024-02-08,4141
3840,210.0,2024-11-01,5492
3841,155.0,2024-04-25,6942
3842,155.0,2023-03-08,710
3843,100.0,2025-04-09,8483
3844,155.0,2025-07-29,8865
3845,100.0,2025-03-13,9904
3846,155.0,2024-10-09,1509
3847,210.0,2024-08-21,10623
3848,100.0,2023-02-01,4907
3849,155.0,2025-04-18,457
3850,155.0,2023-02-22,7016
3851,100.0,2023-02-28,9565
3852,100.0,2023-11-09,8851
3853,100.0,2025-09-03,10572
3854,210.0,2024-09-23,1205
3855,100.0,2025-03-29,9220
3856,210.0,2023-07-29,7917
3857,100.0,2023-08-27,4795
3858,210.0,2023-08-16,1042
3859,100.0,2026-02-06,6348
3860,100.0,2025-05-30,7446
3861,155.0,2025-12-23,3573
3862,100.0,2025-04-04,10291
3863,210.0,2025-02-25,2368
3864,155.0,2023-01-20,8796
3865,210.0,2025-07-21,9972
3866,100.0,2025-08-21,1491
3867,210.0,2025-06-06,7281
3868,155.0,2023-06-03,9597
3869,155.0,2024-05-05,9696
3870,155.0,2025-12-14,1063
3871,210.0,2023-06-04,63
3872,210.0,2025-10-20,7333
3873,100.0,2025-03-01,5499
3874,210.0,2024-04-17,3415
3875,210.0,2024-07-16,2400
3876,155.0,2026-03-31,4036
3877,210.0,2025-06-27,4987
3878,155.0,2025-09-20,10590
3879,100.0,2025-12-07,10329
3880,100.0,2025-09-19,1123
3881,100.0,2025-06-29,10437
3882,100.0,2023-03-20,7830
3883,210.0,2023-06-12,4458
3884,210.0,2024-11-12,8948
3885,210.0,2025-12-23,10451
3886,210.0,2025-10-05,4646
3887,100.0,2026-01-26,7865
3888,100.0,2026-02-05,7980
3889,210.0,2026-04-15,2957
3890,210.0,2023-08-29,1678
3891,100.0,2023-09-25,3840
3892,210.0,2023-01-24,4245
3893,210.0,2025-05-26,7369
3894,100.0,2023-06-20,10631
3895,155.0,2024-05-12,5770
3896,155.0,2025-03-14,1289
3897,155.0,2023-07-09,7928
3898,210.0,2025-03-19,9871
3899,100.0,2024-10-07,3435
3900,210.0,2024-04-26,378
3901,210.0,2024-10-10,5151
3902,210.0,2025-09-22,7227
3903,210.0,2023-10-22,10142
3904,155.0,2024-09-27,6538
3905,210.0,2024-07-06,10145
3906,100.0,2024-01-30,2918
3907,100.0,2023-09-21,3720
3908,155.0,2023-07-19,8854
3909,210.0,2023-04-16,3677
3910,155.0,2023-06-30,10598
3911,210.0,2025-06-17,1374
3912,100.0,2023-12-06,8588
3913,100.0,2025-03-22,10243
3914,100.0,2026-04-16,10883
3915,100.0,2026-02-14,4954
3916,210.0,2025-11-18,875
3917,155.0,2025-06-23,2337
3918,155.0,2026-01-21,6994
3919,100.0,2023-12-01,5484
3920,155.0,2024-02-25,56
3921,155.0,2023-11-26,1769
3922,100.0,2023-10-24,4476
3923,155.0,2025-06-21,9020
3924,210.0,2023-12-22,7348
3925,155.0,2024-08-08,1522
3926,210.0,2024-05-28,9201
3927,100.0,2024-12-22,3856
3928,100.0,2023-04-20,317
3929,155.0,2026-03-29,10176
3930,210.0,2024-03-18,2111
3931,155.0,2024-05-04,1901
3932,100.0,2023-01-12,7660
3933,155.0,2025-09-17,850
3934,100.0,2025-11-14,1084
3935,210.0,2023-04-18,5323
3936,210.0,2026-04-26,4648
3937,210.0,2023-11-08,7979
3938,155.0,2024-05-07,1244
3939,155.0,2024-06-02,1171
3940,100.0,2023-07-18,9171
3941,100.0,2023-04-21,1883
3942,210.0,2023-08-04,7159
3943,155.0,2026-04-03,1583
3944,155.0,2023-11-23,4913
3945,210.0,2025-05-31,4116
3946,155.0,2024-07-14,7969
3947,210.0,2024-06-17,537
3948,155.0,2025-08-12,5791
3949,100.0,2023-12-07,5776
3950,100.0,2025-06-27,8471
3951,210.0,2024-03-04,9049
3952,155.0,2025-11-10,5913
3953,155.0,2025-04-28,6815
3954,100.0,2024-04-06,4322
3955,100.0,2023-07-23,4673
3956,155.0,2023-08-03,6790
3957,100.0,2023-03-09,2114
3958,155.0,2023-10-16,8994
3959,210.0,2023-08-02,661
3960,210.0,2024-12-25,8674
3961,155.0,2025-04-11,5177
3962,100.0,2025-08-04,2099
3963,100.0,2023-05-01,9404
3964,155.0,2024-12-14,6025
3965,210.0,2024-08-08,402
3966,100.0,2026-03-13,1235
3967,155.0,2026-04-03,10896
3968,100.0,2024-09-11,2655
3969,210.0,2026-04-21,8718
3970,210.0,2026-01-08,7993
3971,210.0,2025-02-12,8101
3972,100.0,2023-03-12,5267
3973,100.0,2025-05-17,31
3974,155.0,2026-02-11,5148
3975,155.0,2023-01-14,3540
3976,100.0,2026-03-13,10468
3977,210.0,2025-07-08,10372
3978,210.0,2024-09-22,3125
3979,100.0,2023-06-04,7153
3980,155.0,2024-02-21,1395
3981,155.0,2023-01-16,6889
3982,210.0,2024-02-19,4580
3983,210.0,2024-01-31,830
3984,155.0,2025-09-21,6866
3985,210.0,2023-06-30,5420
3986,155.0,2024-06-28,8219
3987,100.0,2025-12-04,8541
3988,100.0,2024-07-04,4651
3989,155.0,2025-01-08,4959
3990,155.0,2024-05-18,84
3991,210.0,2026-02-12,8377
3992,155.0,2024-11-23,8794
3993,210.0,2024-05-31,10066
3994,155.0,2023-04-04,3347
3995,100.0,2026-02-02,640
3996,155.0,2026-02-05,3469
3997,100.0,2025-11-30,10554
3998,100.0,2024-10-16,265
3999,155.0,2023-10-04,7006
4000,155.0,2026-01-21,2009
4001,210.0,2023-09-29,4297
4002,100.0,2023-07-22,5595
4003,155.0,2026-02-17,2817
4004,100.0,2024-12-21,7303
4005,155.0,2023-04-14,4576
4006,100.0,2024-02-24,7368
4007,100.0,2026-03-15,1599
4008,210.0,2023-03-15,4988
4009,210.0,2023-12-03,5104
4010,210.0,2024-02-11,6231
4011,210.0,2024-09-30,5973
4012,155.0,2023-08-07,5460
4013,100.0,2024-11-24,785
4014,210.0,2026-04-29,3276
4015,100.0,2024-04-24,7383
4016,155.0,2025-09-21,9458
4017,155.0,2025-02-11,3217
4018,155.0,2025-09-18,4726
4019,210.0,2025-05-17,8740
4020,210.0,2026-02-01,10972
4021,100.0,2023-02-06,2691
4022,210.0,2024-02-22,5300
4023,155.0,2024-11-20,1121
4024,100.0,2023-01-14,4740
4025,100.0,2025-05-27,9427
4026,155.0,2025-06-16,5582
4027,210.0,2023-07-09,179
4028,100.0,2023-08-14,8249
4029,100.0,2023-04-29,1392
4030,155.0,2025-07-10,7106
4031,100.0,2024-12-22,10287
4032,100.0,2025-12-16,5677
4033,155.0,2023-11-26,3946
4034,210.0,2024-03-07,2388
4035,210.0,2024-03-17,456
4036,155.0,2025-04-16,9698
4037,210.0,2024-09-27,1122
4038,155.0,2025-01-13,10585
4039,155.0,2023-01-17,1768
4040,100.0,2024-02-08,5079
4041,210.0,2024-11-17,4159
4042,155.0,2023-10-12,6522
4043,210.0,2024-04-29,5936
4044,210.0,2024-11-16,5254
4045,155.0,2023-09-26,4587
4046,155.0,2026-03-13,829
4047,100.0,2024-09-16,2128
4048,210.0,2023-09-17,7335
4049,155.0,2024-01-19,1530
4050,210.0,2023-08-01,1153
4051,155.0,2025-11-22,8146
4052,100.0,2025-08-16,2538
4053,210.0,2025-08-23,6053
4054,155.0,2025-02-16,4719
4055,155.0,2023-11-04,444
4056,100.0,2023-12-31,851
4057,155.0,2025-05-15,9677
4058,100.0,2025-04-21,624
4059,155.0,2023-01-07,7677
4060,210.0,2023-12-05,1972
4061,210.0,2023-11-13,4300
4062,100.0,2023-01-15,8494
4063,155.0,2025-05-24,6991
4064,210.0,2025-09-02,3926
4065,100.0,2025-05-13,9894
4066,210.0,2024-02-07,5758
4067,155.0,2026-04-22,3894
4068,155.0,2023-09-20,8813
4069,155.0,2025-02-12,3463
4070,210.0,2025-10-04,3784
4071,210.0,2024-10-11,7221
4072,155.0,2023-09-16,6008
4073,100.0,2026-01-25,2372
4074,210.0,2025-02-25,8278
4075,210.0,2025-10-14,7239
4076,100.0,2024-09-17,3006
4077,100.0,2023-09-14,1829
4078,210.0,2024-04-12,469
4079,100.0,2025-11-16,1590
4080,100.0,2023-01-07,2255
4081,210.0,2025-04-18,2695
4082,210.0,2024-07-09,6111
4083,210.0,2025-07-07,10603
4084,100.0,2023-10-19,2647
4085,100.0,2025-02-08,9480
4086,210.0,2024-05-07,5853
4087,155.0,2023-07-11,3089
4088,210.0,2025-07-05,6420
4089,210.0,2024-12-04,4364
4090,210.0,2025-09-17,8689
4091,210.0,2023-09-29,7555
4092,100.0,2024-04-25,463
4093,210.0,2023-12-02,2751
4094,210.0,2025-06-13,8393
4095,100.0,2023-05-03,1640
4096,155.0,2025-04-09,2029
4097,210.0,2023-07-18,10284
4098,155.0,2023-01-22,9624
4099,155.0,2023-05-08,4064
4100,210.0,2025-05-26,8427
4101,210.0,2025-12-11,215
4102,100.0,2023-05-05,722
4103,210.0,2025-12-29,3136
4104,210.0,2025-03-20,6268
4105,210.0,2024-11-04,1445
4106,155.0,2024-02-17,923
4107,155.0,2025-10-28,6813
4108,155.0,2026-02-01,3577
4109,155.0,2023-09-17,10764
4110,210.0,2025-11-24,4226
4111,100.0,2026-03-30,8752
4112,155.0,2025-05-07,1099
4113,210.0,2023-01-01,8297
4114,210.0,2023-10-07,3194
4115,100.0,2024-11-02,6555
4116,100.0,2023-05-16,8451
4117,100.0,2024-05-09,2073
4118,100.0,2025-12-08,8521
4119,100.0,2025-08-13,3572
4120,100.0,2023-02-09,9492
4121,210.0,2025-11-18,9012
4122,155.0,2025-10-08,4901
4123,100.0,2024-02-06,2938
4124,155.0,2024-12-24,10003
4125,100.0,2025-12-25,6577
4126,210.0,2023-07-31,5243
4127,100.0,2026-01-18,2357
4128,100.0,2025-04-23,7212
4129,100.0,2024-08-23,1095
4130,155.0,2023-02-23,3155
4131,155.0,2025-09-09,3776
4132,100.0,2023-02-01,2330
4133,155.0,2025-09-14,1544
4134,155.0,2025-05-19,7373
4135,155.0,2026-02-27,2333
4136,100.0,2024-01-09,10371
4137,155.0,2025-03-31,9024
4138,210.0,2024-09-05,4641
4139,100.0,2023-09-13,7915
4140,100.0,2023-08-24,10089
4141,100.0,2026-04-17,7860
4142,210.0,2025-05-09,637
4143,155.0,2025-09-22,440
4144,100.0,2026-04-08,9482
4145,155.0,2023-06-10,10274
4146,100.0,2023-11-10,2818
4147,100.0,2023-01-12,9855
4148,100.0,2023-10-16,10691
4149,155.0,2025-02-11,3914
4150,100.0,2023-12-06,5579
4151,100.0,2026-01-14,6792
4152,100.0,2025-07-14,2034
4153,100.0,2023-10-30,9463
4154,100.0,2023-09-20,9364
4155,210.0,2023-09-27,1896
4156,100.0,2025-06-21,2263
4157,210.0,2025-06-01,2825
4158,155.0,2024-08-22,2793
4159,210.0,2024-10-19,7021
4160,155.0,2024-06-27,10037
4161,210.0,2025-09-18,2402
4162,155.0,2024-09-20,965
4163,155.0,2026-04-30,5480
4164,210.0,2024-04-13,9116
4165,155.0,2025-04-23,7519
4166,210.0,2025-08-25,6055
4167,100.0,2023-06-06,3394
4168,100.0,2024-04-07,5371
4169,100.0,2025-08-24,879
4170,155.0,2023-11-14,2455
4171,155.0,2024-05-11,10645
4172,100.0,2023-11-29,9244
4173,155.0,2023-04-21,845
4174,100.0,2023-12-22,5715
4175,210.0,2025-03-09,3389
4176,100.0,2024-04-14,9516
4177,100.0,2025-03-03,4466
4178,100.0,2025-11-11,2731
4179,210.0,2025-11-06,9817
4180,155.0,2023-11-25,4574
4181,210.0,2023-04-30,10904
4182,210.0,2024-03-18,9088
4183,155.0,2026-04-07,7727
4184,210.0,2024-03-18,453
4185,100.0,2024-05-13,3982
4186,210.0,2025-06-25,2779
4187,210.0,2024-01-26,1949
4188,155.0,2025-12-12,6310
4189,210.0,2025-08-02,7950
4190,100.0,2023-04-09,9528
4191,100.0,2024-01-01,5960
4192,100.0,2025-06-18,10822
4193,155.0,2023-02-03,275
4194,100.0,2024-03-18,686
4195,100.0,2024-11-14,9233
4196,100.0,2026-01-11,10613
4197,100.0,2024-02-23,696
4198,210.0,2024-01-23,6772
4199,100.0,2024-07-14,4335
4200,210.0,2026-01-04,8918
4201,155.0,2023-02-23,2839
4202,210.0,2023-12-02,10376
4203,210.0,2026-04-28,7240
4204,155.0,2025-08-21,9112
4205,210.0,2023-06-05,5017
4206,210.0,2023-09-19,10241
4207,210.0,2025-01-07,6745
4208,155.0,2024-04-29,4461
4209,155.0,2024-11-17,2063
4210,100.0,2025-09-03,1360
4211,210.0,2025-10-20,1725
4212,100.0,2023-06-24,10760
4213,100.0,2024-09-24,906
4214,100.0,2023-02-28,8782
4215,155.0,2024-01-01,8086
4216,100.0,2024-04-11,5731
4217,155.0,2025-09-08,10753
4218,155.0,2023-06-19,4900
4219,100.0,2024-06-05,10533
4220,210.0,2023-08-09,4109
4221,210.0,2025-08-28,10418
4222,155.0,2023-04-07,4480
4223,155.0,2024-02-29,7378
4224,155.0,2026-02-20,9620
4225,155.0,2023-05-28,10617
4226,100.0,2026-01-19,8061
4227,210.0,2025-03-12,4689
4228,210.0,2024-01-18,8911
4229,210.0,2023-06-17,148
4230,155.0,2023-06-05,3818
4231,100.0,2024-08-11,955
4232,155.0,2026-02-14,10389
4233,100.0,2025-07-04,3608
4234,100.0,2025-12-09,10021
4235,100.0,2026-03-20,8943
4236,100.0,2023-10-20,1948
4237,155.0,2025-07-30,10386
4238,155.0,2024-03-06,4323
4239,210.0,2024-06-10,3272
4240,100.0,2024-01-11,3196
4241,210.0,2024-03-11,12
4242,210.0,2024-10-06,8751
4243,155.0,2023-10-14,3091
4244,100.0,2024-08-22,1685
4245,155.0,2023-02-11,10406
4246,155.0,2025-05-31,9327
4247,155.0,2025-12-19,3171
4248,210.0,2023-09-05,10492
4249,155.0,2026-01-22,6289
4250,210.0,2023-04-12,5824
4251,100.0,2025-06-05,6765
4252,155.0,2023-07-01,223
4253,210.0,2023-07-02,4320
4254,210.0,2025-12-07,3680
4255,210.0,2025-06-28,4331
4256,100.0,2025-08-02,5578
4257,210.0,2024-06-18,2274
4258,100.0,2025-01-10,9062
4259,100.0,2024-03-17,5482
4260,210.0,2023-12-05,253
4261,210.0,2025-10-06,7681
4262,155.0,2024-03-15,4680
4263,155.0,2024-10-27,2227
4264,155.0,2025-02-18,7496
4265,155.0,2025-11-28,5361
4266,155.0,2023-10-01,9498
4267,100.0,2025-02-07,2527
4268,100.0,2025-09-14,112
4269,100.0,2026-03-02,9543
4270,210.0,2024-08-18,10280
4271,100.0,2023-03-14,1754
4272,100.0,2025-01-21,2770
4273,100.0,2024-03-09,1613
4274,155.0,2023-09-04,4941
4275,155.0,2024-07-04,2942
4276,210.0,2023-10-26,1518
4277,155.0,2023-05-17,7986
4278,100.0,2025-06-11,1216
4279,210.0,2023-11-20,10245
4280,210.0,2024-04-12,8920
4281,100.0,2025-09-30,3160
4282,210.0,2026-02-18,8315
4283,210.0,2024-04-18,10255
4284,210.0,2024-07-06,2689
4285,210.0,2024-10-18,10713
4286,210.0,2024-04-25,5616
4287,155.0,2023-12-31,5949
4288,100.0,2024-05-01,10056
4289,100.0,2026-03-11,1091
4290,100.0,2024-06-22,9370
4291,155.0,2026-02-25,5255
4292,100.0,2025-02-20,1304
4293,210.0,2023-02-23,5042
4294,155.0,2026-03-29,2537
4295,155.0,2024-07-02,5112
4296,100.0,2023-05-28,3115
4297,155.0,2023-07-31,7203
4298,210.0,2025-12-19,9663
4299,210.0,2024-12-22,1783
4300,210.0,2025-02-12,29
4301,155.0,2024-07-10,5985
4302,155.0,2024-02-09,8322
4303,155.0,2025-03-14,8226
4304,155.0,2023-09-25,5077
4305,100.0,2023-10-17,5788
4306,155.0,2025-07-05,2480
4307,100.0,2026-04-08,7295
4308,100.0,2023-12-27,726
4309,210.0,2023-05-12,1696
4310,100.0,2023-04-08,376
4311,100.0,2025-02-17,6079
4312,100.0,2026-01-17,13
4313,155.0,2023-11-14,748
4314,210.0,2025-10-18,7433
4315,100.0,2024-09-23,3437
4316,100.0,2024-09-12,8132
4317,100.0,2025-06-08,3178
4318,210.0,2025-01-14,3708
4319,155.0,2026-01-07,1692
4320,210.0,2026-01-01,9086
4321,100.0,2024-01-19,6422
4322,155.0,2026-02-20,3283
4323,210.0,2025-12-25,3780
4324,210.0,2026-04-02,3030
4325,155.0,2023-07-25,7325
4326,210.0,2024-06-13,4058
4327,155.0,2023-10-19,911
4328,155.0,2023-03-22,2591
4329,155.0,2024-03-29,10271
4330,100.0,2023-12-04,2665
4331,100.0,2023-07-28,5544
4332,100.0,2023-02-14,3871
4333,155.0,2023-07-30,6432
4334,210.0,2026-01-28,7958
4335,210.0,2023-05-25,1169
4336,210.0,2024-08-08,7249
4337,155.0,2025-02-09,3799
4338,100.0,2024-02-29,10783
4339,155.0,2023-03-31,8402
4340,210.0,2023-11-03,8691
4341,210.0,2023-03-14,7375
4342,100.0,2025-03-07,26
4343,100.0,2026-04-27,9785
4344,210.0,2024-01-29,10592
4345,100.0,2024-05-04,7206
4346,210.0,2026-02-17,3918
4347,210.0,2025-04-02,9928
4348,100.0,2023-01-20,6120
4349,155.0,2024-12-22,6582
4350,210.0,2025-10-03,9130
4351,210.0,2025-05-13,2044
4352,210.0,2024-08-14,3045
4353,155.0,2025-12-27,1571
4354,210.0,2023-12-22,6502
4355,100.0,2025-04-24,7363
4356,210.0,2026-01-19,5270
4357,155.0,2024-03-08,391
4358,210.0,2024-07-21,3406
4359,100.0,2023-02-18,5373
4360,100.0,2023-05-31,5157
4361,100.0,2026-01-20,2175
4362,210.0,2024-10-25,1268
4363,155.0,2025-07-26,4065
4364,155.0,2026-01-19,5746
4365,210.0,2024-08-04,1857
4366,210.0,2026-01-31,9757
4367,100.0,2024-05-26,8636
4368,155.0,2024-03-02,958
4369,210.0,2025-09-29,4239
4370,155.0,2025-04-24,7798
4371,155.0,2025-01-07,8967
4372,210.0,2024-05-01,4766
4373,100.0,2025-06-15,3707
4374,100.0,2024-11-03,9579
4375,210.0,2023-03-11,6918
4376,155.0,2023-08-09,863
4377,100.0,2024-10-16,9713
4378,210.0,2023-06-27,437
4379,155.0,2026-02-23,6973
4380,100.0,2026-04-11,4669
4381,155.0,2024-02-09,2385
4382,210.0,2025-03-28,6113
4383,210.0,2024-03-25,8152
4384,100.0,2024-09-04,4314
4385,155.0,2025-07-02,8810
4386,210.0,2024-08-04,1906
4387,100.0,2023-01-11,9686
4388,100.0,2025-11-30,4469
4389,100.0,2024-06-22,802
4390,155.0,2023-04-18,9477
4391,100.0,2023-06-05,7273
4392,100.0,2025-04-03,6992
4393,155.0,2026-04-19,4600
4394,210.0,2025-10-31,5382
4395,155.0,2023-09-01,8388
4396,100.0,2025-03-18,4863
4397,155.0,2026-02-18,1952
4398,155.0,2024-09-10,2316
4399,155.0,2025-04-05,2685
4400,210.0,2023-10-27,7503
4401,155.0,2023-04-24,6117
4402,210.0,2025-06-01,5820
4403,155.0,2023-01-30,4798
4404,155.0,2023-09-03,4922
4405,155.0,2023-04-01,7076
4406,100.0,2025-04-18,9173
4407,155.0,2025-08-24,2362
4408,155.0,2026-02-12,7202
4409,100.0,2023-12-15,10076
4410,100.0,2024-09-20,7661
4411,100.0,2023-08-04,10277
4412,155.0,2026-04-12,2554
4413,100.0,2023-11-02,10404
4414,100.0,2024-04-04,585
4415,100.0,2024-07-26,10867
4416,100.0,2023-01-20,64
4417,210.0,2024-02-19,7813
4418,155.0,2025-06-21,9590
4419,155.0,2024-09-02,7691
4420,210.0,2024-03-22,8411
4421,155.0,2023-10-05,5994
4422,155.0,2023-05-02,9246
4423,100.0,2023-01-31,6898
4424,155.0,2025-10-24,7569
4425,155.0,2025-01-01,3457
4426,155.0,2023-11-17,7775
4427,100.0,2025-09-02,5360
4428,210.0,2023-04-10,5563
4429,210.0,2024-03-31,6668
4430,100.0,2024-08-24,237
4431,155.0,2023-10-06,7628
4432,210.0,2024-04-13,749
4433,210.0,2024-05-07,1061
4434,100.0,2025-08-11,4431
4435,155.0,2026-02-04,1004
4436,155.0,2025-07-06,6115
4437,100.0,2024-03-15,10648
4438,100.0,2025-09-09,9286
4439,155.0,2024-04-04,5628
4440,100.0,2024-07-19,1499
4441,100.0,2023-11-19,9336
4442,210.0,2025-10-28,1425
4443,155.0,2026-04-05,9930
4444,100.0,2025-01-26,1094
4445,100.0,2025-09-20,1229
4446,210.0,2024-06-10,8230
4447,100.0,2024-12-07,2956
4448,155.0,2025-06-06,7055
4449,210.0,2026-03-07,5390
4450,155.0,2023-11-22,4342
4451,210.0,2023-10-26,6601
4452,155.0,2024-02-17,4749
4453,100.0,2024-02-11,2856
4454,100.0,2023-02-14,2558
4455,100.0,2025-07-19,673
4456,210.0,2025-09-02,3503
4457,100.0,2025-11-18,7829
4458,155.0,2025-04-03,104
4459,210.0,2024-11-14,5747
4460,100.0,2026-03-23,6247
4461,155.0,2024-08-08,3624
4462,155.0,2025-01-20,7010
4463,155.0,2025-03-10,10216
4464,100.0,2025-01-04,2636
4465,100.0,2025-01-05,10475
4466,155.0,2024-12-06,2022
4467,155.0,2025-08-13,3789
4468,155.0,2024-05-07,4528
4469,210.0,2025-02-04,2560
4470,155.0,2026-03-12,2062
4471,210.0,2024-09-08,9777
4472,100.0,2024-12-18,2626
4473,155.0,2023-08-16,1248
4474,100.0,2025-09-21,859
4475,210.0,2026-04-09,649
4476,100.0,2025-02-22,6836
4477,210.0,2023-05-08,4317
4478,210.0,2024-07-23,7599
4479,100.0,2023-06-20,6924
4480,155.0,2023-03-29,8410
4481,100.0,2024-12-03,8580
4482,210.0,2025-02-06,5780
4483,100.0,2024-09-07,798
4484,100.0,2024-03-21,7003
4485,100.0,2026-03-30,8571
4486,155.0,2023-09-02,972
4487,155.0,2025-07-15,2913
4488,100.0,2023-03-24,9268
4489,100.0,2024-06-22,4368
4490,100.0,2025-01-03,10782
4491,210.0,2025-02-09,8596
4492,210.0,2024-09-09,3047
4493,210.0,2026-02-26,1453
4494,155.0,2024-10-02,1464
4495,210.0,2024-11-30,8301
4496,210.0,2023-04-13,7749
4497,100.0,2025-11-02,717
4498,210.0,2025-09-29,7048
4499,100.0,2025-12-26,1160
4500,210.0,2024-09-02,19
4501,210.0,2026-04-14,10872
4502,155.0,2024-04-17,2370
4503,100.0,2023-12-06,9611
4504,155.0,2024-05-27,1090
4505,210.0,2024-09-25,290
4506,155.0,2025-01-19,10924
4507,100.0,2025-11-21,496
4508,210.0,2024-12-29,9672
4509,155.0,2024-03-04,5502
4510,100.0,2025-03-31,9433
4511,155.0,2026-04-21,9646
4512,210.0,2023-02-16,10190
4513,155.0,2024-12-01,768
4514,100.0,2024-08-15,2853
4515,100.0,2025-02-16,6700
4516,210.0,2024-10-01,1190
4517,155.0,2023-06-15,1738
4518,210.0,2026-01-15,2328
4519,100.0,2026-04-15,8339
4520,210.0,2025-10-20,8940
4521,210.0,2024-12-20,6534
4522,155.0,2026-01-22,2192
4523,210.0,2025-03-02,10886
4524,100.0,2023-12-11,224
4525,210.0,2026-03-12,3774
4526,155.0,2024-04-20,7862
4527,100.0,2023-01-27,397
4528,100.0,2024-09-29,6654
4529,210.0,2024-01-26,4508
4530,155.0,2024-05-03,1792
4531,210.0,2023-10-06,1935
4532,210.0,2023-04-21,9933
4533,210.0,2023-09-07,4084
4534,210.0,2023-07-22,3059
4535,155.0,2024-01-24,9814
4536,100.0,2025-03-10,43
4537,100.0,2024-02-14,3432
4538,155.0,2023-09-21,9661
4539,155.0,2026-01-23,116
4540,155.0,2024-11-07,8833
4541,210.0,2023-03-23,7476
4542,100.0,2023-06-02,7685
4543,155.0,2025-10-05,590
4544,100.0,2023-08-08,2712
4545,210.0,2026-01-22,1493
4546,100.0,2025-04-28,2879
4547,100.0,2024-10-08,877
4548,155.0,2025-07-04,3953
4549,155.0,2025-03-28,3897
4550,155.0,2025-07-15,2197
4551,100.0,2024-06-22,1744
4552,210.0,2025-09-14,5111
4553,155.0,2024-03-08,4142
4554,100.0,2023-12-03,8899
4555,210.0,2024-05-02,3717
4556,100.0,2026-04-13,10832
4557,210.0,2023-12-21,6242
4558,210.0,2026-01-06,619
4559,100.0,2026-02-26,5948
4560,100.0,2025-04-01,7527
4561,155.0,2025-10-06,8113
4562,100.0,2025-05-20,6213
4563,100.0,2025-03-05,9465
4564,210.0,2025-04-27,3449
4565,155.0,2023-02-09,2557
4566,155.0,2024-03-08,1517
4567,210.0,2023-08-18,5665
4568,155.0,2023-04-08,6853
4569,210.0,2024-04-24,7831
4570,210.0,2025-12-13,809
4571,210.0,2023-08-26,7279
4572,155.0,2025-02-17,2565
4573,155.0,2025-02-12,1333
4574,210.0,2026-04-26,348
4575,155.0,2025-06-23,8227
4576,210.0,2026-03-20,7478
4577,155.0,2023-09-21,190
4578,100.0,2023-06-18,2984
4579,100.0,2025-01-02,10768
4580,155.0,2023-05-14,6567
4581,210.0,2024-09-28,35
4582,100.0,2025-10-21,7395
4583,210.0,2023-10-24,7718
4584,100.0,2024-05-30,5914
4585,210.0,2025-08-11,1882
4586,210.0,2025-09-27,9297
4587,210.0,2025-10-05,7717
4588,210.0,2025-09-02,9308
4589,210.0,2024-09-18,3925
4590,100.0,2023-04-05,3669
4591,155.0,2024-12-03,6766
4592,155.0,2023-04-03,2955
4593,210.0,2024-12-06,6341
4594,155.0,2023-04-17,8723
4595,155.0,2026-04-14,9219
4596,100.0,2024-04-10,5630
4597,100.0,2026-01-24,10625
4598,100.0,2026-01-17,8862
4599,210.0,2023-09-04,6913
4600,100.0,2025-05-11,9566
4601,100.0,2025-03-01,8254
4602,210.0,2025-06-21,2067
4603,210.0,2026-01-22,4145
4604,100.0,2026-02-24,2443
4605,100.0,2025-05-02,48
4606,210.0,2024-11-10,1858
4607,155.0,2025-09-09,9781
4608,100.0,2025-08-01,4358
4609,100.0,2023-04-05,6234
4610,155.0,2024-07-14,6997
4611,210.0,2024-10-08,3817
4612,100.0,2024-07-28,7196
4613,100.0,2024-08-21,2774
4614,210.0,2025-02-23,1344
4615,155.0,2025-10-27,5179
4616,100.0,2023-08-31,4399
4617,210.0,2025-10-03,650
4618,155.0,2026-01-08,8178
4619,100.0,2024-07-18,7390
4620,100.0,2024-11-07,1894
4621,155.0,2023-07-18,2395
4622,100.0,2024-09-24,3098
4623,100.0,2023-01-31,5777
4624,210.0,2025-08-25,5830
4625,210.0,2026-04-25,1559
4626,210.0,2025-01-14,9228
4627,210.0,2025-06-23,10000
4628,155.0,2023-06-13,3278
4629,155.0,2025-03-31,10772
4630,100.0,2025-06-03,7711
4631,155.0,2025-07-25,3468
4632,210.0,2025-03-01,8852
4633,100.0,2023-11-07,1928
4634,210.0,2025-11-20,5658
4635,100.0,2024-02-29,5407
4636,100.0,2023-03-29,8188
4637,100.0,2026-04-24,670
4638,155.0,2026-02-23,10090
4639,100.0,2025-09-07,994
4640,100.0,2023-12-26,377
4641,155.0,2023-06-22,10747
4642,210.0,2025-08-19,7941
4643,155.0,2023-12-11,4106
4644,210.0,2026-02-01,10910
4645,210.0,2023-02-18,5101
4646,155.0,2023-01-01,1439
4647,210.0,2023-12-10,45
4648,155.0,2023-02-17,10955
4649,100.0,2024-03-11,1593
4650,210.0,2025-05-17,1126
4651,100.0,2024-06-01,1953
4652,210.0,2023-02-02,4449
4653,210.0,2023-08-11,4016
4654,155.0,2025-01-30,5176
4655,210.0,2025-01-23,2621
4656,100.0,2023-09-06,8048
4657,210.0,2024-08-10,6876
4658,155.0,2023-07-02,5687
4659,155.0,2026-01-11,5935
4660,100.0,2023-05-15,209
4661,210.0,2023-05-22,1885
4662,155.0,2024-12-02,5490
4663,155.0,2024-09-04,777
4664,155.0,2024-05-27,4515
4665,155.0,2025-03-17,9889
4666,100.0,2024-12-10,2556
4667,210.0,2023-10-05,9285
4668,210.0,2026-02-12,526
4669,155.0,2025-10-26,1905
4670,210.0,2025-11-12,5437
4671,210.0,2026-03-30,8049
4672,210.0,2026-02-13,3775
4673,210.0,2024-08-21,5091
4674,100.0,2023-01-22,795
4675,155.0,2023-01-24,10935
4676,210.0,2024-10-31,9065
4677,100.0,2025-11-13,1542
4678,210.0,2023-06-04,7870
4679,155.0,2025-08-22,4767
4680,100.0,2025-11-01,3844
4681,210.0,2023-09-21,7799
4682,210.0,2024-02-08,2302
4683,100.0,2024-05-20,9982
4684,100.0,2023-11-07,9885
4685,155.0,2024-09-30,1524
4686,100.0,2025-04-14,6265
4687,155.0,2023-03-15,1390
4688,155.0,2024-10-19,8433
4689,100.0,2025-09-14,6931
4690,100.0,2026-01-21,9506
4691,155.0,2026-04-25,25
4692,100.0,2025-10-07,2071
4693,100.0,2025-09-03,10814
4694,210.0,2023-06-07,10852
4695,210.0,2025-05-02,3430
4696,155.0,2025-06-27,5377
4697,100.0,2025-07-31,6787
4698,155.0,2026-04-23,1220
4699,100.0,2025-08-02,9317
4700,210.0,2023-05-25,9920
4701,155.0,2024-11-27,1668
4702,155.0,2024-07-17,181
4703,155.0,2026-04-22,7188
4704,100.0,2023-05-24,3396
4705,155.0,2025-10-31,222
4706,210.0,2025-12-07,8453
4707,100.0,2026-02-18,542
4708,100.0,2025-01-05,10035
4709,210.0,2025-12-25,8671
4710,100.0,2024-06-29,10722
4711,210.0,2026-01-18,2611
4712,210.0,2023-09-16,2880
4713,155.0,2025-10-29,7698
4714,155.0,2023-10-21,1470
4715,210.0,2024-04-19,6158
4716,100.0,2026-02-13,7739
4717,210.0,2024-08-30,5266
4718,155.0,2023-04-24,10756
4719,100.0,2024-09-21,10789
4720,210.0,2025-05-31,1987
4721,210.0,2023-05-01,2449
4722,100.0,2025-11-30,9468
4723,155.0,2024-07-28,5010
4724,210.0,2026-02-12,5869
4725,210.0,2025-04-04,5329
4726,210.0,2026-04-24,2719
4727,155.0,2023-10-21,8544
4728,155.0,2025-08-07,6673
4729,155.0,2026-01-29,126
4730,155.0,2023-10-21,7451
4731,155.0,2026-02-15,5202
4732,155.0,2024-02-09,9984
4733,210.0,2024-10-28,7008
4734,100.0,2024-11-10,5231
4735,210.0,2024-04-23,3156
4736,155.0,2025-04-11,4050
4737,155.0,2026-03-01,6082
4738,100.0,2023-04-20,9956
4739,100.0,2025-03-03,1818
4740,100.0,2024-03-28,2891
4741,155.0,2023-08-17,1747
4742,100.0,2026-03-04,1980
4743,210.0,2024-05-28,8739
4744,100.0,2023-11-25,664
4745,155.0,2025-04-08,4762
4746,155.0,2024-05-04,3639
4747,210.0,2025-01-08,8370
4748,100.0,2024-08-04,10489
4749,210.0,2023-11-18,10854
4750,100.0,2025-03-08,10662
4751,100.0,2025-04-30,1168
4752,155.0,2023-04-16,9599
4753,155.0,2024-05-26,8835
4754,210.0,2023-07-15,5704
4755,210.0,2023-10-15,7284
4756,100.0,2025-01-30,10657
4757,210.0,2024-05-21,8102
4758,155.0,2023-02-07,182
4759,155.0,2026-03-24,8662
4760,100.0,2023-12-06,1933
4761,210.0,2023-09-25,492
4762,155.0,2025-06-11,5964
4763,210.0,2023-04-17,5386
4764,210.0,2024-10-11,4915
4765,210.0,2025-08-24,6387
4766,100.0,2025-03-25,8812
4767,100.0,2024-12-04,2653
4768,210.0,2023-04-30,8405
4769,210.0,2024-03-28,9681
4770,210.0,2024-03-26,1945
4771,155.0,2026-03-04,7403
4772,210.0,2026-03-02,2447
4773,100.0,2023-04-30,2236
4774,155.0,2024-09-14,7619
4775,100.0,2025-08-08,5470
4776,100.0,2023-05-25,7233
4777,155.0,2025-09-19,5844
4778,210.0,2024-09-01,4688
4779,155.0,2025-11-30,1605
4780,155.0,2025-07-23,3908
4781,210.0,2024-10-25,938
4782,155.0,2024-06-23,2051
4783,100.0,2024-02-05,10248
4784,210.0,2024-11-26,2311
4785,210.0,2025-09-06,9670
4786,210.0,2023-04-28,9578
4787,100.0,2024-10-01,2185
4788,100.0,2023-11-13,1215
4789,155.0,2024-12-09,583
4790,100.0,2025-09-11,10965
4791,155.0,2024-06-25,7854
4792,210.0,2025-01-12,1619
4793,210.0,2023-10-04,1250
4794,155.0,2024-05-11,8025
4795,210.0,2025-08-16,7920
4796,155.0,2023-08-22,3877
4797,100.0,2026-01-10,10440
4798,100.0,2023-05-23,2189
4799,210.0,2024-11-06,10729
4800,100.0,2026-02-24,3187
4801,210.0,2024-11-04,9067
4802,210.0,2024-12-30,4174
4803,155.0,2024-07-03,196
4804,100.0,2023-08-14,9546
4805,100.0,2024-07-12,2096
4806,155.0,2025-07-31,7314
4807,155.0,2023-04-14,9679
4808,210.0,2025-07-15,9502
4809,155.0,2023-03-13,8128
4810,155.0,2024-11-13,979
4811,155.0,2025-12-14,5062
4812,210.0,2024-05-01,3543
4813,100.0,2024-08-27,10033
4814,155.0,2023-04-06,8749
4815,210.0,2026-01-21,9389
4816,210.0,2025-10-10,204
4817,155.0,2024-08-28,7946
4818,100.0,2023-04-01,8437
4819,210.0,2025-11-18,6396
4820,210.0,2023-10-16,6100
4821,210.0,2024-10-07,2509
4822,155.0,2024-06-10,5515
4823,155.0,2025-04-08,5248
4824,155.0,2024-02-12,3834
4825,210.0,2024-07-19,1822
4826,155.0,2025-05-15,278
4827,210.0,2025-03-08,642
4828,100.0,2024-08-17,7291
4829,210.0,2026-04-24,1008
4830,100.0,2023-10-25,5162
4831,155.0,2025-05-21,734
4832,155.0,2023-09-28,6878
4833,210.0,2023-02-19,1397
4834,155.0,2025-08-21,3716
4835,100.0,2023-09-23,6818
4836,210.0,2025-03-01,1823
4837,155.0,2024-11-20,4722
4838,210.0,2024-02-04,4498
4839,155.0,2023-01-08,6922
4840,155.0,2023-11-19,10369
4841,210.0,2025-09-01,9207
4842,100.0,2023-06-28,10755
4843,155.0,2024-10-25,8241
4844,100.0,2025-06-19,8234
4845,100.0,2023-05-24,1433
4846,100.0,2024-11-17,1956
4847,210.0,2026-01-18,2553
4848,210.0,2023-11-21,3785
4849,210.0,2025-08-13,33
4850,155.0,2025-01-17,4049
4851,155.0,2025-06-26,519
4852,210.0,2023-09-19,2862
4853,210.0,2024-09-30,1675
4854,155.0,2023-08-13,5721
4855,210.0,2024-10-19,9437
4856,155.0,2025-11-08,3066
4857,155.0,2025-12-27,7113
4858,210.0,2023-02-28,9399
4859,210.0,2025-02-23,292
4860,100.0,2024-04-13,8159
4861,155.0,2025-09-29,4770
4862,155.0,2024-04-30,2161
4863,100.0,2026-02-28,7074
4864,210.0,2026-01-14,9535
4865,210.0,2025-12-16,5325
4866,100.0,2023-12-04,1194
4867,210.0,2023-07-15,1352
4868,155.0,2023-04-05,351
4869,210.0,2025-05-01,2965
4870,210.0,2023-01-11,5457
4871,100.0,2025-04-12,85
4872,155.0,2023-07-24,930
4873,155.0,2025-10-05,792
4874,210.0,2023-01-09,9335
4875,100.0,2023-03-08,10229
4876,100.0,2023-04-08,9860
4877,100.0,2026-01-16,10432
4878,100.0,2025-02-20,8154
4879,155.0,2023-11-26,4746
4880,210.0,2023-12-16,3040
4881,100.0,2025-10-09,9193
4882,210.0,2026-01-30,6428
4883,100.0,2025-04-05,141
4884,210.0,2023-08-03,6993
4885,155.0,2026-04-01,6786
4886,155.0,2026-01-02,4365
4887,100.0,2023-06-13,4839
4888,155.0,2023-03-08,9486
4889,210.0,2023-09-25,7023
4890,155.0,2024-01-29,9109
4891,100.0,2024-03-09,9678
4892,210.0,2024-06-09,8653
4893,100.0,2023-09-13,324
4894,100.0,2024-01-22,6085
4895,100.0,2025-08-01,1175
4896,210.0,2026-03-03,6941
4897,100.0,2025-03-13,10443
4898,210.0,2024-03-16,1567
4899,210.0,2023-01-14,9612
4900,155.0,2025-08-10,3972
4901,100.0,2025-10-31,3505
4902,210.0,2024-05-30,7654
4903,100.0,2025-04-12,9036
4904,155.0,2025-09-05,6462
4905,100.0,2025-06-06,5571
4906,155.0,2025-12-07,1515
4907,210.0,2025-04-10,9643
4908,210.0,2026-03-02,8829
4909,155.0,2025-05-30,3794
4910,210.0,2024-09-30,1378
4911,155.0,2023-08-17,3186
4912,210.0,2025-07-02,5053
4913,210.0,2025-07-16,2248
4914,210.0,2026-02-07,8470
4915,210.0,2024-02-03,10644
4916,100.0,2025-07-11,10749
4917,100.0,2023-09-29,3580
4918,210.0,2023-10-16,7722
4919,210.0,2024-06-03,5524
4920,155.0,2025-02-11,4096
4921,210.0,2025-08-26,7853
4922,155.0,2025-05-30,6732
4923,210.0,2024-07-21,2077
4924,155.0,2023-04-04,4723
4925,155.0,2024-04-18,8673
4926,155.0,2023-11-13,6469
4927,100.0,2023-02-27,1556
4928,210.0,2025-11-17,8517
4929,100.0,2023-09-02,10116
4930,100.0,2025-01-04,6429
4931,155.0,2024-09-05,3850
4932,210.0,2024-12-09,7810
4933,155.0,2024-10-24,9434
4934,100.0,2026-02-28,5601
4935,100.0,2023-01-17,1812
4936,155.0,2025-01-09,6191
4937,210.0,2026-02-21,8329
4938,155.0,2025-09-12,7738
4939,155.0,2026-02-09,730
4940,100.0,2024-11-30,2824
4941,155.0,2024-10-04,5142
4942,155.0,2024-12-04,1816
4943,210.0,2024-01-25,6256
4944,210.0,2023-03-31,2000
4945,100.0,2024-05-29,7179
4946,100.0,2023-07-02,1805
4947,155.0,2025-10-05,1687
4948,155.0,2023-12-04,549
4949,210.0,2025-01-02,1730
4950,155.0,2025-05-03,6175
4951,100.0,2025-10-31,1041
4952,155.0,2025-11-15,6742
4953,210.0,2026-04-05,9139
4954,210.0,2024-12-05,5340
4955,100.0,2023-10-04,3442
4956,100.0,2024-01-26,8286
4957,100.0,2025-04-15,5944
4958,155.0,2025-08-09,2401
4959,210.0,2023-08-02,1620
4960,155.0,2026-02-18,6163
4961,100.0,2024-11-21,8063
4962,210.0,2024-08-08,6794
4963,210.0,2024-04-04,6170
4964,210.0,2025-06-05,4537
4965,155.0,2023-10-22,10424
4966,155.0,2024-10-27,7648
4967,100.0,2025-10-01,10460
4968,155.0,2025-05-24,10251
4969,100.0,2026-02-06,6644
4970,155.0,2024-12-24,841
4971,155.0,2025-07-27,10894
4972,100.0,2025-02-09,2487
4973,210.0,2024-10-12,7822
4974,210.0,2024-10-30,5828
4975,210.0,2023-03-31,9718
4976,100.0,2025-12-08,4858
4977,210.0,2023-05-09,7540
4978,100.0,2024-02-25,3529
4979,155.0,2025-07-20,8574
4980,210.0,2024-02-07,858
4981,100.0,2024-06-23,2090
4982,100.0,2024-10-28,7918
4983,155.0,2025-07-25,3888
4984,155.0,2024-10-02,2581
4985,155.0,2025-03-31,2065
4986,155.0,2023-06-20,6110
4987,210.0,2025-12-28,7454
4988,210.0,2025-11-28,6349
4989,100.0,2025-03-20,4257
4990,210.0,2023-12-15,8237
4991,155.0,2024-11-24,10696
4992,155.0,2024-02-12,8122
4993,155.0,2024-04-19,140
4994,100.0,2025-10-02,5622
4995,100.0,2023-02-16,6774
4996,100.0,2024-02-15,9455
4997,155.0,2025-09-01,4295
4998,155.0,2024-09-14,6250
4999,100.0,2024-01-28,9316
5000,155.0,2023-01-20,7549
5001,210.0,2024-01-18,7045
5002,100.0,2024-05-09,9263
5003,155.0,2024-04-20,9758
5004,100.0,2026-02-18,1705
5005,100.0,2023-01-18,484
5006,100.0,2023-03-10,7078
5007,100.0,2024-02-21,6176
5008,210.0,2023-10-28,8270
5009,100.0,2023-04-30,8412
5010,155.0,2025-10-08,10668
5011,155.0,2025-03-30,9863
5012,100.0,2026-03-26,5902
5013,100.0,2024-09-13,2738
5014,155.0,2023-01-30,10120
5015,155.0,2026-02-06,2588
5016,210.0,2025-06-19,8167
5017,210.0,2025-07-09,9877
5018,100.0,2023-05-16,8720
5019,155.0,2025-09-16,4734
5020,100.0,2024-11-15,3642
5021,155.0,2024-01-09,3880
5022,100.0,2025-02-09,299
5023,210.0,2023-03-12,1355
5024,100.0,2024-06-11,4022
5025,210.0,2026-03-07,1968
5026,210.0,2024-09-12,4721
5027,210.0,2024-10-23,1308
5028,210.0,2023-10-07,8381
5029,210.0,2024-04-28,4282
5030,210.0,2025-03-22,3213
5031,100.0,2024-07-25,7561
5032,210.0,2026-01-26,9682
5033,210.0,2026-02-08,7294
5034,100.0,2025-04-29,8355
5035,155.0,2024-06-30,9190
5036,155.0,2025-11-26,2064
5037,155.0,2025-08-12,5916
5038,210.0,2024-07-31,5790
5039,155.0,2025-01-14,9795
5040,100.0,2024-04-28,2375
5041,100.0,2023-01-29,4912
5042,155.0,2025-01-21,8963
5043,155.0,2024-02-02,4969
5044,210.0,2023-04-26,6741
5045,155.0,2023-09-08,3606
5046,100.0,2024-03-04,4417
5047,100.0,2025-10-25,1069
5048,155.0,2024-11-25,6481
5049,155.0,2023-04-18,6722
5050,155.0,2023-12-29,4949
5051,155.0,2023-02-22,4921
5052,100.0,2025-03-23,10864
5053,155.0,2023-01-06,7266
5054,210.0,2024-12-15,445
5055,155.0,2024-11-09,9090
5056,210.0,2023-11-20,10146
5057,210.0,2026-03-09,2282
5058,210.0,2023-12-12,4063
5059,100.0,2023-05-09,6236
5060,155.0,2023-10-09,10496
5061,155.0,2024-11-21,9372
5062,100.0,2024-07-12,5328
5063,155.0,2025-12-07,10227
5064,155.0,2025-07-22,5289
5065,210.0,2026-03-12,10682
5066,210.0,2023-01-03,10992
5067,210.0,2023-10-13,2499
5068,210.0,2023-06-27,5036
5069,155.0,2025-08-12,873
5070,210.0,2025-04-01,5990
5071,100.0,2024-11-06,7537
5072,210.0,2024-03-25,199
5073,210.0,2024-08-12,1274
5074,210.0,2026-01-24,7262
5075,100.0,2025-10-12,4291
5076,155.0,2024-01-05,10853
5077,210.0,2025-01-14,9796
5078,100.0,2023-03-17,2501
5079,100.0,2023-11-28,2166
5080,100.0,2026-02-03,7120
5081,210.0,2026-04-10,7621
5082,210.0,2024-11-06,5472
5083,210.0,2025-11-09,6530
5084,100.0,2023-07-01,3504
5085,210.0,2023-09-06,6604
5086,100.0,2025-04-22,9165
5087,100.0,2025-10-31,9098
5088,210.0,2024-08-27,4899
5089,155.0,2024-09-13,8966
5090,100.0,2024-12-03,3526
5091,210.0,2025-07-18,10728
5092,155.0,2025-07-15,3398
5093,100.0,2025-07-26,10651
5094,155.0,2025-11-15,700
5095,155.0,2025-08-19,9303
5096,100.0,2025-07-09,8989
5097,210.0,2024-03-05,8695
5098,210.0,2024-07-10,4730
5099,210.0,2023-09-13,7070
5100,100.0,2023-02-10,10242
5101,100.0,2025-02-21,4026
5102,210.0,2026-02-11,9197
5103,100.0,2025-04-27,6616
5104,100.0,2025-01-17,9117
5105,100.0,2025-11-25,4750
5106,155.0,2025-07-19,1389
5107,210.0,2024-12-25,5102
5108,100.0,2024-11-15,9354
5109,155.0,2025-01-19,5357
5110,155.0,2023-08-01,9689
5111,155.0,2023-09-03,2115
5112,210.0,2025-11-04,611
5113,210.0,2023-05-04,109
5114,155.0,2024-07-24,1442
5115,100.0,2026-03-08,8997
5116,210.0,2023-07-31,8008
5117,210.0,2026-03-17,1714
5118,155.0,2025-07-29,10326
5119,210.0,2024-08-07,688
5120,155.0,2025-01-06,6260
5121,210.0,2024-03-03,2843
5122,210.0,2025-05-02,2445
5123,210.0,2025-09-22,4630
5124,100.0,2023-03-23,10510
5125,210.0,2026-01-30,9634
5126,155.0,2025-03-08,2419
5127,155.0,2024-04-06,9010
5128,210.0,2025-06-08,6114
5129,100.0,2025-10-18,2961
5130,100.0,2026-01-07,2941
5131,155.0,2023-01-09,10159
5132,210.0,2025-06-23,2526
5133,210.0,2023-09-17,2439
5134,155.0,2023-06-24,422
5135,100.0,2024-07-22,2680
5136,210.0,2024-03-11,9540
5137,100.0,2024-06-09,715
5138,210.0,2023-08-15,895
5139,155.0,2026-01-15,5183
5140,100.0,2025-06-25,10219
5141,155.0,2023-08-28,7856
5142,210.0,2025-02-08,1624
5143,100.0,2024-02-26,5441
5144,155.0,2024-01-01,7328
5145,155.0,2026-04-21,5998
5146,210.0,2024-12-18,5865
5147,155.0,2023-11-12,10211
5148,155.0,2024-02-03,10529
5149,100.0,2024-01-08,4337
5150,100.0,2025-10-15,3357
5151,210.0,2025-05-02,2646
5152,155.0,2023-04-06,778
5153,210.0,2023-10-15,10010
5154,210.0,2024-05-21,4627
5155,100.0,2023-03-04,9296
5156,100.0,2024-01-03,8239
5157,210.0,2023-08-31,6430
5158,155.0,2023-12-28,1240
5159,210.0,2024-12-29,5984
5160,100.0,2025-11-24,1021
5161,155.0,2023-10-20,467
5162,155.0,2024-10-29,3332
5163,210.0,2023-10-14,2837
5164,155.0,2023-07-07,8607
5165,100.0,2024-05-29,4236
5166,155.0,2025-11-29,6686
5167,210.0,2025-02-25,621
5168,155.0,2025-05-09,4853
5169,155.0,2025-10-21,6156
5170,155.0,2024-10-08,7095
5171,100.0,2024-03-23,10785
5172,155.0,2025-03-20,2011
5173,100.0,2023-07-04,7332
5174,100.0,2024-02-02,2405
5175,210.0,2023-09-12,10407
5176,155.0,2024-05-27,5738
5177,210.0,2023-10-29,8282
5178,210.0,2025-04-23,1065
5179,100.0,2023-02-02,4916
5180,210.0,2023-04-19,4851
5181,155.0,2023-05-04,2928
5182,210.0,2024-03-30,10339
5183,100.0,2024-10-29,7767
5184,210.0,2024-09-07,615
5185,210.0,2025-01-07,8850
5186,155.0,2023-12-15,9260
5187,100.0,2023-04-12,10114
5188,100.0,2024-04-11,30
5189,155.0,2025-04-20,1210
5190,100.0,2023-11-14,808
5191,210.0,2023-09-04,10050
5192,210.0,2025-08-21,7536
5193,100.0,2026-01-13,2007
5194,155.0,2026-04-27,5184
5195,155.0,2023-09-15,1475
5196,155.0,2024-10-02,3705
5197,210.0,2023-01-03,4343
5198,155.0,2024-06-22,9633
5199,100.0,2024-07-01,4274
5200,100.0,2024-05-04,9811
5201,155.0,2023-07-28,2595
5202,100.0,2025-07-19,4435
5203,155.0,2025-07-20,6632
5204,210.0,2023-12-25,1085
5205,210.0,2025-04-16,6383
5206,155.0,2024-08-03,1986
5207,100.0,2024-05-15,3135
5208,155.0,2023-05-19,7136
5209,100.0,2025-07-24,2171
5210,100.0,2025-04-30,10959
5211,100.0,2025-10-26,2515
5212,210.0,2025-07-16,8110
5213,210.0,2023-10-28,9700
5214,210.0,2023-05-03,3229
5215,210.0,2024-02-20,2221
5216,210.0,2024-11-23,10862
5217,155.0,2025-08-30,8864
5218,100.0,2023-12-04,804
5219,210.0,2023-10-01,8356
5220,155.0,2025-09-12,932
5221,210.0,2024-10-18,2541
5222,210.0,2024-05-30,5947
5223,155.0,2024-05-27,8646
5224,155.0,2024-05-24,7162
5225,155.0,2024-05-12,6153
5226,210.0,2024-10-29,4293
5227,155.0,2024-10-17,655
5228,100.0,2024-02-03,10633
5229,210.0,2024-09-18,1018
5230,100.0,2025-03-13,2319
5231,155.0,2023-03-19,5161
5232,155.0,2023-01-25,50
5233,155.0,2025-07-13,5164
5234,210.0,2024-01-30,10321
5235,155.0,2024-10-10,6476
5236,210.0,2024-06-08,39
5237,155.0,2025-01-22,8145
5238,155.0,2023-10-11,150
5239,100.0,2023-06-26,4844
5240,100.0,2025-06-18,9965
5241,155.0,2023-11-24,9628
5242,210.0,2024-09-29,2441
5243,155.0,2023-06-22,9560
5244,100.0,2025-05-22,5997
5245,210.0,2023-10-27,2004
5246,100.0,2024-02-07,5626
5247,210.0,2026-02-27,6404
5248,210.0,2023-07-23,5637
5249,100.0,2024-08-02,5358
5250,100.0,2024-01-26,3902
5251,210.0,2024-10-26,9701
5252,155.0,2025-07-08,594
5253,210.0,2024-12-05,2387
5254,100.0,2025-12-06,99
5255,155.0,2026-03-11,9294
5256,210.0,2023-06-09,10841
5257,155.0,2026-03-11,3761
5258,155.0,2025-11-18,4712
5259,100.0,2025-02-07,7059
5260,210.0,2025-08-02,5713
5261,155.0,2026-04-12,7465
5262,210.0,2025-12-12,2231
5263,100.0,2024-01-12,2150
5264,155.0,2024-08-11,10700
5265,100.0,2023-06-04,4989
5266,155.0,2025-05-05,5171
5267,210.0,2026-02-24,8195
5268,210.0,2023-08-24,7122
5269,210.0,2023-10-31,5880
5270,155.0,2023-06-08,7171
5271,100.0,2023-01-17,8166
5272,155.0,2025-02-27,7062
5273,210.0,2026-04-06,10019
5274,100.0,2023-12-08,9925
5275,155.0,2025-05-07,2933
5276,100.0,2024-06-04,5107
5277,100.0,2023-12-17,6572
5278,155.0,2025-01-11,2169
5279,100.0,2025-02-04,7293
5280,210.0,2024-02-05,7547
5281,155.0,2024-04-19,10516
5282,210.0,2026-04-17,9473
5283,210.0,2023-01-23,3641
5284,210.0,2025-02-27,1596
5285,100.0,2023-11-02,7307
5286,210.0,2023-09-20,10054
5287,155.0,2025-10-01,1937
5288,210.0,2025-10-19,4411
5289,155.0,2023-01-02,4799
5290,155.0,2023-02-12,4102
5291,100.0,2025-09-03,5644
5292,100.0,2025-05-08,4398
5293,210.0,2025-05-16,4278
5294,155.0,2024-11-12,7784
5295,155.0,2025-09-20,10279
5296,100.0,2023-07-13,2895
5297,100.0,2023-02-20,1878
5298,210.0,2025-04-11,4075
5299,155.0,2024-08-15,4869
5300,100.0,2023-02-25,7642
5301,155.0,2025-08-19,8198
5302,210.0,2023-03-07,517
5303,155.0,2024-01-24,10206
5304,100.0,2023-11-15,3022
5305,210.0,2024-12-26,5080
5306,210.0,2024-04-27,2204
5307,210.0,2026-01-15,1321
5308,155.0,2026-03-05,7872
5309,210.0,2024-09-08,4406
5310,155.0,2024-02-04,5314
5311,100.0,2023-07-29,4451
5312,155.0,2024-08-04,5621
5313,210.0,2025-07-30,1087
5314,100.0,2024-04-24,1267
5315,100.0,2025-08-26,1412
5316,155.0,2025-02-27,9746
5317,210.0,2025-12-02,2698
5318,210.0,2026-01-04,6181
5319,210.0,2024-11-25,6005
5320,155.0,2025-04-14,3195
5321,100.0,2023-07-16,8238
5322,210.0,2024-02-21,9180
5323,100.0,2026-02-24,7109
5324,210.0,2024-11-26,3929
5325,210.0,2026-01-28,7500
5326,155.0,2025-11-28,9212
5327,155.0,2025-07-25,8283
5328,155.0,2025-02-09,527
5329,100.0,2024-02-19,5505
5330,155.0,2025-07-18,2304
5331,100.0,2025-03-21,2753
5332,155.0,2025-05-27,6162
5333,100.0,2025-11-29,3915
5334,155.0,2025-12-08,1163
5335,100.0,2024-04-02,8050
5336,155.0,2024-03-25,547
5337,210.0,2024-09-01,7850
5338,210.0,2026-03-20,2592
5339,100.0,2023-04-03,7327
5340,155.0,2024-11-09,8631
5341,155.0,2023-11-23,9071
5342,155.0,2023-09-12,3383
5343,155.0,2024-06-03,5240
5344,100.0,2023-02-27,4108
5345,210.0,2024-06-28,3898
5346,210.0,2023-11-14,10559
5347,155.0,2026-02-03,4972
5348,210.0,2024-12-20,2021
5349,210.0,2023-03-03,8338
5350,210.0,2025-10-07,2127
5351,155.0,2026-04-03,210
5352,155.0,2023-12-06,2754
5353,100.0,2025-12-14,3158
5354,210.0,2025-08-22,8643
5355,155.0,2024-05-16,4559
5356,210.0,2024-12-03,3652
5357,155.0,2023-09-07,8349
5358,210.0,2026-03-31,4072
5359,100.0,2025-07-15,2055
5360,155.0,2023-12-02,10878
5361,155.0,2023-01-29,6891
5362,210.0,2025-01-30,6277
5363,210.0,2026-04-19,6442
5364,210.0,2025-02-09,3152
5365,155.0,2025-02-27,1407
5366,100.0,2026-04-08,776
5367,210.0,2024-04-10,1642
5368,155.0,2024-07-08,8744
5369,100.0,2024-11-04,8545
5370,155.0,2023-10-19,7456
5371,155.0,2024-08-10,6049
5372,210.0,2023-02-02,6852
5373,210.0,2023-10-25,944
5374,100.0,2025-10-07,1532
5375,210.0,2025-04-27,9093
5376,210.0,2024-01-08,186
5377,100.0,2025-12-04,6723
5378,210.0,2025-03-01,1467
5379,210.0,2023-05-01,10423
5380,210.0,2025-06-04,10860
5381,100.0,2026-04-16,9554
5382,100.0,2025-01-10,7065
5383,155.0,2023-11-18,824
5384,210.0,2024-07-14,96
5385,155.0,2023-04-12,1424
5386,210.0,2026-01-03,7996
5387,155.0,2024-12-06,6892
5388,100.0,2023-10-29,9697
5389,155.0,2025-03-17,5344
5390,210.0,2024-05-23,3812
5391,100.0,2026-04-03,10937
5392,210.0,2024-03-13,4926
5393,210.0,2024-05-06,4215
5394,100.0,2024-12-01,6923
5395,210.0,2026-03-21,6487
5396,100.0,2023-11-28,7432
5397,155.0,2024-12-08,5900
5398,155.0,2024-08-16,4380
5399,155.0,2025-07-31,5971
5400,100.0,2026-04-26,216
5401,100.0,2023-05-31,1920
5402,210.0,2023-06-18,6381
5403,210.0,2024-08-20,3017
5404,210.0,2025-07-08,5144
5405,100.0,2023-03-01,9652
5406,100.0,2025-10-24,5388
5407,100.0,2024-01-17,6002
5408,100.0,2024-08-03,10494
5409,100.0,2026-03-19,3297
5410,100.0,2023-05-24,6788
5411,155.0,2026-04-03,8827
5412,100.0,2025-11-16,7355
5413,210.0,2024-03-26,5710
5414,210.0,2025-05-18,837
5415,155.0,2025-11-19,3436
5416,155.0,2026-03-10,6037
5417,210.0,2025-02-04,2213
5418,155.0,2023-01-15,8002
5419,210.0,2023-05-16,907
5420,155.0,2023-02-01,7051
5421,155.0,2026-03-17,1649
5422,155.0,2023-09-09,5807
5423,210.0,2026-03-15,3208
5424,155.0,2024-04-06,1497
5425,210.0,2024-09-18,5793
5426,155.0,2023-07-23,4113
5427,210.0,2025-01-29,7067
5428,100.0,2026-03-03,4437
5429,210.0,2025-10-05,4691
5430,155.0,2023-09-20,2735
5431,210.0,2023-09-13,10838
5432,155.0,2024-05-06,1174
5433,155.0,2023-12-02,9751
5434,100.0,2024-01-01,1107
5435,155.0,2025-07-15,5835
5436,210.0,2024-09-30,304
5437,155.0,2025-04-07,2877
5438,155.0,2026-03-28,2684
5439,100.0,2024-05-27,3471
5440,210.0,2023-07-26,5299
5441,155.0,2025-05-07,6548
5442,100.0,2024-05-25,3421
5443,100.0,2023-04-08,8931
5444,210.0,2025-11-15,3700
5445,210.0,2023-07-02,1011
5446,155.0,2025-01-29,4605
5447,155.0,2025-06-12,5577
5448,155.0,2023-08-11,6077
5449,155.0,2023-09-30,2256
5450,155.0,2025-03-05,8581
5451,210.0,2025-09-22,1838
5452,155.0,2024-09-13,7670
5453,100.0,2024-02-03,7754
5454,155.0,2025-06-03,9912
5455,155.0,2023-12-26,5332
5456,100.0,2024-02-10,5173
5457,210.0,2025-06-11,8156
5458,100.0,2025-09-27,3878
5459,100.0,2024-11-08,5852
5460,210.0,2024-06-18,10282
5461,155.0,2025-12-02,176
5462,155.0,2023-09-02,3274
5463,155.0,2024-03-19,1224
5464,100.0,2024-06-18,10420
5465,155.0,2026-02-22,5008
5466,100.0,2023-06-22,9412
5467,210.0,2024-01-05,3828
5468,210.0,2024-06-18,3255
5469,155.0,2025-07-25,8058
5470,155.0,2025-10-13,1859
5471,100.0,2023-04-07,7414
5472,100.0,2025-09-14,1646
5473,100.0,2024-01-25,2078
5474,100.0,2023-04-03,4433
5475,155.0,2023-10-02,6307
5476,155.0,2026-02-02,7624
5477,100.0,2025-10-22,3458
5478,210.0,2024-01-11,6873
5479,100.0,2023-11-20,10313
5480,155.0,2025-06-27,6391
5481,155.0,2023-02-12,1283
5482,210.0,2023-04-12,3161
5483,100.0,2023-09-30,10540
5484,210.0,2023-07-04,763
5485,100.0,2024-09-14,3594
5486,155.0,2026-01-13,3809
5487,155.0,2023-03-20,10505
5488,100.0,2024-11-04,10491
5489,100.0,2024-10-20,3074
5490,210.0,2026-03-13,9614
5491,210.0,2024-08-14,7852
5492,210.0,2025-04-20,3549
5493,100.0,2023-07-25,2661
5494,100.0,2024-06-09,5888
5495,100.0,2025-03-07,7007
5496,210.0,2023-11-23,4672
5497,100.0,2025-04-24,925
5498,155.0,2023-05-19,4507
5499,155.0,2025-03-20,5354
5500,100.0,2024-02-26,4338
5501,100.0,2024-11-16,5230
5502,210.0,2025-09-15,6343
5503,155.0,2023-11-04,9358
5504,155.0,2023-08-07,692
5505,210.0,2024-10-10,3950
5506,210.0,2024-10-07,5512
5507,155.0,2024-01-05,8184
5508,155.0,2025-05-03,10042
5509,210.0,2023-04-15,7578
5510,100.0,2026-01-11,1228
5511,100.0,2025-03-27,4266
5512,155.0,2024-01-29,10153
5513,210.0,2024-09-02,4446
5514,155.0,2024-12-07,5477
5515,100.0,2026-04-14,2129
5516,210.0,2024-07-13,5432
5517,155.0,2024-05-08,3239
5518,100.0,2025-08-06,10163
5519,155.0,2025-01-25,4152
5520,100.0,2023-12-30,1088
5521,100.0,2024-05-02,10535
5522,155.0,2024-06-05,82
5523,100.0,2023-09-28,8012
5524,210.0,2025-01-25,2953
5525,100.0,2025-04-08,1082
5526,155.0,2024-03-18,4513
5527,210.0,2024-10-02,4312
5528,210.0,2023-03-19,8202
5529,210.0,2023-08-23,3732
5530,100.0,2023-05-16,7344
5531,100.0,2025-01-31,6377
5532,100.0,2023-11-11,6665
5533,155.0,2025-09-05,2246
5534,100.0,2024-11-07,4610
5535,100.0,2025-09-17,10557
5536,100.0,2025-10-04,4336
5537,210.0,2025-09-13,9674
5538,100.0,2024-07-11,3896
5539,210.0,2025-01-02,8288
5540,155.0,2025-10-01,6450
5541,100.0,2024-03-13,2926
5542,100.0,2026-04-24,280
5543,100.0,2023-11-13,4589
5544,210.0,2024-07-31,7882
5545,155.0,2023-06-04,10893
5546,100.0,2024-03-23,443
5547,210.0,2023-03-02,6608
5548,210.0,2025-04-24,7213
5549,155.0,2025-05-01,4496
5550,155.0,2024-04-10,5501
5551,100.0,2025-07-10,2672
5552,155.0,2024-11-17,7777
5553,210.0,2025-01-25,6194
5554,155.0,2023-01-22,4654
5555,155.0,2024-05-26,8109
5556,100.0,2023-02-06,1789
5557,155.0,2024-08-02,4047
5558,210.0,2026-02-15,1151
5559,155.0,2023-07-17,5205
5560,155.0,2024-09-04,10629
5561,210.0,2023-05-07,6474
5562,155.0,2023-06-24,920
5563,155.0,2024-12-09,3060
5564,155.0,2025-07-31,1271
5565,210.0,2025-05-04,9910
5566,155.0,2025-05-10,2200
5567,210.0,2025-02-19,6580
5568,155.0,2024-05-03,3537
5569,100.0,2023-01-09,8553
5570,210.0,2024-01-24,5761
5571,155.0,2024-07-19,7756
5572,210.0,2025-10-29,8766
5573,155.0,2026-02-18,7300
5574,210.0,2024-10-27,6726
5575,210.0,2024-01-28,9948
5576,210.0,2024-07-07,3992
5577,210.0,2026-01-14,119
5578,155.0,2024-05-21,8093
5579,155.0,2025-03-28,557
5580,100.0,2025-12-18,3284
5581,155.0,2023-08-21,4793
5582,100.0,2023-02-17,5190
5583,210.0,2025-02-12,6821
5584,155.0,2025-09-05,7752
5585,155.0,2025-03-28,4622
5586,100.0,2024-04-03,7997
5587,155.0,2025-10-26,7748
5588,155.0,2024-12-26,6907
5589,100.0,2025-09-04,7902
5590,155.0,2023-07-08,7572
5591,210.0,2023-04-18,3527
5592,155.0,2025-12-23,10943
5593,155.0,2026-01-16,4904
5594,210.0,2025-07-18,2704
5595,155.0,2025-04-13,7673
5596,100.0,2024-04-12,3385
5597,210.0,2023-05-04,5560
5598,100.0,2023-08-13,629
5599,155.0,2023-07-21,2821
5600,100.0,2023-05-25,2181
5601,155.0,2024-08-11,8549
5602,100.0,2023-06-28,7299
5603,210.0,2025-03-22,10971
5604,100.0,2025-09-12,9642
5605,155.0,2025-10-02,226
5606,155.0,2024-02-05,8105
5607,155.0,2026-02-25,9279
5608,155.0,2023-03-08,4664
5609,100.0,2023-03-06,2662
5610,100.0,2023-12-11,42
5611,100.0,2025-08-22,4276
5612,155.0,2026-03-15,8823
5613,210.0,2024-08-25,685
5614,155.0,2024-01-17,5795
5615,155.0,2023-12-03,7049
5616,210.0,2025-08-11,2718
5617,100.0,2026-02-02,8352
5618,210.0,2024-02-20,2721
5619,100.0,2025-11-11,7714
5620,100.0,2024-11-16,2875
5621,155.0,2025-10-12,9080
5622,155.0,2025-10-07,5497
5623,210.0,2023-04-28,7887
5624,210.0,2024-09-23,9326
5625,210.0,2024-08-01,6208
5626,100.0,2024-01-20,888
5627,155.0,2025-12-19,9069
5628,100.0,2025-09-16,5568
5629,100.0,2026-01-02,268
5630,100.0,2025-07-30,523
5631,210.0,2025-06-24,7508
5632,210.0,2023-10-03,3492
5633,100.0,2024-05-18,7439
5634,155.0,2023-08-01,23
5635,210.0,2026-04-04,2144
5636,155.0,2023-11-26,2463
5637,210.0,2023-02-28,8380
5638,210.0,2023-10-20,7410
5639,155.0,2025-11-16,6418
5640,210.0,2026-03-16,10465
5641,155.0,2025-10-27,10225
5642,210.0,2024-10-10,5580
5643,155.0,2024-11-08,1971
5644,100.0,2023-03-09,4402
5645,155.0,2026-02-11,4642
5646,100.0,2025-05-29,5203
5647,210.0,2026-01-31,4783
5648,210.0,2024-10-24,5945
5649,210.0,2025-11-17,1468
5650,210.0,2025-06-26,2424
5651,155.0,2023-05-20,10610
5652,210.0,2024-03-02,10459
5653,155.0,2023-05-30,604
5654,100.0,2024-04-08,9712
5655,155.0,2025-04-22,8785
5656,210.0,2025-08-20,3544
5657,210.0,2024-04-10,10881
5658,100.0,2025-06-05,10958
5659,210.0,2026-04-26,10484
5660,155.0,2024-12-11,8256
5661,210.0,2024-12-08,2201
5662,100.0,2024-06-30,7764
5663,155.0,2023-07-03,4612
5664,210.0,2024-04-02,635
5665,210.0,2023-06-23,981
5666,155.0,2023-04-16,5755
5667,100.0,2025-08-16,1673
5668,155.0,2025-02-20,6899
5669,210.0,2025-11-16,9715
5670,210.0,2024-07-20,5979
5671,155.0,2023-06-19,1614
5672,155.0,2025-11-14,10871
5673,100.0,2023-03-03,10395
5674,155.0,2024-02-21,10638
5675,100.0,2025-04-30,4565
5676,210.0,2026-01-19,7183
5677,100.0,2023-10-24,2450
5678,100.0,2026-01-08,10589
5679,210.0,2023-04-24,3044
5680,100.0,2024-11-09,5517
5681,100.0,2023-01-13,1196
5682,155.0,2024-09-29,1188
5683,155.0,2026-04-11,3008
5684,210.0,2023-07-05,7603
5685,100.0,2024-08-22,1727
5686,155.0,2024-11-06,3106
5687,100.0,2025-06-09,6353
5688,210.0,2025-08-06,9541
5689,100.0,2023-01-28,6195
5690,155.0,2023-10-13,6014
5691,210.0,2025-12-03,5307
5692,210.0,2025-01-30,9338
5693,210.0,2024-10-16,5319
5694,155.0,2023-12-03,5265
5695,210.0,2023-03-13,5304
5696,100.0,2024-11-29,1974
5697,100.0,2025-04-24,8764
5698,210.0,2025-07-01,6840
5699,210.0,2025-03-27,8897
5700,210.0,2024-06-30,3470
5701,210.0,2023-08-26,2152
5702,100.0,2026-03-31,6657
5703,155.0,2025-05-15,8735
5704,100.0,2025-01-27,9000
5705,100.0,2023-01-06,8276
5706,155.0,2024-07-28,9813
5707,100.0,2025-11-26,7259
5708,210.0,2026-01-26,6375
5709,100.0,2023-06-07,4316
5710,155.0,2025-07-08,8330
5711,210.0,2024-11-24,954
5712,155.0,2026-01-17,235
5713,155.0,2025-10-08,9714
5714,210.0,2025-04-14,7931
5715,100.0,2023-03-10,5584
5716,155.0,2024-03-17,1869
5717,155.0,2024-01-27,1066
5718,210.0,2023-11-14,1612
5719,210.0,2024-03-14,7471
5720,155.0,2026-01-24,9660
5721,100.0,2024-10-29,9074
5722,210.0,2024-02-11,581
5723,210.0,2024-08-24,1866
5724,100.0,2024-12-12,9019
5725,155.0,2026-01-08,8442
5726,155.0,2024-02-25,1080
5727,210.0,2023-01-06,10688
5728,210.0,2025-05-12,6486
5729,210.0,2026-03-29,7556
5730,210.0,2023-02-19,6449
5731,210.0,2024-05-23,7193
5732,155.0,2023-05-16,2968
5733,155.0,2023-06-02,8828
5734,210.0,2024-05-22,1128
5735,210.0,2023-06-10,4250
5736,210.0,2023-01-25,6471
5737,155.0,2023-04-13,314
5738,155.0,2023-04-29,5040
5739,155.0,2025-11-08,757
5740,155.0,2025-03-26,9073
5741,155.0,2026-01-30,118
5742,155.0,2023-06-15,5228
5743,100.0,2026-01-28,7819
5744,210.0,2024-01-22,1735
5745,155.0,2025-05-16,2235
5746,210.0,2023-07-12,3275
5747,210.0,2024-12-29,10800
5748,100.0,2023-11-13,10169
5749,210.0,2024-12-11,1611
5750,210.0,2024-05-16,554
5751,155.0,2024-04-03,4443
5752,155.0,2026-01-23,693
5753,210.0,2024-02-01,9968
5754,210.0,2025-08-02,5897
5755,155.0,2025-10-24,7697
5756,155.0,2025-12-04,3373
5757,155.0,2023-01-07,5028
5758,210.0,2025-07-10,1921
5759,100.0,2024-04-13,10043
5760,100.0,2025-07-24,3411
5761,210.0,2024-06-27,10041
5762,155.0,2023-02-09,207
5763,210.0,2023-05-01,419
5764,155.0,2024-05-24,3108
5765,155.0,2024-02-06,10739
5766,210.0,2025-07-21,8435
5767,100.0,2025-12-07,1463
5768,100.0,2025-10-06,4205
5769,210.0,2023-07-17,3729
5770,155.0,2024-08-15,5383
5771,100.0,2026-04-23,9322
5772,210.0,2025-08-06,8457
5773,100.0,2024-10-23,15
5774,210.0,2023-01-03,4198
5775,100.0,2023-09-19,173
5776,100.0,2026-02-11,6946
5777,210.0,2024-09-29,3941
5778,210.0,2024-06-30,9818
5779,100.0,2025-03-02,2612
5780,155.0,2026-03-08,9494
5781,155.0,2024-03-10,114
5782,100.0,2024-08-20,10536
5783,155.0,2023-09-22,10720
5784,210.0,2023-05-30,7075
5785,210.0,2025-10-07,5613
5786,210.0,2025-01-15,191
5787,155.0,2023-08-15,9529
5788,155.0,2025-03-26,3131
5789,210.0,2023-07-03,2498
5790,210.0,2023-03-25,1779
5791,155.0,2024-11-10,1118
5792,155.0,2023-12-04,2829
5793,155.0,2023-09-18,1748
5794,100.0,2026-04-20,4166
5795,155.0,2023-07-26,9575
5796,100.0,2026-02-01,1958
5797,210.0,2024-04-21,2814
5798,210.0,2026-04-30,7495
5799,100.0,2023-04-01,9478
5800,210.0,2023-09-29,273
5801,155.0,2025-02-07,7394
5802,210.0,2025-12-18,9307
5803,100.0,2024-01-08,9868
5804,210.0,2023-04-29,2119
5805,155.0,2026-04-29,8894
5806,155.0,2023-09-17,10425
5807,210.0,2023-05-21,4947
5808,210.0,2024-10-19,3378
5809,210.0,2023-10-16,1625
5810,100.0,2025-07-01,6683
5811,100.0,2024-08-19,8919
5812,100.0,2025-11-18,8831
5813,210.0,2026-03-10,8340
5814,210.0,2023-04-25,1233
5815,210.0,2025-09-24,8209
5816,210.0,2024-04-16,3050
5817,100.0,2023-07-09,10709
5818,210.0,2024-10-27,2179
5819,155.0,2025-06-04,5910
5820,210.0,2025-10-05,2247
5821,210.0,2023-07-26,3362
5822,100.0,2025-11-15,9315
5823,155.0,2023-09-29,7776
5824,155.0,2026-03-22,1657
5825,100.0,2023-06-20,544
5826,100.0,2024-08-11,8519
5827,210.0,2023-02-13,8426
5828,155.0,2024-01-24,2133
5829,155.0,2025-02-20,772
5830,155.0,2023-07-30,7908
5831,210.0,2023-04-12,1702
5832,210.0,2025-08-13,4400
5833,155.0,2024-09-07,371
5834,155.0,2024-06-26,9217
5835,155.0,2023-09-25,1297
5836,155.0,2023-08-06,9653
5837,155.0,2025-06-01,4135
5838,100.0,2025-01-14,10757
5839,100.0,2023-12-01,3706
5840,100.0,2026-04-01,1984
5841,100.0,2024-07-07,2107
5842,155.0,2025-06-17,2013
5843,100.0,2026-03-20,10733
5844,100.0,2025-07-06,7222
5845,155.0,2025-10-20,7723
5846,210.0,2023-06-04,2310
5847,155.0,2023-02-07,4505
5848,155.0,2024-01-23,6849
5849,155.0,2023-01-20,9300
5850,210.0,2024-05-28,6508
5851,100.0,2025-06-15,6533
5852,155.0,2026-03-03,7080
5853,100.0,2024-11-17,9913
5854,210.0,2023-03-14,3069
5855,155.0,2023-11-26,4482
5856,210.0,2023-05-05,5884
5857,210.0,2024-12-22,4386
5858,155.0,2024-01-18,9422
5859,100.0,2024-10-03,5393
5860,155.0,2024-01-10,4997
5861,155.0,2023-10-27,3695
5862,155.0,2023-01-29,1184
5863,100.0,2023-07-26,5778
5864,100.0,2023-08-15,128
5865,100.0,2023-02-08,21
5866,210.0,2026-02-28,10602
5867,155.0,2024-07-18,8459
5868,155.0,2023-03-01,1712
5869,210.0,2024-10-30,5027
5870,100.0,2025-10-13,6219
5871,210.0,2025-11-13,10030
5872,210.0,2025-02-03,10436
5873,100.0,2023-05-12,10297
5874,210.0,2024-05-11,10942
5875,210.0,2025-10-07,5092
5876,100.0,2024-11-04,3258
5877,210.0,2025-09-05,5803
5878,155.0,2025-01-12,10882
5879,155.0,2025-03-05,9318
5880,210.0,2026-04-09,7092
5881,155.0,2025-03-23,1305
5882,210.0,2024-10-03,3939
5883,100.0,2026-02-17,1773
5884,210.0,2023-03-05,2573
5885,155.0,2023-05-09,9349
5886,155.0,2023-12-18,4546
5887,210.0,2025-09-04,6779
5888,100.0,2023-01-07,3271
5889,100.0,2023-03-22,1132
5890,210.0,2023-05-18,5399
5891,210.0,2025-02-14,2351
5892,155.0,2025-02-16,4635
5893,100.0,2024-04-10,5186
5894,100.0,2024-08-14,6398
5895,210.0,2023-09-20,3638
5896,210.0,2023-02-12,9131
5897,155.0,2025-05-16,4381
5898,210.0,2024-10-30,5749
5899,100.0,2024-06-11,1965
5900,155.0,2024-08-11,1318
5901,210.0,2024-10-28,9247
5902,100.0,2025-05-12,9961
5903,100.0,2024-05-13,1383
5904,155.0,2024-01-19,8440
5905,100.0,2024-07-10,1010
5906,210.0,2026-04-26,1047
5907,155.0,2024-07-25,5061
5908,155.0,2024-11-04,6737
5909,155.0,2025-04-26,6328
5910,155.0,2023-12-07,3327
5911,100.0,2023-02-02,869
5912,210.0,2026-04-07,6933
5913,210.0,2024-10-02,6863
5914,100.0,2025-03-14,4148
5915,155.0,2026-01-01,10679
5916,100.0,2023-03-20,1943
5917,155.0,2026-03-09,8124
5918,210.0,2025-07-13,4529
5919,210.0,2024-01-30,6687
5920,210.0,2025-01-09,6902
5921,210.0,2026-04-02,163
5922,155.0,2026-03-17,4221
5923,210.0,2026-02-23,7709
5924,155.0,2024-12-19,5209
5925,155.0,2024-07-01,3621
5926,100.0,2024-02-14,487
5927,100.0,2023-04-09,9047
5928,100.0,2025-02-22,8792
5929,100.0,2024-03-26,9782
5930,155.0,2026-03-26,177
5931,100.0,2024-02-18,4805
5932,100.0,2023-10-18,5174
5933,100.0,2025-09-13,5666
5934,210.0,2025-06-10,3868
5935,155.0,2023-03-13,6335
5936,210.0,2024-03-05,9724
5937,155.0,2023-04-06,9396
5938,100.0,2025-11-02,9023
5939,155.0,2023-05-23,6228
5940,100.0,2024-12-23,525
5941,210.0,2026-02-02,10642
5942,155.0,2025-06-29,3226
5943,100.0,2026-03-05,10179
5944,210.0,2023-01-01,1546
5945,155.0,2025-09-16,7232
5946,155.0,2024-06-11,788
5947,155.0,2023-03-31,8988
5948,155.0,2024-02-14,8460
5949,100.0,2024-04-16,9382
5950,155.0,2024-10-02,1969
5951,100.0,2023-12-05,7132
5952,100.0,2025-05-16,8320
5953,100.0,2026-03-27,9959
5954,155.0,2026-02-19,8807
5955,100.0,2025-04-02,7737
5956,155.0,2025-08-16,6563
5957,100.0,2025-02-08,6270
5958,155.0,2025-11-16,2469
5959,100.0,2025-09-04,1784
5960,155.0,2025-11-11,2744
5961,155.0,2023-11-15,8432
5962,155.0,2024-09-30,641
5963,155.0,2025-09-16,5845
5964,210.0,2023-08-24,368
5965,100.0,2024-05-01,7888
5966,155.0,2024-02-27,10821
5967,100.0,2025-08-18,10946
5968,100.0,2024-02-01,4129
5969,155.0,2024-11-23,1930
5970,155.0,2023-03-27,10270
5971,100.0,2024-02-09,6576
5972,100.0,2025-07-02,3968
5973,210.0,2024-11-01,6325
5974,210.0,2025-03-15,208
5975,155.0,2024-07-30,8822
5976,155.0,2025-01-06,10615
5977,210.0,2024-04-08,4930
5978,100.0,2024-03-24,5551
5979,155.0,2025-05-22,9726
5980,155.0,2025-02-03,2492
5981,100.0,2026-02-02,3559
5982,210.0,2024-07-05,7583
5983,155.0,2024-07-07,9926
5984,155.0,2024-02-18,3629
5985,210.0,2026-02-28,819
5986,100.0,2024-03-28,698
5987,210.0,2024-09-27,2269
5988,210.0,2025-11-16,4739
5989,155.0,2023-09-13,2215
5990,155.0,2023-07-08,7675
5991,155.0,2024-04-12,1923
5992,210.0,2025-01-27,3479
5993,210.0,2025-01-20,269
5994,155.0,2025-11-15,1106
5995,155.0,2025-10-25,2224
5996,210.0,2025-04-08,6177
5997,100.0,2025-12-09,3712
5998,210.0,2025-07-15,5527
5999,155.0,2023-10-08,8051
6000,155.0,2023-03-25,4955
6001,210.0,2023-07-11,8576
6002,155.0,2023-05-08,3753
6003,100.0,2023-10-24,10898
6004,210.0,2023-08-13,1449
6005,100.0,2025-09-28,3395
6006,210.0,2025-12-27,9645
6007,100.0,2025-06-11,7178
6008,100.0,2023-01-17,5663
6009,100.0,2024-04-13,2139
6010,210.0,2024-02-09,9416
6011,210.0,2025-02-17,8922
6012,100.0,2023-10-29,1658
6013,155.0,2023-01-09,2379
6014,100.0,2024-08-18,5966
6015,210.0,2025-01-25,10627
6016,210.0,2023-09-25,5536
6017,155.0,2025-04-12,6571
6018,100.0,2025-04-25,9052
6019,100.0,2025-04-09,8078
6020,100.0,2025-11-27,3875
6021,210.0,2026-03-06,10325
6022,210.0,2024-03-02,9332
6023,210.0,2025-08-21,5322
6024,210.0,2024-01-09,8255
6025,155.0,2024-05-13,6151
6026,210.0,2024-08-10,4571
6027,100.0,2025-02-19,10154
6028,155.0,2024-05-26,3204
6029,100.0,2024-11-18,8291
6030,100.0,2025-11-11,7031
6031,155.0,2024-12-22,7041
6032,100.0,2026-04-22,81
6033,210.0,2024-01-20,1553
6034,155.0,2024-11-13,672
6035,100.0,2025-05-10,6332
6036,210.0,2025-09-08,2481
6037,100.0,2024-12-15,1356
6038,210.0,2025-06-10,9618
6039,155.0,2023-10-28,9447
6040,210.0,2025-06-08,255
6041,210.0,2025-08-15,6448
6042,100.0,2025-11-17,7666
6043,100.0,2023-11-02,7011
6044,210.0,2025-12-10,8215
6045,210.0,2024-05-31,3130
6046,155.0,2023-01-23,6505
6047,210.0,2024-12-27,5483
6048,210.0,2025-12-18,9037
6049,100.0,2025-08-15,977
6050,155.0,2024-01-30,10416
6051,100.0,2026-01-02,7952
6052,100.0,2023-05-22,10619
6053,155.0,2024-04-18,10156
6054,210.0,2025-10-12,9962
6055,210.0,2023-10-17,1897
6056,210.0,2026-02-02,2834
6057,155.0,2024-08-25,212
6058,155.0,2023-08-22,9983
6059,210.0,2023-08-23,6496
6060,155.0,2024-08-12,9749
6061,100.0,2024-11-12,8029
6062,210.0,2024-02-27,6545
6063,100.0,2025-04-14,7360
6064,100.0,2025-01-21,10048
6065,155.0,2026-01-16,9038
6066,155.0,2023-05-01,716
6067,210.0,2025-12-22,7069
6068,210.0,2025-04-07,3339
6069,210.0,2025-05-19,5772
6070,100.0,2023-10-08,838
6071,210.0,2023-02-11,3886
6072,100.0,2024-05-09,1050
6073,155.0,2023-12-14,6713
6074,210.0,2024-12-21,8942
6075,210.0,2025-01-20,4254
6076,210.0,2024-02-25,853
6077,210.0,2025-08-14,9214
6078,210.0,2025-01-10,4534
6079,210.0,2023-07-06,9769
6080,210.0,2024-02-18,7507
6081,100.0,2025-04-02,8779
6082,210.0,2026-02-26,9001
6083,100.0,2026-02-24,4974
6084,155.0,2023-12-21,6516
6085,100.0,2025-08-14,8162
6086,210.0,2023-02-04,8312
6087,100.0,2023-10-30,1418
6088,210.0,2025-12-27,6222
6089,155.0,2025-12-21,1104
6090,210.0,2025-09-06,258
6091,155.0,2023-11-25,7636
6092,155.0,2025-04-23,8834
6093,210.0,2024-04-12,6206
6094,155.0,2024-07-26,4991
6095,155.0,2026-03-25,3330
6096,210.0,2024-09-13,7409
6097,210.0,2023-03-11,10771
6098,100.0,2025-01-03,8853
6099,155.0,2025-11-13,3293
6100,210.0,2023-10-27,2988
6101,155.0,2025-04-14,7897
6102,210.0,2023-06-20,8626
6103,210.0,2025-07-10,2536
6104,100.0,2024-01-14,8403
6105,100.0,2025-06-27,2301
6106,100.0,2024-11-22,2041
6107,155.0,2024-09-15,9993
6108,210.0,2025-07-24,5427
6109,210.0,2026-03-14,1701
6110,100.0,2026-01-13,4220
6111,210.0,2023-06-28,8295
6112,210.0,2026-01-02,6235
6113,100.0,2025-05-17,10382
6114,210.0,2023-10-12,7127
6115,155.0,2023-05-23,2407
6116,210.0,2025-12-24,5166
6117,210.0,2026-03-12,8452
6118,100.0,2025-09-22,9916
6119,100.0,2023-08-26,7783
6120,155.0,2023-04-23,6868
6121,155.0,2025-11-01,4144
6122,155.0,2026-04-09,6828
6123,155.0,2024-08-26,5825
6124,155.0,2024-07-06,4629
6125,155.0,2025-12-27,2658
6126,100.0,2024-04-26,3746
6127,100.0,2023-02-08,4172
6128,155.0,2025-11-03,1740
6129,210.0,2024-02-19,4263
6130,210.0,2025-04-03,10586
6131,210.0,2025-12-13,820
6132,210.0,2024-09-11,1570
6133,210.0,2023-09-22,8554
6134,155.0,2026-01-31,7161
6135,100.0,2024-08-02,8353
6136,210.0,2026-02-26,8485
6137,100.0,2025-08-11,2097
6138,210.0,2023-07-09,4230
6139,155.0,2023-01-19,7099
6140,155.0,2023-10-29,7401
6141,210.0,2025-10-05,7913
6142,155.0,2024-12-12,7876
6143,210.0,2025-04-16,2959
6144,155.0,2023-06-04,10306
6145,210.0,2025-01-04,6824
6146,210.0,2025-12-10,6284
6147,210.0,2024-06-23,6959
6148,155.0,2026-03-02,10370
6149,155.0,2026-03-11,10866
6150,100.0,2026-02-11,3286
6151,100.0,2025-10-02,10944
6152,155.0,2026-03-15,666
6153,155.0,2023-10-06,6558
6154,100.0,2023-09-05,164
6155,155.0,2024-05-04,6677
6156,210.0,2023-01-30,5922
6157,210.0,2025-12-28,6199
6158,100.0,2024-05-09,1909
6159,155.0,2023-01-17,9084
6160,210.0,2023-09-21,9787
6161,100.0,2024-11-08,77
6162,210.0,2023-10-28,9609
6163,210.0,2023-07-24,3207
6164,210.0,2025-04-21,5509
6165,100.0,2025-08-28,4695
6166,210.0,2024-07-18,9030
6167,210.0,2024-11-05,1303
6168,210.0,2024-06-07,5500
6169,210.0,2025-08-18,65
6170,155.0,2024-11-20,4911
6171,210.0,2025-01-08,1622
6172,100.0,2024-06-06,10922
6173,155.0,2023-08-24,9970
6174,210.0,2025-12-19,6915
6175,155.0,2024-04-15,4114
6176,210.0,2024-09-20,2061
6177,155.0,2023-10-28,3140
6178,210.0,2023-02-24,97
6179,155.0,2025-04-23,6361
6180,155.0,2023-11-27,3674
6181,210.0,2023-06-10,2176
6182,100.0,2023-02-17,8246
6183,155.0,2023-10-31,3265
6184,210.0,2024-12-11,6537
6185,155.0,2025-05-17,1628
6186,155.0,2026-01-10,4824
6187,210.0,2025-11-17,963
6188,210.0,2023-05-14,7785
6189,100.0,2024-03-07,6750
6190,155.0,2025-08-13,9467
6191,210.0,2025-10-26,10379
6192,210.0,2024-10-02,6660
6193,155.0,2026-04-28,8658
6194,210.0,2023-08-30,5218
6195,100.0,2023-02-24,1100
6196,210.0,2024-10-14,3157
6197,210.0,2024-06-26,1415
6198,155.0,2023-11-27,5004
6199,210.0,2026-04-17,362
6200,100.0,2025-04-17,7197
6201,155.0,2026-02-25,9200
6202,155.0,2024-01-22,10368
6203,155.0,2024-06-08,832
6204,210.0,2024-10-06,6689
6205,155.0,2023-11-02,6406
6206,210.0,2024-06-10,3172
6207,100.0,2024-05-04,6626
6208,100.0,2025-09-08,2732
6209,210.0,2024-09-22,7991
6210,210.0,2024-02-16,7987
6211,210.0,2026-03-11,2047
6212,100.0,2026-04-19,10960
6213,100.0,2025-05-01,1279
6214,155.0,2024-08-19,5671
6215,100.0,2026-03-09,5764
6216,100.0,2023-01-21,8814
6217,155.0,2023-04-24,2321
6218,155.0,2025-11-21,10023
6219,100.0,2025-02-25,59
6220,210.0,2023-12-24,1809
6221,210.0,2025-08-13,4479
6222,210.0,2026-04-23,10356
6223,100.0,2024-04-10,10519
6224,100.0,2023-08-29,7690
6225,100.0,2025-06-01,10689
6226,155.0,2025-05-09,3231
6227,100.0,2024-01-11,2603
6228,210.0,2025-10-18,6801
6229,210.0,2025-09-18,1052
6230,210.0,2025-06-10,4943
6231,155.0,2025-10-11,8117
6232,100.0,2025-10-10,7703
6233,210.0,2024-05-10,9820
6234,210.0,2024-02-02,3932
6235,155.0,2025-09-08,10022
6236,100.0,2023-11-06,7201
6237,155.0,2024-09-17,1728
6238,100.0,2024-01-01,6197
6239,155.0,2025-04-07,4341
6240,210.0,2024-04-21,404
6241,155.0,2025-04-18,4280
6242,100.0,2026-03-15,6887
6243,155.0,2026-04-02,8160
6244,100.0,2025-10-08,122
6245,100.0,2025-07-15,5207
6246,100.0,2023-08-20,9341
6247,100.0,2023-04-30,8186
6248,155.0,2025-04-15,3685
6249,100.0,2024-05-26,8870
6250,155.0,2024-09-04,10011
6251,100.0,2024-12-01,9835
6252,100.0,2024-02-21,10077
6253,100.0,2024-01-21,94
6254,210.0,2024-10-10,9128
6255,155.0,2023-11-14,5732
6256,210.0,2025-02-14,2146
6257,210.0,2024-11-25,976
6258,210.0,2025-03-11,10250
6259,155.0,2023-09-20,5118
6260,100.0,2024-02-05,2012
6261,100.0,2023-02-21,608
6262,100.0,2024-09-23,10099
6263,210.0,2024-07-31,992
6264,210.0,2024-12-05,10650
6265,100.0,2025-09-13,7512
6266,155.0,2023-04-09,8015
6267,155.0,2023-11-22,3790
6268,210.0,2024-04-15,3589
6269,155.0,2023-06-07,2167
6270,100.0,2025-06-08,7460
6271,155.0,2023-08-21,3134
6272,210.0,2026-01-14,2578
6273,210.0,2024-11-26,3487
6274,100.0,2024-06-06,1173
6275,100.0,2024-11-19,1983
6276,210.0,2024-03-15,9191
6277,100.0,2024-01-25,5495
6278,155.0,2023-10-24,7306
6279,210.0,2026-03-15,5937
6280,210.0,2023-03-08,2260
6281,210.0,2023-06-07,3667
6282,155.0,2023-04-25,4707
6283,210.0,2025-07-24,5105
6284,100.0,2023-05-06,6168
6285,155.0,2024-06-11,7342
6286,155.0,2024-07-14,4384
6287,100.0,2023-02-14,7392
6288,100.0,2026-01-13,4501
6289,210.0,2025-05-15,3601
6290,210.0,2023-03-25,6926
6291,155.0,2025-02-17,6939
6292,210.0,2023-12-24,897
6293,155.0,2023-08-12,7937
6294,210.0,2024-01-08,8331
6295,100.0,2026-03-14,552
6296,155.0,2023-08-28,7640
6297,210.0,2023-01-18,6549
6298,210.0,2025-02-10,7012
6299,155.0,2025-06-13,9115
6300,155.0,2026-02-20,2003
6301,155.0,2024-09-10,10018
6302,210.0,2024-02-05,1207
6303,210.0,2024-06-16,9278
6304,155.0,2024-11-07,4815
6305,155.0,2025-03-25,750
6306,100.0,2025-03-04,2411
6307,155.0,2024-12-29,2670
6308,155.0,2025-03-16,8980
6309,100.0,2024-08-14,8639
6310,155.0,2024-09-17,3325
6311,155.0,2025-11-28,5599
6312,100.0,2023-02-02,7498
6313,210.0,2023-03-14,7443
6314,100.0,2025-09-24,3477
6315,155.0,2023-04-25,8569
6316,210.0,2024-07-30,9440
6317,155.0,2024-07-30,9380
6318,210.0,2026-04-14,5045
6319,100.0,2024-09-19,3497
6320,100.0,2025-08-13,3592
6321,100.0,2025-02-18,4522
6322,210.0,2026-03-06,743
6323,100.0,2024-11-30,9155
6324,155.0,2024-01-25,7938
6325,100.0,2023-04-22,2412
6326,155.0,2026-04-17,6540
6327,100.0,2024-04-02,727
6328,210.0,2025-01-04,6145
6329,155.0,2024-12-02,452
6330,100.0,2024-04-16,9875
6331,210.0,2023-06-24,6224
6332,155.0,2023-02-28,10714
6333,100.0,2023-05-05,7597
6334,155.0,2024-05-25,10599
6335,100.0,2025-05-03,1363
6336,100.0,2023-11-04,589
6337,100.0,2025-07-09,9009
6338,210.0,2024-09-21,2676
6339,210.0,2023-06-29,4130
6340,155.0,2026-01-08,5744
6341,210.0,2023-08-16,6947
6342,100.0,2023-10-27,10477
6343,155.0,2024-07-19,9903
6344,155.0,2023-10-23,1332
6345,100.0,2023-04-23,7639
6346,155.0,2023-02-18,7426
6347,100.0,2024-12-14,1689
6348,210.0,2024-06-13,5412
6349,100.0,2023-05-31,8817
6350,210.0,2025-08-25,7133
6351,100.0,2024-08-14,241
6352,100.0,2025-05-14,403
6353,210.0,2024-10-08,10899
6354,155.0,2025-07-09,8125
6355,100.0,2023-03-10,9945
6356,155.0,2023-01-09,1000
6357,155.0,2024-11-30,7961
6358,100.0,2023-08-18,5257
6359,210.0,2025-06-14,8570
6360,210.0,2023-08-18,789
6361,100.0,2024-07-13,8369
6362,100.0,2023-03-06,8348
6363,100.0,2026-02-17,2545
6364,210.0,2025-05-03,10256
6365,100.0,2025-11-25,329
6366,210.0,2023-04-10,1830
6367,100.0,2023-08-23,8079
6368,155.0,2024-07-05,6802
6369,155.0,2023-08-08,7270
6370,210.0,2023-06-23,5336
6371,100.0,2025-05-01,4206
6372,210.0,2023-12-06,9990
6373,100.0,2025-01-12,6642
6374,210.0,2025-04-12,2878
6375,155.0,2023-11-20,2692
6376,210.0,2025-11-19,7181
6377,100.0,2024-09-04,1367
6378,155.0,2025-11-17,10695
6379,100.0,2025-01-20,3958
6380,210.0,2024-03-28,10697
6381,210.0,2024-12-16,10082
6382,210.0,2025-03-04,7875
6383,155.0,2024-02-27,18
6384,100.0,2026-01-23,5351
6385,155.0,2023-02-17,4223
6386,155.0,2024-03-03,230
6387,155.0,2023-12-09,8447
6388,100.0,2023-06-18,2435
6389,155.0,2024-03-25,10913
6390,100.0,2023-05-08,8378
6391,100.0,2023-02-23,5172
6392,100.0,2024-11-09,2921
6393,100.0,2025-05-22,9880
6394,100.0,2024-04-04,5491
6395,155.0,2023-06-19,6212
6396,155.0,2025-08-13,6963
6397,155.0,2025-03-13,2332
6398,210.0,2025-06-26,3176
6399,155.0,2025-04-24,6473
6400,155.0,2026-02-13,5999
6401,210.0,2024-07-10,3424
6402,210.0,2026-02-14,8789
6403,210.0,2025-06-08,8064
6404,100.0,2025-07-05,4616
6405,100.0,2025-03-09,9508
6406,100.0,2024-01-13,2597
6407,210.0,2023-07-14,7009
6408,100.0,2023-01-30,6617
6409,210.0,2025-01-21,2211
6410,210.0,2023-07-22,5145
6411,100.0,2025-01-26,2859
6412,155.0,2023-09-05,9400
6413,100.0,2026-04-14,8142
6414,100.0,2024-12-26,10884
6415,210.0,2023-02-23,5303
6416,155.0,2025-08-31,3028
6417,210.0,2023-05-12,5859
6418,155.0,2025-12-21,7647
6419,210.0,2023-06-29,323
6420,155.0,2024-11-02,2312
6421,100.0,2024-01-11,6725
6422,210.0,2026-01-07,628
6423,155.0,2024-07-24,2123
6424,210.0,2024-01-19,6497
6425,210.0,2026-01-04,8307
6426,155.0,2025-05-15,3800
6427,210.0,2024-04-19,4424
6428,100.0,2024-02-13,3095
6429,210.0,2025-04-13,6084
6430,210.0,2024-09-16,1471
6431,100.0,2024-02-01,7548
6432,100.0,2023-09-07,7585
6433,100.0,2024-12-30,117
6434,155.0,2025-11-05,10108
6435,210.0,2024-05-01,3230
6436,210.0,2026-02-10,249
6437,155.0,2024-03-31,9208
6438,210.0,2024-03-04,8294
6439,155.0,2026-04-19,6118
6440,100.0,2023-09-23,3558
6441,210.0,2026-04-13,2923
6442,155.0,2025-12-04,3119
6443,100.0,2024-11-28,9284
6444,210.0,2023-05-16,3609
6445,210.0,2025-06-23,3691
6446,100.0,2025-01-26,3764
6447,155.0,2023-11-18,9841
6448,155.0,2025-08-10,9707
6449,155.0,2023-01-09,927
6450,100.0,2025-07-23,2688
6451,210.0,2023-07-24,2117
6452,155.0,2026-01-16,9739
6453,100.0,2023-07-14,6230
6454,100.0,2024-12-09,3922
6455,100.0,2025-12-16,10809
6456,210.0,2023-05-26,3466
6457,210.0,2024-10-24,9487
6458,100.0,2023-07-30,6830
6459,100.0,2024-08-27,6131
6460,155.0,2024-08-05,4602
6461,210.0,2025-12-26,10400
6462,155.0,2026-03-21,2303
6463,100.0,2025-06-30,2620
6464,155.0,2024-11-17,2109
6465,100.0,2026-04-21,6184
6466,155.0,2024-07-19,3927
6467,210.0,2025-12-26,6048
6468,155.0,2024-07-16,2081
6469,210.0,2025-05-11,2970
6470,100.0,2026-01-06,10234
6471,155.0,2023-08-17,3698
6472,100.0,2025-05-12,426
6473,155.0,2024-04-15,8669
6474,155.0,2023-03-28,4714
6475,100.0,2024-02-15,342
6476,155.0,2026-02-11,4229
6477,100.0,2023-12-22,2733
6478,210.0,2023-02-15,6022
6479,100.0,2025-06-26,2876
6480,100.0,2023-01-26,2958
6481,100.0,2026-02-05,882
6482,210.0,2024-08-10,9999
6483,155.0,2023-05-07,9735
6484,100.0,2023-09-21,7538
6485,210.0,2024-11-18,10829
6486,210.0,2024-06-13,9499
6487,210.0,2024-09-24,10091
6488,100.0,2025-09-25,8005
6489,155.0,2023-06-23,4520
6490,155.0,2024-01-07,8573
6491,100.0,2026-04-12,516
6492,210.0,2024-06-15,1925
6493,155.0,2024-09-16,6478
6494,210.0,2024-06-12,346
6495,210.0,2025-03-02,8201
6496,155.0,2025-02-09,7182
6497,210.0,2023-02-12,498
6498,210.0,2025-04-22,7567
6499,100.0,2024-05-21,6829
6500,210.0,2023-05-17,4631
6501,100.0,2024-12-21,10170
6502,100.0,2023-01-17,3163
6503,155.0,2024-06-26,10543
6504,155.0,2025-12-05,3149
6505,210.0,2025-11-17,7934
6506,100.0,2025-12-15,6736
6507,155.0,2023-12-31,7238
6508,210.0,2025-04-05,9125
6509,100.0,2023-08-16,9384
6510,155.0,2024-02-18,7564
6511,210.0,2026-02-10,10413
6512,210.0,2025-08-30,8838
6513,100.0,2024-06-22,3665
6514,155.0,2024-07-21,6367
6515,155.0,2024-09-09,7517
6516,155.0,2024-12-23,5352
6517,210.0,2026-03-07,9788
6518,210.0,2026-02-13,8930
6519,210.0,2023-10-31,652
6520,155.0,2025-02-04,1458
6521,155.0,2026-03-16,414
6522,155.0,2024-07-30,10161
6523,210.0,2026-03-24,5346
6524,210.0,2024-08-18,4189
6525,100.0,2025-06-26,7747
6526,155.0,2023-06-02,3241
6527,210.0,2026-03-07,2900
6528,210.0,2023-12-02,8045
6529,155.0,2023-01-29,4847
6530,210.0,2024-07-18,8604
6531,155.0,2024-10-05,4025
6532,100.0,2025-02-26,8319
6533,210.0,2023-12-24,7511
6534,210.0,2023-10-13,7261
6535,155.0,2025-04-27,3494
6536,155.0,2023-05-11,3511
6537,100.0,2024-07-23,3308
6538,155.0,2024-04-24,3105
6539,155.0,2026-04-22,6494
6540,155.0,2024-08-24,8326
6541,210.0,2023-11-30,4095
6542,210.0,2025-07-15,5014
6543,155.0,2024-12-01,4373
6544,155.0,2023-08-21,9348
6545,100.0,2023-09-08,2045
6546,210.0,2024-09-08,8877
6547,100.0,2025-03-13,7646
6548,100.0,2024-09-07,5290
6549,155.0,2023-11-11,8802
6550,155.0,2025-03-02,7558
6551,155.0,2025-04-24,8991
6552,100.0,2023-07-15,2338
6553,210.0,2023-03-25,8464
6554,100.0,2024-12-19,2669
6555,210.0,2023-01-19,10198
6556,100.0,2024-06-17,3657
6557,100.0,2024-03-18,1810
6558,155.0,2025-05-09,2752
6559,100.0,2025-06-04,4778
6560,100.0,2026-04-09,10664
6561,155.0,2024-03-20,2453
6562,155.0,2024-01-02,10520
6563,155.0,2024-04-26,10341
6564,210.0,2025-10-07,9261
6565,100.0,2025-01-16,5488
6566,155.0,2023-12-16,8499
6567,155.0,2023-04-08,2798
6568,100.0,2026-03-08,2713
6569,210.0,2023-11-19,9472
6570,100.0,2023-09-02,2781
6571,210.0,2023-06-22,5686
6572,100.0,2023-05-16,8467
6573,100.0,2024-06-07,3696
6574,155.0,2023-04-29,4833
6575,100.0,2026-03-28,6619
6576,100.0,2024-12-23,5258
6577,100.0,2023-11-15,7576
6578,100.0,2025-07-21,10812
6579,155.0,2024-07-03,6622
6580,100.0,2024-04-11,7990
6581,100.0,2024-06-25,10331
6582,155.0,2024-05-18,2326
6583,155.0,2023-07-27,7098
6584,155.0,2024-11-18,1563
6585,210.0,2024-11-16,10253
6586,155.0,2023-08-20,5723
6587,155.0,2023-11-18,6838
6588,100.0,2025-02-18,1276
6589,210.0,2024-08-25,6029
6590,100.0,2023-10-31,1711
6591,100.0,2023-03-17,9439
6592,100.0,2024-12-28,8013
6593,155.0,2026-01-09,5982
6594,100.0,2023-11-06,10996
6595,155.0,2024-07-24,10561
6596,100.0,2024-02-14,129
6597,210.0,2023-12-28,3405
6598,100.0,2025-06-17,7667
6599,155.0,2023-10-24,8926
6600,210.0,2023-05-04,7978
6601,155.0,2026-02-15,10445
6602,100.0,2026-03-18,10275
6603,155.0,2025-01-11,5043
6604,100.0,2024-06-03,354
6605,210.0,2024-01-04,10656
6606,210.0,2025-03-24,10985
6607,100.0,2026-04-24,2596
6608,100.0,2024-10-03,2570
6609,100.0,2025-11-03,8572
6610,155.0,2024-09-27,4897
6611,210.0,2026-04-02,5976
6612,210.0,2023-08-26,8992
6613,210.0,2025-07-02,912
6614,100.0,2024-12-12,2491
6615,210.0,2023-08-05,9339
6616,155.0,2025-12-16,10448
6617,210.0,2023-10-06,4898
6618,155.0,2024-09-12,10168
6619,100.0,2025-10-07,6139
6620,210.0,2026-04-22,2819
6621,210.0,2025-07-25,2931
6622,100.0,2023-09-25,2382
6623,155.0,2025-08-10,1330
6624,210.0,2023-04-03,5559
6625,210.0,2024-01-25,1926
6626,155.0,2024-08-22,1440
6627,210.0,2024-08-26,10135
6628,100.0,2023-01-25,10895
6629,100.0,2023-01-22,524
6630,155.0,2023-10-10,3670
6631,210.0,2023-12-27,7945
6632,210.0,2024-09-30,4873
6633,210.0,2025-04-14,10350
6634,210.0,2025-04-23,4918
6635,210.0,2025-12-16,1473
6636,100.0,2024-05-22,7535
6637,210.0,2023-04-19,7073
6638,100.0,2023-08-19,2471
6639,100.0,2025-08-30,10962
6640,100.0,2023-07-02,4008
6641,155.0,2023-05-27,7851
6642,210.0,2023-10-30,3587
6643,100.0,2023-08-06,6554
6644,210.0,2023-12-01,10549
6645,210.0,2025-08-03,4514
6646,155.0,2023-08-27,4319
6647,100.0,2023-08-23,6623
6648,155.0,2023-01-27,10611
6649,155.0,2023-01-16,7473
6650,210.0,2024-05-24,1142
6651,210.0,2023-02-24,5702
6652,210.0,2023-02-12,4409
6653,210.0,2023-10-08,6465
6654,155.0,2025-07-14,8173
6655,155.0,2026-04-29,7696
6656,100.0,2025-09-08,8550
6657,155.0,2024-06-17,8300
6658,100.0,2025-11-12,7867
6659,100.0,2025-08-14,5294
6660,155.0,2025-07-30,7164
6661,100.0,2025-01-24,10068
6662,155.0,2026-02-11,3023
6663,100.0,2023-07-04,10188
6664,100.0,2026-03-09,8041
6665,155.0,2025-09-11,5253
6666,155.0,2024-07-18,7053
6667,155.0,2026-02-12,3931
6668,100.0,2025-05-14,10738
6669,210.0,2025-04-07,8409
6670,210.0,2025-11-29,5170
6671,155.0,2024-06-17,9004
6672,210.0,2025-01-03,6874
6673,210.0,2023-10-10,7231
6674,100.0,2023-11-19,8052
6675,155.0,2023-12-17,10545
6676,155.0,2026-03-08,862
6677,210.0,2024-05-17,2830
6678,100.0,2023-04-30,8089
6679,155.0,2023-01-01,3496
6680,210.0,2023-02-11,6978
6681,210.0,2026-02-16,8716
6682,210.0,2025-07-29,5606
6683,210.0,2025-06-25,7890
6684,210.0,2023-10-26,6512
6685,100.0,2024-12-25,2350
6686,155.0,2023-04-12,3636
6687,210.0,2025-05-23,10133
6688,155.0,2023-10-06,6652
6689,210.0,2023-05-10,132
6690,210.0,2024-11-30,9511
6691,210.0,2024-09-29,8387
6692,100.0,2023-05-30,4465
6693,100.0,2025-08-05,9013
6694,100.0,2025-12-14,2601
6695,155.0,2023-02-21,32
6696,210.0,2024-04-30,8379
6697,210.0,2025-08-22,4887
6698,155.0,2025-01-02,6146
6699,210.0,2024-05-29,7450
6700,155.0,2025-10-12,1380
6701,155.0,2025-02-20,10686
6702,155.0,2025-04-09,6098
6703,100.0,2023-04-19,2106
6704,155.0,2025-11-08,2796
6705,100.0,2025-01-18,7207
6706,155.0,2025-02-26,7241
6707,100.0,2024-05-04,2568
6708,100.0,2023-12-11,3058
6709,155.0,2025-09-04,1294
6710,100.0,2024-02-14,3473
6711,210.0,2023-10-04,4091
6712,155.0,2025-05-11,567
6713,210.0,2023-01-11,4870
6714,100.0,2023-04-08,10777
6715,100.0,2023-01-25,3620
6716,100.0,2023-09-07,4105
6717,100.0,2023-01-29,7155
6718,100.0,2023-12-27,4889
6719,210.0,2023-05-27,5716
6720,100.0,2023-01-16,7657
6721,100.0,2023-11-20,5950
6722,100.0,2024-02-17,5353
6723,210.0,2026-04-01,4387
6724,100.0,2024-12-12,8497
6725,155.0,2025-09-14,6613
6726,155.0,2025-11-29,9949
6727,210.0,2025-04-19,991
6728,210.0,2024-07-22,6847
6729,210.0,2024-11-21,3569
6730,155.0,2025-09-24,1793
6731,100.0,2024-09-27,3279
6732,155.0,2023-02-27,3071
6733,155.0,2023-01-25,4852
6734,100.0,2024-08-29,7840
6735,155.0,2025-01-06,1548
6736,100.0,2023-12-30,5302
6737,210.0,2025-12-26,8531
6738,210.0,2024-02-14,9421
6739,100.0,2023-01-24,4549
6740,155.0,2026-01-26,3145
6741,155.0,2023-07-04,295
6742,155.0,2023-04-10,3854
6743,155.0,2023-05-02,5608
6744,155.0,2024-05-04,6903
6745,210.0,2023-01-15,6458
6746,100.0,2024-05-15,2279
6747,100.0,2024-10-06,1031
6748,210.0,2026-04-19,3862
6749,100.0,2023-12-27,2031
6750,155.0,2024-02-15,711
6751,210.0,2023-01-21,8692
6752,100.0,2026-04-29,2442
6753,100.0,2024-10-10,5114
6754,155.0,2025-05-07,7063
6755,100.0,2025-09-26,520
6756,155.0,2025-04-28,9873
6757,100.0,2025-10-09,2222
6758,155.0,2024-08-16,3531
6759,155.0,2023-02-05,1800
6760,100.0,2023-04-07,4706
6761,155.0,2023-06-18,10101
6762,210.0,2026-02-23,5246
6763,210.0,2024-08-23,2725
6764,210.0,2023-03-17,1144
6765,210.0,2023-01-18,4649
6766,100.0,2026-04-10,5284
6767,155.0,2024-01-23,616
6768,210.0,2025-07-18,8687
6769,155.0,2025-12-17,3077
6770,100.0,2026-03-03,2193
6771,100.0,2025-02-24,233
6772,155.0,2025-04-23,3388
6773,155.0,2023-04-24,7550
6774,155.0,2023-03-25,3890
6775,155.0,2023-11-19,6436
6776,210.0,2023-06-16,3418
6777,100.0,2023-12-20,6667
6778,155.0,2024-01-16,2309
6779,100.0,2024-01-02,6879
6780,100.0,2025-12-16,8993
6781,155.0,2024-09-17,8913
6782,100.0,2025-04-22,3668
6783,155.0,2024-12-04,3305
6784,210.0,2025-03-11,1044
6785,100.0,2024-05-04,6663
6786,155.0,2023-07-12,1595
6787,210.0,2024-10-21,3291
6788,100.0,2023-01-17,5055
6789,100.0,2026-04-12,7013
6790,100.0,2023-01-16,10988
6791,210.0,2023-07-13,1223
6792,155.0,2024-08-29,3280
6793,210.0,2026-02-21,4013
6794,155.0,2024-02-20,704
6795,210.0,2023-10-19,2678
6796,100.0,2024-06-10,4353
6797,155.0,2024-05-14,6096
6798,100.0,2024-10-23,5498
6799,100.0,2023-06-27,3223
6800,210.0,2023-03-28,277
6801,100.0,2023-11-24,4330
6802,155.0,2026-01-16,9153
6803,155.0,2026-04-02,5154
6804,155.0,2024-10-14,7584
6805,210.0,2024-04-17,1316
6806,210.0,2025-02-03,1016
6807,155.0,2024-12-05,3441
6808,210.0,2025-07-21,7236
6809,210.0,2023-09-05,9257
6810,155.0,2025-09-20,3170
6811,210.0,2025-05-28,8406
6812,155.0,2025-12-26,2103
6813,210.0,2025-03-23,1256
6814,100.0,2024-09-25,5116
6815,155.0,2025-12-03,3298
6816,100.0,2025-10-25,4639
6817,100.0,2023-04-02,10851
6818,155.0,2024-09-30,2851
6819,155.0,2024-06-02,4782
6820,155.0,2023-01-12,1260
6821,100.0,2023-03-08,1806
6822,210.0,2024-05-11,52
6823,100.0,2026-01-22,1133
6824,100.0,2024-10-24,3067
6825,155.0,2025-11-16,4023
6826,155.0,2024-01-04,1311
6827,155.0,2025-01-18,9258
6828,210.0,2025-08-02,6413
6829,100.0,2024-08-16,3744
6830,155.0,2023-09-10,400
6831,155.0,2025-10-01,5905
6832,210.0,2025-04-09,1043
6833,100.0,2025-06-11,5113
6834,100.0,2025-03-09,9588
6835,155.0,2023-05-16,3975
6836,210.0,2025-05-12,301
6837,210.0,2023-12-13,2467
6838,155.0,2026-01-10,8275
6839,210.0,2025-05-29,5448
6840,100.0,2024-09-08,5039
6841,210.0,2023-12-16,735
6842,100.0,2023-10-03,7680
6843,210.0,2025-03-24,4307
6844,155.0,2024-02-18,6087
6845,210.0,2024-09-23,9573
6846,155.0,2025-04-24,369
6847,210.0,2024-03-31,5587
6848,155.0,2024-12-26,41
6849,210.0,2026-01-16,9639
6850,210.0,2025-08-02,155
6851,100.0,2023-02-20,9319
6852,155.0,2026-02-01,1323
6853,100.0,2026-03-18,3302
6854,155.0,2024-02-11,57
6855,100.0,2025-03-28,10335
6856,100.0,2025-03-07,8342
6857,100.0,2024-02-29,2616
6858,155.0,2026-03-06,3438
6859,155.0,2023-12-14,3751
6860,210.0,2023-12-01,6493
6861,155.0,2024-06-23,3210
6862,155.0,2024-07-10,421
6863,210.0,2023-07-10,9500
6864,100.0,2024-09-13,8097
6865,155.0,2024-05-04,10158
6866,100.0,2023-07-10,7699
6867,100.0,2026-01-23,5398
6868,155.0,2025-11-08,8928
6869,210.0,2024-08-12,8
6870,155.0,2025-03-08,3179
6871,100.0,2023-02-09,4624
6872,100.0,2024-01-22,1565
6873,210.0,2023-10-07,5466
6874,210.0,2023-10-01,663
6875,100.0,2025-07-16,5067
6876,155.0,2025-05-11,3633
6877,100.0,2026-03-21,10322
6878,100.0,2024-06-19,3797
6879,100.0,2024-11-23,6203
6880,210.0,2024-04-22,5435
6881,100.0,2023-06-09,4093
6882,100.0,2024-06-09,4957
6883,100.0,2024-02-24,5287
6884,100.0,2023-01-07,10049
6885,210.0,2023-12-01,9988
6886,155.0,2025-09-22,1917
6887,210.0,2026-02-05,9703
6888,210.0,2025-08-16,7066
6889,100.0,2026-03-09,3341
6890,100.0,2023-04-27,6716
6891,210.0,2025-04-04,8882
6892,155.0,2024-10-22,7524
6893,100.0,2023-09-17,6982
6894,210.0,2026-01-26,7655
6895,210.0,2024-08-27,3591
6896,100.0,2023-04-13,9737
6897,100.0,2025-12-16,10009
6898,100.0,2023-03-18,8207
6899,210.0,2025-10-30,6542
6900,100.0,2026-03-17,8577
6901,155.0,2025-09-19,3123
6902,100.0,2024-10-09,6583
6903,100.0,2023-09-06,8507
6904,210.0,2024-12-09,5089
6905,100.0,2024-05-11,1023
6906,210.0,2024-08-04,6834
6907,210.0,2025-07-04,7998
6908,210.0,2025-07-27,143
6909,210.0,2025-03-20,3352
6910,100.0,2024-09-01,1157
6911,100.0,2023-06-06,5236
6912,210.0,2023-10-18,960
6913,100.0,2023-03-31,8137
6914,100.0,2023-08-18,3142
6915,210.0,2024-08-22,7742
6916,210.0,2024-07-17,3318
6917,100.0,2023-01-03,7172
6918,210.0,2025-11-30,1245
6919,210.0,2024-09-11,737
6920,155.0,2024-09-12,3760
6921,210.0,2025-09-27,6709
6922,210.0,2024-08-21,6990
6923,100.0,2023-07-28,3349
6924,155.0,2024-08-18,8299
6925,210.0,2024-01-16,5311
6926,210.0,2025-11-16,2635
6927,100.0,2024-03-18,9792
6928,210.0,2024-03-04,4228
6929,210.0,2023-04-12,2833
6930,210.0,2024-05-20,250
6931,210.0,2024-08-07,7792
6932,155.0,2024-03-01,6645
6933,210.0,2025-06-07,560
6934,210.0,2025-03-03,8811
6935,210.0,2025-06-03,2783
6936,155.0,2024-10-21,9924
6937,100.0,2024-02-11,6498
6938,100.0,2023-05-09,9747
6939,100.0,2026-03-29,5619
6940,155.0,2024-04-12,3116
6941,210.0,2023-01-27,3003
6942,100.0,2023-07-28,7734
6943,100.0,2023-07-06,1275
6944,210.0,2026-02-26,1036
6945,100.0,2025-01-18,5968
6946,210.0,2023-10-01,7319
6947,210.0,2024-02-25,924
6948,100.0,2024-11-15,5549
6949,100.0,2023-03-24,5640
6950,100.0,2023-05-22,8690
6951,100.0,2026-04-15,6226
6952,100.0,2024-03-18,9474
6953,100.0,2026-03-11,9854
6954,210.0,2025-09-13,1655
6955,155.0,2024-06-17,10979
6956,210.0,2024-12-24,2283
6957,155.0,2025-09-03,6089
6958,210.0,2023-01-28,916
6959,100.0,2023-12-21,4931
6960,100.0,2023-08-05,5915
6961,155.0,2026-04-29,3658
6962,210.0,2025-10-02,7423
6963,155.0,2023-02-07,425
6964,155.0,2025-04-30,5930
6965,100.0,2026-02-18,7413
6966,210.0,2023-01-13,10770
6967,210.0,2025-01-15,6621
6968,210.0,2024-10-18,900
6969,155.0,2026-01-22,8708
6970,210.0,2024-10-12,1019
6971,210.0,2023-07-24,3879
6972,210.0,2025-04-22,1647
6973,100.0,2024-04-29,6895
6974,100.0,2025-01-13,1124
6975,210.0,2026-01-29,9446
6976,210.0,2023-04-01,2354
6977,210.0,2024-06-29,8983
6978,100.0,2026-02-05,10027
6979,210.0,2023-01-05,6356
6980,100.0,2023-07-07,9531
6981,155.0,2024-10-10,8022
6982,155.0,2024-07-10,2741
6983,100.0,2024-02-12,6731
6984,155.0,2024-11-27,6937
6985,155.0,2025-03-17,2262
6986,100.0,2024-05-12,5600
6987,210.0,2023-12-05,570
6988,100.0,2024-08-12,9585
6989,155.0,2025-09-29,8925
6990,210.0,2025-06-05,7168
6991,100.0,2024-06-20,2482
6992,210.0,2025-07-23,5737
6993,100.0,2025-07-14,2194
6994,210.0,2023-12-19,9850
6995,100.0,2023-01-04,9510
6996,155.0,2024-11-17,9252
6997,210.0,2024-10-30,5438
6998,210.0,2025-06-05,10171
6999,100.0,2025-11-12,4474
7000,210.0,2024-01-26,3660
7001,100.0,2025-12-04,1865
7002,155.0,2023-06-04,4069
7003,210.0,2023-12-30,6395
7004,210.0,2023-11-14,2682
7005,210.0,2025-12-28,889
7006,100.0,2023-10-25,5467
7007,100.0,2024-12-10,2108
7008,155.0,2024-10-02,10978
7009,100.0,2024-08-01,6060
7010,210.0,2024-12-03,4357
7011,100.0,2025-08-05,1915
7012,210.0,2024-11-19,9725
7013,155.0,2025-07-06,2278
7014,100.0,2025-07-13,7209
7015,100.0,2025-06-04,4311
7016,100.0,2025-06-22,1277
7017,100.0,2024-03-01,10848
7018,155.0,2023-12-11,5558
7019,210.0,2026-04-12,5160
7020,155.0,2025-05-19,7839
7021,210.0,2024-02-18,8112
7022,210.0,2023-01-26,8712
7023,100.0,2024-10-15,3752
7024,155.0,2024-10-17,3570
7025,100.0,2026-03-10,5013
7026,210.0,2023-05-19,3143
7027,100.0,2024-12-06,3354
7028,100.0,2025-04-06,3117
7029,155.0,2023-04-03,1193
7030,100.0,2023-09-28,1438
7031,210.0,2023-06-04,8759
7032,100.0,2025-12-08,10199
7033,100.0,2024-01-07,940
7034,100.0,2024-12-20,8242
7035,155.0,2026-03-06,7720
7036,210.0,2023-08-20,2195
7037,210.0,2025-01-04,3026
7038,210.0,2024-12-16,4958
7039,210.0,2023-04-13,2969
7040,155.0,2025-05-21,1966
7041,210.0,2026-04-08,8558
7042,155.0,2023-09-20,3715
7043,210.0,2024-04-21,2772
7044,100.0,2025-01-26,5939
7045,155.0,2026-04-21,2347
7046,100.0,2024-03-26,10203
7047,155.0,2024-07-05,10890
7048,210.0,2024-02-18,9821
7049,100.0,2025-08-11,427
7050,155.0,2026-02-20,6182
7051,100.0,2025-03-28,3509
7052,100.0,2024-12-19,5024
7053,155.0,2024-04-24,2605
7054,100.0,2025-04-16,9742
7055,155.0,2023-01-07,2253
7056,155.0,2023-12-15,10380
7057,155.0,2023-02-22,8182
7058,100.0,2024-02-04,555
7059,210.0,2025-05-02,2767
7060,210.0,2025-05-07,7565
7061,100.0,2024-11-16,7988
7062,210.0,2026-02-01,7771
7063,100.0,2026-01-23,2919
7064,100.0,2023-07-11,2483
7065,155.0,2023-11-11,10060
7066,155.0,2025-11-26,2120
7067,155.0,2024-01-01,10504
7068,210.0,2025-07-27,9352
7069,210.0,2024-05-04,1660
7070,210.0,2024-03-30,4668
7071,210.0,2024-10-30,3440
7072,210.0,2025-06-08,9079
7073,210.0,2024-05-14,10015
7074,155.0,2024-03-03,9774
7075,155.0,2023-11-21,10288
7076,210.0,2025-04-23,6479
7077,155.0,2025-05-01,3311
7078,100.0,2024-06-05,1872
7079,155.0,2025-10-16,8709
7080,210.0,2024-09-04,9290
7081,100.0,2023-01-21,6193
7082,100.0,2024-02-15,4996
7083,100.0,2026-04-05,3480
7084,155.0,2025-09-10,2174
7085,155.0,2024-12-21,1788
7086,210.0,2023-10-30,10031
7087,210.0,2025-01-05,8028
7088,210.0,2023-03-05,588
7089,155.0,2023-10-12,6392
7090,210.0,2025-01-17,6510
7091,100.0,2023-03-18,2076
7092,155.0,2023-03-20,9929
7093,100.0,2023-09-25,2778
7094,155.0,2023-10-28,1346
7095,100.0,2024-06-06,6272
7096,210.0,2023-01-23,5774
7097,210.0,2023-12-31,4621
7098,155.0,2026-01-22,9082
7099,155.0,2023-03-24,8750
7100,210.0,2025-06-15,5878
7101,100.0,2023-11-08,5909
7102,155.0,2025-09-18,6109
7103,155.0,2023-02-27,5339
7104,100.0,2023-07-11,7588
7105,155.0,2023-12-25,556
7106,155.0,2025-04-23,4690
7107,210.0,2023-09-26,2036
7108,155.0,2024-09-16,558
7109,210.0,2023-11-09,9445
7110,100.0,2026-01-20,4232
7111,100.0,2025-07-22,3261
7112,100.0,2025-03-19,8927
7113,210.0,2025-01-15,165
7114,210.0,2023-06-07,8595
7115,155.0,2025-07-12,10798
7116,210.0,2025-11-29,144
7117,155.0,2025-03-03,1170
7118,100.0,2023-02-24,6511
7119,210.0,2025-03-07,4864
7120,155.0,2025-06-01,10338
7121,210.0,2023-07-17,6173
7122,100.0,2025-02-22,3967
7123,210.0,2023-10-05,3088
7124,155.0,2023-02-03,6823
7125,155.0,2024-07-21,1718
7126,155.0,2025-12-21,3557
7127,210.0,2023-11-23,9702
7128,100.0,2024-07-10,3653
7129,155.0,2025-07-22,1895
7130,210.0,2025-10-22,7580
7131,155.0,2025-04-21,3334
7132,210.0,2025-01-22,10396
7133,100.0,2024-08-06,790
7134,210.0,2025-10-20,4796
7135,210.0,2023-09-14,6359
7136,155.0,2025-04-02,10693
7137,100.0,2026-04-14,1259
7138,100.0,2023-05-12,9305
7139,100.0,2024-01-05,61
7140,100.0,2024-03-12,6961
7141,210.0,2024-12-17,5872
7142,100.0,2024-10-16,2935
7143,100.0,2023-02-16,6877
7144,100.0,2023-08-13,4962
7145,100.0,2024-10-14,2014
7146,210.0,2023-03-18,10409
7147,155.0,2024-12-05,5703
7148,100.0,2023-09-30,5532
7149,210.0,2023-09-14,10053
7150,155.0,2025-10-20,1201
7151,210.0,2024-06-03,5338
7152,210.0,2025-04-29,3150
7153,100.0,2025-08-20,4835
7154,155.0,2026-03-30,3909
7155,155.0,2025-08-15,10790
7156,155.0,2026-03-31,8133
7157,100.0,2025-07-14,10138
7158,100.0,2023-03-27,4683
7159,155.0,2023-12-10,3096
7160,155.0,2024-08-30,2552
7161,100.0,2023-07-24,9495
7162,155.0,2024-08-31,5969
7163,100.0,2024-09-24,731
7164,210.0,2026-04-10,803
7165,100.0,2024-01-29,9509
7166,155.0,2025-01-15,6477
7167,210.0,2024-11-23,8308
7168,210.0,2023-04-13,2632
7169,155.0,2026-01-01,9807
7170,210.0,2023-07-29,7682
7171,155.0,2026-01-05,3814
7172,210.0,2026-03-15,4936
7173,210.0,2023-09-08,8731
7174,210.0,2024-12-10,7866
7175,155.0,2023-09-10,9027
7176,100.0,2025-04-28,4478
7177,155.0,2023-04-01,9997
7178,100.0,2025-10-23,3000
7179,155.0,2023-09-16,8537
7180,155.0,2023-10-13,10233
7181,155.0,2025-09-03,1287
7182,155.0,2023-03-30,2276
7183,210.0,2025-10-05,1115
7184,155.0,2023-05-20,3455
7185,210.0,2023-03-12,489
7186,155.0,2024-06-29,3612
7187,155.0,2024-11-07,1
7188,100.0,2026-02-02,37
7189,100.0,2023-11-23,4979
7190,155.0,2023-03-22,3219
7191,210.0,2024-01-17,2313
7192,155.0,2025-11-25,5210
7193,100.0,2026-02-19,4660
7194,155.0,2026-03-17,7474
7195,155.0,2024-07-25,3124
7196,100.0,2024-03-19,6607
7197,155.0,2024-11-18,1525
7198,155.0,2023-05-15,4768
7199,100.0,2025-12-27,10842
7200,155.0,2023-06-06,8449
7201,155.0,2023-07-11,10752
7202,100.0,2025-06-28,10092
7203,210.0,2024-10-02,1794
7204,100.0,2023-08-22,10401
7205,155.0,2025-11-26,10232
7206,155.0,2023-03-06,10726
7207,210.0,2024-05-24,2835
7208,210.0,2023-08-19,2866
7209,210.0,2025-02-10,7185
7210,155.0,2023-01-18,7992
7211,100.0,2024-06-24,7899
7212,100.0,2023-01-20,7282
7213,100.0,2025-12-25,1853
7214,155.0,2024-10-22,7651
7215,100.0,2026-02-11,694
7216,210.0,2024-11-19,10968
7217,100.0,2024-11-20,339
7218,100.0,2024-04-04,681
7219,155.0,2023-07-26,9806
7220,210.0,2025-12-18,4556
7221,210.0,2023-07-02,4325
7222,210.0,2023-03-21,2894
7223,155.0,2024-09-04,4302
7224,100.0,2024-02-29,4581
7225,210.0,2024-10-28,6132
7226,100.0,2024-10-21,2863
7227,210.0,2023-07-26,1295
7228,210.0,2024-07-30,1526
7229,155.0,2023-05-13,7458
7230,210.0,2025-06-20,4728
7231,100.0,2025-03-25,6252
7232,155.0,2024-10-01,1726
7233,155.0,2025-12-02,6408
7234,100.0,2025-08-11,10761
7235,155.0,2025-09-24,8084
7236,100.0,2025-05-28,10132
7237,155.0,2023-07-21,9164
7238,210.0,2025-10-27,823
7239,155.0,2024-03-24,490
7240,210.0,2023-12-31,7615
7241,155.0,2024-01-28,373
7242,155.0,2025-10-23,93
7243,210.0,2024-06-10,9215
7244,210.0,2023-10-18,7442
7245,100.0,2024-09-30,6760
7246,155.0,2023-05-28,9640
7247,155.0,2023-09-08,9659
7248,210.0,2023-06-09,10767
7249,155.0,2025-08-29,5064
7250,100.0,2025-11-23,7629
7251,210.0,2025-07-07,9238
7252,155.0,2025-04-25,4841
7253,155.0,2024-04-23,9363
7254,155.0,2026-02-16,1962
7255,100.0,2025-06-27,6819
7256,155.0,2023-12-22,5514
7257,155.0,2025-07-08,2975
7258,100.0,2023-06-10,5
7259,155.0,2024-07-09,948
7260,210.0,2024-05-12,6438
7261,100.0,2025-12-17,10874
7262,100.0,2023-01-30,6313
7263,210.0,2024-10-30,344
7264,210.0,2025-12-31,8021
7265,210.0,2023-11-29,3615
7266,210.0,2025-08-18,4261
7267,155.0,2024-02-20,7966
7268,155.0,2023-03-29,2425
7269,155.0,2025-10-21,8199
7270,210.0,2025-12-20,10361
7271,210.0,2023-11-06,6389
7272,210.0,2024-10-18,3719
7273,210.0,2025-08-09,5459
7274,210.0,2024-07-20,5690
7275,210.0,2024-11-25,7312
7276,155.0,2024-12-03,2072
7277,155.0,2023-08-04,7431
7278,155.0,2024-07-20,502
7279,100.0,2023-12-04,2870
7280,100.0,2026-02-27,9655
7281,155.0,2023-07-04,1764
7282,100.0,2025-11-15,7452
7283,155.0,2024-04-17,9222
7284,100.0,2024-01-08,2413
7285,155.0,2025-10-30,6400
7286,100.0,2025-04-18,394
7287,100.0,2024-10-29,7630
7288,210.0,2024-03-03,903
7289,210.0,2026-02-09,8542
7290,155.0,2023-10-14,7226
7291,210.0,2025-11-20,7167
7292,210.0,2023-12-27,1478
7293,155.0,2023-02-14,6752
7294,100.0,2025-11-22,6977
7295,210.0,2023-04-27,6708
7296,210.0,2025-03-09,6880
7297,210.0,2025-10-21,7144
7298,155.0,2025-06-10,9249
7299,210.0,2025-09-12,5840
7300,100.0,2024-08-31,1903
7301,210.0,2023-03-10,3522
7302,155.0,2025-06-15,915
7303,155.0,2024-06-08,625
7304,100.0,2025-12-28,1654
7305,155.0,2025-07-26,5198
7306,100.0,2023-11-13,3889
7307,210.0,2025-06-06,5185
7308,100.0,2026-02-05,2640
7309,100.0,2024-01-26,8856
7310,155.0,2025-03-23,4797
7311,100.0,2024-02-09,5946
7312,100.0,2025-12-10,6938
7313,100.0,2023-05-06,1226
7314,210.0,2023-12-16,3367
7315,100.0,2024-05-19,7644
7316,100.0,2024-01-15,6372
7317,210.0,2026-03-27,721
7318,210.0,2025-03-10,4906
7319,100.0,2023-12-07,7809
7320,100.0,2024-08-08,7466
7321,155.0,2023-09-08,5625
7322,100.0,2023-06-06,8279
7323,100.0,2024-01-11,8175
7324,210.0,2024-07-04,6426
7325,100.0,2023-04-05,34
7326,100.0,2025-09-21,10601
7327,100.0,2024-04-07,2760
7328,155.0,2023-05-08,7305
7329,100.0,2023-02-13,1811
7330,210.0,2026-02-23,413
7331,100.0,2025-04-26,5661
7332,100.0,2025-05-04,865
7333,210.0,2024-04-16,2989
7334,210.0,2024-07-25,5851
7335,210.0,2023-06-23,3811
7336,210.0,2024-02-01,83
7337,210.0,2024-02-20,5684
7338,155.0,2025-11-24,10732
7339,155.0,2026-02-22,5891
7340,210.0,2024-01-18,671
7341,155.0,2024-04-20,7721
7342,155.0,2025-01-15,8968
7343,100.0,2023-12-07,1417
7344,210.0,2025-11-07,5972
7345,210.0,2026-04-19,4227
7346,155.0,2023-09-01,6754
7347,155.0,2025-05-08,6944
7348,210.0,2025-10-02,8389
7349,210.0,2025-07-08,157
7350,100.0,2023-09-19,8555
7351,100.0,2026-03-08,2486
7352,155.0,2025-09-21,10354
7353,210.0,2025-08-02,9475
7354,100.0,2023-08-06,3617
7355,155.0,2023-06-12,2577
7356,100.0,2026-01-08,4586
7357,210.0,2023-07-27,10006
7358,210.0,2024-08-15,5494
7359,210.0,2024-06-22,2322
7360,155.0,2024-12-20,7047
7361,155.0,2026-02-05,2252
7362,100.0,2025-03-30,860
7363,155.0,2025-06-10,7397
7364,155.0,2023-11-21,10038
7365,210.0,2024-02-02,8741
7366,210.0,2025-11-24,7275
7367,100.0,2024-12-28,10047
7368,210.0,2023-01-10,5848
7369,155.0,2024-07-18,4743
7370,155.0,2026-02-22,1947
7371,155.0,2025-10-10,9040
7372,100.0,2024-02-19,10045
7373,210.0,2024-09-14,1543
7374,155.0,2024-05-24,2674
7375,100.0,2023-02-13,2046
7376,155.0,2023-02-15,9699
7377,100.0,2023-01-06,49
7378,210.0,2026-01-17,2799
7379,100.0,2026-04-26,8200
7380,155.0,2024-03-29,8247
7381,210.0,2023-04-07,3420
7382,210.0,2023-09-20,7093
7383,210.0,2024-12-03,5698
7384,210.0,2024-05-24,3292
7385,100.0,2024-03-08,4194
7386,100.0,2024-12-29,9897
7387,100.0,2023-04-01,4077
7388,100.0,2023-07-12,9483
7389,100.0,2026-02-14,3869
7390,155.0,2023-02-08,5815
7391,100.0,2025-03-17,2730
7392,210.0,2026-01-15,2846
7393,100.0,2024-11-14,3916
7394,210.0,2023-01-10,3713
7395,100.0,2025-02-24,5134
7396,155.0,2023-09-25,5656
7397,100.0,2024-07-31,2972
7398,100.0,2024-08-20,7044
7399,155.0,2025-11-21,6490
7400,100.0,2024-09-12,6365
7401,210.0,2025-04-05,8047
7402,100.0,2024-11-10,3448
7403,210.0,2023-10-02,1771
7404,155.0,2026-03-15,2525
7405,100.0,2024-12-16,6738
7406,100.0,2025-08-11,9834
7407,155.0,2023-12-25,5992
7408,100.0,2025-04-27,6485
7409,100.0,2025-01-06,3262
7410,100.0,2024-08-31,4781
7411,210.0,2026-03-13,9148
7412,210.0,2026-01-27,8538
7413,210.0,2025-02-17,7174
7414,100.0,2023-06-08,2291
7415,210.0,2023-08-21,1286
7416,210.0,2023-09-16,1376
7417,210.0,2024-07-05,5611
7418,100.0,2023-11-13,811
7419,155.0,2025-12-12,4735
7420,210.0,2024-10-15,183
7421,155.0,2024-07-26,4115
7422,210.0,2023-05-18,2905
7423,155.0,2024-12-08,10846
7424,155.0,2026-04-27,10001
7425,100.0,2023-03-09,145
7426,100.0,2025-08-17,665
7427,100.0,2023-12-22,8225
7428,100.0,2024-10-20,1357
7429,155.0,2024-09-04,4593
7430,100.0,2023-10-29,3688
7431,155.0,2025-08-04,8083
7432,155.0,2025-06-09,7635
7433,155.0,2024-04-13,5963
7434,155.0,2025-09-24,2948
7435,210.0,2023-12-30,2549
7436,210.0,2024-05-16,6649
7437,100.0,2025-12-04,5199
7438,100.0,2026-01-09,5313
7439,155.0,2026-01-03,6595
7440,100.0,2025-06-13,1334
7441,210.0,2024-11-05,6560
7442,210.0,2023-01-08,9766
7443,210.0,2024-07-05,4035
7444,210.0,2023-11-18,386
7445,155.0,2023-04-03,8264
7446,155.0,2024-07-19,6800
7447,100.0,2025-08-17,4659
7448,100.0,2025-03-09,1777
7449,210.0,2023-06-03,3004
7450,100.0,2024-06-27,3692
7451,210.0,2023-11-20,1301
7452,210.0,2025-08-20,3714
7453,210.0,2024-10-20,1506
7454,210.0,2024-01-24,8210
7455,210.0,2024-12-27,3593
7456,100.0,2026-02-23,1873
7457,155.0,2025-12-26,8890
7458,155.0,2024-07-20,6528
7459,100.0,2023-05-03,9310
7460,100.0,2026-04-08,7873
7461,155.0,2025-05-22,3867
7462,100.0,2026-03-29,4917
7463,155.0,2024-04-21,2652
7464,100.0,2024-07-15,5895
7465,210.0,2023-11-09,4015
7466,210.0,2024-12-14,3574
7467,100.0,2023-09-28,1203
7468,210.0,2024-06-08,4244
7469,155.0,2024-11-28,5057
7470,210.0,2023-10-30,9095
7471,100.0,2023-12-13,1037
7472,100.0,2025-12-18,4348
7473,100.0,2023-11-19,8618
7474,100.0,2025-11-22,8181
7475,155.0,2024-06-21,7901
7476,155.0,2026-02-26,5068
7477,100.0,2025-05-18,8269
7478,155.0,2023-09-05,4693
7479,210.0,2025-03-06,482
7480,155.0,2024-02-29,4048
7481,210.0,2024-06-29,8431
7482,210.0,2025-01-10,5211
7483,210.0,2023-12-23,5044
7484,100.0,2024-03-27,1667
7485,210.0,2024-05-19,531
7486,210.0,2023-06-26,8583
7487,155.0,2025-12-07,3249
7488,155.0,2025-07-28,10149
7489,155.0,2025-12-29,6611
7490,100.0,2023-01-23,108
7491,100.0,2025-10-04,5367
7492,100.0,2025-01-01,4132
7493,210.0,2023-01-30,7297
7494,100.0,2025-03-29,7402
7495,210.0,2025-03-29,10428
7496,155.0,2024-01-16,2808
7497,210.0,2025-06-11,4491
7498,155.0,2026-03-14,10357
7499,155.0,2023-05-04,5264
7500,210.0,2023-10-14,10181
7501,155.0,2024-06-03,6953
7502,210.0,2026-01-17,2924
7503,155.0,2023-12-26,4888
7504,100.0,2023-08-03,2237
7505,155.0,2025-09-16,2156
7506,155.0,2025-06-13,4879
7507,100.0,2025-10-22,4883
7508,100.0,2023-07-21,3548
7509,210.0,2025-06-27,8139
7510,100.0,2025-11-24,7485
7511,155.0,2024-05-13,2693
7512,155.0,2025-05-29,7244
7513,100.0,2025-04-06,4419
7514,210.0,2025-11-20,3518
7515,155.0,2023-08-29,10476
7516,210.0,2023-03-01,660
7517,210.0,2025-09-24,4403
7518,210.0,2024-07-15,4597
7519,100.0,2025-02-21,7857
7520,100.0,2023-02-26,591
7521,210.0,2025-05-25,7906
7522,155.0,2023-08-15,8562
7523,210.0,2025-09-15,4104
7524,155.0,2023-06-28,68
7525,155.0,2025-03-27,10481
7526,210.0,2024-04-08,3141
7527,100.0,2024-09-25,5683
7528,210.0,2024-05-11,9343
7529,155.0,2023-06-19,3076
7530,100.0,2024-04-18,1796
7531,210.0,2023-01-29,5959
7532,210.0,2025-07-12,2534
7533,100.0,2023-08-27,8055
7534,100.0,2023-07-03,4960
7535,155.0,2023-11-16,2996
7536,155.0,2024-09-29,3209
7537,155.0,2024-03-12,2406
7538,155.0,2023-08-17,4806
7539,100.0,2025-09-01,3027
7540,100.0,2023-02-14,4405
7541,100.0,2026-03-31,5396
7542,100.0,2026-02-17,4412
7543,210.0,2025-12-15,3259
7544,155.0,2024-02-03,11
7545,155.0,2024-03-11,7689
7546,210.0,2025-09-13,1480
7547,155.0,2023-05-11,1996
7548,210.0,2025-08-31,10214
7549,100.0,2023-03-29,10643
7550,155.0,2025-01-16,5374
7551,155.0,2026-04-03,4967
7552,155.0,2024-02-10,9184
7553,155.0,2024-12-27,3704
7554,100.0,2023-07-30,2208
7555,100.0,2023-10-23,6152
7556,210.0,2025-10-08,9089
7557,155.0,2023-03-10,8143
7558,100.0,2025-09-07,5415
7559,100.0,2026-03-21,7801
7560,210.0,2024-10-22,9812
7561,210.0,2024-11-06,1403
7562,210.0,2023-08-16,6329
7563,210.0,2024-06-15,1955
7564,210.0,2024-01-17,6885
7565,155.0,2023-01-31,9898
7566,155.0,2025-06-30,5026
7567,100.0,2026-02-28,5141
7568,100.0,2023-01-12,8035
7569,210.0,2025-06-12,7158
7570,100.0,2023-09-20,1296
7571,155.0,2024-06-25,4321
7572,210.0,2024-05-21,1345
7573,210.0,2023-07-17,9704
7574,100.0,2024-09-21,4634
7575,210.0,2023-01-31,4618
7576,100.0,2024-12-06,881
7577,210.0,2025-11-09,4506
7578,155.0,2023-04-18,5886
7579,100.0,2026-03-19,1693
7580,210.0,2023-09-13,10456
7581,100.0,2025-09-05,4518
7582,210.0,2025-03-29,8096
7583,100.0,2025-06-20,6344
7584,100.0,2025-01-16,3566
7585,155.0,2025-05-22,2343
7586,155.0,2024-02-01,70
7587,100.0,2023-09-25,9826
7588,210.0,2023-03-01,7804
7589,100.0,2025-06-04,5860
7590,155.0,2024-10-18,6707
7591,155.0,2025-07-03,9226
7592,210.0,2023-06-09,6909
7593,155.0,2024-10-10,8652
7594,100.0,2024-03-13,10360
7595,155.0,2023-07-07,6209
7596,210.0,2024-12-23,7184
7597,100.0,2025-07-01,6710
7598,155.0,2024-02-01,9864
7599,100.0,2023-03-19,874
7600,155.0,2024-09-07,10180
7601,210.0,2023-12-16,6456
7602,155.0,2023-02-28,5801
7603,155.0,2026-04-05,4231
7604,155.0,2025-02-11,4656
7605,100.0,2024-03-21,4414
7606,155.0,2024-11-06,9313
7607,155.0,2025-09-03,9430
7608,210.0,2025-07-17,9680
7609,100.0,2025-12-09,6854
7610,155.0,2024-02-13,4157
7611,100.0,2025-06-09,4932
7612,100.0,2024-07-02,8857
7613,210.0,2024-03-12,8217
7614,155.0,2023-03-09,3177
7615,100.0,2025-12-21,3718
7616,210.0,2023-03-19,2586
7617,100.0,2023-07-03,6972
7618,210.0,2023-01-04,9076
7619,100.0,2025-11-25,203
7620,100.0,2025-04-16,541
7621,210.0,2024-06-04,833
7622,100.0,2023-02-15,10002
7623,210.0,2024-05-18,6370
7624,100.0,2024-08-02,2848
7625,155.0,2025-12-31,2307
7626,155.0,2025-06-28,256
7627,210.0,2025-09-30,5003
7628,155.0,2026-04-24,6137
7629,155.0,2023-07-13,9138
7630,210.0,2024-02-26,4485
7631,100.0,2025-05-31,4438
7632,210.0,2024-08-29,5817
7633,210.0,2025-04-26,7481
7634,100.0,2024-09-04,8484
7635,155.0,2024-06-11,2147
7636,210.0,2025-08-24,3097
7637,155.0,2023-03-26,6661
7638,100.0,2023-06-06,1358
7639,100.0,2025-02-02,2496
7640,155.0,2025-02-27,2336
7641,100.0,2024-05-25,3139
7642,210.0,2026-01-02,5263
7643,155.0,2023-03-03,6499
7644,155.0,2023-05-12,9141
7645,210.0,2025-11-06,8011
7646,210.0,2026-03-15,8846
7647,210.0,2024-11-10,6099
7648,155.0,2023-02-22,6368
7649,100.0,2025-11-04,7269
7650,155.0,2025-09-28,2448
7651,210.0,2023-05-02,2359
7652,210.0,2023-10-11,1610
7653,100.0,2026-01-22,10466
7654,155.0,2026-01-17,2986
7655,210.0,2023-07-11,5956
7656,155.0,2025-11-19,4233
7657,155.0,2025-01-28,5197
7658,155.0,2025-06-24,4150
7659,100.0,2023-05-05,4990
7660,155.0,2025-04-29,8696
7661,155.0,2023-06-11,1265
7662,155.0,2025-12-18,3833
7663,100.0,2025-11-04,3542
7664,100.0,2026-03-29,5158
7665,155.0,2025-05-25,2551
7666,100.0,2023-08-02,4350
7667,210.0,2023-03-29,1285
7668,155.0,2023-02-08,1698
7669,100.0,2025-05-02,3730
7670,100.0,2025-02-26,10349
7671,155.0,2025-04-23,6133
7672,100.0,2024-02-01,7389
7673,100.0,2024-08-18,10334
7674,100.0,2026-01-16,5069
7675,210.0,2024-10-07,6198
7676,210.0,2025-01-16,5063
7677,100.0,2026-01-30,10628
7678,210.0,2023-12-10,8190
7679,155.0,2023-04-21,5038
7680,210.0,2025-10-31,4663
7681,210.0,2024-05-02,6500
7682,100.0,2023-08-16,10547
7683,210.0,2023-01-26,10994
7684,100.0,2024-06-14,6076
7685,100.0,2023-09-01,10375
7686,210.0,2024-10-10,3750
7687,210.0,2023-09-27,10174
7688,100.0,2024-06-15,146
7689,100.0,2023-07-13,8076
7690,210.0,2023-08-03,2502
7691,210.0,2023-06-05,8415
7692,210.0,2024-07-27,10095
7693,100.0,2023-07-20,2813
7694,155.0,2024-03-27,9547
7695,155.0,2023-05-24,5046
7696,155.0,2023-09-18,2380
7697,155.0,2023-04-21,8054
7698,210.0,2025-12-12,470
7699,155.0,2023-02-12,9225
7700,210.0,2024-10-05,3970
7701,100.0,2025-01-03,8617
7702,155.0,2024-11-18,7909
7703,210.0,2026-01-31,7914
7704,155.0,2024-02-06,2198
7705,155.0,2025-05-04,1451
7706,155.0,2025-09-18,751
7707,155.0,2025-08-06,10085
7708,100.0,2024-11-27,3358
7709,155.0,2025-02-27,6196
7710,155.0,2023-05-17,2404
7711,210.0,2025-02-03,10490
7712,210.0,2023-01-10,919
7713,100.0,2023-01-19,9570
7714,155.0,2024-10-06,8730
7715,100.0,2025-01-19,1059
7716,210.0,2025-06-27,6292
7717,100.0,2025-07-26,7005
7718,210.0,2023-10-20,7788
7719,100.0,2024-09-15,1400
7720,155.0,2024-10-19,6447
7721,155.0,2024-02-08,7676
7722,210.0,2024-06-10,8876
7723,210.0,2024-05-03,762
7724,210.0,2025-07-09,6261
7725,100.0,2026-03-21,10892
7726,210.0,2024-02-05,9975
7727,210.0,2023-07-30,10923
7728,155.0,2025-08-03,8170
7729,210.0,2024-04-13,1481
7730,155.0,2025-06-16,2356
7731,210.0,2025-03-16,6179
7732,100.0,2023-10-12,8614
7733,100.0,2025-04-18,6670
7734,210.0,2024-07-14,1426
7735,210.0,2025-06-12,10402
7736,155.0,2023-02-13,2978
7737,100.0,2025-06-27,10115
7738,155.0,2023-01-23,4727
7739,100.0,2024-06-06,1062
7740,155.0,2023-01-19,5649
7741,210.0,2024-02-01,7175
7742,100.0,2025-07-21,1856
7743,155.0,2023-09-26,4327
7744,100.0,2025-04-10,1147
7745,210.0,2024-03-11,3081
7746,100.0,2023-08-08,3451
7747,155.0,2024-01-22,2135
7748,210.0,2023-08-24,9466
7749,100.0,2023-02-27,359
7750,210.0,2025-11-24,1329
7751,210.0,2023-07-03,2546
7752,210.0,2024-05-31,152
7753,210.0,2025-01-23,10658
7754,155.0,2024-09-10,8640
7755,155.0,2023-08-14,2410
7756,210.0,2023-11-17,1428
7757,155.0,2023-01-15,3162
7758,100.0,2025-06-11,3738
7759,100.0,2023-10-12,8815
7760,100.0,2025-12-26,7758
7761,100.0,2024-10-25,7072
7762,210.0,2025-07-21,4252
7763,210.0,2025-03-29,2974
7764,155.0,2023-04-25,3482
7765,210.0,2026-03-15,10630
7766,155.0,2023-12-11,5478
7767,210.0,2024-01-19,5912
7768,100.0,2025-10-10,2381
7769,210.0,2025-02-18,8620
7770,210.0,2025-06-11,10570
7771,210.0,2023-02-21,3873
7772,100.0,2023-08-09,432
7773,210.0,2024-03-24,1077
7774,155.0,2023-08-15,10844
7775,155.0,2024-11-12,9625
7776,210.0,2023-11-17,7358
7777,155.0,2024-05-17,9666
7778,210.0,2024-06-10,3747
7779,155.0,2025-01-14,8478
7780,210.0,2023-10-11,6262
7781,100.0,2025-10-07,3525
7782,155.0,2025-09-03,6142
7783,100.0,2023-09-23,9798
7784,210.0,2023-12-03,4089
7785,210.0,2023-07-28,9786
7786,100.0,2026-02-07,6431
7787,100.0,2025-09-26,4136
7788,100.0,2023-02-27,528
7789,210.0,2026-03-20,8637
7790,100.0,2024-09-08,7271
7791,210.0,2024-11-26,4240
7792,155.0,2023-10-11,5140
7793,100.0,2025-10-02,4585
7794,100.0,2026-02-07,3595
7795,100.0,2024-10-28,5678
7796,210.0,2024-12-27,409
7797,210.0,2024-10-20,9977
7798,100.0,2024-07-31,8205
7799,210.0,2024-08-22,10226
7800,155.0,2025-06-05,8157
7801,155.0,2026-02-16,3495
7802,210.0,2026-04-24,5855
7803,100.0,2025-04-30,1819
7804,210.0,2024-03-11,10818
7805,100.0,2024-10-21,1545
7806,210.0,2025-11-15,1586
7807,100.0,2023-05-16,1991
7808,210.0,2025-01-10,9176
7809,100.0,2025-10-18,8363
7810,155.0,2025-08-15,5696
7811,210.0,2023-07-17,4801
7812,155.0,2023-08-25,433
7813,155.0,2023-02-12,9662
7814,100.0,2024-10-23,3769
7815,100.0,2025-03-18,8252
7816,155.0,2024-02-04,9328
7817,155.0,2024-04-24,6927
7818,100.0,2024-08-06,8879
7819,210.0,2023-03-20,5447
7820,155.0,2023-12-29,9524
7821,155.0,2025-02-17,3236
7822,210.0,2024-11-06,9859
7823,155.0,2024-02-24,2020
7824,155.0,2023-06-28,2598
7825,210.0,2025-11-16,8115
7826,100.0,2026-02-06,3128
7827,210.0,2025-02-02,6020
7828,155.0,2023-12-11,6693
7829,100.0,2026-03-08,6380
7830,155.0,2024-01-13,4014
7831,100.0,2025-06-13,6518
7832,155.0,2023-09-13,6762
7833,155.0,2023-10-30,6409
7834,210.0,2025-06-14,1342
7835,210.0,2025-04-23,3137
7836,210.0,2024-10-20,7750
7837,155.0,2024-11-30,1736
7838,155.0,2024-08-07,6858
7839,100.0,2024-12-21,7428
7840,100.0,2023-11-07,10192
7841,210.0,2025-07-24,3928
7842,155.0,2025-06-02,5096
7843,210.0,2023-01-12,6210
7844,100.0,2023-09-21,4952
7845,155.0,2026-04-26,9761
7846,210.0,2024-09-14,8336
7847,155.0,2024-02-28,4253
7848,100.0,2025-04-21,7926
7849,210.0,2023-03-30,9003
7850,210.0,2024-02-09,9068
7851,210.0,2024-03-02,8131
7852,210.0,2023-04-02,384
7853,210.0,2024-07-14,1013
7854,100.0,2025-11-06,2711
7855,100.0,2024-03-22,3252
7856,210.0,2024-10-10,559
7857,100.0,2025-09-30,1039
7858,100.0,2024-10-17,5250
7859,210.0,2023-04-11,2535
7860,100.0,2023-05-25,1957
7861,210.0,2024-08-11,7190
7862,100.0,2024-02-04,3344
7863,100.0,2024-08-13,9966
7864,210.0,2023-05-20,6643
7865,155.0,2025-06-23,1108
7866,210.0,2023-03-11,3079
7867,100.0,2025-11-24,9368
7868,100.0,2023-08-22,7234
7869,210.0,2024-08-06,4111
7870,210.0,2023-04-03,8392
7871,155.0,2024-08-10,7320
7872,210.0,2024-05-09,6964
7873,100.0,2023-01-18,3234
7874,155.0,2023-10-25,5345
7875,155.0,2026-02-01,2583
7876,155.0,2023-04-16,9564
7877,100.0,2024-08-26,10381
7878,210.0,2025-02-18,4603
7879,155.0,2024-12-11,2997
7880,210.0,2026-03-31,9234
7881,210.0,2025-02-11,8001
7882,100.0,2024-01-18,6682
7883,210.0,2025-02-18,7228
7884,210.0,2023-06-11,10641
7885,155.0,2024-12-20,1504
7886,100.0,2024-07-11,4448
7887,210.0,2025-05-05,6138
7888,155.0,2024-01-04,2079
7889,155.0,2025-04-20,8036
7890,155.0,2025-01-05,1798
7891,155.0,2025-10-11,3043
7892,210.0,2024-05-18,1209
7893,210.0,2023-01-18,9255
7894,210.0,2025-01-19,9865
7895,210.0,2025-03-22,1324
7896,210.0,2024-07-14,8578
7897,210.0,2023-03-18,3861
7898,210.0,2026-03-23,2925
7899,155.0,2023-10-07,6116
7900,210.0,2025-02-19,3819
7901,155.0,2025-06-27,10595
7902,100.0,2024-10-25,9402
7903,210.0,2023-07-25,2417
7904,155.0,2023-03-13,5556
7905,155.0,2025-03-09,466
7906,210.0,2024-05-18,7563
7907,210.0,2024-01-22,746
7908,100.0,2024-08-20,2344
7909,210.0,2026-03-04,8413
7910,155.0,2024-07-26,1181
7911,100.0,2024-04-02,1908
7912,210.0,2023-11-06,3243
7913,100.0,2023-03-05,5919
7914,155.0,2024-11-18,8889
7915,155.0,2025-02-04,6940
7916,155.0,2023-10-22,4607
7917,155.0,2024-07-24,7521
7918,155.0,2025-07-01,7964
7919,210.0,2024-03-21,214
7920,210.0,2025-03-15,834
7921,100.0,2023-03-01,5799
7922,210.0,2025-06-22,3055
7923,100.0,2024-01-19,5531
7924,155.0,2024-10-28,5995
7925,210.0,2024-07-23,10137
7926,210.0,2024-07-18,10949
7927,155.0,2023-12-17,4234
7928,210.0,2023-10-04,6575
7929,155.0,2023-08-08,3467
7930,210.0,2023-08-17,872
7931,100.0,2025-11-06,5147
7932,155.0,2026-03-05,2363
7933,155.0,2023-12-29,2811
7934,210.0,2026-02-17,3786
7935,210.0,2025-07-29,5989
7936,100.0,2026-04-14,4439
7937,210.0,2025-02-10,5272
7938,155.0,2024-02-28,3590
7939,100.0,2024-07-16,3425
7940,100.0,2025-04-15,6258
7941,210.0,2024-09-20,5929
7942,155.0,2023-08-08,3849
7943,155.0,2025-01-05,4590
7944,100.0,2025-12-30,151
7945,210.0,2025-12-09,5239
7946,100.0,2026-01-09,4772
7947,100.0,2023-10-17,10999
7948,210.0,2024-04-18,5130
7949,100.0,2025-04-25,8791
7950,155.0,2023-12-12,3056
7951,155.0,2024-12-07,518
7952,100.0,2025-12-11,7719
7953,100.0,2023-06-04,3605
7954,155.0,2025-03-24,4868
7955,100.0,2025-11-25,3167
7956,155.0,2023-04-20,1851
7957,100.0,2024-08-26,8488
7958,155.0,2026-04-24,6122
7959,155.0,2023-10-15,2234
7960,155.0,2024-02-22,6970
7961,210.0,2023-07-03,2800
7962,210.0,2025-04-26,485
7963,155.0,2024-04-01,9192
7964,210.0,2024-01-18,7824
7965,210.0,2023-04-10,3144
7966,100.0,2025-08-04,7864
7967,100.0,2025-07-14,7649
7968,155.0,2023-01-17,10914
7969,155.0,2026-01-21,1241
7970,100.0,2025-02-21,575
7971,210.0,2023-08-22,839
7972,100.0,2024-06-08,6312
7973,100.0,2025-05-25,848
7974,210.0,2023-07-24,9353
7975,100.0,2024-07-31,5991
7976,210.0,2024-09-01,8536
7977,100.0,2026-03-12,5511
7978,155.0,2025-11-30,8755
7979,155.0,2023-03-26,10126
7980,155.0,2023-05-04,10703
7981,210.0,2023-02-02,1633
7982,100.0,2024-06-17,10834
7983,210.0,2023-07-12,3001
7984,100.0,2024-01-05,9367
7985,100.0,2025-06-26,2393
7986,100.0,2026-01-11,10411
7987,210.0,2024-09-02,4891
7988,155.0,2025-02-18,7672
7989,100.0,2023-05-26,4849
7990,100.0,2024-05-09,5168
7991,100.0,2025-11-03,1861
7992,100.0,2025-02-07,1787
7993,100.0,2024-11-27,3456
7994,155.0,2025-05-14,8211
7995,155.0,2023-07-26,6201
7996,155.0,2025-04-08,3322
7997,155.0,2025-08-12,5906
7998,155.0,2025-01-03,2202
7999,210.0,2025-08-19,9637
8000,155.0,2024-12-26,6402
8001,155.0,2023-01-06,9601
8002,100.0,2026-02-01,3905
8003,210.0,2025-05-31,6010
8004,210.0,2024-04-17,9647
8005,210.0,2025-05-05,9523
8006,155.0,2025-07-16,5149
8007,100.0,2024-03-07,10522
8008,210.0,2023-09-07,10446
8009,155.0,2023-10-28,2035
8010,100.0,2025-07-04,3731
8011,155.0,2023-05-26,2766
8012,155.0,2025-12-02,8344
8013,100.0,2025-07-31,8732
8014,100.0,2023-09-19,6996
8015,155.0,2024-05-22,4208
8016,100.0,2025-01-17,293
8017,155.0,2023-07-31,7944
8018,210.0,2024-11-16,4360
8019,210.0,2026-02-17,3930
8020,100.0,2025-04-28,7408
8021,155.0,2025-01-29,9522
8022,155.0,2023-03-16,8351
8023,100.0,2023-09-09,6108
8024,210.0,2025-10-06,7482
8025,210.0,2024-08-25,8476
8026,155.0,2025-05-19,8074
8027,155.0,2025-01-06,3666
8028,210.0,2024-03-28,2386
8029,210.0,2025-08-25,4716
8030,210.0,2023-01-26,10191
8031,100.0,2023-03-09,8376
8032,100.0,2025-01-24,4235
8033,210.0,2026-02-01,3447
8034,100.0,2025-01-31,7304
8035,210.0,2025-04-10,8502
8036,210.0,2025-07-27,6255
8037,210.0,2023-08-23,1310
8038,210.0,2026-04-24,3462
8039,100.0,2024-02-24,2191
8040,155.0,2025-03-03,3174
8041,210.0,2023-08-14,4531
8042,210.0,2024-06-23,2293
8043,210.0,2024-07-24,5216
8044,210.0,2023-08-08,9114
8045,210.0,2024-02-15,9888
8046,210.0,2025-08-18,4872
8047,155.0,2023-12-25,4447
8048,100.0,2023-10-01,7334
8049,100.0,2026-01-10,6770
8050,155.0,2026-04-18,4791
8051,100.0,2023-04-27,7033
8052,210.0,2025-01-15,7134
8053,155.0,2023-02-06,6239
8054,100.0,2024-03-10,3734
8055,210.0,2023-01-22,2847
8056,210.0,2025-02-26,2771
8057,155.0,2026-03-18,4744
8058,210.0,2024-10-10,10202
8059,100.0,2024-07-01,9277
8060,210.0,2023-05-19,4516
8061,210.0,2023-11-16,10200
8062,210.0,2024-03-04,9342
8063,155.0,2023-08-15,3646
8064,155.0,2023-08-26,9172
8065,100.0,2025-06-14,9598
8066,210.0,2023-07-07,5146
8067,100.0,2024-04-27,9121
8068,210.0,2024-03-29,9017
8069,210.0,2023-08-11,8261
8070,155.0,2024-09-09,3345
8071,210.0,2023-05-23,4834
8072,155.0,2023-01-24,6855
8073,155.0,2025-02-21,257
8074,210.0,2023-03-04,2074
8075,155.0,2025-11-13,187
8076,210.0,2024-09-15,327
8077,210.0,2024-06-30,8921
8078,100.0,2024-03-04,5215
8079,155.0,2025-11-13,3490
8080,210.0,2025-04-27,7616
8081,210.0,2024-08-23,8694
8082,155.0,2024-11-10,2852
8083,155.0,2023-07-27,72
8084,100.0,2025-09-09,6627
8085,100.0,2024-02-05,4462
8086,155.0,2023-05-11,478
8087,155.0,2023-09-22,4051
8088,155.0,2023-07-31,2896
8089,210.0,2026-04-25,10140
8090,155.0,2023-12-25,6278
8091,100.0,2024-04-27,4685
8092,210.0,2026-04-20,2520
8093,210.0,2023-10-01,6618
8094,210.0,2024-08-01,9048
8095,155.0,2024-04-22,5903
8096,210.0,2025-02-05,10976
8097,155.0,2024-05-03,8446
8098,100.0,2023-09-02,9072
8099,210.0,2024-05-23,446
8100,155.0,2025-08-01,3264
8101,210.0,2023-06-19,4497
8102,210.0,2024-09-02,4367
8103,100.0,2023-04-20,9780
8104,155.0,2026-02-26,5889
8105,100.0,2024-12-07,7713
8106,100.0,2025-12-16,4315
8107,100.0,2025-05-24,2840
8108,210.0,2023-04-11,2547
8109,155.0,2025-06-01,418
8110,210.0,2024-11-21,10776
8111,100.0,2025-10-05,2737
8112,100.0,2025-11-08,8601
8113,100.0,2023-03-30,10810
8114,155.0,2025-10-06,5781
8115,100.0,2023-04-29,2571
8116,100.0,2023-10-28,1141
8117,210.0,2025-06-01,939
8118,100.0,2023-02-01,1845
8119,155.0,2025-10-20,4933
8120,100.0,2023-06-07,8561
8121,100.0,2026-03-13,701
8122,100.0,2024-03-04,10471
8123,210.0,2026-01-02,5191
8124,100.0,2024-11-15,5957
8125,210.0,2024-02-29,914
8126,100.0,2023-08-25,4903
8127,155.0,2024-04-26,1540
8128,100.0,2024-09-11,10207
8129,210.0,2024-06-12,8458
8130,100.0,2024-11-24,9491
8131,155.0,2025-08-13,8622
8132,100.0,2025-01-30,5417
8133,155.0,2025-06-24,4995
8134,100.0,2025-11-19,10690
8135,100.0,2024-04-14,9862
8136,210.0,2023-04-18,7552
8137,155.0,2023-11-11,3461
8138,155.0,2023-06-18,4483
8139,155.0,2023-12-16,7778
8140,155.0,2025-03-01,4756
8141,155.0,2024-07-21,6433
8142,155.0,2025-12-14,3762
8143,210.0,2025-06-18,4081
8144,155.0,2024-02-02,8359
8145,155.0,2023-05-16,2426
8146,100.0,2025-05-15,4279
8147,210.0,2025-02-02,8401
8148,155.0,2024-12-11,2070
8149,210.0,2023-11-29,8031
8150,210.0,2023-06-29,3954
8151,100.0,2023-12-17,1608
8152,210.0,2025-03-14,5932
8153,100.0,2023-04-16,10727
8154,210.0,2024-03-26,933
8155,100.0,2023-01-28,4139
8156,210.0,2023-07-06,3991
8157,155.0,2024-04-15,6215
8158,100.0,2024-02-21,9980
8159,155.0,2024-10-25,10528
8160,155.0,2023-12-18,3295
8161,100.0,2023-11-24,9340
8162,100.0,2025-08-03,739
8163,210.0,2025-10-12,7216
8164,155.0,2023-02-06,5465
8165,155.0,2023-10-31,1854
8166,155.0,2025-06-30,6535
8167,100.0,2025-09-18,107
8168,210.0,2023-07-23,1377
8169,100.0,2025-03-26,7610
8170,100.0,2024-08-26,2039
8171,100.0,2024-12-28,1661
8172,100.0,2026-01-31,7530
8173,155.0,2023-06-02,4558
8174,100.0,2023-08-27,3376
8175,210.0,2023-09-02,4925
8176,155.0,2025-11-12,3368
8177,100.0,2026-02-12,3235
8178,210.0,2024-07-18,9937
8179,155.0,2023-07-12,127
8180,210.0,2025-10-11,9732
8181,155.0,2023-08-20,5489
8182,100.0,2025-04-11,8490
8183,210.0,2025-01-20,9325
8184,155.0,2024-05-07,270
8185,100.0,2024-01-13,8468
8186,210.0,2025-08-19,5033
8187,100.0,2023-05-20,7762
8188,210.0,2023-01-18,753
8189,210.0,2025-01-17,2518
8190,210.0,2025-02-11,10748
8191,100.0,2023-05-09,6271
8192,100.0,2023-07-28,8680
8193,100.0,2024-05-05,3535
8194,210.0,2025-05-01,3906
8195,100.0,2024-02-02,8599
8196,210.0,2026-01-07,6896
8197,155.0,2023-01-10,1366
8198,210.0,2026-04-07,7480
8199,210.0,2025-03-01,10780
8200,100.0,2025-08-21,1684
8201,210.0,2024-06-28,3824
8202,100.0,2026-04-24,565
8203,155.0,2023-02-06,7169
8204,100.0,2025-08-24,7838
8205,155.0,2025-09-15,2566
8206,210.0,2023-09-04,5093
8207,155.0,2024-01-16,8501
8208,210.0,2023-11-24,9199
8209,100.0,2023-12-13,738
8210,155.0,2023-07-20,9544
8211,155.0,2025-10-03,7702
8212,100.0,2023-06-14,8235
8213,100.0,2025-10-24,2831
8214,210.0,2023-09-30,7859
8215,100.0,2023-08-18,9858
8216,210.0,2025-07-19,5007
8217,155.0,2024-06-15,9853
8218,100.0,2024-05-21,1598
8219,155.0,2025-07-12,3075
8220,155.0,2024-07-05,5557
8221,100.0,2023-02-21,5450
8222,210.0,2024-02-23,6590
8223,155.0,2025-02-19,6354
8224,155.0,2025-12-29,4184
8225,210.0,2025-08-17,10891
8226,210.0,2025-09-29,1914
8227,210.0,2023-05-24,7391
8228,155.0,2024-09-28,7546
8229,155.0,2024-05-29,7509
8230,155.0,2025-03-23,6695
8231,155.0,2024-11-03,3090
8232,155.0,2023-04-04,5095
8233,155.0,2025-01-22,815
8234,155.0,2024-09-09,2299
8235,155.0,2023-08-31,3659
8236,155.0,2024-06-30,9734
8237,100.0,2024-12-03,7999
8238,100.0,2025-07-22,3498
8239,155.0,2023-05-29,451
8240,155.0,2024-08-17,2982
8241,210.0,2024-07-12,7156
8242,155.0,2023-01-19,8781
8243,155.0,2023-11-04,9481
8244,155.0,2023-06-08,10272
8245,210.0,2023-04-02,6160
8246,155.0,2024-05-16,2433
8247,100.0,2025-04-28,1079
8248,155.0,2024-07-06,9825
8249,100.0,2024-08-04,5680
8250,155.0,2023-06-20,5822
8251,100.0,2025-03-11,271
8252,210.0,2023-04-13,9142
8253,155.0,2023-01-22,8623
8254,210.0,2024-07-31,3949
8255,210.0,2024-07-18,488
8256,155.0,2023-06-20,5120
8257,210.0,2025-03-30,365
8258,100.0,2023-07-27,4034
8259,155.0,2026-01-12,4774
8260,100.0,2023-03-22,2485
8261,100.0,2023-09-14,5849
8262,100.0,2025-08-02,509
8263,100.0,2023-10-18,2232
8264,100.0,2023-06-11,8518
8265,155.0,2023-08-14,454
8266,210.0,2024-06-28,5098
8267,210.0,2024-03-10,7927
8268,100.0,2024-10-09,836
8269,210.0,2023-07-03,5975
8270,155.0,2025-04-16,2006
8271,155.0,2023-04-21,3197
8272,155.0,2026-01-08,7079
8273,155.0,2025-05-15,283
8274,210.0,2023-09-14,6705
8275,100.0,2026-02-21,2995
8276,155.0,2025-06-15,6602
8277,210.0,2026-01-11,3409
8278,210.0,2025-07-27,10449
8279,210.0,2025-07-05,1166
8280,155.0,2025-11-11,7105
8281,155.0,2024-04-17,10293
8282,155.0,2023-05-16,2887
8283,210.0,2025-02-27,4154
8284,210.0,2025-01-25,5722
8285,210.0,2023-07-17,1365
8286,155.0,2024-05-11,9829
8287,155.0,2024-10-31,10986
8288,100.0,2026-04-23,7323
8289,155.0,2026-04-03,5535
8290,155.0,2026-03-31,9227
8291,210.0,2024-03-21,5701
8292,210.0,2025-10-27,9665
8293,210.0,2025-06-26,10157
8294,210.0,2024-05-12,10495
8295,155.0,2026-01-16,10596
8296,155.0,2024-12-25,3082
8297,100.0,2025-03-27,9386
8298,155.0,2024-03-02,7894
8299,210.0,2023-06-18,791
8300,100.0,2023-12-11,2580
8301,100.0,2025-07-16,817
8302,210.0,2026-04-03,8585
8303,210.0,2023-07-23,4191
8304,155.0,2023-05-22,9029
8305,210.0,2024-06-27,4190
8306,155.0,2023-11-07,4975
8307,100.0,2024-08-28,4269
8308,210.0,2024-02-06,7448
8309,155.0,2023-07-11,9055
8310,210.0,2023-05-06,7438
8311,210.0,2024-05-17,9100
8312,100.0,2025-12-06,8428
8313,100.0,2024-05-20,10267
8314,210.0,2023-12-14,7638
8315,155.0,2024-04-28,5548
8316,210.0,2023-10-27,543
8317,100.0,2025-09-16,3110
8318,210.0,2025-08-29,9293
8319,155.0,2024-10-16,2190
8320,210.0,2023-04-04,6190
8321,100.0,2024-03-06,6797
8322,155.0,2024-07-18,10485
8323,210.0,2026-01-13,5670
8324,155.0,2023-06-15,6012
8325,210.0,2025-12-01,4429
8326,100.0,2023-10-17,4273
8327,210.0,2024-12-24,9710
8328,155.0,2025-11-24,10990
8329,210.0,2025-02-27,4283
8330,155.0,2026-01-29,2858
8331,155.0,2023-01-17,6804
8332,100.0,2025-04-08,8973
8333,155.0,2025-08-03,9146
8334,155.0,2024-03-15,9163
8335,210.0,2025-09-30,10969
8336,210.0,2024-01-30,9951
8337,210.0,2026-01-18,1944
8338,210.0,2025-03-24,7422
8339,100.0,2025-07-10,2396
8340,210.0,2024-11-21,4082
8341,100.0,2025-10-14,2341
8342,155.0,2026-02-25,5552
8343,155.0,2024-06-03,4287
8344,155.0,2026-01-16,4345
8345,210.0,2024-05-25,1064
8346,155.0,2024-11-03,2820
8347,155.0,2025-07-03,6207
8348,155.0,2023-09-20,3489
8349,100.0,2024-01-25,6749
8350,100.0,2024-05-01,10410
8351,210.0,2024-09-19,6921
8352,155.0,2024-07-05,1189
8353,155.0,2023-09-15,9185
8354,155.0,2023-05-16,10743
8355,155.0,2024-02-06,1179
8356,100.0,2023-03-02,3795
8357,155.0,2025-11-12,5550
8358,155.0,2023-06-14,1290
8359,100.0,2025-01-29,1083
8360,155.0,2025-04-04,945
8361,210.0,2023-04-29,5508
8362,210.0,2025-05-25,7020
8363,155.0,2025-02-16,6415
8364,210.0,2025-01-27,10213
8365,210.0,2025-04-01,1341
8366,100.0,2024-09-01,5789
8367,155.0,2023-09-09,7916
8368,100.0,2024-08-23,3192
8369,100.0,2025-03-20,5419
8370,210.0,2025-09-29,1780
8371,155.0,2026-02-26,9503
8372,100.0,2023-04-15,8504
8373,210.0,2024-06-14,10916
8374,100.0,2025-03-20,5251
8375,210.0,2023-05-15,2927
8376,210.0,2025-09-09,10177
8377,100.0,2025-03-21,9078
8378,155.0,2024-01-26,4942
8379,155.0,2025-10-22,6424
8380,100.0,2025-03-26,9126
8381,100.0,2024-04-10,4375
8382,155.0,2023-07-04,1477
8383,100.0,2024-08-24,6039
8384,155.0,2025-07-14,338
8385,100.0,2025-09-21,1664
8386,210.0,2023-09-09,6669
8387,155.0,2024-03-23,1045
8388,155.0,2023-10-28,1795
8389,155.0,2024-01-15,6154
8390,155.0,2026-02-08,8436
8391,100.0,2024-04-03,2657
8392,100.0,2025-02-21,315
8393,155.0,2023-03-25,2245
8394,155.0,2024-04-16,9154
8395,100.0,2024-09-11,9469
8396,210.0,2024-09-04,9272
8397,155.0,2025-04-30,2999
8398,210.0,2025-03-20,7288
8399,210.0,2026-04-01,8657
8400,155.0,2024-06-07,1246
8401,100.0,2024-01-28,1734
8402,155.0,2023-11-23,9269
8403,210.0,2024-12-07,2428
8404,155.0,2023-02-24,6355
8405,155.0,2025-06-06,3806
8406,155.0,2025-06-24,2827
8407,100.0,2024-02-13,10828
8408,155.0,2026-01-26,9998
8409,155.0,2024-12-07,7475
8410,155.0,2023-09-05,10014
8411,155.0,2024-12-12,573
8412,210.0,2025-11-28,1362
8413,210.0,2024-01-17,9216
8414,210.0,2023-05-03,8006
8415,155.0,2024-06-23,9768
8416,210.0,2023-12-12,3120
8417,100.0,2023-08-04,6890
8418,155.0,2023-10-01,8375
8419,100.0,2025-10-25,7590
8420,155.0,2025-12-18,4886
8421,100.0,2023-05-19,8855
8422,210.0,2023-11-07,229
8423,100.0,2024-02-29,4241
8424,155.0,2023-02-11,2638
8425,210.0,2024-06-08,1214
8426,155.0,2023-01-20,1759
8427,210.0,2025-03-28,5123
8428,100.0,2024-10-06,1227
8429,210.0,2025-08-25,10831
8430,155.0,2025-03-10,6653
8431,210.0,2024-11-23,2901
8432,210.0,2023-09-03,1404
8433,210.0,2024-09-16,733
8434,155.0,2025-01-07,2196
8435,210.0,2026-01-15,3211
8436,210.0,2025-10-23,5035
8437,155.0,2026-03-26,1200
8438,100.0,2024-10-28,6729
8439,210.0,2025-10-10,6810
8440,100.0,2023-12-05,1092
8441,155.0,2023-12-22,9312
8442,100.0,2025-07-09,10323
8443,155.0,2024-05-09,9756
8444,100.0,2023-05-06,3250
8445,155.0,2023-11-08,9449
8446,210.0,2025-11-09,8062
8447,155.0,2024-08-31,9436
8448,100.0,2025-07-17,10261
8449,155.0,2024-12-15,5275
8450,100.0,2023-05-05,10086
8451,210.0,2023-11-30,8661
8452,155.0,2023-12-06,5331
8453,100.0,2023-03-07,9810
8454,155.0,2023-03-15,2696
8455,100.0,2024-01-24,5380
8456,210.0,2024-10-11,4306
8457,210.0,2025-03-02,9407
8458,100.0,2024-06-19,2141
8459,100.0,2023-02-09,10575
8460,100.0,2024-06-22,8498
8461,155.0,2025-05-20,8800
8462,100.0,2025-08-02,561
8463,155.0,2023-07-21,3052
8464,100.0,2025-06-19,4961
8465,155.0,2024-03-05,5951
8466,100.0,2024-09-18,7625
8467,210.0,2024-08-27,8463
8468,155.0,2024-10-04,2694
8469,100.0,2025-12-01,5296
8470,155.0,2023-11-29,712
8471,100.0,2025-06-11,8564
8472,155.0,2023-10-11,596
8473,100.0,2023-03-16,3401
8474,210.0,2025-09-09,4881
8475,100.0,2026-01-24,3288
8476,100.0,2024-01-06,5131
8477,100.0,2025-05-22,2346
8478,155.0,2024-12-06,9267
8479,210.0,2023-05-05,3200
8480,210.0,2023-11-05,7263
8481,100.0,2024-06-01,10649
8482,155.0,2023-07-02,5934
8483,210.0,2024-12-25,4885
8484,210.0,2023-10-16,9942
8485,100.0,2025-04-17,9808
8486,100.0,2024-11-20,307
8487,100.0,2024-02-09,5481
8488,100.0,2024-08-17,3402
8489,210.0,2023-01-16,3841
8490,100.0,2024-01-01,8629
8491,155.0,2024-06-24,2645
8492,155.0,2025-10-08,3129
8493,100.0,2024-06-22,7514
8494,100.0,2023-10-06,8221
8495,100.0,2025-07-10,5369
8496,100.0,2025-10-24,6130
8497,100.0,2023-09-07,9851
8498,100.0,2023-10-01,2100
8499,210.0,2023-09-29,2023
8500,100.0,2025-02-22,2715
8501,100.0,2024-03-31,2630
8502,100.0,2024-01-22,6204
8503,100.0,2025-06-27,3645
8504,100.0,2024-06-02,10550
8505,100.0,2024-04-26,5634
8506,210.0,2024-03-16,5883
8507,100.0,2025-06-26,300
8508,155.0,2024-10-07,812
8509,155.0,2026-02-08,1510
8510,155.0,2023-12-04,465
8511,155.0,2024-08-19,5736
8512,210.0,2024-09-24,3289
8513,155.0,2024-02-15,7706
8514,155.0,2026-02-24,1868
8515,210.0,2026-03-11,5034
8516,210.0,2025-01-08,8915
8517,155.0,2026-02-08,4169
8518,155.0,2023-01-12,401
8519,100.0,2023-07-01,5475
8520,155.0,2026-03-24,3007
8521,210.0,2023-09-03,2472
8522,100.0,2025-09-29,4893
8523,100.0,2026-03-18,728
8524,210.0,2025-11-08,7417
8525,155.0,2024-04-12,6678
8526,100.0,2025-11-12,2631
8527,155.0,2025-12-15,7147
8528,210.0,2026-01-04,1419
8529,100.0,2024-09-09,8194
8530,210.0,2023-05-08,7278
8531,210.0,2023-09-11,9210
8532,155.0,2023-04-21,3920
8533,100.0,2023-11-06,968
8534,155.0,2026-03-02,9119
8535,210.0,2025-01-06,105
8536,155.0,2023-11-02,1893
8537,100.0,2025-01-23,8357
8538,210.0,2025-05-15,10032
8539,155.0,2024-01-31,9764
8540,100.0,2025-12-11,9111
8541,210.0,2024-07-17,5787
8542,210.0,2026-01-03,2138
8543,100.0,2025-01-28,9295
8544,100.0,2024-09-21,5469
8545,155.0,2024-11-15,3397
8546,155.0,2025-12-29,2124
8547,155.0,2025-10-14,4071
8548,210.0,2023-06-19,3981
8549,155.0,2024-09-11,9188
8550,155.0,2024-09-21,4003
8551,155.0,2024-12-15,3238
8552,155.0,2024-01-23,1369
8553,100.0,2025-12-25,7479
8554,155.0,2023-06-10,9002
8555,210.0,2024-04-25,9097
8556,100.0,2026-04-28,4626
8557,210.0,2025-06-10,786
8558,100.0,2023-08-18,2915
8559,155.0,2025-07-28,9917
8560,100.0,2023-04-01,6468
8561,100.0,2023-05-12,8776
8562,100.0,2024-10-09,1964
8563,100.0,2024-01-14,5378
8564,100.0,2025-11-30,7800
8565,100.0,2025-01-19,3788
8566,155.0,2023-11-11,2050
8567,100.0,2024-07-04,9581
8568,210.0,2024-05-25,3883
8569,210.0,2025-09-08,736
8570,155.0,2026-01-26,2600
8571,155.0,2026-01-28,1992
8572,100.0,2026-03-25,7815
8573,210.0,2026-01-27,2720
8574,155.0,2025-02-02,10244
8575,155.0,2024-05-14,3033
8576,210.0,2023-02-11,7879
8577,210.0,2025-05-05,5641
8578,155.0,2025-02-16,9157
8579,210.0,2023-07-19,4855
8580,155.0,2023-04-25,10497
8581,100.0,2025-09-02,4167
8582,155.0,2024-05-26,9908
8583,100.0,2023-04-03,7180
8584,100.0,2023-12-15,2240
8585,210.0,2025-08-30,3637
8586,155.0,2025-05-02,6593
8587,100.0,2024-02-01,5779
8588,210.0,2024-06-04,6489
8589,100.0,2023-03-30,7843
8590,210.0,2026-04-03,9617
8591,210.0,2023-09-13,3740
8592,155.0,2023-10-12,10080
8593,100.0,2023-04-07,3575
8594,155.0,2025-05-29,4759
8595,155.0,2023-04-26,5451
8596,100.0,2025-07-09,305
8597,100.0,2024-02-29,9198
8598,100.0,2026-02-11,3555
8599,210.0,2024-06-18,3
8600,155.0,2026-04-05,8898
8601,210.0,2023-09-27,6635
8602,100.0,2025-04-13,2132
8603,210.0,2023-07-29,2579
8604,155.0,2023-06-02,9947
8605,210.0,2024-08-06,2384
8606,155.0,2023-09-25,7688
8607,155.0,2024-04-11,4551
8608,210.0,2024-05-29,9035
8609,155.0,2024-09-22,3301
8610,210.0,2024-12-11,6659
8611,100.0,2023-09-16,2068
8612,155.0,2023-12-24,4404
8613,210.0,2024-09-26,10298
8614,210.0,2023-10-20,10526
8615,100.0,2023-07-15,156
8616,100.0,2024-11-03,7553
8617,210.0,2025-02-20,3969
8618,155.0,2025-08-08,10398
8619,100.0,2025-10-19,171
8620,100.0,2023-05-20,1880
8621,155.0,2025-08-17,4611
8622,155.0,2025-06-02,7405
8623,100.0,2023-07-29,9108
8624,100.0,2024-03-22,4168
8625,100.0,2025-01-14,7245
8626,210.0,2024-10-02,8613
8627,210.0,2023-08-15,4552
8628,210.0,2024-11-24,4568
8629,155.0,2025-07-10,4225
8630,100.0,2026-02-19,7848
8631,100.0,2025-01-08,3560
8632,210.0,2023-10-05,7493
8633,210.0,2023-09-30,4073
8634,210.0,2024-10-30,6573
8635,155.0,2023-02-25,6017
8636,155.0,2023-03-30,4110
8637,210.0,2023-11-21,6599
8638,210.0,2026-04-30,5082
8639,100.0,2024-10-21,8597
8640,100.0,2025-08-14,9717
8641,100.0,2023-06-19,4745
8642,100.0,2024-08-18,4699
8643,210.0,2024-09-18,5318
8644,210.0,2024-05-09,10573
8645,155.0,2023-10-15,7107
8646,210.0,2026-03-19,1086
8647,100.0,2025-03-29,5783
8648,155.0,2025-07-02,3064
8649,100.0,2023-09-04,340
8650,155.0,2025-04-24,1828
8651,100.0,2025-08-24,5280
8652,155.0,2025-11-02,3063
8653,100.0,2024-01-20,6054
8654,155.0,2026-03-21,2815
8655,210.0,2023-07-29,2722
8656,210.0,2026-01-03,6249
8657,210.0,2024-06-12,6842
8658,100.0,2025-02-02,1907
8659,155.0,2024-03-22,8513
8660,100.0,2025-09-06,5586
8661,155.0,2023-08-16,5416
8662,155.0,2024-02-18,1998
8663,155.0,2023-06-10,2251
8664,210.0,2026-02-04,10906
8665,210.0,2025-01-01,4468
8666,100.0,2025-02-26,10735
8667,210.0,2023-09-02,10677
8668,100.0,2023-04-20,7364
8669,100.0,2025-04-07,4741
8670,210.0,2024-03-17,8903
8671,155.0,2025-04-17,5679
8672,100.0,2025-09-29,3360
8673,100.0,2025-01-12,6989
8674,100.0,2024-08-11,2229
8675,155.0,2023-09-21,1682
8676,100.0,2023-03-19,281
8677,155.0,2025-12-19,9287
8678,155.0,2024-05-01,1564
8679,100.0,2026-04-08,493
8680,100.0,2026-04-27,7781
8681,155.0,2024-12-31,6378
8682,210.0,2025-02-27,3983
8683,100.0,2024-02-16,3661
8684,210.0,2023-08-09,406
8685,210.0,2025-10-26,6655
8686,100.0,2023-07-27,5602
8687,210.0,2025-08-28,7905
8688,155.0,2023-03-17,10941
8689,210.0,2025-03-25,7977
8690,100.0,2024-05-02,3754
8691,210.0,2025-01-18,8323
8692,100.0,2023-12-25,2706
8693,100.0,2024-06-03,10815
8694,210.0,2023-10-13,16
8695,210.0,2023-02-18,8666
8696,210.0,2024-02-01,2892
8697,100.0,2023-01-28,6248
8698,155.0,2026-04-10,4434
8699,100.0,2024-08-20,534
8700,155.0,2026-03-06,8615
8701,100.0,2023-04-24,4800
8702,210.0,2024-07-17,9801
8703,155.0,2024-10-30,4666
8704,210.0,2025-06-21,7994
8705,155.0,2023-12-20,3627
8706,210.0,2023-05-22,2287
8707,210.0,2025-02-11,5381
8708,100.0,2023-01-03,10683
8709,100.0,2023-03-02,9262
8710,210.0,2023-09-15,6615
8711,100.0,2023-07-13,2434
8712,210.0,2026-04-10,1807
8713,155.0,2025-06-27,4379
8714,210.0,2025-01-11,1824
8715,100.0,2025-07-02,3182
8716,155.0,2023-05-03,7032
8717,210.0,2025-10-07,5653
8718,100.0,2024-07-05,1753
8719,100.0,2023-08-08,10299
8720,210.0,2023-06-18,868
8721,100.0,2023-10-13,3225
8722,155.0,2024-02-28,6036
8723,155.0,2023-05-17,1269
8724,100.0,2024-03-24,2210
8725,155.0,2025-04-07,4831
8726,210.0,2025-01-30,3689
8727,100.0,2023-08-08,9676
8728,155.0,2023-12-03,9025
8729,100.0,2024-10-31,6969
8730,155.0,2025-08-17,9054
8731,210.0,2023-09-12,3353
8732,155.0,2025-02-18,6006
8733,210.0,2024-07-16,1446
8734,155.0,2025-12-10,9008
8735,100.0,2025-08-14,6188
8736,210.0,2025-06-04,4127
8737,100.0,2024-04-15,7960
8738,100.0,2024-08-11,3015
8739,210.0,2023-09-21,6220
8740,155.0,2024-11-21,10109
8741,155.0,2024-02-04,7242
8742,100.0,2024-06-29,3783
8743,210.0,2023-07-04,7833
8744,210.0,2025-05-09,5871
8745,100.0,2023-05-19,2776
8746,155.0,2026-04-11,7531
8747,155.0,2025-09-09,4510
8748,210.0,2026-01-23,3654
8749,155.0,2025-12-04,3568
8750,155.0,2023-05-08,1989
8751,155.0,2024-11-09,8171
8752,210.0,2024-08-22,3422
8753,100.0,2026-01-08,3742
8754,210.0,2023-03-28,985
8755,210.0,2025-02-21,8769
8756,100.0,2023-11-22,3865
8757,155.0,2025-05-01,10392
8758,100.0,2023-03-19,4543
8759,100.0,2025-07-17,2533
8760,210.0,2023-05-17,8037
8761,100.0,2024-09-02,4944
8762,155.0,2023-04-23,1750
8763,210.0,2025-06-15,2789
8764,210.0,2024-01-28,2709
8765,210.0,2023-12-16,4817
8766,155.0,2024-10-08,7038
8767,155.0,2024-09-27,8493
8768,100.0,2025-11-15,10912
8769,100.0,2024-04-13,1671
8770,100.0,2025-01-30,1519
8771,210.0,2024-09-12,6789
8772,155.0,2023-07-29,9166
8773,155.0,2024-11-10,6232
8774,210.0,2025-05-12,2904
8775,100.0,2023-05-16,3414
8776,155.0,2026-01-25,4633
8777,100.0,2023-01-04,10195
8778,100.0,2023-08-12,6850
8779,210.0,2023-05-16,3938
8780,100.0,2024-09-13,7343
8781,210.0,2023-05-10,6373
8782,155.0,2026-03-17,2627
8783,155.0,2023-02-13,4645
8784,100.0,2023-05-15,6331
8785,155.0,2024-01-07,5196
8786,210.0,2026-04-25,5734
8787,155.0,2026-03-09,1005
8788,100.0,2025-10-04,2775
8789,100.0,2025-08-27,366
8790,155.0,2026-04-07,10479
8791,100.0,2025-06-02,4126
8792,210.0,2025-01-04,10665
8793,155.0,2024-03-14,5725
8794,155.0,2025-03-24,10936
8795,210.0,2025-06-13,9377
8796,210.0,2023-03-28,458
8797,210.0,2026-01-07,1225
8798,100.0,2024-12-24,40
8799,155.0,2025-02-08,9106
8800,100.0,2025-10-12,136
8801,100.0,2026-01-31,6740
8802,210.0,2025-05-04,1411
8803,155.0,2024-01-29,2488
8804,155.0,2025-11-28,10930
8805,100.0,2023-09-21,7633
8806,155.0,2023-09-04,4700
8807,100.0,2023-12-18,3445
8808,155.0,2024-09-22,3267
8809,155.0,2023-12-10,6543
8810,100.0,2024-02-09,909
8811,155.0,2025-01-04,2142
8812,100.0,2024-07-04,8161
8813,210.0,2024-02-04,5940
8814,210.0,2025-08-20,9043
8815,155.0,2023-07-18,10260
8816,155.0,2023-10-29,9231
8817,210.0,2023-06-29,4408
8818,155.0,2024-06-13,1158
8819,155.0,2025-05-12,10835
8820,155.0,2025-02-18,5436
8821,100.0,2025-07-23,3757
8822,210.0,2025-05-18,4161
8823,210.0,2025-05-22,123
8824,100.0,2023-01-24,6200
8825,100.0,2025-11-11,8262
8826,210.0,2024-09-12,8590
8827,100.0,2023-10-04,6148
8828,210.0,2024-02-26,2575
8829,155.0,2024-08-28,4503
8830,155.0,2023-03-11,1081
8831,155.0,2025-10-14,4992
8832,100.0,2023-04-19,2788
8833,155.0,2023-10-04,172
8834,210.0,2023-05-27,617
8835,210.0,2025-08-30,5293
8836,155.0,2023-06-05,9651
8837,155.0,2025-07-25,3963
8838,210.0,2025-02-18,4984
8839,210.0,2024-11-18,6155
8840,210.0,2024-02-07,10653
8841,155.0,2025-08-07,3206
8842,210.0,2024-01-31,9221
8843,100.0,2024-03-28,8423
8844,210.0,2024-02-28,4836
8845,210.0,2026-03-26,975
8846,210.0,2024-03-06,1724
8847,155.0,2024-04-11,10758
8848,100.0,2025-05-08,7627
8849,100.0,2025-10-19,3514
8850,100.0,2024-06-18,8711
8851,210.0,2024-07-31,9301
8852,155.0,2025-06-11,2125
8853,155.0,2025-05-29,1197
8854,100.0,2024-02-23,1206
8855,210.0,2023-02-22,2267
8856,100.0,2025-04-27,7948
8857,155.0,2026-03-15,7412
8858,100.0,2025-11-08,9550
8859,210.0,2025-08-18,656
8860,100.0,2023-03-17,7177
8861,100.0,2025-03-06,3285
8862,100.0,2024-11-12,1929
8863,155.0,2024-08-16,10855
8864,155.0,2023-03-21,6987
8865,100.0,2024-03-27,4249
8866,100.0,2024-01-30,3355
8867,100.0,2024-03-13,4566
8868,210.0,2025-01-15,10875
8869,155.0,2025-04-06,1054
8870,155.0,2025-03-16,6030
8871,100.0,2024-02-22,1804
8872,155.0,2026-01-06,6416
8873,100.0,2024-01-01,6081
8874,210.0,2025-07-28,2345
8875,155.0,2025-03-16,7110
8876,155.0,2025-10-22,6945
8877,155.0,2024-04-29,779
8878,155.0,2025-05-03,10058
8879,210.0,2025-07-10,9852
8880,210.0,2023-10-26,7731
8881,100.0,2024-03-08,6285
8882,100.0,2025-11-11,4183
8883,210.0,2024-08-31,7483
8884,100.0,2025-02-13,5754
8885,100.0,2024-01-16,2080
8886,100.0,2024-10-08,8314
8887,210.0,2024-11-08,4563
8888,210.0,2023-08-02,8448
8889,100.0,2023-01-08,130
8890,155.0,2025-08-21,6872
8891,155.0,2024-01-20,5152
8892,210.0,2025-04-03,3699
8893,210.0,2024-01-29,1739
8894,100.0,2024-10-09,220
8895,155.0,2024-12-24,3092
8896,210.0,2025-12-31,9985
8897,155.0,2023-09-03,5538
8898,100.0,2024-11-10,408
8899,210.0,2024-04-08,3524
8900,100.0,2024-02-23,893
8901,210.0,2023-10-25,6733
8902,155.0,2023-01-07,9044
8903,100.0,2025-08-28,322
8904,100.0,2024-01-22,2264
8905,100.0,2025-02-15,7773
8906,155.0,2024-04-30,821
8907,100.0,2025-07-09,1836
8908,210.0,2024-07-21,7217
8909,210.0,2023-07-18,3630
8910,100.0,2023-10-02,1455
8911,155.0,2024-07-19,6061
8912,155.0,2024-06-13,6083
8913,100.0,2024-11-16,10257
8914,155.0,2025-04-04,8902
8915,210.0,2023-08-02,2098
8916,155.0,2023-11-25,6681
8917,210.0,2023-10-27,5462
8918,100.0,2023-03-14,7082
8919,210.0,2025-07-23,6251
8920,100.0,2025-12-07,7886
8921,100.0,2024-04-12,321
8922,155.0,2023-05-23,532
8923,210.0,2025-06-27,2324
8924,155.0,2023-08-16,5305
8925,100.0,2024-02-02,8703
8926,100.0,2025-12-04,5705
8927,100.0,2024-04-27,6552
8928,100.0,2024-12-09,2027
8929,210.0,2023-09-06,4617
8930,100.0,2026-03-16,1940
8931,210.0,2024-12-05,9899
8932,155.0,2023-03-23,6771
8933,155.0,2023-01-06,7430
8934,100.0,2024-03-01,1844
8935,155.0,2025-11-08,545
8936,100.0,2023-09-09,1703
8937,210.0,2023-04-22,1601
8938,155.0,2025-05-13,2513
8939,210.0,2025-04-12,4905
8940,100.0,2025-05-17,3169
8941,155.0,2024-03-09,5241
8942,155.0,2023-01-08,1032
8943,100.0,2024-03-14,6294
8944,210.0,2023-06-30,1722
8945,210.0,2025-01-25,1130
8946,210.0,2024-10-09,5128
8947,100.0,2026-01-11,7447
8948,155.0,2023-10-07,5031
8949,100.0,2024-01-07,5838
8950,100.0,2024-01-15,9488
8951,210.0,2026-03-01,4826
8952,210.0,2023-05-04,5375
8953,100.0,2024-04-04,6624
8954,210.0,2025-03-07,4874
8955,155.0,2024-03-05,3934
8956,155.0,2024-09-01,1049
8957,210.0,2025-02-22,3596
8958,210.0,2024-08-25,162
8959,100.0,2024-03-16,6971
8960,155.0,2024-12-18,4803
8961,100.0,2023-12-01,4153
8962,100.0,2023-01-08,1002
8963,210.0,2024-04-14,1264
8964,100.0,2023-12-04,10624
8965,155.0,2024-09-28,7089
8966,210.0,2025-09-22,4771
8967,100.0,2026-04-24,1327
8968,210.0,2023-03-25,3683
8969,210.0,2023-09-07,8605
8970,210.0,2025-12-04,10097
8971,210.0,2024-05-16,10701
8972,155.0,2024-10-25,695
8973,155.0,2025-01-03,6846
8974,155.0,2023-12-15,2342
8975,210.0,2023-02-04,5739
8976,155.0,2024-07-16,1435
8977,155.0,2026-04-27,3018
8978,100.0,2023-06-07,8251
8979,100.0,2025-05-24,6557
8980,210.0,2025-11-22,5256
8981,100.0,2025-11-18,10931
8982,100.0,2023-10-02,420
8983,155.0,2024-02-29,4059
8984,155.0,2023-06-16,1741
8985,155.0,2025-02-19,1752
8986,155.0,2023-10-26,6702
8987,100.0,2025-01-15,6744
8988,155.0,2026-03-09,5753
8989,100.0,2023-10-28,1348
8990,100.0,2023-08-21,1863
8991,210.0,2026-03-08,10794
8992,155.0,2025-03-14,5592
8993,210.0,2025-08-07,9515
8994,210.0,2023-03-11,6955
8995,210.0,2023-07-04,6636
8996,100.0,2024-08-31,9772
8997,155.0,2025-07-21,9381
8998,210.0,2024-07-14,4705
8999,210.0,2024-07-07,1040
9000,155.0,2024-12-30,3722
9001,155.0,2025-10-28,1912
9002,210.0,2024-03-10,10721
9003,155.0,2023-11-28,842
9004,210.0,2024-06-02,4519
9005,210.0,2025-10-15,8390
9006,210.0,2024-12-22,9369
9007,155.0,2025-01-31,2990
9008,155.0,2026-04-21,5857
9009,210.0,2026-03-29,4599
9010,100.0,2024-07-03,3413
9011,155.0,2023-08-03,1574
9012,100.0,2024-07-23,10439
9013,100.0,2025-06-26,3855
9014,210.0,2026-01-21,7210
9015,210.0,2023-03-24,1889
9016,100.0,2025-11-11,9051
9017,100.0,2023-07-11,3586
9018,210.0,2024-03-28,6003
9019,155.0,2023-02-05,6333
9020,155.0,2024-02-26,3104
9021,155.0,2025-05-08,6472
9022,155.0,2023-06-21,10399
9023,155.0,2025-03-05,4737
9024,100.0,2024-03-01,8016
9025,210.0,2023-01-07,1423
9026,155.0,2025-01-27,7340
9027,210.0,2025-05-27,8724
9028,100.0,2023-08-29,5519
9029,210.0,2025-06-20,4021
9030,210.0,2023-10-10,6410
9031,155.0,2024-11-02,6075
9032,210.0,2023-02-09,10745
9033,210.0,2023-03-16,1113
9034,100.0,2024-02-22,2069
9035,210.0,2025-05-27,10715
9036,100.0,2025-12-19,6906
9037,155.0,2025-08-30,10863
9038,155.0,2025-12-22,8100
9039,100.0,2025-03-24,360
9040,100.0,2023-12-06,4298
9041,210.0,2024-09-27,9031
9042,155.0,2023-12-16,4422
9043,155.0,2026-03-17,6630
9044,100.0,2026-02-04,7205
9045,210.0,2023-05-14,10160
9046,155.0,2023-10-16,7118
9047,155.0,2026-02-06,3693
9048,155.0,2023-05-27,10564
9049,100.0,2023-06-03,9728
9050,210.0,2025-01-06,10281
9051,210.0,2023-04-25,8681
9052,100.0,2023-06-16,412
9053,210.0,2025-11-04,4773
9054,155.0,2024-12-28,10840
9055,155.0,2024-02-05,1319
9056,100.0,2026-04-12,291
9057,210.0,2025-01-20,6756
9058,155.0,2023-06-22,8439
9059,155.0,2023-04-30,4544
9060,100.0,2024-05-15,3741
9061,100.0,2023-05-04,5366
9062,210.0,2023-03-10,9347
9063,100.0,2024-06-11,5262
9064,210.0,2023-01-28,4724
9065,155.0,2024-06-01,7794
9066,100.0,2023-11-29,6202
9067,155.0,2024-01-15,4265
9068,100.0,2025-07-24,3317
9069,155.0,2025-10-04,2806
9070,100.0,2025-06-08,213
9071,100.0,2023-10-04,3147
9072,100.0,2024-05-07,4810
9073,155.0,2023-01-01,1459
9074,100.0,2026-04-22,8650
9075,100.0,2025-06-15,6461
9076,100.0,2025-01-17,7811
9077,210.0,2025-10-31,6600
9078,210.0,2025-02-10,2881
9079,210.0,2025-06-08,6908
9080,100.0,2023-10-27,1293
9081,210.0,2025-12-27,2736
9082,210.0,2025-06-24,1300
9083,100.0,2025-01-28,3412
9084,155.0,2025-01-22,4054
9085,155.0,2025-06-30,7276
9086,100.0,2023-11-25,3848
9087,155.0,2023-11-23,1653
9088,210.0,2025-05-23,1720
9089,210.0,2025-05-05,9918
9090,155.0,2025-07-11,10412
9091,100.0,2025-08-25,3189
9092,155.0,2026-02-11,5165
9093,100.0,2026-01-08,8715
9094,210.0,2025-06-10,9428
9095,155.0,2025-02-03,2418
9096,100.0,2023-10-15,6845
9097,100.0,2024-11-09,5609
9098,100.0,2023-04-28,6192
9099,100.0,2025-10-27,5083
9100,100.0,2025-01-17,2622
9101,155.0,2025-11-27,4165
9102,100.0,2024-10-01,9161
9103,155.0,2023-09-03,2163
9104,155.0,2023-01-07,10804
9105,210.0,2024-09-21,5136
9106,155.0,2024-12-05,3138
9107,155.0,2025-10-28,9770
9108,100.0,2023-12-10,9905
9109,100.0,2024-03-01,7692
9110,210.0,2025-12-02,4526
9111,155.0,2026-01-25,2048
9112,210.0,2024-03-25,9410
9113,155.0,2023-02-24,4582
9114,210.0,2023-03-09,1373
9115,100.0,2024-06-29,1577
9116,155.0,2025-07-20,1386
9117,210.0,2024-06-15,4963
9118,155.0,2023-07-15,10441
9119,155.0,2024-01-09,7656
9120,100.0,2025-12-24,238
9121,100.0,2025-12-03,5000
9122,210.0,2025-03-05,8293
9123,155.0,2024-12-02,10786
9124,100.0,2026-03-08,1634
9125,100.0,2024-10-17,7732
9126,210.0,2026-04-30,4454
9127,155.0,2024-08-27,5316
9128,210.0,2024-01-11,4875
9129,155.0,2024-05-20,6451
9130,155.0,2023-10-23,2364
9131,100.0,2024-07-22,8893
9132,100.0,2025-08-22,2340
9133,100.0,2023-06-02,3100
9134,155.0,2024-02-09,10616
9135,155.0,2025-12-04,10315
9136,210.0,2024-10-19,5543
9137,100.0,2023-04-19,1182
9138,210.0,2023-11-04,242
9139,100.0,2025-04-18,7301
9140,210.0,2024-01-12,10487
9141,155.0,2024-09-25,8957
9142,155.0,2023-01-28,1312
9143,155.0,2023-12-02,4570
9144,210.0,2023-02-03,4813
9145,210.0,2023-07-13,4894
9146,155.0,2024-05-04,3859
9147,100.0,2023-10-15,6293
9148,210.0,2024-01-03,4351
9149,155.0,2025-01-25,8632
9150,155.0,2023-04-21,9514
9151,155.0,2025-09-08,3990
9152,155.0,2024-10-15,8332
9153,155.0,2023-10-26,9867
9154,155.0,2024-04-30,10966
9155,100.0,2023-12-01,3778
9156,155.0,2025-05-31,6134
9157,210.0,2023-05-15,3534
9158,155.0,2024-12-09,6886
9159,210.0,2023-11-29,3316
9160,210.0,2025-11-29,2845
9161,210.0,2024-10-28,1862
9162,210.0,2026-03-01,3997
9163,100.0,2023-05-19,4861
9164,210.0,2023-05-29,2511
9165,100.0,2024-07-21,10094
9166,155.0,2025-03-04,6296
9167,210.0,2025-07-12,1325
9168,155.0,2025-10-13,540
9169,210.0,2025-07-24,7869
9170,155.0,2026-04-25,7989
9171,210.0,2024-01-15,5392
9172,100.0,2025-10-09,10117
9173,155.0,2024-03-17,562
9174,210.0,2024-10-03,10426
9175,155.0,2026-01-20,10915
9176,210.0,2026-02-13,3604
9177,155.0,2024-05-17,8970
9178,210.0,2023-05-27,9104
9179,210.0,2026-03-16,8066
9180,210.0,2023-10-10,3379
9181,155.0,2024-01-04,6264
9182,155.0,2024-12-14,80
9183,210.0,2024-03-24,10
9184,210.0,2024-08-30,10020
9185,100.0,2025-12-15,4500
9186,155.0,2024-10-20,160
9187,155.0,2024-11-23,2803
9188,100.0,2023-09-27,1494
9189,155.0,2024-10-01,6315
9190,210.0,2025-12-01,5364
9191,155.0,2023-08-30,5070
9192,100.0,2025-12-27,9230
9193,100.0,2025-05-10,1594
9194,155.0,2025-12-28,677
9195,155.0,2026-03-23,7995
9196,210.0,2025-02-03,2564
9197,210.0,2023-01-12,5090
9198,100.0,2025-06-10,6968
9199,155.0,2025-05-10,705
9200,210.0,2024-04-02,10069
9201,155.0,2025-11-10,9974
9202,155.0,2023-08-26,9337
9203,155.0,2025-09-24,2687
9204,155.0,2024-03-21,10539
9205,210.0,2024-08-30,1105
9206,100.0,2023-10-08,3109
9207,210.0,2023-07-13,5810
9208,210.0,2024-04-24,7377
9209,210.0,2023-11-02,9919
9210,100.0,2025-03-14,3860
9211,100.0,2023-09-03,10542
9212,210.0,2024-03-12,10551
9213,100.0,2025-10-23,3808
9214,210.0,2025-11-02,998
9215,155.0,2025-09-25,1505
9216,210.0,2025-05-06,10507
9217,100.0,2025-06-06,3080
9218,210.0,2023-06-25,8645
9219,155.0,2023-05-20,6300
9220,155.0,2023-07-30,3999
9221,210.0,2024-08-26,6334
9222,100.0,2025-11-22,3384
9223,210.0,2025-07-14,7874
9224,100.0,2024-12-19,6123
9225,100.0,2024-09-23,1623
9226,210.0,2023-09-23,10512
9227,210.0,2025-04-12,3899
9228,210.0,2025-02-20,6581
9229,100.0,2024-09-11,4588
9230,155.0,2025-11-27,5827
9231,210.0,2024-05-26,9014
9232,100.0,2024-05-01,2507
9233,210.0,2023-06-12,1444
9234,100.0,2023-11-29,7194
9235,155.0,2025-01-03,6948
9236,100.0,2025-05-31,7354
9237,100.0,2025-04-20,7976
9238,100.0,2025-11-27,353
9239,100.0,2023-08-10,10378
9240,155.0,2023-02-16,9276
9241,155.0,2025-09-26,3616
9242,100.0,2025-03-20,732
9243,210.0,2023-06-13,7267
9244,210.0,2023-04-21,8366
9245,155.0,2025-06-27,5843
9246,100.0,2026-02-16,4638
9247,210.0,2023-03-08,8474
9248,155.0,2024-01-26,9275
9249,155.0,2024-04-04,8324
9250,210.0,2023-12-19,9684
9251,210.0,2025-09-08,5717
9252,210.0,2024-08-24,7523
9253,210.0,2024-08-15,5766
9254,210.0,2025-02-28,8656
9255,100.0,2024-09-16,166
9256,155.0,2025-06-01,4953
9257,155.0,2023-06-19,1204
9258,100.0,2024-04-19,4185
9259,210.0,2023-06-02,8727
9260,100.0,2026-04-19,6998
9261,100.0,2025-04-15,2954
9262,210.0,2023-02-17,6243
9263,155.0,2023-10-24,9759
9264,100.0,2025-10-25,9650
9265,155.0,2026-01-14,4416
9266,100.0,2026-03-23,8082
9267,155.0,2025-06-29,4456
9268,210.0,2024-07-23,7163
9269,100.0,2024-10-18,9159
9270,100.0,2026-04-07,3597
9271,155.0,2024-02-27,6475
9272,210.0,2023-06-18,4592
9273,100.0,2024-03-18,6672
9274,155.0,2023-09-01,3233
9275,155.0,2024-09-25,6860
9276,155.0,2024-09-01,6046
9277,155.0,2025-05-22,3650
9278,210.0,2025-05-05,9720
9279,100.0,2025-12-03,10122
9280,155.0,2025-01-28,4056
9281,100.0,2023-10-03,5125
9282,210.0,2024-02-22,6033
9283,155.0,2023-01-17,1219
9284,210.0,2024-03-08,2962
9285,155.0,2025-03-04,10839
9286,155.0,2023-03-26,7683
9287,210.0,2024-07-21,2675
9288,210.0,2024-05-20,8984
9289,100.0,2024-08-03,4495
9290,155.0,2024-07-17,6452
9291,100.0,2023-11-07,7148
9292,210.0,2026-04-17,7765
9293,155.0,2025-02-10,6515
9294,210.0,2023-06-16,1772
9295,100.0,2024-06-04,1243
9296,100.0,2024-05-23,4407
9297,100.0,2026-02-28,5180
9298,210.0,2023-02-28,3392
9299,100.0,2025-09-28,8955
9300,100.0,2024-09-26,4202
9301,155.0,2024-01-10,3121
9302,155.0,2025-05-03,1375
9303,210.0,2024-04-04,3957
9304,210.0,2024-02-04,2756
9305,210.0,2024-02-03,2339
9306,210.0,2023-07-27,6047
9307,210.0,2025-07-13,3602
9308,155.0,2023-09-15,8526
9309,210.0,2024-01-01,9302
9310,100.0,2025-06-05,3260
9311,155.0,2023-03-05,1462
9312,100.0,2023-08-16,7663
9313,100.0,2025-01-16,1573
9314,155.0,2025-04-19,9379
9315,100.0,2025-10-21,2371
9316,100.0,2024-11-17,3049
9317,155.0,2023-05-02,7637
9318,155.0,2024-05-31,8158
9319,155.0,2025-08-12,9378
9320,210.0,2023-11-06,6980
9321,155.0,2025-09-20,1770
9322,155.0,2025-05-24,9143
9323,100.0,2025-05-02,4029
9324,100.0,2023-12-13,1114
9325,210.0,2023-06-12,4578
9326,155.0,2025-11-23,4682
9327,210.0,2023-09-02,5169
9328,210.0,2023-12-14,2095
9329,155.0,2024-07-07,9134
9330,210.0,2025-12-14,10787
9331,155.0,2023-08-04,7515
9332,210.0,2025-12-07,6999
9333,210.0,2023-01-08,10819
9334,100.0,2025-07-20,8896
9335,100.0,2023-11-14,3024
9336,210.0,2025-04-21,3053
9337,155.0,2023-11-25,5645
9338,210.0,2024-08-20,5066
9339,210.0,2025-01-05,1384
9340,155.0,2023-11-03,7396
9341,210.0,2023-01-07,3417
9342,100.0,2025-01-17,2331
9343,155.0,2023-04-30,5730
9344,155.0,2025-12-22,1192
9345,155.0,2026-01-05,846
9346,100.0,2025-12-06,5604
9347,155.0,2024-07-16,5757
9348,155.0,2024-01-29,430
9349,210.0,2024-03-15,759
9350,100.0,2025-02-07,6524
9351,155.0,2025-01-21,5037
9352,155.0,2024-08-15,1056
9353,100.0,2025-01-27,2420
9354,155.0,2024-10-06,6319
9355,155.0,2025-02-03,10524
9356,155.0,2025-09-06,1778
9357,100.0,2025-07-02,2477
9358,155.0,2023-07-05,3370
9359,155.0,2023-07-07,380
9360,100.0,2024-02-27,7470
9361,210.0,2023-03-04,3175
9362,155.0,2026-01-17,2367
9363,155.0,2025-05-20,6536
9364,210.0,2024-01-04,2112
9365,100.0,2025-04-17,10212
9366,100.0,2024-05-05,5461
9367,155.0,2026-03-21,10953
9368,100.0,2024-09-02,904
9369,155.0,2024-04-16,1913
9370,210.0,2025-04-10,1180
9371,155.0,2024-05-26,10680
9372,210.0,2025-06-30,1387
9373,210.0,2024-09-05,4460
9374,155.0,2023-09-02,8975
9375,155.0,2024-08-25,2759
9376,155.0,2023-04-01,8797
9377,155.0,2024-11-23,87
9378,100.0,2023-01-27,2459
9379,210.0,2024-12-12,9256
9380,210.0,2023-02-11,372
9381,155.0,2023-05-29,627
9382,100.0,2025-02-19,7331
9383,100.0,2025-01-05,1071
9384,155.0,2025-06-05,5103
9385,210.0,2024-08-10,6394
9386,100.0,2026-03-08,5271
9387,210.0,2025-01-25,1572
9388,100.0,2024-07-15,10711
9389,155.0,2025-08-16,4187
9390,100.0,2025-06-18,7551
9391,100.0,2025-05-31,5988
9392,100.0,2024-02-12,2764
9393,155.0,2025-12-31,6094
9394,155.0,2025-03-15,3681
9395,210.0,2026-03-07,5504
9396,100.0,2023-03-02,10597
9397,210.0,2024-08-04,3281
9398,155.0,2023-05-19,6399
9399,100.0,2023-03-16,952
9400,210.0,2024-07-19,703
9401,155.0,2023-02-01,539
9402,100.0,2025-11-07,1562
9403,155.0,2024-08-15,7311
9404,210.0,2024-01-14,8479
9405,100.0,2025-09-15,8285
9406,210.0,2024-11-09,8399
9407,100.0,2025-03-22,7018
9408,155.0,2025-08-10,10578
9409,100.0,2023-07-23,7100
9410,100.0,2024-09-23,908
9411,210.0,2025-08-11,10150
9412,100.0,2024-05-29,4623
9413,155.0,2025-11-07,5967
9414,100.0,2023-10-30,9519
9415,100.0,2024-09-03,2173
9416,210.0,2024-10-14,3640
9417,155.0,2025-11-23,8172
9418,210.0,2023-07-17,1538
9419,155.0,2025-12-27,10989
9420,155.0,2025-10-19,5533
9421,100.0,2025-07-05,5100
9422,210.0,2024-09-07,563
9423,100.0,2025-08-29,2001
9424,210.0,2024-04-13,8480
9425,210.0,2023-11-02,2118
9426,100.0,2026-02-09,9741
9427,100.0,2024-12-26,3870
9428,210.0,2025-09-05,1167
9429,210.0,2024-07-22,5086
9430,210.0,2025-03-20,5476
9431,100.0,2023-09-30,10541
9432,155.0,2023-02-06,10365
9433,210.0,2024-10-09,1636
9434,155.0,2023-02-20,8248
9435,155.0,2025-10-24,8284
9436,100.0,2024-12-20,10189
9437,100.0,2025-11-19,3552
9438,155.0,2024-10-04,6507
9439,210.0,2025-05-13,6140
9440,210.0,2023-02-09,1884
9441,210.0,2025-07-25,6521
9442,155.0,2023-07-04,8600
9443,100.0,2026-01-21,9223
9444,100.0,2023-12-25,10482
9445,155.0,2025-01-17,8717
9446,100.0,2023-01-14,9683
9447,100.0,2024-02-11,3319
9448,155.0,2026-04-20,5643
9449,100.0,2023-04-27,4441
9450,155.0,2025-05-25,3257
9451,210.0,2025-04-29,4862
9452,100.0,2025-09-16,4843
9453,100.0,2024-05-31,9843
9454,155.0,2025-09-10,3816
9455,155.0,2024-02-09,8325
9456,210.0,2025-07-18,5874
9457,210.0,2025-04-29,9414
9458,155.0,2023-09-24,2823
9459,210.0,2023-05-23,4272
9460,210.0,2023-05-10,9273
9461,210.0,2023-07-05,7643
9462,100.0,2024-08-17,3500
9463,210.0,2026-04-22,7502
9464,100.0,2024-12-31,9087
9465,155.0,2025-03-02,5225
9466,100.0,2024-07-12,3634
9467,155.0,2024-08-30,8104
9468,100.0,2023-01-31,6467
9469,210.0,2024-09-02,921
9470,100.0,2025-02-12,10687
9471,100.0,2024-04-12,5516
9472,100.0,2025-07-24,8397
9473,155.0,2025-04-10,5167
9474,100.0,2023-04-16,9397
9475,210.0,2025-02-13,8719
9476,210.0,2024-02-13,9995
9477,100.0,2024-04-21,5126
9478,210.0,2024-06-21,1775
9479,210.0,2023-03-13,10175
9480,100.0,2026-02-10,6851
9481,210.0,2025-04-08,7135
9482,155.0,2023-05-29,6412
9483,100.0,2025-01-25,4871
9484,100.0,2024-05-04,7623
9485,155.0,2024-08-11,4444
9486,155.0,2023-03-01,4950
9487,155.0,2024-05-30,6995
9488,100.0,2023-05-16,6092
9489,155.0,2026-02-08,807
9490,210.0,2023-12-18,3061
9491,100.0,2024-05-28,10934
9492,155.0,2025-06-08,7668
9493,210.0,2023-04-04,675
9494,155.0,2023-11-06,10927
9495,210.0,2023-03-02,9882
9496,155.0,2023-04-28,9015
9497,155.0,2023-10-02,8265
9498,100.0,2026-03-29,8932
9499,155.0,2024-12-01,9733
9500,155.0,2026-02-25,3852
9501,210.0,2025-01-19,9591
9502,155.0,2024-12-12,7847
9503,100.0,2026-04-29,2360
9504,100.0,2024-02-25,4426
9505,155.0,2025-10-11,8445
9506,100.0,2023-02-09,9470
9507,155.0,2025-06-08,3917
9508,100.0,2025-07-23,2743
9509,210.0,2025-02-08,2075
9510,155.0,2026-02-13,3623
9511,210.0,2024-09-16,7130
9512,210.0,2025-06-08,7805
9513,155.0,2023-08-24,1898
9514,155.0,2024-05-21,9253
9515,155.0,2025-10-11,4779
9516,210.0,2024-12-01,9716
9517,155.0,2025-05-24,10254
9518,100.0,2025-12-21,4268
9519,100.0,2023-09-18,2199
9520,210.0,2023-08-19,10845
9521,155.0,2026-03-08,8985
9522,100.0,2023-10-16,8628
9523,155.0,2025-11-02,3632
9524,155.0,2024-02-22,8885
9525,155.0,2025-12-27,3127
9526,210.0,2023-03-18,9878
9527,100.0,2024-12-22,8552
9528,210.0,2026-03-28,10258
9529,100.0,2023-07-30,8556
9530,210.0,2025-12-23,10147
9531,210.0,2023-05-29,9649
9532,155.0,2025-05-19,3820
9533,100.0,2023-03-25,6952
9534,210.0,2024-12-04,1831
9535,100.0,2024-07-29,4535
9536,100.0,2025-09-05,7252
9537,210.0,2024-11-11,3964
9538,210.0,2023-02-07,3337
9539,210.0,2025-04-02,2088
9540,100.0,2024-03-23,8990
9541,155.0,2023-08-30,6488
9542,100.0,2024-05-28,6106
9543,100.0,2023-05-10,5695
9544,100.0,2024-08-24,2219
9545,100.0,2024-06-24,10837
9546,100.0,2023-12-16,1941
9547,210.0,2025-09-13,2705
9548,100.0,2025-02-26,2867
9549,155.0,2023-05-08,9596
9550,100.0,2023-03-18,2038
9551,100.0,2023-08-21,7601
9552,155.0,2024-09-29,6068
9553,100.0,2023-08-04,6928
9554,100.0,2025-10-30,9648
9555,100.0,2025-10-24,10660
9556,155.0,2025-12-04,1337
9557,155.0,2023-11-25,137
9558,210.0,2024-06-19,9952
9559,210.0,2024-05-07,8039
9560,155.0,2023-09-24,3576
9561,155.0,2023-01-15,5802
9562,210.0,2025-08-19,6015
9563,155.0,2023-05-30,9512
9564,155.0,2024-02-20,5213
9565,210.0,2026-03-23,6628
9566,100.0,2025-10-23,6785
9567,100.0,2025-09-30,7229
9568,100.0,2023-10-27,2671
9569,155.0,2024-10-08,2608
9570,100.0,2023-02-05,2220
9571,100.0,2024-03-10,9542
9572,155.0,2026-03-28,10807
9573,100.0,2023-02-25,5409
9574,100.0,2024-12-04,5084
9575,155.0,2026-03-18,2437
9576,100.0,2024-08-24,5085
9577,100.0,2023-05-03,185
9578,210.0,2026-04-10,2334
9579,155.0,2024-04-27,337
9580,155.0,2024-09-12,8164
9581,100.0,2025-02-03,447
9582,210.0,2025-11-03,1716
9583,100.0,2024-09-21,10637
9584,100.0,2024-06-21,5060
9585,155.0,2025-08-04,7594
9586,155.0,2023-04-05,4919
9587,210.0,2025-06-24,885
9588,155.0,2024-05-10,2155
9589,210.0,2023-03-12,3585
9590,100.0,2023-03-18,568
9591,155.0,2025-08-04,10121
9592,100.0,2024-05-22,651
9593,100.0,2025-10-03,4467
9594,100.0,2026-01-06,3694
9595,155.0,2026-02-21,3635
9596,155.0,2024-04-16,8272
9597,210.0,2024-05-29,3084
9598,155.0,2023-11-27,1706
9599,155.0,2025-08-08,7429
9600,100.0,2023-07-07,3625
9601,155.0,2023-03-25,10208
9602,100.0,2024-08-12,1254
9603,155.0,2025-03-31,6721
9604,210.0,2023-12-06,115
9605,210.0,2024-06-08,3545
9606,100.0,2023-10-15,298
9607,100.0,2024-01-27,3900
9608,155.0,2024-05-26,1317
9609,100.0,2023-11-01,3366
9610,100.0,2026-01-04,8859
9611,210.0,2026-04-13,4170
9612,210.0,2023-06-13,3539
9613,100.0,2025-02-03,505
9614,100.0,2025-08-31,3310
9615,210.0,2024-06-17,6958
9616,155.0,2025-12-25,8756
9617,210.0,2025-10-10,2059
9618,210.0,2024-12-08,2960
9619,155.0,2024-05-18,4195
9620,155.0,2023-08-01,10694
9621,210.0,2024-09-19,9229
9622,155.0,2023-04-17,582
9623,100.0,2025-06-14,6101
9624,210.0,2025-04-22,3547
9625,210.0,2025-06-11,7533
9626,210.0,2024-10-23,8085
9627,210.0,2025-04-10,4164
9628,210.0,2025-11-19,8394
9629,100.0,2025-11-27,5987
9630,155.0,2024-04-23,918
9631,100.0,2023-09-06,3739
9632,155.0,2025-05-23,1067
9633,155.0,2024-01-21,5834
9634,100.0,2023-02-10,10265
9635,155.0,2025-09-22,8129
9636,155.0,2026-04-12,10639
9637,155.0,2026-02-20,1202
9638,155.0,2023-12-26,7220
9639,210.0,2023-11-27,10911
9640,210.0,2026-02-24,10220
9641,210.0,2026-03-06,8579
9642,155.0,2025-08-13,8688
9643,155.0,2026-03-16,7137
9644,100.0,2025-08-08,227
9645,210.0,2023-09-26,9964
9646,100.0,2023-01-29,5647
9647,155.0,2024-12-23,4209
9648,155.0,2023-01-13,38
9649,210.0,2023-09-23,4137
9650,210.0,2025-10-04,4757
9651,155.0,2023-05-27,4564
9652,155.0,2025-01-22,10900
9653,155.0,2023-05-13,4382
9654,210.0,2023-05-07,2490
9655,210.0,2025-09-22,801
9656,155.0,2024-02-17,1665
9657,155.0,2024-01-13,4857
9658,210.0,2023-01-20,9391
9659,155.0,2025-05-23,8364
9660,100.0,2026-01-08,7605
9661,100.0,2025-07-09,1381
9662,100.0,2024-08-03,747
9663,155.0,2024-01-29,10763
9664,210.0,2024-02-25,4838
9665,210.0,2024-08-16,6882
9666,210.0,2024-03-28,10333
9667,100.0,2024-06-01,8941
9668,155.0,2024-11-19,2906
9669,210.0,2023-09-17,4074
9670,210.0,2024-03-03,4494
9671,210.0,2024-02-07,6520
9672,155.0,2024-01-20,1154
9673,210.0,2025-12-05,1111
9674,210.0,2023-02-11,10005
9675,100.0,2025-07-24,10285
9676,100.0,2023-09-28,4859
9677,210.0,2023-12-29,6503
9678,210.0,2025-04-07,1076
9679,155.0,2023-04-11,4978
9680,155.0,2023-11-15,2421
9681,100.0,2025-02-10,5748
9682,210.0,2025-05-05,10964
9683,100.0,2025-07-06,439
9684,210.0,2025-10-24,1129
9685,100.0,2024-10-16,3369
9686,155.0,2023-11-23,840
9687,155.0,2023-12-06,7359
9688,100.0,2024-07-16,822
9689,210.0,2023-08-07,1516
9690,210.0,2024-05-07,7272
9691,210.0,2025-07-01,4354
9692,155.0,2024-03-14,4473
9693,155.0,2025-10-13,8887
9694,100.0,2025-12-14,3333
9695,155.0,2025-04-11,6780
9696,100.0,2023-10-24,1629
9697,155.0,2025-08-10,1733
9698,100.0,2023-07-16,5525
9699,210.0,2024-07-12,6189
9700,100.0,2024-01-14,1981
9701,155.0,2026-02-26,10997
9702,155.0,2025-07-22,8027
9703,155.0,2023-04-19,6525
9704,155.0,2023-07-29,5238
9705,210.0,2024-05-22,6835
9706,100.0,2025-06-06,10004
9707,155.0,2026-01-10,9162
9708,100.0,2025-08-30,10182
9709,210.0,2025-09-12,4591
9710,210.0,2025-07-10,8603
9711,155.0,2023-11-29,10155
9712,210.0,2024-10-18,4764
9713,100.0,2024-09-30,10661
9714,155.0,2024-08-10,3454
9715,100.0,2025-08-08,5485
9716,210.0,2023-09-20,7386
9717,210.0,2024-03-31,10415
9718,210.0,2026-01-26,10698
9719,210.0,2023-01-29,3966
9720,210.0,2025-04-21,2461
9721,155.0,2025-12-05,5965
9722,210.0,2023-06-19,7743
9723,100.0,2026-01-23,10647
9724,155.0,2023-08-04,5282
9725,100.0,2023-12-23,10548
9726,100.0,2025-01-07,4481
9727,155.0,2025-07-26,4909
9728,155.0,2023-01-02,10699
9729,210.0,2023-01-17,8126
9730,210.0,2023-03-11,3042
9731,210.0,2024-07-31,8582
9732,155.0,2023-09-12,2373
9733,155.0,2026-02-12,7477
9734,100.0,2023-07-29,9994
9735,155.0,2025-06-01,3565
9736,155.0,2025-06-11,9329
9737,210.0,2024-02-20,9050
9738,155.0,2024-02-09,2149
9739,100.0,2023-04-02,1512
9740,155.0,2026-01-01,9042
9741,100.0,2025-08-16,261
9742,100.0,2025-05-22,6793
9743,210.0,2023-03-02,2145
9744,100.0,2024-03-05,5018
9745,210.0,2025-07-11,4753
9746,155.0,2025-01-28,4584
9747,155.0,2024-07-08,9122
9748,210.0,2025-01-12,3020
9749,155.0,2024-11-29,2521
9750,210.0,2024-01-23,9187
9751,100.0,2024-11-28,5431
9752,210.0,2023-06-14,75
9753,100.0,2025-12-27,1098
9754,210.0,2026-01-14,1541
9755,155.0,2024-09-19,9896
9756,155.0,2026-01-05,7967
9757,210.0,2024-09-11,5021
9758,210.0,2023-01-26,10574
9759,155.0,2025-03-09,10737
9760,155.0,2025-12-13,8524
9761,210.0,2025-01-31,6446
9762,210.0,2025-09-20,9909
9763,210.0,2024-10-17,5712
9764,155.0,2025-04-15,9127
9765,155.0,2025-04-04,5520
9766,100.0,2023-08-21,9533
9767,155.0,2024-08-29,7812
9768,100.0,2024-05-03,5122
9769,210.0,2025-11-27,5009
9770,210.0,2023-11-17,9395
9771,155.0,2024-12-24,8678
9772,100.0,2025-07-13,4362
9773,155.0,2024-01-29,9405
9774,100.0,2026-02-01,6072
9775,155.0,2023-06-19,7880
9776,155.0,2024-01-22,2868
9777,155.0,2023-06-05,10127
9778,210.0,2025-06-21,1652
9779,210.0,2026-01-01,2037
9780,155.0,2024-09-01,10612
9781,100.0,2024-08-25,5048
9782,155.0,2025-01-12,8594
9783,210.0,2024-04-24,7441
9784,100.0,2023-02-08,2318
9785,210.0,2023-01-19,6932
9786,100.0,2025-09-26,2436
9787,100.0,2024-03-30,4121
9788,100.0,2023-12-19,9940
9789,155.0,2023-12-19,10675
9790,210.0,2023-05-18,6427
9791,100.0,2024-08-11,100
9792,210.0,2024-05-24,1340
9793,210.0,2025-09-29,4657
9794,100.0,2025-11-09,10305
9795,210.0,2024-04-24,9064
9796,210.0,2026-01-13,644
9797,155.0,2023-11-13,8734
9798,155.0,2024-08-13,2762
9799,100.0,2024-11-13,2348
9800,100.0,2025-01-01,8872
9801,210.0,2023-04-29,8296
9802,100.0,2024-03-24,10605
9803,155.0,2025-04-09,3296
9804,100.0,2023-05-10,4677
9805,100.0,2023-07-28,6019
9806,100.0,2024-08-22,4203
9807,210.0,2023-06-13,5428
9808,210.0,2023-12-07,978
9809,155.0,2023-11-20,10670
9810,210.0,2024-09-05,3858
9811,210.0,2023-04-27,5137
9812,155.0,2024-05-16,9435
9813,210.0,2025-02-18,1946
9814,100.0,2023-05-13,2922
9815,155.0,2025-02-09,10741
9816,155.0,2024-05-12,871
9817,100.0,2024-12-10,10588
9818,100.0,2024-03-30,9420
9819,155.0,2023-10-22,7
9820,100.0,2023-08-24,3054
9821,100.0,2025-11-16,6244
9822,100.0,2024-10-24,1916
9823,155.0,2023-12-24,1552
9824,210.0,2024-03-25,2136
9825,210.0,2025-09-22,10523
9826,155.0,2025-01-06,5347
9827,155.0,2023-06-20,379
9828,100.0,2026-01-14,5326
9829,155.0,2024-11-08,7150
9830,155.0,2023-03-01,5651
9831,155.0,2026-01-21,8204
9832,155.0,2026-01-04,10921
9833,100.0,2024-04-01,1364
9834,100.0,2023-10-30,9656
9835,100.0,2025-01-28,3554
9836,155.0,2025-09-27,9936
9837,100.0,2024-09-21,6591
9838,210.0,2026-03-29,7975
9839,155.0,2023-06-11,2243
9840,210.0,2024-11-13,7710
9841,100.0,2025-07-06,5019
9842,100.0,2024-12-05,9586
9843,155.0,2025-11-14,8511
9844,155.0,2024-02-20,3779
9845,155.0,2025-06-27,7658
9846,155.0,2023-10-08,9454
9847,100.0,2024-04-14,7370
9848,100.0,2026-02-23,8946
9849,210.0,2023-04-09,6347
9850,100.0,2023-09-17,5269
9851,155.0,2023-09-24,5868
9852,210.0,2023-05-23,6217
9853,210.0,2024-01-11,76
9854,210.0,2025-02-12,8883
9855,100.0,2023-06-07,1837
9856,210.0,2023-02-28,4692
9857,210.0,2025-03-31,1902
9858,100.0,2024-03-12,1555
9859,155.0,2025-06-19,6620
9860,155.0,2024-11-30,4828
9861,210.0,2023-10-11,5285
9862,210.0,2023-05-27,8909
9863,210.0,2025-08-31,4140
9864,100.0,2023-07-30,3227
9865,100.0,2023-08-30,3676
9866,100.0,2023-02-25,1234
9867,155.0,2024-12-02,5139
9868,210.0,2025-10-16,9576
9869,155.0,2023-06-29,1637
9870,155.0,2025-03-11,113
9871,210.0,2024-11-27,9589
9872,155.0,2025-02-12,4789
9873,155.0,2023-01-29,1014
9874,210.0,2026-03-30,2917
9875,155.0,2024-12-03,9562
9876,210.0,2026-04-25,9213
9877,155.0,2025-01-01,4001
9878,210.0,2025-04-18,5554
9879,155.0,2026-04-07,6680
9880,155.0,2024-11-18,10342
9881,100.0,2023-08-02,2582
9882,100.0,2023-05-06,7525
9883,100.0,2024-02-07,4924
9884,100.0,2025-11-30,5523
9885,155.0,2024-10-29,10397
9886,210.0,2023-07-21,1848
9887,155.0,2026-02-10,10434
9888,210.0,2024-12-03,2757
9889,155.0,2023-05-07,294
9890,100.0,2023-05-18,10447
9891,210.0,2024-10-16,375
9892,210.0,2023-08-05,3756
9893,210.0,2026-04-27,3329
9894,100.0,2023-07-29,2058
9895,210.0,2023-07-18,8685
9896,100.0,2024-09-23,3607
9897,100.0,2025-12-11,9705
9898,210.0,2023-10-19,2782
9899,210.0,2025-12-11,3622
9900,100.0,2026-03-12,7506
9901,210.0,2026-04-23,5603
9902,210.0,2025-04-11,2494
9903,100.0,2024-03-23,6073
9904,100.0,2025-06-16,10889
9905,155.0,2025-06-03,5993
9906,100.0,2025-08-31,5581
9907,155.0,2024-03-12,3410
9908,100.0,2024-11-18,7741
9909,100.0,2024-08-25,2295
9910,155.0,2024-05-12,2042
9911,155.0,2024-10-02,8267
9912,210.0,2026-03-17,1587
9913,100.0,2025-06-12,6934
9914,100.0,2023-03-17,4536
9915,210.0,2024-02-17,4637
9916,210.0,2026-04-04,312
9917,100.0,2023-11-22,1186
9918,100.0,2023-02-04,4061
9919,155.0,2026-01-25,896
9920,155.0,2023-01-18,7372
9921,155.0,2024-01-23,6366
9922,100.0,2024-03-28,8575
9923,155.0,2024-08-18,7884
9924,155.0,2024-04-21,1513
9925,100.0,2025-09-11,8163
9926,155.0,2025-07-22,883
9927,155.0,2024-01-15,2416
9928,210.0,2024-01-09,8305
9929,100.0,2023-09-21,2159
9930,210.0,2023-11-18,9061
9931,155.0,2023-12-02,243
9932,100.0,2024-12-23,5742
9933,100.0,2025-06-25,9411
9934,155.0,2023-12-31,6904
9935,210.0,2025-12-18,8959
9936,100.0,2023-05-22,7371
9937,210.0,2024-11-12,3709
9938,155.0,2025-11-09,8253
9939,155.0,2023-09-25,697
9940,155.0,2023-10-17,7488
9941,100.0,2024-06-22,864
9942,100.0,2023-02-13,6149
9943,100.0,2023-11-28,774
9944,100.0,2026-03-26,8335
9945,100.0,2023-01-02,4541
9946,100.0,2023-04-21,7017
9947,210.0,2026-01-02,9366
9948,155.0,2024-11-19,2474
9949,155.0,2024-05-30,9151
9950,155.0,2024-05-26,7725
9951,210.0,2024-11-21,887
9952,155.0,2024-01-31,3618
9953,155.0,2024-08-09,1007
9954,155.0,2024-12-16,4794
9955,210.0,2024-09-02,10626
9956,155.0,2023-06-10,3892
9957,155.0,2025-04-03,5804
9958,210.0,2025-06-14,10046
9959,100.0,2024-03-06,5540
9960,100.0,2023-10-28,902
9961,100.0,2024-01-15,6782
9962,155.0,2024-10-03,6976
9963,210.0,2023-08-20,10433
9964,155.0,2025-07-08,10130
9965,210.0,2024-06-05,4264
9966,210.0,2024-01-17,1597
9967,210.0,2025-09-30,188
9968,100.0,2026-01-13,8059
9969,210.0,2025-06-17,3465
9970,210.0,2024-12-09,231
9971,210.0,2023-06-27,2950
9972,100.0,2024-01-02,2297
9973,210.0,2024-01-04,4020
9974,210.0,2025-11-02,3564
9975,100.0,2024-10-30,6614
9976,100.0,2026-04-14,2429
9977,210.0,2025-04-25,5227
9978,155.0,2023-06-20,9973
9979,100.0,2024-04-18,5078
9980,100.0,2023-10-21,5691
9981,210.0,2023-11-30,6905
9982,100.0,2024-07-22,989
9983,100.0,2023-12-22,3478
9984,210.0,2025-10-24,9417
9985,210.0,2025-08-13,4976
9986,155.0,2024-05-28,7891
9987,155.0,2023-10-26,8277
9988,210.0,2024-04-27,88
9989,100.0,2025-12-11,10346
9990,155.0,2024-12-20,4475
9991,155.0,2025-11-10,2795
9992,100.0,2025-08-16,6326
9993,100.0,2025-02-07,5124
9994,100.0,2025-01-17,8422
9995,210.0,2023-04-25,10057
9996,210.0,2023-01-29,10311
9997,210.0,2024-12-09,4620
9998,100.0,2023-05-26,805
9999,155.0,2025-08-02,8075
10000,100.0,2025-05-04,4892
10001,155.0,2024-11-05,1009
10002,210.0,2024-08-17,770
10003,100.0,2024-01-05,494
10004,210.0,2024-02-04,4999
10005,210.0,2023-12-10,4511
10006,100.0,2025-06-24,1681
10007,210.0,2025-08-14,1539
10008,210.0,2023-03-31,7028
10009,100.0,2025-04-21,7929
10010,155.0,2025-12-08,8191
10011,210.0,2024-09-11,6755
10012,100.0,2025-06-21,5368
10013,155.0,2024-04-30,10104
10014,210.0,2023-01-09,416
10015,210.0,2025-06-30,3971
10016,155.0,2023-06-03,8168
10017,155.0,2025-02-07,6514
10018,210.0,2024-01-17,6480
10019,155.0,2025-07-12,8987
10020,210.0,2023-02-23,349
10021,210.0,2023-09-03,10956
10022,100.0,2025-04-20,5119
10023,210.0,2023-03-28,1498
10024,210.0,2024-05-13,9202
10025,155.0,2023-04-25,2
10026,210.0,2024-07-05,598
10027,100.0,2026-04-29,6357
10028,100.0,2023-01-07,8317
10029,100.0,2026-01-25,2216
10030,210.0,2024-10-31,1632
10031,100.0,2024-02-05,2930
10032,155.0,2025-07-04,503
10033,210.0,2024-02-20,4224
10034,155.0,2026-03-11,825
10035,100.0,2025-12-10,7064
10036,210.0,2023-09-23,6057
10037,210.0,2023-10-12,7027
10038,155.0,2024-11-30,2701
10039,100.0,2025-07-30,3057
10040,155.0,2024-09-16,8150
10041,100.0,2023-04-22,2056
10042,210.0,2024-10-06,3356
10043,210.0,2023-12-03,929
10044,210.0,2023-02-17,1070
10045,210.0,2025-06-10,6539
10046,100.0,2024-07-11,5430
10047,210.0,2023-06-17,8672
10048,100.0,2026-03-21,9398
10049,155.0,2023-03-21,1028
10050,155.0,2024-05-07,71
10051,210.0,2025-09-13,8174
10052,100.0,2025-05-30,2270
10053,210.0,2023-03-15,5051
10054,100.0,2023-04-17,11000
10055,100.0,2025-06-22,10577
10056,100.0,2024-03-13,1368
10057,155.0,2024-07-24,9156
10058,100.0,2023-02-07,8523
10059,210.0,2024-07-12,7589
10060,155.0,2024-03-22,4218
10061,155.0,2023-12-15,3771
10062,210.0,2023-08-03,709
10063,100.0,2026-01-29,5150
10064,210.0,2025-06-09,1199
10065,100.0,2024-02-28,6245
10066,100.0,2026-04-10,928
10067,210.0,2024-06-14,4675
10068,210.0,2026-02-20,8032
10069,210.0,2023-10-29,9931
10070,155.0,2024-02-08,9259
10071,100.0,2025-05-10,10318
10072,210.0,2024-06-08,8742
10073,155.0,2023-07-18,4765
10074,210.0,2024-12-08,10849
10075,155.0,2024-01-29,10391
10076,155.0,2024-12-07,1103
10077,100.0,2024-12-15,6338
10078,155.0,2023-06-28,8268
10079,100.0,2025-08-13,5681
10080,155.0,2025-11-07,1749
10081,100.0,2024-05-09,1060
10082,155.0,2025-12-14,8087
10083,100.0,2024-01-11,3845
10084,210.0,2025-02-04,10283
10085,155.0,2023-04-28,10793
10086,210.0,2023-04-14,10286
10087,100.0,2023-06-15,9563
10088,210.0,2024-11-28,2094
10089,155.0,2024-03-10,5931
10090,210.0,2023-08-01,6042
10091,210.0,2023-06-19,3185
10092,210.0,2025-08-04,3433
10093,210.0,2023-07-14,7224
10094,100.0,2023-02-04,7632
10095,210.0,2024-01-10,5800
10096,210.0,2024-04-25,4210
10097,155.0,2024-03-27,2614
10098,155.0,2023-09-05,1429
10099,100.0,2023-09-02,10348
10100,155.0,2024-11-17,3029
10101,100.0,2026-02-06,1521
10102,100.0,2025-03-20,653
10103,210.0,2023-05-02,578
10104,210.0,2023-05-03,1212
10105,100.0,2026-02-23,10830
10106,100.0,2026-01-10,3146
10107,100.0,2023-05-09,7453
10108,100.0,2026-04-24,8725
10109,155.0,2025-11-01,10100
10110,210.0,2025-02-27,1159
10111,210.0,2024-05-17,79
10112,210.0,2025-02-13,5453
10113,100.0,2026-04-18,2206
10114,155.0,2023-12-16,330
10115,100.0,2025-10-04,5562
10116,155.0,2025-01-12,10945
10117,210.0,2025-05-06,6225
10118,155.0,2026-04-01,3191
10119,155.0,2024-12-24,10773
10120,100.0,2024-06-04,814
10121,155.0,2023-07-12,4237
10122,100.0,2024-10-16,7214
10123,100.0,2023-11-15,10908
10124,155.0,2026-02-26,3488
10125,210.0,2025-06-27,5594
10126,100.0,2026-02-09,6914
10127,100.0,2023-06-06,3391
10128,100.0,2025-10-19,2929
10129,210.0,2023-04-07,10825
10130,100.0,2025-08-07,3472
10131,100.0,2024-09-15,4819
10132,210.0,2024-03-06,6180
10133,210.0,2025-07-05,3434
10134,100.0,2025-10-03,267
10135,155.0,2024-11-06,8206
10136,210.0,2023-09-18,5547
10137,100.0,2023-02-12,5821
10138,210.0,2024-05-26,580
10139,210.0,2024-11-25,1604
10140,210.0,2026-03-10,5813
10141,100.0,2025-07-27,2438
10142,210.0,2023-05-09,7984
10143,210.0,2025-07-10,7836
10144,155.0,2025-01-19,3037
10145,155.0,2025-05-21,9900
10146,100.0,2025-03-16,10674
10147,100.0,2025-09-09,5522
10148,100.0,2025-08-17,4729
10149,100.0,2026-01-23,202
10150,155.0,2023-03-07,4457
10151,210.0,2023-08-11,5099
10152,155.0,2023-12-08,1232
10153,210.0,2025-08-25,6157
10154,210.0,2023-05-16,6363
10155,155.0,2023-04-02,9409
10156,100.0,2025-10-21,6388
10157,210.0,2025-05-05,9237
10158,100.0,2025-10-20,6759
10159,155.0,2025-05-29,10569
10160,155.0,2025-06-10,2967
10161,155.0,2025-12-10,6803
10162,155.0,2024-10-16,2315
10163,100.0,2023-12-11,2212
10164,100.0,2024-04-30,7543
10165,210.0,2026-01-10,10746
10166,155.0,2025-08-12,6102
10167,210.0,2024-03-19,4492
10168,210.0,2025-04-21,449
10169,100.0,2023-08-03,3502
10170,100.0,2024-05-24,2327
10171,155.0,2025-12-31,10408
10172,210.0,2025-01-01,9355
10173,155.0,2025-05-22,5881
10174,155.0,2024-12-14,154
10175,210.0,2025-01-08,905
10176,100.0,2024-01-16,6985
10177,155.0,2025-07-31,4910
10178,210.0,2026-04-04,279
10179,100.0,2025-01-22,7198
10180,210.0,2024-11-05,8929
10181,210.0,2025-01-19,8886
10182,155.0,2024-01-25,7116
10183,210.0,2024-02-04,4709
10184,155.0,2026-04-27,10388
10185,155.0,2024-06-29,7712
10186,100.0,2024-06-18,6884
10187,100.0,2024-12-14,2869
10188,100.0,2023-07-11,2664
10189,210.0,2023-07-27,4736
10190,155.0,2023-08-21,658
10191,210.0,2023-02-19,9298
10192,210.0,2025-06-10,131
10193,100.0,2024-08-08,3736
10194,155.0,2025-12-04,5049
10195,210.0,2023-05-14,6841
10196,100.0,2026-04-29,5496
10197,210.0,2024-07-08,6455
10198,155.0,2024-08-22,3701
10199,100.0,2026-02-06,4567
10200,155.0,2023-01-25,9351
10201,100.0,2026-04-13,3578
10202,100.0,2025-10-01,167
10203,210.0,2023-03-26,1846
10204,155.0,2025-01-14,46
10205,155.0,2023-08-09,6859
10206,100.0,2024-02-26,2951
10207,210.0,2024-01-06,2148
10208,210.0,2025-03-08,4860
10209,100.0,2026-03-20,3765
10210,100.0,2026-04-03,8777
10211,210.0,2024-02-25,9800
10212,155.0,2024-02-07,7679
10213,210.0,2024-07-29,2475
10214,155.0,2023-06-22,4122
10215,100.0,2025-06-29,10088
10216,155.0,2025-09-08,7052
10217,155.0,2023-02-24,10442
10218,155.0,2023-11-14,9385
10219,210.0,2023-07-02,3536
10220,100.0,2025-10-31,8971
10221,210.0,2025-06-20,3832
10222,210.0,2026-03-03,1864
10223,100.0,2023-12-16,9771
10224,210.0,2026-01-27,6171
10225,155.0,2024-03-25,5784
10226,210.0,2024-03-02,601
10227,210.0,2025-10-25,3782
10228,100.0,2025-10-08,7729
10229,210.0,2024-12-22,10919
10230,155.0,2025-07-06,3551
10231,155.0,2024-12-22,4895
10232,155.0,2023-11-06,251
10233,100.0,2023-05-11,3324
10234,210.0,2024-12-09,302
10235,210.0,2025-03-02,10221
10236,100.0,2024-10-17,9989
10237,155.0,2025-04-26,783
10238,210.0,2025-03-26,206
10239,210.0,2025-07-08,3643
10240,100.0,2024-02-25,7256
10241,155.0,2023-01-12,10525
10242,155.0,2025-08-08,4044
10243,210.0,2026-01-23,5566
10244,155.0,2026-04-19,4388
10245,155.0,2025-07-03,9641
10246,210.0,2024-06-26,7225
10247,210.0,2023-10-09,10247
10248,100.0,2024-07-15,1401
10249,155.0,2024-11-29,4389
10250,100.0,2026-01-11,1101
10251,210.0,2024-12-21,2353
10252,155.0,2024-01-02,10762
10253,210.0,2024-06-17,10421
10254,155.0,2023-07-18,4923
10255,100.0,2024-10-12,533
10256,155.0,2023-05-28,6364
10257,155.0,2024-10-15,169
10258,210.0,2024-12-16,10684
10259,210.0,2025-10-09,7200
10260,210.0,2023-05-24,8318
10261,155.0,2023-01-22,10417
10262,210.0,2023-07-28,741
10263,155.0,2024-09-23,2349
10264,155.0,2024-04-26,4459
10265,100.0,2025-01-20,6547
10266,100.0,2023-04-16,7504
10267,155.0,2025-02-22,10110
10268,155.0,2024-01-04,2226
10269,210.0,2024-09-21,7571
10270,155.0,2025-06-20,7455
10271,155.0,2024-01-09,7554
10272,100.0,2025-07-17,7060
10273,210.0,2025-11-03,6254
10274,100.0,2024-12-10,5463
10275,155.0,2026-04-12,6407
10276,155.0,2025-09-08,7321
10277,210.0,2023-08-24,4569
10278,155.0,2026-04-02,5627
10279,210.0,2023-02-11,1591
10280,210.0,2025-08-25,285
10281,155.0,2023-07-16,4346
10282,210.0,2025-03-02,6666
10283,155.0,2023-11-21,8804
10284,155.0,2023-06-11,2617
10285,100.0,2025-04-19,22
10286,155.0,2024-04-25,10273
10287,210.0,2026-04-26,4658
10288,210.0,2025-08-18,8260
10289,210.0,2023-08-30,9321
10290,100.0,2023-10-09,9453
10291,210.0,2025-12-27,4644
10292,210.0,2025-07-12,4601
10293,100.0,2025-06-03,8180
10294,210.0,2023-07-12,6900
10295,210.0,2026-03-26,3619
10296,210.0,2025-03-14,4754
10297,155.0,2023-02-18,1746
10298,155.0,2024-08-01,6186
10299,210.0,2025-06-21,7087
10300,210.0,2025-06-04,7606
10301,155.0,2025-12-18,4455
10302,210.0,2024-01-17,7459
10303,155.0,2025-08-04,8592
10304,210.0,2023-06-02,8668
10305,100.0,2025-07-10,2606
10306,210.0,2024-12-10,9539
10307,100.0,2023-08-09,7265
10308,210.0,2025-11-17,10148
10309,210.0,2024-07-12,5542
10310,100.0,2023-12-17,3882
10311,100.0,2025-10-06,2563
10312,100.0,2025-04-18,9731
10313,210.0,2024-06-24,5826
10314,210.0,2025-08-20,3452
10315,100.0,2026-03-05,4825
10316,155.0,2025-05-08,10672
10317,155.0,2023-04-09,6596
10318,155.0,2025-08-24,2550
10319,155.0,2023-06-28,3671
10320,100.0,2025-06-29,9944
10321,100.0,2026-03-31,9692
10322,100.0,2024-06-05,10594
10323,210.0,2023-09-16,8119
10324,155.0,2026-03-27,10880
10325,100.0,2025-06-06,10062
10326,210.0,2023-04-28,8231
10327,100.0,2025-05-11,10678
10328,100.0,2024-09-24,1763
10329,155.0,2025-07-09,263
10330,100.0,2023-01-15,3830
10331,210.0,2024-07-13,3796
10332,210.0,2025-02-10,9583
10333,100.0,2023-03-14,9280
10334,100.0,2025-07-21,9571
10335,100.0,2024-12-14,9763
10336,155.0,2025-05-20,1529
10337,155.0,2026-03-25,3062
10338,155.0,2023-09-17,4755
10339,155.0,2024-09-13,3021
10340,155.0,2024-06-24,10730
10341,210.0,2025-02-09,5811
10342,100.0,2025-01-04,10083
10343,210.0,2024-10-09,10013
10344,100.0,2026-03-10,8923
10345,100.0,2024-07-08,10984
10346,100.0,2024-07-22,6112
10347,155.0,2023-05-17,5097
10348,100.0,2024-06-16,5442
10349,210.0,2025-11-30,9861
10350,155.0,2026-02-16,1888
10351,100.0,2024-09-22,1231
10352,155.0,2024-03-27,9837
10353,210.0,2023-04-24,2087
10354,210.0,2024-09-23,3803
10355,210.0,2025-11-09,10498
10356,100.0,2023-12-16,3212
10357,100.0,2025-02-27,3087
10358,155.0,2025-01-14,10803
10359,210.0,2024-04-15,529
10360,100.0,2025-03-12,331
10361,100.0,2023-11-10,8522
10362,155.0,2024-12-13,4007
10363,100.0,2025-05-12,7726
10364,210.0,2025-07-30,6323
10365,210.0,2023-10-15,1833
10366,210.0,2023-05-10,1674
10367,210.0,2025-08-30,6805
10368,100.0,2026-03-14,7889
10369,100.0,2024-02-12,5692
10370,155.0,2025-07-30,10165
10371,100.0,2024-09-29,289
10372,210.0,2024-03-22,455
10373,155.0,2025-05-03,358
10374,210.0,2023-12-08,9545
10375,210.0,2023-01-23,1350
10376,155.0,2024-10-01,6715
10377,100.0,2023-01-01,8956
10378,210.0,2025-04-17,2797
10379,210.0,2025-02-16,2083
10380,210.0,2025-05-30,937
10381,100.0,2025-06-16,682
10382,155.0,2023-12-26,9236
10383,210.0,2025-11-29,2654
10384,210.0,2025-02-24,3382
10385,100.0,2023-08-07,4436
10386,155.0,2023-08-31,5456
10387,210.0,2026-02-09,9103
10388,210.0,2023-04-11,2043
10389,155.0,2024-09-07,6574
10390,155.0,2025-05-05,2369
10391,100.0,2023-12-05,620
10392,210.0,2025-01-25,6867
10393,100.0,2025-08-22,3331
10394,210.0,2026-01-22,10716
10395,155.0,2024-07-13,9799
10396,100.0,2025-03-02,7237
10397,210.0,2023-03-23,3180
10398,210.0,2025-08-14,1029
10399,155.0,2023-06-18,7963
10400,155.0,2025-04-13,20
10401,100.0,2023-03-02,6817
10402,155.0,2023-07-18,6791
10403,210.0,2023-10-04,4440
10404,210.0,2025-12-03,7534
10405,100.0,2025-01-03,6676
10406,100.0,2024-06-09,2610
10407,155.0,2023-09-19,5400
10408,210.0,2023-12-02,9730
10409,155.0,2026-01-17,5016
10410,210.0,2024-08-11,6419
10411,155.0,2024-04-08,8647
10412,100.0,2023-08-14,8860
10413,155.0,2025-08-19,2241
10414,155.0,2024-05-14,6291
10415,155.0,2026-03-05,3205
10416,155.0,2025-08-05,1127
10417,100.0,2025-01-20,9457
10418,210.0,2023-05-26,8187
10419,100.0,2023-05-09,4079
10420,155.0,2025-04-11,6453
10421,100.0,2023-11-02,1258
10422,210.0,2025-11-23,8068
10423,100.0,2024-05-31,3649
10424,210.0,2023-07-04,3012
10425,210.0,2023-05-24,6837
10426,100.0,2023-12-07,9460
10427,155.0,2024-10-03,9671
10428,100.0,2024-08-23,9392
10429,100.0,2024-07-02,6857
10430,155.0,2024-08-20,9872
10431,155.0,2023-01-03,8682
10432,210.0,2024-04-23,3216
10433,100.0,2024-03-07,7289
10434,210.0,2024-12-25,10239
10435,155.0,2025-12-21,8043
10436,155.0,2023-11-16,9979
10437,155.0,2024-05-27,4123
10438,155.0,2025-08-07,4929
10439,100.0,2023-06-20,551
10440,210.0,2023-04-17,5672
10441,210.0,2024-06-24,4011
10442,100.0,2024-12-29,3132
10443,155.0,2023-03-05,6466
10444,210.0,2023-10-21,8757
10445,100.0,2026-04-17,10775
10446,155.0,2023-01-09,1466
10447,210.0,2024-05-16,395
10448,100.0,2023-09-21,5893
10449,210.0,2024-01-14,5836
10450,210.0,2023-07-07,8216
10451,155.0,2024-07-11,2458
10452,155.0,2023-05-30,382
10453,210.0,2025-08-13,1767
10454,210.0,2025-08-08,1022
10455,155.0,2025-03-06,714
10456,100.0,2025-10-15,8939
10457,155.0,2025-03-18,10712
10458,100.0,2024-03-18,4324
10459,210.0,2023-09-03,6064
10460,210.0,2026-03-14,8974
10461,100.0,2025-07-13,7664
10462,210.0,2025-06-19,4372
10463,210.0,2023-09-11,318
10464,155.0,2023-12-10,4521
10465,155.0,2025-06-28,3857
10466,100.0,2025-08-03,7186
10467,210.0,2024-11-27,7687
10468,210.0,2026-02-17,2932
10469,100.0,2023-04-18,910
10470,100.0,2026-02-25,246
10471,210.0,2026-01-03,8169
10472,100.0,2023-09-14,10671
10473,155.0,2026-03-22,5273
10474,100.0,2024-10-26,2392
10475,100.0,2023-09-02,1427
10476,155.0,2025-01-27,3387
10477,100.0,2023-11-16,2323
10478,210.0,2023-01-11,9971
10479,100.0,2024-04-28,1656
10480,210.0,2023-12-10,2514
10481,210.0,2024-07-28,7671
10482,210.0,2025-08-29,2943
10483,100.0,2024-09-28,2451
10484,155.0,2026-04-20,2057
10485,210.0,2024-02-10,1102
10486,210.0,2023-05-15,4370
10487,210.0,2023-10-03,5362
10488,210.0,2025-01-01,861
10489,210.0,2024-08-31,3976
10490,155.0,2023-07-23,7715
10491,100.0,2026-04-30,2728
10492,155.0,2025-02-28,5506
10493,155.0,2025-12-17,6028
10494,155.0,2023-06-14,5108
10495,100.0,2024-05-21,4005
10496,100.0,2025-07-04,4094
10497,210.0,2025-06-15,5394
10498,210.0,2026-04-24,8477
10499,210.0,2024-06-20,1116
10500,210.0,2026-03-14,8489
