CLAVE_PART,NOM,AP_PAT,AP_MAT,INST,TIPO_PART,NACIONALIDAD,DIR
1,Martin,Mejia,Garza,IPN,E,Mexicana,Dir 826
2,Alejandro,Castillo,Rojas,IPN,P,Mexicana,Dir 675
3,Leticia,Bautista,Campos,ITZ,E,Mexicana,Dir 238
4,Carmen,Molina,Mendoza,ITZ,P,Mexicana,Dir 300
5,Javier,Aguilar,Chavez,UTEZ,E,Mexicana,Dir 802
6,Laura,Morales,Cruz,ITZ,E,Mexicana,Dir 104
7,Alejandro,Diaz,Flores,UPMOR,E,Mexicana,Dir 278
8,Victor,Ortiz,Delgado,UNAM,E,Mexicana,Dir 69
9,Roberto,Vega,Maldonado,IPN,P,Mexicana,Dir 361
10,Roberto,Ortiz,Gutierrez,IPN,E,Mexicana,Dir 423
11,Valeria,Gomez,Castillo,UNAM,E,Mexicana,Dir 2
12,Valeria,Herrera,Hernandez,IPN,E,Mexicana,Dir 847
13,Carlos,Hernandez,Cortes,UTEZ,E,Mexicana,Dir 838
14,Oscar,Ruiz,Flores,UPMOR,P,Mexicana,Dir 522
15,Javier,Paredes,Rojas,UTEZ,E,Mexicana,Dir 577
16,Raul,Vargas,Soto,UPMOR,E,Mexicana,Dir 140
17,Adriana,Mendoza,Campos,UPMOR,E,Mexicana,Dir 414
18,Lucia,Gomez,Cervantes,ITZ,P,Mexicana,Dir 746
19,Silvia,Hernandez,Hernandez,UPMOR,P,Mexicana,Dir 725
20,Margarita,Paredes,Gutierrez,ITZ,E,Mexicana,Dir 272
21,Manuel,Delgado,Munoz,UNAM,P,Mexicana,Dir 462
22,Roberto,Garcia,Paredes,ITZ,E,Mexicana,Dir 300
23,Lucia,Delgado,Martinez,IPN,P,Mexicana,Dir 395
24,Silvia,Martinez,Lara,UTEZ,P,Mexicana,Dir 259
25,Diego,Soto,Aguilar,UPMOR,E,Mexicana,Dir 303
26,Margarita,Ruiz,Sanchez,UAEM,P,Mexicana,Dir 89
27,Rafael,Martinez,Salazar,IPN,E,Mexicana,Dir 37
28,Carolina,Paredes,Gomez,UNAM,P,Mexicana,Dir 661
29,Hector,Cabrera,Cortes,UNAM,E,Mexicana,Dir 390
30,Elena,Munoz,Sanchez,IPN,P,Mexicana,Dir 689
31,Victor,Vargas,Salazar,IPN,P,Mexicana,Dir 115
32,Lucia,Rios,Guzman,UTEZ,P,Mexicana,Dir 183
33,Oscar,Morales,Ramos,UTEZ,P,Mexicana,Dir 215
34,Martin,Sanchez,Cruz,ITZ,P,Mexicana,Dir 471
35,Carmen,Lara,Cervantes,UNAM,P,Mexicana,Dir 514
36,Ruben,Vega,Cabrera,UNAM,E,Mexicana,Dir 640
37,Andrea,Reyes,Gonzalez,UAEM,E,Mexicana,Dir 281
38,Alejandro,Diaz,Paredes,IPN,E,Mexicana,Dir 815
39,Gabriela,Garcia,Cordova,UAEM,E,Mexicana,Dir 877
40,Hugo,Mendoza,Chavez,UAEM,P,Mexicana,Dir 861
41,Ricardo,Bautista,Gonzalez,UPMOR,P,Mexicana,Dir 289
42,Raul,Lopez,Romero,UTEZ,P,Mexicana,Dir 500
43,Fernando,Sanchez,Cabrera,ITZ,P,Mexicana,Dir 436
44,Fernando,Perez,Vega,UPMOR,P,Mexicana,Dir 82
45,Martha,Castillo,Navarro,UNAM,E,Mexicana,Dir 515
46,Jose,Campos,Guzman,UPMOR,E,Mexicana,Dir 743
47,Roberto,Paredes,Rodriguez,UPMOR,P,Mexicana,Dir 903
48,Victor,Rojas,Diaz,UAEM,P,Mexicana,Dir 343
49,Hector,Reyes,Paredes,ITZ,E,Mexicana,Dir 86
50,Hector,Valencia,Herrera,ITZ,E,Mexicana,Dir 256
51,Maria,Vargas,Paredes,IPN,P,Mexicana,Dir 764
52,Victor,Ortiz,Bautista,UNAM,E,Mexicana,Dir 4
53,Rafael,Flores,Silva,UPMOR,P,Mexicana,Dir 845
54,Esteban,Aguilar,Cordova,UAEM,P,Mexicana,Dir 68
55,Jose,Rodriguez,Soto,UPMOR,E,Mexicana,Dir 823
56,Luis,Diaz,Medina,UPMOR,P,Mexicana,Dir 467
57,Eduardo,Delgado,Velazquez,UAEM,E,Mexicana,Dir 636
58,Beatriz,Lara,Gonzalez,ITZ,E,Mexicana,Dir 95
59,Diego,Espinoza,Herrera,UPMOR,P,Mexicana,Dir 49
60,Arturo,Vega,Romero,ITZ,P,Mexicana,Dir 58
61,Jesus,Delgado,Ramos,ITZ,P,Mexicana,Dir 608
62,Sofia,Cabrera,Soto,UAEM,P,Mexicana,Dir 983
63,Maria,Castillo,Cabrera,UAEM,P,Mexicana,Dir 688
64,Elena,Avila,Salazar,UPMOR,E,Mexicana,Dir 526
65,Victor,Munoz,Maldonado,IPN,P,Mexicana,Dir 469
66,Carlos,Avila,Garza,UNAM,E,Mexicana,Dir 784
67,Antonio,Lopez,Mejia,UAEM,P,Mexicana,Dir 695
68,Andrea,Maldonado,Velazquez,ITZ,E,Mexicana,Dir 341
69,Beatriz,Castro,Cervantes,UNAM,P,Mexicana,Dir 709
70,Valeria,Cordova,Gonzalez,UPMOR,E,Mexicana,Dir 17
71,Francisco,Ortiz,Rojas,UNAM,E,Mexicana,Dir 908
72,Susana,Delgado,Romero,UTEZ,E,Mexicana,Dir 955
73,Natalia,Martinez,Perez,UTEZ,P,Mexicana,Dir 656
74,Luis,Lopez,Cordova,UNAM,P,Mexicana,Dir 194
75,Paola,Cordova,Vargas,IPN,E,Mexicana,Dir 267
76,Eduardo,Rodriguez,Flores,UAEM,E,Mexicana,Dir 785
77,Carolina,Diaz,Vega,UTEZ,P,Mexicana,Dir 269
78,Adriana,Maldonado,Dominguez,UPMOR,P,Mexicana,Dir 932
79,Roberto,Lara,Morales,UTEZ,E,Mexicana,Dir 767
80,Oscar,Valencia,Maldonado,UPMOR,E,Mexicana,Dir 35
81,Carolina,Cervantes,Hernandez,ITZ,P,Mexicana,Dir 561
82,Manuel,Castro,Martinez,UAEM,P,Mexicana,Dir 327
83,Elena,Ortiz,Espinoza,IPN,P,Mexicana,Dir 193
84,Gabriela,Ramos,Mendez,IPN,P,Mexicana,Dir 216
85,Hector,Molina,Gonzalez,IPN,P,Mexicana,Dir 412
86,Gael,Salazar,Reyes,UNAM,P,Mexicana,Dir 566
87,Raul,Gomez,Valencia,UTEZ,P,Mexicana,Dir 458
88,Oscar,Morales,Cruz,ITZ,E,Mexicana,Dir 797
89,Victor,Munoz,Martinez,UTEZ,P,Mexicana,Dir 486
90,Ana,Maldonado,Ramos,IPN,E,Mexicana,Dir 444
91,Gabriela,Campos,Cabrera,UPMOR,P,Mexicana,Dir 417
92,Martha,Molina,Vega,UPMOR,P,Mexicana,Dir 635
93,Pedro,Herrera,Dominguez,UTEZ,P,Mexicana,Dir 692
94,Patricia,Ramirez,Romero,UPMOR,P,Mexicana,Dir 729
95,Eduardo,Martinez,Castro,UTEZ,P,Mexicana,Dir 340
96,Veronica,Valencia,Salazar,ITZ,E,Mexicana,Dir 578
97,Sofia,Cervantes,Morales,UNAM,E,Mexicana,Dir 79
98,Roberto,Lara,Garcia,IPN,E,Mexicana,Dir 478
99,Maria,Escobar,Sosa,IPN,E,Mexicana,Dir 187
100,Victor,Soto,Martinez,ITZ,P,Mexicana,Dir 660
101,Sofia,Rodriguez,Navarro,UTEZ,E,Mexicana,Dir 928
102,Manuel,Velazquez,Castillo,UTEZ,P,Mexicana,Dir 926
103,Oscar,Cabrera,Sanchez,UPMOR,E,Mexicana,Dir 925
104,Victor,Vega,Dominguez,UNAM,P,Mexicana,Dir 88
105,Rosa,Guzman,Ruiz,UTEZ,P,Mexicana,Dir 903
106,Ruben,Chavez,Hernandez,UTEZ,E,Mexicana,Dir 831
107,Natalia,Rios,Lara,UPMOR,P,Mexicana,Dir 523
108,Daniela,Cruz,Sosa,IPN,E,Mexicana,Dir 494
109,Jesus,Cervantes,Rodriguez,UNAM,E,Mexicana,Dir 792
110,Francisco,Soto,Garcia,UAEM,P,Mexicana,Dir 922
111,Fernando,Avila,Velazquez,ITZ,P,Mexicana,Dir 78
112,Natalia,Molina,Vega,UTEZ,E,Mexicana,Dir 505
113,Monica,Cortes,Aguilar,UPMOR,P,Mexicana,Dir 507
114,Claudia,Morales,Silva,UAEM,E,Mexicana,Dir 918
115,Sofia,Ortiz,Flores,UPMOR,E,Mexicana,Dir 502
116,Claudia,Guzman,Medina,UAEM,P,Mexicana,Dir 227
117,Diego,Velazquez,Garza,UNAM,P,Mexicana,Dir 955
118,Arturo,Diaz,Castillo,UTEZ,P,Mexicana,Dir 884
119,Eduardo,Herrera,Cervantes,UPMOR,E,Mexicana,Dir 287
120,Paola,Martinez,Garza,ITZ,P,Mexicana,Dir 153
121,Antonio,Soto,Gutierrez,UTEZ,P,Mexicana,Dir 99
122,Beatriz,Sanchez,Silva,UNAM,P,Mexicana,Dir 844
123,Margarita,Vega,Rojas,UNAM,P,Mexicana,Dir 934
124,Luis,Diaz,Garcia,ITZ,E,Mexicana,Dir 895
125,Miguel,Hernandez,Velazquez,UNAM,P,Mexicana,Dir 532
126,Victor,Garza,Rios,UNAM,E,Mexicana,Dir 335
127,Martin,Diaz,Romero,UAEM,P,Mexicana,Dir 114
128,Natalia,Aguilar,Sosa,UTEZ,E,Mexicana,Dir 20
129,Manuel,Ruiz,Morales,UPMOR,P,Mexicana,Dir 961
130,Luis,Mendoza,Avila,UTEZ,E,Mexicana,Dir 687
131,Lucia,Silva,Rojas,IPN,P,Mexicana,Dir 217
132,Hector,Cervantes,Avila,UAEM,E,Mexicana,Dir 217
133,Gerardo,Perez,Avila,UNAM,E,Mexicana,Dir 403
134,Lorena,Cabrera,Reyes,UAEM,E,Mexicana,Dir 386
135,Leticia,Lopez,Diaz,UPMOR,P,Mexicana,Dir 745
136,Sofia,Valencia,Vega,UPMOR,E,Mexicana,Dir 703
137,Laura,Cruz,Gomez,UTEZ,E,Mexicana,Dir 21
138,Rumualdo,Sosa,Espinoza,UNAM,P,Mexicana,Dir 330
139,Ruben,Espinoza,Gonzalez,UPMOR,P,Mexicana,Dir 552
140,Roberto,Ruiz,Espinoza,UAEM,E,Mexicana,Dir 385
141,Raul,Rodriguez,Salazar,UPMOR,P,Mexicana,Dir 127
142,Hugo,Sanchez,Cervantes,ITZ,P,Mexicana,Dir 108
143,Javier,Perez,Maldonado,IPN,P,Mexicana,Dir 794
144,Julio,Ramirez,Martinez,ITZ,E,Mexicana,Dir 236
145,Jesus,Cortes,Flores,UTEZ,E,Mexicana,Dir 965
146,Valeria,Ruiz,Castillo,UTEZ,P,Mexicana,Dir 547
147,Raul,Garcia,Lopez,IPN,P,Mexicana,Dir 837
148,Monica,Munoz,Cruz,UNAM,P,Mexicana,Dir 404
149,Lucia,Sanchez,Ortiz,IPN,E,Mexicana,Dir 78
150,Rafael,Salazar,Delgado,IPN,E,Mexicana,Dir 398
151,Raul,Chavez,Gomez,IPN,P,Mexicana,Dir 904
152,Diana,Velazquez,Sanchez,ITZ,P,Mexicana,Dir 471
153,Carolina,Escobar,Salazar,IPN,E,Mexicana,Dir 569
154,Rafael,Vargas,Gutierrez,UPMOR,P,Mexicana,Dir 249
155,Jose,Sanchez,Vargas,IPN,P,Mexicana,Dir 128
156,Arturo,Herrera,Martinez,IPN,E,Mexicana,Dir 322
157,Valeria,Mendez,Cordova,UNAM,P,Mexicana,Dir 441
158,Adriana,Munoz,Garza,UPMOR,P,Mexicana,Dir 875
159,Ruben,Herrera,Cabrera,UPMOR,E,Mexicana,Dir 606
160,Hector,Ramos,Munoz,IPN,E,Mexicana,Dir 342
161,Diana,Ortiz,Mendez,UAEM,P,Mexicana,Dir 887
162,Rumualdo,Maldonado,Perez,IPN,E,Mexicana,Dir 78
163,Antonio,Cordova,Vega,UAEM,E,Mexicana,Dir 227
164,Silvia,Mejia,Munoz,IPN,P,Mexicana,Dir 962
165,Ricardo,Vargas,Martinez,ITZ,E,Mexicana,Dir 859
166,Julio,Gomez,Soto,ITZ,P,Mexicana,Dir 569
167,Margarita,Lopez,Mejia,UAEM,E,Mexicana,Dir 148
168,Silvia,Soto,Cordova,IPN,P,Mexicana,Dir 596
169,Susana,Mendez,Gutierrez,ITZ,P,Mexicana,Dir 6
170,Elena,Cordova,Castro,UTEZ,E,Mexicana,Dir 488
171,Margarita,Garza,Campos,ITZ,E,Mexicana,Dir 732
172,Jorge,Gonzalez,Escobar,ITZ,E,Mexicana,Dir 710
173,Adriana,Chavez,Garza,IPN,E,Mexicana,Dir 161
174,Jose,Soto,Vega,UNAM,P,Mexicana,Dir 457
175,Eduardo,Sanchez,Gutierrez,UNAM,P,Mexicana,Dir 675
176,Valeria,Ruiz,Avila,UPMOR,E,Mexicana,Dir 882
177,Susana,Gutierrez,Espinoza,IPN,E,Mexicana,Dir 129
178,Monica,Lara,Silva,IPN,P,Mexicana,Dir 885
179,Manuel,Vega,Velazquez,ITZ,E,Mexicana,Dir 535
180,Antonio,Paredes,Sosa,ITZ,P,Mexicana,Dir 217
181,Miguel,Diaz,Gomez,ITZ,P,Mexicana,Dir 318
182,Carolina,Cervantes,Reyes,UNAM,E,Mexicana,Dir 726
183,Leticia,Ramirez,Mendez,ITZ,E,Mexicana,Dir 179
184,Beatriz,Cordova,Lara,IPN,E,Mexicana,Dir 815
185,Javier,Campos,Herrera,UAEM,P,Mexicana,Dir 315
186,Jose,Gonzalez,Herrera,UNAM,E,Mexicana,Dir 980
187,Rumualdo,Vega,Escobar,UAEM,E,Mexicana,Dir 201
188,Monica,Ramirez,Soto,UPMOR,P,Mexicana,Dir 310
189,Manuel,Garcia,Cabrera,UPMOR,E,Mexicana,Dir 363
190,Sofia,Salazar,Paredes,ITZ,E,Mexicana,Dir 236
191,Susana,Ortiz,Flores,ITZ,E,Mexicana,Dir 633
192,Manuel,Cervantes,Garcia,IPN,E,Mexicana,Dir 317
193,Eduardo,Hernandez,Gutierrez,UPMOR,P,Mexicana,Dir 511
194,Luis,Salazar,Navarro,UPMOR,E,Mexicana,Dir 788
195,Jose,Gomez,Aguilar,UTEZ,E,Mexicana,Dir 53
196,Carmen,Martinez,Ramirez,UTEZ,E,Mexicana,Dir 125
197,Ricardo,Castillo,Hernandez,UPMOR,P,Mexicana,Dir 923
198,Diego,Castro,Gomez,UPMOR,P,Mexicana,Dir 674
199,Gabriela,Perez,Cortes,IPN,E,Mexicana,Dir 376
200,Martin,Martinez,Vega,UNAM,P,Mexicana,Dir 118
201,Lucia,Mejia,Aguilar,IPN,E,Mexicana,Dir 45
202,Maria,Mendoza,Soto,UTEZ,E,Mexicana,Dir 907
203,Diana,Velazquez,Soto,UNAM,E,Mexicana,Dir 422
204,Martha,Perez,Lopez,UPMOR,E,Mexicana,Dir 520
205,Raul,Avila,Delgado,ITZ,E,Mexicana,Dir 555
206,Martin,Salazar,Rodriguez,UTEZ,P,Mexicana,Dir 60
207,Monica,Mejia,Ortiz,ITZ,E,Mexicana,Dir 241
208,Ricardo,Castro,Paredes,UPMOR,E,Mexicana,Dir 687
209,Carolina,Reyes,Cruz,UPMOR,P,Mexicana,Dir 964
210,Patricia,Mendez,Garcia,ITZ,E,Mexicana,Dir 299
211,Martin,Vargas,Munoz,UNAM,P,Mexicana,Dir 216
212,Claudia,Ruiz,Campos,ITZ,E,Mexicana,Dir 12
213,Hector,Guzman,Martinez,UPMOR,E,Mexicana,Dir 113
214,Victor,Escobar,Garza,IPN,P,Mexicana,Dir 849
215,Luis,Cervantes,Ramirez,UAEM,P,Mexicana,Dir 801
216,Natalia,Mejia,Rojas,UTEZ,E,Mexicana,Dir 763
217,Monica,Cervantes,Paredes,IPN,E,Mexicana,Dir 653
218,Ana,Ramirez,Gutierrez,UNAM,P,Mexicana,Dir 847
219,Teresa,Delgado,Flores,UNAM,E,Mexicana,Dir 972
220,Oscar,Romero,Avila,UNAM,E,Mexicana,Dir 740
221,Roberto,Navarro,Cortes,UAEM,E,Mexicana,Dir 388
222,Diego,Dominguez,Maldonado,UTEZ,P,Mexicana,Dir 874
223,Victor,Castro,Bautista,ITZ,E,Mexicana,Dir 625
224,Roberto,Munoz,Paredes,ITZ,P,Mexicana,Dir 586
225,Antonio,Ramirez,Cortes,UNAM,E,Mexicana,Dir 695
226,Esteban,Flores,Silva,UTEZ,P,Mexicana,Dir 133
227,Veronica,Dominguez,Medina,UNAM,P,Mexicana,Dir 169
228,Beatriz,Garza,Martinez,UPMOR,P,Mexicana,Dir 986
229,Lucia,Perez,Cortes,UAEM,E,Mexicana,Dir 284
230,Miguel,Garza,Rodriguez,UTEZ,P,Mexicana,Dir 569
231,Margarita,Salazar,Soto,ITZ,P,Mexicana,Dir 853
232,Carmen,Salazar,Mendez,UPMOR,P,Mexicana,Dir 171
233,Maria,Perez,Bautista,ITZ,E,Mexicana,Dir 60
234,Esteban,Gutierrez,Romero,IPN,P,Mexicana,Dir 429
235,Antonio,Ramos,Avila,ITZ,P,Mexicana,Dir 506
236,Carolina,Maldonado,Gomez,UTEZ,P,Mexicana,Dir 965
237,Miguel,Garcia,Soto,IPN,P,Mexicana,Dir 638
238,Adriana,Salazar,Vega,UAEM,P,Mexicana,Dir 399
239,Antonio,Rios,Rojas,UPMOR,E,Mexicana,Dir 170
240,Rafael,Cordova,Aguilar,UTEZ,E,Mexicana,Dir 887
241,Martha,Garza,Guzman,UNAM,E,Mexicana,Dir 698
242,Eduardo,Navarro,Ortiz,UPMOR,E,Mexicana,Dir 855
243,Julio,Guzman,Gutierrez,ITZ,E,Mexicana,Dir 832
244,Margarita,Castro,Rojas,ITZ,P,Mexicana,Dir 405
245,Silvia,Cabrera,Rodriguez,IPN,E,Mexicana,Dir 642
246,Paola,Romero,Gutierrez,UTEZ,E,Mexicana,Dir 947
247,Natalia,Herrera,Martinez,UPMOR,E,Mexicana,Dir 378
248,Ana,Reyes,Dominguez,UAEM,P,Mexicana,Dir 408
249,Beatriz,Cruz,Castillo,IPN,E,Mexicana,Dir 775
250,Lorena,Escobar,Castro,UAEM,E,Mexicana,Dir 700
251,Pedro,Sanchez,Molina,UAEM,E,Mexicana,Dir 38
252,Natalia,Garcia,Cruz,UTEZ,P,Mexicana,Dir 310
253,Gael,Navarro,Escobar,UAEM,P,Mexicana,Dir 403
254,Manuel,Castro,Vega,UPMOR,P,Mexicana,Dir 212
255,Carmen,Soto,Cabrera,UNAM,P,Mexicana,Dir 666
256,Diego,Bautista,Lopez,IPN,P,Mexicana,Dir 329
257,Valeria,Diaz,Paredes,UTEZ,P,Mexicana,Dir 383
258,Carmen,Avila,Chavez,IPN,P,Mexicana,Dir 182
259,Hugo,Munoz,Navarro,ITZ,E,Mexicana,Dir 40
260,Teresa,Sosa,Ortiz,IPN,E,Mexicana,Dir 720
261,Francisco,Mejia,Chavez,UTEZ,E,Mexicana,Dir 141
262,Carolina,Ramos,Salazar,UPMOR,E,Mexicana,Dir 33
263,Claudia,Gutierrez,Reyes,UNAM,P,Mexicana,Dir 545
264,Esteban,Silva,Lopez,UNAM,P,Mexicana,Dir 234
265,Rumualdo,Garcia,Navarro,IPN,P,Mexicana,Dir 72
266,Claudia,Ruiz,Avila,ITZ,P,Mexicana,Dir 764
267,Manuel,Navarro,Cervantes,IPN,E,Mexicana,Dir 69
268,Silvia,Escobar,Reyes,UTEZ,E,Mexicana,Dir 941
269,Francisco,Ruiz,Vargas,UPMOR,E,Mexicana,Dir 471
270,Jorge,Delgado,Gomez,IPN,E,Mexicana,Dir 141
271,Jorge,Valencia,Ramos,UPMOR,E,Mexicana,Dir 817
272,Leticia,Soto,Aguilar,UAEM,P,Mexicana,Dir 728
273,Oscar,Cervantes,Martinez,UTEZ,P,Mexicana,Dir 204
274,Rosa,Reyes,Lara,ITZ,E,Mexicana,Dir 282
275,Ricardo,Mendoza,Lara,IPN,E,Mexicana,Dir 249
276,Manuel,Cabrera,Vega,UNAM,E,Mexicana,Dir 288
277,Esteban,Martinez,Cervantes,UNAM,P,Mexicana,Dir 467
278,Veronica,Garza,Ortiz,UPMOR,P,Mexicana,Dir 911
279,Rafael,Cervantes,Perez,ITZ,P,Mexicana,Dir 799
280,Jesus,Cortes,Diaz,ITZ,P,Mexicana,Dir 589
281,Adriana,Paredes,Espinoza,UTEZ,P,Mexicana,Dir 627
282,Eduardo,Sosa,Gomez,UAEM,P,Mexicana,Dir 318
283,Roberto,Munoz,Munoz,IPN,E,Mexicana,Dir 770
284,Carmen,Navarro,Paredes,UAEM,P,Mexicana,Dir 689
285,Oscar,Sosa,Bautista,ITZ,P,Mexicana,Dir 562
286,Raul,Guzman,Soto,UNAM,E,Mexicana,Dir 836
287,Laura,Reyes,Rodriguez,UNAM,E,Mexicana,Dir 899
288,Manuel,Ramirez,Guzman,UTEZ,E,Mexicana,Dir 900
289,Margarita,Mejia,Gomez,UTEZ,P,Mexicana,Dir 623
290,Carmen,Cordova,Romero,ITZ,P,Mexicana,Dir 709
291,Paola,Mendoza,Cortes,UTEZ,E,Mexicana,Dir 926
292,Natalia,Valencia,Castillo,UNAM,E,Mexicana,Dir 956
293,Martin,Garcia,Escobar,UAEM,E,Mexicana,Dir 199
294,Antonio,Vargas,Mendoza,UNAM,E,Mexicana,Dir 97
295,Ana,Perez,Velazquez,UTEZ,E,Mexicana,Dir 127
296,Sofia,Avila,Perez,UNAM,P,Mexicana,Dir 448
297,Gerardo,Soto,Hernandez,UNAM,P,Mexicana,Dir 839
298,Laura,Chavez,Hernandez,UTEZ,E,Mexicana,Dir 829
299,Ricardo,Sanchez,Cervantes,IPN,P,Mexicana,Dir 962
300,Gerardo,Vargas,Aguilar,IPN,E,Mexicana,Dir 25
301,Leticia,Molina,Soto,UAEM,E,Mexicana,Dir 760
302,Laura,Paredes,Martinez,IPN,P,Mexicana,Dir 843
303,Daniela,Salazar,Vega,UPMOR,P,Mexicana,Dir 652
304,Sofia,Navarro,Garcia,UNAM,E,Mexicana,Dir 933
305,Carolina,Aguilar,Rios,IPN,E,Mexicana,Dir 871
306,Roberto,Gomez,Chavez,UPMOR,E,Mexicana,Dir 438
307,Diana,Vargas,Castillo,ITZ,E,Mexicana,Dir 685
308,Martha,Vega,Maldonado,IPN,P,Mexicana,Dir 222
309,Valeria,Martinez,Cervantes,UTEZ,P,Mexicana,Dir 97
310,Raul,Dominguez,Hernandez,ITZ,E,Mexicana,Dir 17
311,Hector,Flores,Morales,IPN,E,Mexicana,Dir 555
312,Paola,Navarro,Sosa,IPN,P,Mexicana,Dir 942
313,Ricardo,Cabrera,Navarro,UNAM,E,Mexicana,Dir 615
314,Susana,Munoz,Munoz,UPMOR,P,Mexicana,Dir 524
315,Hugo,Ortiz,Cordova,UAEM,P,Mexicana,Dir 690
316,Lucia,Rodriguez,Castillo,ITZ,P,Mexicana,Dir 874
317,Margarita,Castillo,Ruiz,UNAM,P,Mexicana,Dir 690
318,Leticia,Castro,Gonzalez,UTEZ,E,Mexicana,Dir 483
319,Raul,Navarro,Cordova,UTEZ,E,Mexicana,Dir 370
320,Valeria,Mejia,Castillo,UPMOR,E,Mexicana,Dir 184
321,Julio,Mendoza,Paredes,UTEZ,E,Mexicana,Dir 685
322,Jorge,Medina,Cordova,IPN,E,Mexicana,Dir 297
323,Beatriz,Ruiz,Vega,UAEM,P,Mexicana,Dir 972
324,Miguel,Diaz,Ortiz,IPN,E,Mexicana,Dir 438
325,Margarita,Dominguez,Garcia,IPN,E,Mexicana,Dir 865
326,Silvia,Dominguez,Mendoza,IPN,P,Mexicana,Dir 170
327,Veronica,Ramos,Lopez,UTEZ,E,Mexicana,Dir 468
328,Beatriz,Hernandez,Romero,UPMOR,P,Mexicana,Dir 800
329,Hector,Mejia,Velazquez,UAEM,E,Mexicana,Dir 658
330,Rumualdo,Gutierrez,Hernandez,UAEM,E,Mexicana,Dir 828
331,Eduardo,Mendez,Munoz,UAEM,E,Mexicana,Dir 4
332,Julio,Flores,Munoz,ITZ,E,Mexicana,Dir 319
333,Jesus,Navarro,Sanchez,UNAM,P,Mexicana,Dir 90
334,Jorge,Ramos,Medina,ITZ,E,Mexicana,Dir 784
335,Carolina,Munoz,Chavez,ITZ,P,Mexicana,Dir 607
336,Alejandro,Soto,Garcia,ITZ,P,Mexicana,Dir 340
337,Leticia,Vargas,Garza,UTEZ,P,Mexicana,Dir 77
338,Sofia,Navarro,Castro,IPN,E,Mexicana,Dir 467
339,Hector,Valencia,Mejia,UNAM,E,Mexicana,Dir 123
340,Francisco,Vargas,Silva,IPN,E,Mexicana,Dir 685
341,Valeria,Bautista,Guzman,UPMOR,P,Mexicana,Dir 804
342,Margarita,Reyes,Guzman,ITZ,P,Mexicana,Dir 324
343,Antonio,Perez,Castillo,ITZ,P,Mexicana,Dir 606
344,Javier,Cruz,Salazar,UNAM,P,Mexicana,Dir 898
345,Gabriela,Sanchez,Perez,IPN,P,Mexicana,Dir 336
346,Lucia,Herrera,Ruiz,UPMOR,P,Mexicana,Dir 424
347,Antonio,Reyes,Cordova,UAEM,P,Mexicana,Dir 977
348,Carlos,Navarro,Lara,UTEZ,E,Mexicana,Dir 370
349,Laura,Ortiz,Munoz,IPN,P,Mexicana,Dir 958
350,Victor,Gomez,Reyes,ITZ,E,Mexicana,Dir 797
351,Elena,Soto,Cruz,ITZ,E,Mexicana,Dir 713
352,Andrea,Ramos,Cervantes,UTEZ,E,Mexicana,Dir 930
353,Elena,Sanchez,Maldonado,ITZ,E,Mexicana,Dir 937
354,Antonio,Perez,Vega,UNAM,E,Mexicana,Dir 481
355,Diego,Cordova,Delgado,UNAM,P,Mexicana,Dir 181
356,Martha,Cruz,Vargas,ITZ,E,Mexicana,Dir 157
357,Monica,Gonzalez,Romero,UAEM,P,Mexicana,Dir 29
358,Monica,Sosa,Gomez,UPMOR,P,Mexicana,Dir 23
359,Martin,Gutierrez,Mendoza,UAEM,P,Mexicana,Dir 328
360,Hugo,Vega,Molina,IPN,E,Mexicana,Dir 173
361,Ricardo,Rojas,Escobar,UTEZ,E,Mexicana,Dir 459
362,Elena,Campos,Gomez,UTEZ,P,Mexicana,Dir 351
363,Roberto,Lopez,Mendoza,ITZ,P,Mexicana,Dir 682
364,Carmen,Ramos,Romero,UNAM,P,Mexicana,Dir 489
365,Sofia,Garza,Vargas,UTEZ,P,Mexicana,Dir 222
366,Carmen,Cruz,Munoz,IPN,P,Mexicana,Dir 886
367,Francisco,Romero,Herrera,IPN,E,Mexicana,Dir 283
368,Arturo,Cervantes,Gonzalez,UAEM,P,Mexicana,Dir 151
369,Carmen,Castillo,Mejia,UTEZ,E,Mexicana,Dir 822
370,Jose,Cabrera,Valencia,UAEM,P,Mexicana,Dir 883
371,Eduardo,Cortes,Vargas,ITZ,P,Mexicana,Dir 92
372,Gabriela,Espinoza,Vega,UAEM,E,Mexicana,Dir 54
373,Francisco,Espinoza,Molina,ITZ,P,Mexicana,Dir 709
374,Andrea,Salazar,Navarro,UNAM,P,Mexicana,Dir 13
375,Andrea,Salazar,Salazar,IPN,E,Mexicana,Dir 534
376,Margarita,Ramos,Maldonado,ITZ,E,Mexicana,Dir 247
377,Javier,Dominguez,Silva,UNAM,P,Mexicana,Dir 12
378,Eduardo,Molina,Gutierrez,IPN,E,Mexicana,Dir 197
379,Paola,Castro,Paredes,UPMOR,E,Mexicana,Dir 396
380,Jesus,Salazar,Cortes,ITZ,P,Mexicana,Dir 526
381,Gerardo,Sosa,Garza,ITZ,P,Mexicana,Dir 885
382,Raul,Castro,Romero,IPN,P,Mexicana,Dir 513
383,Carmen,Valencia,Medina,ITZ,E,Mexicana,Dir 407
384,Javier,Velazquez,Reyes,UAEM,E,Mexicana,Dir 812
385,Miguel,Garcia,Campos,UTEZ,P,Mexicana,Dir 452
386,Leticia,Garcia,Diaz,UTEZ,P,Mexicana,Dir 339
387,Elena,Hernandez,Mendoza,UNAM,P,Mexicana,Dir 559
388,Susana,Gomez,Valencia,UAEM,P,Mexicana,Dir 219
389,Oscar,Morales,Rojas,UPMOR,E,Mexicana,Dir 998
390,Paola,Lopez,Sanchez,UAEM,E,Mexicana,Dir 120
391,Hugo,Munoz,Silva,ITZ,P,Mexicana,Dir 410
392,Carmen,Castro,Ruiz,IPN,P,Mexicana,Dir 474
393,Veronica,Cervantes,Paredes,UAEM,E,Mexicana,Dir 908
394,Eduardo,Ramos,Campos,ITZ,P,Mexicana,Dir 685
395,Alejandro,Garcia,Paredes,IPN,P,Mexicana,Dir 507
396,Gabriela,Diaz,Diaz,UNAM,P,Mexicana,Dir 271
397,Ricardo,Navarro,Munoz,IPN,P,Mexicana,Dir 163
398,Carlos,Silva,Gomez,IPN,P,Mexicana,Dir 620
399,Javier,Campos,Campos,UPMOR,P,Mexicana,Dir 20
400,Patricia,Ortiz,Vargas,UNAM,P,Mexicana,Dir 102
401,Esteban,Escobar,Cortes,UAEM,P,Mexicana,Dir 505
402,Jesus,Martinez,Espinoza,UTEZ,E,Mexicana,Dir 739
403,Ricardo,Medina,Paredes,UNAM,E,Mexicana,Dir 803
404,Roberto,Herrera,Sosa,ITZ,E,Mexicana,Dir 309
405,Margarita,Rodriguez,Rios,UAEM,E,Mexicana,Dir 32
406,Hugo,Rios,Cortes,IPN,P,Mexicana,Dir 431
407,Maria,Rios,Lara,UTEZ,E,Mexicana,Dir 546
408,Jose,Cordova,Garcia,UPMOR,E,Mexicana,Dir 652
409,Rumualdo,Bautista,Martinez,UNAM,E,Mexicana,Dir 551
410,Teresa,Cervantes,Paredes,UPMOR,E,Mexicana,Dir 878
411,Gabriela,Medina,Cordova,UPMOR,P,Mexicana,Dir 766
412,Fernando,Cabrera,Cortes,UAEM,P,Mexicana,Dir 110
413,Lucia,Escobar,Campos,UPMOR,P,Mexicana,Dir 40
414,Miguel,Rios,Cervantes,UNAM,P,Mexicana,Dir 116
415,Beatriz,Gonzalez,Delgado,ITZ,E,Mexicana,Dir 582
416,Jose,Castro,Romero,UAEM,P,Mexicana,Dir 588
417,Jesus,Espinoza,Cabrera,UNAM,E,Mexicana,Dir 99
418,Raul,Vargas,Lara,UTEZ,P,Mexicana,Dir 612
419,Laura,Espinoza,Hernandez,UNAM,P,Mexicana,Dir 216
420,Martha,Hernandez,Dominguez,IPN,E,Mexicana,Dir 278
421,Ricardo,Rios,Rios,UAEM,E,Mexicana,Dir 319
422,Ricardo,Gutierrez,Ramos,UPMOR,E,Mexicana,Dir 945
423,Jose,Vega,Cordova,UTEZ,P,Mexicana,Dir 482
424,Victor,Valencia,Aguilar,UPMOR,P,Mexicana,Dir 443
425,Valeria,Cervantes,Escobar,ITZ,P,Mexicana,Dir 976
426,Elena,Diaz,Avila,ITZ,P,Mexicana,Dir 199
427,Silvia,Lara,Ortiz,UTEZ,E,Mexicana,Dir 58
428,Laura,Rojas,Mendoza,UPMOR,P,Mexicana,Dir 741
429,Veronica,Cervantes,Ramirez,UNAM,E,Mexicana,Dir 111
430,Diana,Valencia,Castro,UPMOR,E,Mexicana,Dir 798
431,Javier,Mendez,Salazar,ITZ,P,Mexicana,Dir 169
432,Julio,Castillo,Lopez,UPMOR,E,Mexicana,Dir 793
433,Jorge,Silva,Herrera,IPN,P,Mexicana,Dir 11
434,Valeria,Diaz,Castro,UAEM,E,Mexicana,Dir 673
435,Ricardo,Garcia,Dominguez,ITZ,E,Mexicana,Dir 397
436,Gerardo,Chavez,Silva,UAEM,P,Mexicana,Dir 394
437,Leticia,Castro,Reyes,IPN,E,Mexicana,Dir 664
438,Gerardo,Escobar,Rojas,UPMOR,E,Mexicana,Dir 768
439,Silvia,Mendez,Paredes,UNAM,E,Mexicana,Dir 649
440,Adriana,Bautista,Escobar,UNAM,P,Mexicana,Dir 563
441,Lucia,Cordova,Diaz,UPMOR,P,Mexicana,Dir 832
442,Gerardo,Cervantes,Rios,IPN,P,Mexicana,Dir 784
443,Pedro,Castro,Rios,UNAM,E,Mexicana,Dir 425
444,Miguel,Gonzalez,Delgado,ITZ,E,Mexicana,Dir 377
445,Diego,Garza,Gutierrez,UNAM,E,Mexicana,Dir 28
446,Andrea,Espinoza,Silva,UAEM,P,Mexicana,Dir 441
447,Silvia,Herrera,Silva,UTEZ,E,Mexicana,Dir 216
448,Valeria,Medina,Ortiz,IPN,P,Mexicana,Dir 537
449,Luis,Lara,Lara,UAEM,E,Mexicana,Dir 169
450,Elena,Gutierrez,Perez,ITZ,P,Mexicana,Dir 953
451,Hugo,Avila,Medina,UAEM,E,Mexicana,Dir 906
452,Sofia,Mendez,Sanchez,IPN,P,Mexicana,Dir 826
453,Monica,Soto,Castillo,IPN,P,Mexicana,Dir 911
454,Natalia,Rios,Campos,UTEZ,P,Mexicana,Dir 590
455,Pedro,Vargas,Bautista,UNAM,E,Mexicana,Dir 181
456,Carmen,Paredes,Navarro,UTEZ,P,Mexicana,Dir 397
457,Patricia,Campos,Velazquez,UPMOR,E,Mexicana,Dir 171
458,Lorena,Escobar,Salazar,ITZ,E,Mexicana,Dir 903
459,Antonio,Mejia,Martinez,IPN,E,Mexicana,Dir 736
460,Alejandro,Maldonado,Romero,UAEM,P,Mexicana,Dir 27
461,Valeria,Sanchez,Romero,ITZ,P,Mexicana,Dir 296
462,Arturo,Gomez,Avila,UPMOR,P,Mexicana,Dir 7
463,Elena,Silva,Cervantes,IPN,E,Mexicana,Dir 10
464,Hugo,Diaz,Avila,UPMOR,P,Mexicana,Dir 892
465,Daniela,Espinoza,Cervantes,UPMOR,P,Mexicana,Dir 893
466,Oscar,Cruz,Rios,ITZ,E,Mexicana,Dir 137
467,Leticia,Campos,Mejia,UAEM,E,Mexicana,Dir 264
468,Rafael,Ortiz,Velazquez,UAEM,P,Mexicana,Dir 8
469,Oscar,Reyes,Gutierrez,UTEZ,P,Mexicana,Dir 928
470,Francisco,Hernandez,Perez,UTEZ,E,Mexicana,Dir 910
471,Gabriela,Perez,Martinez,UTEZ,P,Mexicana,Dir 407
472,Ricardo,Munoz,Medina,UAEM,E,Mexicana,Dir 627
473,Arturo,Flores,Escobar,IPN,P,Mexicana,Dir 68
474,Jorge,Guzman,Guzman,UTEZ,E,Mexicana,Dir 215
475,Monica,Gutierrez,Cabrera,IPN,E,Mexicana,Dir 598
476,Alejandro,Guzman,Vargas,UNAM,P,Mexicana,Dir 273
477,Raul,Cortes,Cordova,UPMOR,P,Mexicana,Dir 93
478,Javier,Campos,Garza,UAEM,P,Mexicana,Dir 196
479,Fernando,Ramos,Garcia,UTEZ,P,Mexicana,Dir 294
480,Jesus,Gomez,Rojas,UAEM,P,Mexicana,Dir 938
481,Pedro,Gomez,Aguilar,IPN,P,Mexicana,Dir 110
482,Raul,Vega,Molina,UNAM,P,Mexicana,Dir 607
483,Martha,Rios,Martinez,UTEZ,E,Mexicana,Dir 563
484,Martha,Cordova,Rojas,UTEZ,E,Mexicana,Dir 582
485,Esteban,Navarro,Garcia,UPMOR,E,Mexicana,Dir 284
486,Hector,Silva,Romero,UAEM,E,Mexicana,Dir 820
487,Jorge,Castillo,Rojas,UTEZ,E,Mexicana,Dir 66
488,Maria,Perez,Bautista,UAEM,E,Mexicana,Dir 947
489,Sofia,Cruz,Cruz,UTEZ,E,Mexicana,Dir 385
490,Valeria,Silva,Herrera,ITZ,E,Mexicana,Dir 900
491,Fernando,Aguilar,Ramos,UTEZ,P,Mexicana,Dir 818
492,Paola,Silva,Garza,UAEM,P,Mexicana,Dir 17
493,Francisco,Lopez,Cruz,UNAM,E,Mexicana,Dir 184
494,Leticia,Sosa,Valencia,ITZ,P,Mexicana,Dir 660
495,Miguel,Lopez,Diaz,IPN,E,Mexicana,Dir 553
496,Veronica,Garza,Garza,UAEM,E,Mexicana,Dir 244
497,Jose,Morales,Rodriguez,UNAM,E,Mexicana,Dir 865
498,Sofia,Ortiz,Rios,IPN,E,Mexicana,Dir 202
499,Maria,Sanchez,Guzman,UNAM,E,Mexicana,Dir 846
500,Beatriz,Mendoza,Chavez,ITZ,P,Mexicana,Dir 119
501,Julio,Reyes,Cervantes,UNAM,E,Mexicana,Dir 752
502,Jose,Gomez,Herrera,UPMOR,E,Mexicana,Dir 814
503,Gerardo,Maldonado,Bautista,UNAM,E,Mexicana,Dir 547
504,Victor,Perez,Garcia,IPN,P,Mexicana,Dir 540
505,Silvia,Escobar,Salazar,UAEM,E,Mexicana,Dir 722
506,Andrea,Mejia,Garza,UNAM,P,Mexicana,Dir 517
507,Margarita,Diaz,Munoz,UNAM,E,Mexicana,Dir 896
508,Julio,Mejia,Soto,ITZ,P,Mexicana,Dir 444
509,Alejandro,Cabrera,Vega,UPMOR,P,Mexicana,Dir 708
510,Javier,Silva,Cervantes,IPN,E,Mexicana,Dir 766
511,Antonio,Salazar,Dominguez,ITZ,E,Mexicana,Dir 609
512,Hector,Cabrera,Gutierrez,UAEM,P,Mexicana,Dir 247
513,Raul,Bautista,Rodriguez,IPN,E,Mexicana,Dir 732
514,Luis,Garcia,Espinoza,UAEM,E,Mexicana,Dir 584
515,Esteban,Martinez,Salazar,IPN,E,Mexicana,Dir 603
516,Francisco,Gonzalez,Morales,ITZ,E,Mexicana,Dir 661
517,Susana,Cordova,Munoz,ITZ,E,Mexicana,Dir 761
518,Diego,Cortes,Molina,UAEM,E,Mexicana,Dir 443
519,Oscar,Cruz,Sanchez,ITZ,E,Mexicana,Dir 563
520,Pedro,Rodriguez,Ramos,ITZ,E,Mexicana,Dir 997
521,Roberto,Cabrera,Martinez,ITZ,P,Mexicana,Dir 603
522,Gabriela,Perez,Campos,UNAM,P,Mexicana,Dir 83
523,Rafael,Valencia,Gomez,UAEM,P,Mexicana,Dir 716
524,Rumualdo,Gonzalez,Escobar,IPN,P,Mexicana,Dir 761
525,Esteban,Cordova,Rodriguez,IPN,P,Mexicana,Dir 924
526,Margarita,Campos,Escobar,UTEZ,P,Mexicana,Dir 153
527,Claudia,Medina,Espinoza,ITZ,E,Mexicana,Dir 767
528,Hugo,Diaz,Cervantes,IPN,P,Mexicana,Dir 140
529,Gerardo,Dominguez,Delgado,UAEM,P,Mexicana,Dir 932
530,Natalia,Soto,Sosa,ITZ,E,Mexicana,Dir 523
531,Arturo,Silva,Hernandez,UNAM,E,Mexicana,Dir 904
532,Martha,Perez,Dominguez,UPMOR,P,Mexicana,Dir 273
533,Jorge,Escobar,Bautista,IPN,P,Mexicana,Dir 291
534,Diego,Valencia,Herrera,UAEM,E,Mexicana,Dir 809
535,Javier,Martinez,Rios,UPMOR,E,Mexicana,Dir 158
536,Claudia,Escobar,Sosa,UTEZ,E,Mexicana,Dir 13
537,Carlos,Ramirez,Navarro,ITZ,P,Mexicana,Dir 818
538,Jorge,Vargas,Mejia,IPN,E,Mexicana,Dir 424
539,Diana,Cordova,Bautista,UPMOR,P,Mexicana,Dir 899
540,Javier,Bautista,Lara,UTEZ,E,Mexicana,Dir 199
541,Paola,Dominguez,Castro,UTEZ,E,Mexicana,Dir 340
542,Paola,Ruiz,Espinoza,ITZ,P,Mexicana,Dir 29
543,Martin,Vargas,Sosa,UNAM,P,Mexicana,Dir 485
544,Leticia,Mendoza,Espinoza,IPN,P,Mexicana,Dir 301
545,Sofia,Lopez,Martinez,ITZ,P,Mexicana,Dir 345
546,Diego,Romero,Mejia,UTEZ,P,Mexicana,Dir 391
547,Rosa,Lara,Ruiz,ITZ,E,Mexicana,Dir 325
548,Gabriela,Mendez,Delgado,UTEZ,E,Mexicana,Dir 423
549,Rumualdo,Navarro,Delgado,UAEM,P,Mexicana,Dir 473
550,Rumualdo,Reyes,Castro,ITZ,P,Mexicana,Dir 216
551,Teresa,Gutierrez,Diaz,UPMOR,E,Mexicana,Dir 780
552,Jesus,Mendez,Espinoza,UPMOR,E,Mexicana,Dir 963
553,Eduardo,Ruiz,Paredes,UAEM,E,Mexicana,Dir 807
554,Antonio,Cruz,Guzman,ITZ,P,Mexicana,Dir 172
555,Elena,Castro,Hernandez,UAEM,P,Mexicana,Dir 929
556,Gerardo,Herrera,Cordova,UNAM,P,Mexicana,Dir 73
557,Victor,Sanchez,Gutierrez,ITZ,E,Mexicana,Dir 939
558,Roberto,Escobar,Velazquez,UNAM,E,Mexicana,Dir 854
559,Julio,Chavez,Rojas,UAEM,E,Mexicana,Dir 640
560,Victor,Medina,Perez,UNAM,E,Mexicana,Dir 484
561,Carmen,Cervantes,Escobar,UAEM,E,Mexicana,Dir 85
562,Daniela,Garza,Munoz,UNAM,P,Mexicana,Dir 836
563,Oscar,Rojas,Rodriguez,UNAM,P,Mexicana,Dir 977
564,Roberto,Escobar,Rojas,ITZ,E,Mexicana,Dir 103
565,Hector,Cabrera,Vargas,IPN,P,Mexicana,Dir 478
566,Patricia,Aguilar,Navarro,IPN,E,Mexicana,Dir 504
567,Diana,Ruiz,Navarro,UTEZ,E,Mexicana,Dir 884
568,Luis,Gomez,Gonzalez,IPN,P,Mexicana,Dir 735
569,Diego,Lopez,Cervantes,UPMOR,P,Mexicana,Dir 576
570,Oscar,Rodriguez,Avila,UTEZ,P,Mexicana,Dir 852
571,Rosa,Castro,Medina,UPMOR,E,Mexicana,Dir 646
572,Roberto,Mendez,Cordova,UNAM,E,Mexicana,Dir 867
573,Rumualdo,Espinoza,Rodriguez,UTEZ,E,Mexicana,Dir 46
574,Gerardo,Salazar,Mendoza,IPN,E,Mexicana,Dir 268
575,Diana,Martinez,Martinez,IPN,E,Mexicana,Dir 365
576,Margarita,Chavez,Maldonado,UNAM,P,Mexicana,Dir 349
577,Raul,Vargas,Gutierrez,UNAM,P,Mexicana,Dir 537
578,Rumualdo,Lara,Munoz,UNAM,E,Mexicana,Dir 350
579,Adriana,Maldonado,Escobar,UAEM,P,Mexicana,Dir 56
580,Susana,Maldonado,Espinoza,UPMOR,P,Mexicana,Dir 996
581,Susana,Cordova,Navarro,UNAM,E,Mexicana,Dir 123
582,Margarita,Avila,Mendoza,UTEZ,E,Mexicana,Dir 882
583,Fernando,Molina,Velazquez,UPMOR,E,Mexicana,Dir 106
584,Rafael,Gomez,Morales,UTEZ,E,Mexicana,Dir 201
585,Jorge,Vargas,Sosa,UNAM,P,Mexicana,Dir 161
586,Elena,Navarro,Morales,UNAM,P,Mexicana,Dir 989
587,Ana,Espinoza,Castillo,IPN,E,Mexicana,Dir 457
588,Daniela,Garcia,Rodriguez,UNAM,P,Mexicana,Dir 710
589,Diego,Reyes,Ruiz,UNAM,P,Mexicana,Dir 522
590,Rumualdo,Ramos,Rios,UPMOR,P,Mexicana,Dir 666
591,Patricia,Cordova,Sanchez,IPN,E,Mexicana,Dir 748
592,Ruben,Velazquez,Ortiz,UNAM,E,Mexicana,Dir 126
593,Monica,Lopez,Bautista,UAEM,P,Mexicana,Dir 856
594,Miguel,Cabrera,Navarro,UNAM,P,Mexicana,Dir 331
595,Claudia,Gutierrez,Morales,ITZ,E,Mexicana,Dir 986
596,Rosa,Velazquez,Delgado,UAEM,P,Mexicana,Dir 991
597,Susana,Herrera,Perez,ITZ,E,Mexicana,Dir 908
598,Diana,Castillo,Chavez,UTEZ,P,Mexicana,Dir 286
599,Laura,Sanchez,Mendoza,UTEZ,P,Mexicana,Dir 727
600,Maria,Molina,Reyes,UAEM,E,Mexicana,Dir 528
601,Valeria,Dominguez,Salazar,UNAM,E,Mexicana,Dir 798
602,Antonio,Vargas,Salazar,ITZ,P,Mexicana,Dir 295
603,Fernando,Garza,Cruz,UPMOR,P,Mexicana,Dir 920
604,Pedro,Mendez,Salazar,UAEM,P,Mexicana,Dir 823
605,Sofia,Rodriguez,Munoz,IPN,P,Mexicana,Dir 959
606,Jose,Martinez,Cervantes,UNAM,P,Mexicana,Dir 546
607,Ricardo,Silva,Gomez,ITZ,P,Mexicana,Dir 436
608,Patricia,Salazar,Guzman,UPMOR,P,Mexicana,Dir 132
609,Ruben,Escobar,Soto,UAEM,E,Mexicana,Dir 643
610,Maria,Guzman,Maldonado,UPMOR,E,Mexicana,Dir 126
611,Ricardo,Martinez,Salazar,ITZ,P,Mexicana,Dir 851
612,Carlos,Rios,Morales,UNAM,E,Mexicana,Dir 484
613,Diana,Guzman,Navarro,UTEZ,E,Mexicana,Dir 573
614,Roberto,Gonzalez,Mendez,UPMOR,P,Mexicana,Dir 200
615,Jose,Sosa,Bautista,IPN,P,Mexicana,Dir 6
616,Ruben,Diaz,Maldonado,UAEM,P,Mexicana,Dir 496
617,Margarita,Ortiz,Chavez,ITZ,E,Mexicana,Dir 586
618,Martha,Gomez,Ramos,UTEZ,E,Mexicana,Dir 32
619,Gerardo,Cervantes,Garza,UPMOR,P,Mexicana,Dir 25
620,Esteban,Ruiz,Morales,UPMOR,E,Mexicana,Dir 516
621,Gerardo,Lara,Molina,UTEZ,E,Mexicana,Dir 514
622,Raul,Ramirez,Silva,UAEM,P,Mexicana,Dir 421
623,Teresa,Mendoza,Cabrera,UAEM,P,Mexicana,Dir 105
624,Eduardo,Mejia,Velazquez,UNAM,E,Mexicana,Dir 999
625,Manuel,Sosa,Sanchez,UTEZ,E,Mexicana,Dir 295
626,Beatriz,Silva,Campos,ITZ,P,Mexicana,Dir 815
627,Daniela,Cruz,Garcia,IPN,P,Mexicana,Dir 475
628,Hugo,Ortiz,Espinoza,IPN,P,Mexicana,Dir 215
629,Ana,Garcia,Sanchez,ITZ,P,Mexicana,Dir 29
630,Ruben,Sanchez,Rodriguez,UPMOR,P,Mexicana,Dir 584
631,Luis,Gonzalez,Herrera,UNAM,E,Mexicana,Dir 735
632,Julio,Cervantes,Ortiz,ITZ,E,Mexicana,Dir 994
633,Antonio,Perez,Aguilar,ITZ,P,Mexicana,Dir 129
634,Jesus,Romero,Ortiz,ITZ,P,Mexicana,Dir 72
635,Hugo,Perez,Paredes,UNAM,P,Mexicana,Dir 667
636,Leticia,Sosa,Garza,UTEZ,P,Mexicana,Dir 663
637,Ricardo,Cabrera,Romero,UAEM,P,Mexicana,Dir 243
638,Raul,Espinoza,Vega,UTEZ,P,Mexicana,Dir 701
639,Alejandro,Morales,Medina,IPN,E,Mexicana,Dir 739
640,Ricardo,Molina,Aguilar,UPMOR,P,Mexicana,Dir 192
641,Rosa,Avila,Herrera,UAEM,P,Mexicana,Dir 216
642,Miguel,Escobar,Medina,IPN,E,Mexicana,Dir 658
643,Carolina,Cabrera,Avila,UNAM,E,Mexicana,Dir 681
644,Gerardo,Ruiz,Salazar,UNAM,P,Mexicana,Dir 501
645,Alejandro,Cortes,Mendoza,UNAM,E,Mexicana,Dir 494
646,Martin,Vargas,Ruiz,UTEZ,E,Mexicana,Dir 375
647,Luis,Paredes,Navarro,UNAM,P,Mexicana,Dir 664
648,Monica,Gutierrez,Gomez,UNAM,P,Mexicana,Dir 564
649,Jorge,Dominguez,Perez,UPMOR,E,Mexicana,Dir 528
650,Leticia,Gutierrez,Romero,ITZ,E,Mexicana,Dir 854
651,Alejandro,Paredes,Munoz,UNAM,E,Mexicana,Dir 127
652,Miguel,Mendoza,Soto,UAEM,P,Mexicana,Dir 643
653,Carlos,Garza,Perez,UTEZ,E,Mexicana,Dir 446
654,Margarita,Vega,Paredes,UAEM,P,Mexicana,Dir 330
655,Lucia,Ramos,Maldonado,UNAM,E,Mexicana,Dir 281
656,Ruben,Espinoza,Molina,UNAM,E,Mexicana,Dir 165
657,Daniela,Cortes,Valencia,ITZ,P,Mexicana,Dir 339
658,Luis,Chavez,Soto,UTEZ,E,Mexicana,Dir 901
659,Maria,Cortes,Diaz,UPMOR,E,Mexicana,Dir 399
660,Hugo,Soto,Gutierrez,UNAM,E,Mexicana,Dir 337
661,Jorge,Cervantes,Molina,IPN,E,Mexicana,Dir 9
662,Antonio,Guzman,Reyes,UPMOR,E,Mexicana,Dir 65
663,Jorge,Chavez,Vargas,UPMOR,E,Mexicana,Dir 330
664,Andrea,Cordova,Bautista,UTEZ,E,Mexicana,Dir 572
665,Maria,Romero,Lara,UTEZ,P,Mexicana,Dir 67
666,Pedro,Lopez,Sanchez,UPMOR,E,Mexicana,Dir 139
667,Jose,Velazquez,Ruiz,UAEM,P,Mexicana,Dir 548
668,Adriana,Cortes,Lara,UPMOR,P,Mexicana,Dir 74
669,Natalia,Velazquez,Silva,IPN,E,Mexicana,Dir 339
670,Eduardo,Aguilar,Hernandez,UAEM,E,Mexicana,Dir 124
671,Jesus,Rojas,Sanchez,UTEZ,E,Mexicana,Dir 517
672,Rumualdo,Soto,Vargas,UTEZ,P,Mexicana,Dir 356
673,Jorge,Perez,Garza,UTEZ,P,Mexicana,Dir 656
674,Carmen,Mendez,Flores,IPN,P,Mexicana,Dir 737
675,Diana,Delgado,Soto,UPMOR,E,Mexicana,Dir 898
676,Leticia,Dominguez,Garcia,UNAM,E,Mexicana,Dir 330
677,Hugo,Dominguez,Diaz,UTEZ,P,Mexicana,Dir 567
678,Martin,Morales,Navarro,ITZ,E,Mexicana,Dir 365
679,Antonio,Cervantes,Bautista,UNAM,E,Mexicana,Dir 74
680,Ana,Cabrera,Cabrera,UAEM,P,Mexicana,Dir 468
681,Maria,Ruiz,Gomez,UPMOR,E,Mexicana,Dir 139
682,Monica,Munoz,Medina,UPMOR,P,Mexicana,Dir 369
683,Natalia,Diaz,Sosa,UAEM,P,Mexicana,Dir 551
684,Diego,Rios,Cabrera,ITZ,E,Mexicana,Dir 65
685,Javier,Perez,Cabrera,IPN,P,Mexicana,Dir 702
686,Arturo,Rios,Soto,UAEM,P,Mexicana,Dir 500
687,Roberto,Garcia,Cervantes,UPMOR,P,Mexicana,Dir 262
688,Antonio,Navarro,Reyes,UNAM,E,Mexicana,Dir 963
689,Gabriela,Mendez,Lara,UNAM,E,Mexicana,Dir 30
690,Manuel,Vega,Lara,UPMOR,E,Mexicana,Dir 293
691,Esteban,Guzman,Avila,UPMOR,E,Mexicana,Dir 98
692,Monica,Vargas,Espinoza,UPMOR,E,Mexicana,Dir 151
693,Patricia,Dominguez,Gonzalez,UTEZ,E,Mexicana,Dir 23
694,Carolina,Lara,Velazquez,UPMOR,P,Mexicana,Dir 931
695,Diego,Diaz,Mejia,UNAM,E,Mexicana,Dir 485
696,Jorge,Soto,Valencia,IPN,P,Mexicana,Dir 114
697,Victor,Ramirez,Diaz,UTEZ,E,Mexicana,Dir 506
698,Hector,Vargas,Cabrera,UPMOR,E,Mexicana,Dir 910
699,Andrea,Lara,Gomez,UPMOR,P,Mexicana,Dir 501
700,Rafael,Soto,Delgado,ITZ,E,Mexicana,Dir 342
701,Luis,Valencia,Medina,ITZ,P,Mexicana,Dir 167
702,Adriana,Silva,Bautista,UAEM,P,Mexicana,Dir 543
703,Jose,Mendoza,Martinez,UAEM,E,Mexicana,Dir 383
704,Monica,Castillo,Soto,UPMOR,P,Mexicana,Dir 748
705,Susana,Soto,Vega,IPN,E,Mexicana,Dir 483
706,Roberto,Guzman,Navarro,IPN,E,Mexicana,Dir 161
707,Elena,Castro,Gomez,UPMOR,P,Mexicana,Dir 456
708,Susana,Aguilar,Mendoza,IPN,E,Mexicana,Dir 53
709,Elena,Espinoza,Martinez,IPN,P,Mexicana,Dir 717
710,Diego,Martinez,Vega,IPN,E,Mexicana,Dir 359
711,Gabriela,Soto,Garcia,UNAM,E,Mexicana,Dir 284
712,Gerardo,Ortiz,Ortiz,UPMOR,E,Mexicana,Dir 287
713,Hector,Perez,Vargas,IPN,E,Mexicana,Dir 820
714,Ruben,Chavez,Herrera,UPMOR,E,Mexicana,Dir 766
715,Martha,Castillo,Gomez,ITZ,E,Mexicana,Dir 63
716,Javier,Munoz,Rojas,UPMOR,P,Mexicana,Dir 91
717,Alejandro,Vega,Perez,UNAM,P,Mexicana,Dir 113
718,Adriana,Garcia,Medina,UTEZ,E,Mexicana,Dir 345
719,Jorge,Rojas,Paredes,UAEM,P,Mexicana,Dir 808
720,Martin,Romero,Rodriguez,ITZ,E,Mexicana,Dir 944
721,Carmen,Ramirez,Romero,UAEM,P,Mexicana,Dir 252
722,Ruben,Ramos,Lopez,IPN,P,Mexicana,Dir 267
723,Rosa,Delgado,Lara,IPN,E,Mexicana,Dir 203
724,Julio,Reyes,Vega,UPMOR,E,Mexicana,Dir 98
725,Maria,Ramirez,Lara,UAEM,E,Mexicana,Dir 253
726,Fernando,Sanchez,Bautista,ITZ,E,Mexicana,Dir 595
727,Natalia,Garcia,Flores,IPN,P,Mexicana,Dir 229
728,Leticia,Escobar,Morales,IPN,E,Mexicana,Dir 969
729,Rosa,Herrera,Flores,UTEZ,E,Mexicana,Dir 620
730,Gael,Hernandez,Ortiz,IPN,E,Mexicana,Dir 851
731,Eduardo,Salazar,Cabrera,ITZ,E,Mexicana,Dir 83
732,Veronica,Cordova,Cruz,UPMOR,E,Mexicana,Dir 821
733,Lorena,Paredes,Sanchez,UTEZ,P,Mexicana,Dir 268
734,Carmen,Silva,Perez,IPN,E,Mexicana,Dir 890
735,Ricardo,Sosa,Garza,UPMOR,P,Mexicana,Dir 289
736,Elena,Reyes,Paredes,IPN,P,Mexicana,Dir 577
737,Sofia,Garcia,Navarro,UAEM,P,Mexicana,Dir 772
738,Gabriela,Cruz,Campos,UTEZ,E,Mexicana,Dir 29
739,Antonio,Garcia,Vega,UAEM,P,Mexicana,Dir 875
740,Diana,Rios,Medina,UTEZ,E,Mexicana,Dir 373
741,Sofia,Munoz,Hernandez,UAEM,E,Mexicana,Dir 437
742,Lucia,Lara,Diaz,UAEM,P,Mexicana,Dir 398
743,Gael,Cabrera,Vargas,UPMOR,E,Mexicana,Dir 336
744,Oscar,Espinoza,Rojas,UTEZ,P,Mexicana,Dir 174
745,Gael,Garza,Navarro,UAEM,P,Mexicana,Dir 355
746,Ana,Chavez,Campos,IPN,E,Mexicana,Dir 521
747,Jose,Ramirez,Ramos,UAEM,P,Mexicana,Dir 306
748,Diego,Mejia,Ruiz,UPMOR,P,Mexicana,Dir 208
749,Julio,Ramos,Flores,UTEZ,P,Mexicana,Dir 302
750,Diana,Cruz,Sanchez,ITZ,P,Mexicana,Dir 735
751,Margarita,Martinez,Gonzalez,UAEM,E,Mexicana,Dir 664
752,Teresa,Munoz,Gonzalez,ITZ,P,Mexicana,Dir 909
753,Carlos,Gutierrez,Molina,IPN,P,Mexicana,Dir 502
754,Teresa,Hernandez,Silva,ITZ,P,Mexicana,Dir 497
755,Elena,Vega,Salazar,UTEZ,E,Mexicana,Dir 867
756,Pedro,Herrera,Valencia,ITZ,P,Mexicana,Dir 822
757,Arturo,Paredes,Rodriguez,UNAM,P,Mexicana,Dir 389
758,Gael,Diaz,Mendez,UAEM,E,Mexicana,Dir 827
759,Pedro,Castillo,Cruz,UPMOR,P,Mexicana,Dir 821
760,Carlos,Rios,Navarro,ITZ,E,Mexicana,Dir 457
761,Lucia,Escobar,Cervantes,UNAM,E,Mexicana,Dir 352
762,Javier,Vega,Rios,UNAM,P,Mexicana,Dir 810
763,Diana,Ortiz,Mendez,IPN,P,Mexicana,Dir 956
764,Ricardo,Sanchez,Cervantes,UPMOR,E,Mexicana,Dir 958
765,Maria,Avila,Rojas,UNAM,E,Mexicana,Dir 700
766,Miguel,Guzman,Ramos,UNAM,P,Mexicana,Dir 363
767,Margarita,Garcia,Delgado,UAEM,E,Mexicana,Dir 142
768,Valeria,Perez,Ramirez,UPMOR,E,Mexicana,Dir 585
769,Elena,Castillo,Gomez,IPN,E,Mexicana,Dir 364
770,Monica,Morales,Maldonado,ITZ,P,Mexicana,Dir 225
771,Lucia,Castro,Ruiz,IPN,P,Mexicana,Dir 550
772,Elena,Garcia,Castro,IPN,E,Mexicana,Dir 564
773,Miguel,Cervantes,Ortiz,UNAM,P,Mexicana,Dir 336
774,Ana,Ortiz,Martinez,UTEZ,P,Mexicana,Dir 990
775,Rumualdo,Cruz,Cortes,UTEZ,E,Mexicana,Dir 49
776,Sofia,Vargas,Molina,UNAM,P,Mexicana,Dir 903
777,Claudia,Morales,Espinoza,ITZ,P,Mexicana,Dir 63
778,Hugo,Diaz,Perez,UTEZ,E,Mexicana,Dir 711
779,Jose,Escobar,Guzman,UAEM,P,Mexicana,Dir 615
780,Pedro,Flores,Guzman,UTEZ,E,Mexicana,Dir 824
781,Carmen,Soto,Rodriguez,UNAM,E,Mexicana,Dir 880
782,Leticia,Garcia,Chavez,UAEM,E,Mexicana,Dir 70
783,Andrea,Mendez,Reyes,ITZ,P,Mexicana,Dir 15
784,Jesus,Herrera,Morales,IPN,E,Mexicana,Dir 713
785,Daniela,Ruiz,Cabrera,UPMOR,P,Mexicana,Dir 383
786,Martin,Castillo,Delgado,ITZ,P,Mexicana,Dir 512
787,Natalia,Sosa,Avila,UNAM,P,Mexicana,Dir 965
788,Elena,Chavez,Diaz,UAEM,E,Mexicana,Dir 434
789,Jose,Munoz,Garcia,UAEM,E,Mexicana,Dir 842
790,Lucia,Guzman,Cordova,UTEZ,E,Mexicana,Dir 317
791,Raul,Sosa,Cordova,UAEM,E,Mexicana,Dir 828
792,Ana,Velazquez,Mendez,IPN,E,Mexicana,Dir 431
793,Daniela,Flores,Morales,IPN,P,Mexicana,Dir 198
794,Diana,Vargas,Gonzalez,UAEM,P,Mexicana,Dir 482
795,Maria,Gonzalez,Rodriguez,UNAM,E,Mexicana,Dir 761
796,Andrea,Cabrera,Romero,UTEZ,P,Mexicana,Dir 525
797,Lucia,Valencia,Lara,ITZ,P,Mexicana,Dir 747
798,Fernando,Garcia,Sanchez,UTEZ,E,Mexicana,Dir 612
799,Carolina,Vega,Rodriguez,ITZ,P,Mexicana,Dir 988
800,Hector,Cortes,Cabrera,UTEZ,P,Mexicana,Dir 325
801,Paola,Reyes,Ortiz,UNAM,E,Mexicana,Dir 746
802,Hector,Herrera,Munoz,ITZ,P,Mexicana,Dir 426
803,Laura,Flores,Cortes,ITZ,E,Mexicana,Dir 238
804,Teresa,Sanchez,Herrera,UTEZ,P,Mexicana,Dir 463
805,Victor,Mendoza,Ramos,UTEZ,P,Mexicana,Dir 379
806,Claudia,Sosa,Cordova,UPMOR,P,Mexicana,Dir 98
807,Jesus,Espinoza,Cordova,ITZ,P,Mexicana,Dir 233
808,Francisco,Ramos,Gonzalez,IPN,E,Mexicana,Dir 350
809,Sofia,Salazar,Castro,IPN,P,Mexicana,Dir 755
810,Ruben,Avila,Chavez,UNAM,E,Mexicana,Dir 205
811,Teresa,Ruiz,Gutierrez,UAEM,E,Mexicana,Dir 395
812,Arturo,Castro,Ramirez,UAEM,P,Mexicana,Dir 694
813,Arturo,Paredes,Silva,UTEZ,E,Mexicana,Dir 540
814,Laura,Reyes,Escobar,UPMOR,E,Mexicana,Dir 942
815,Raul,Ramirez,Soto,UPMOR,P,Mexicana,Dir 809
816,Antonio,Cordova,Molina,UAEM,P,Mexicana,Dir 295
817,Carlos,Ortiz,Lopez,UTEZ,E,Mexicana,Dir 238
818,Maria,Reyes,Silva,IPN,P,Mexicana,Dir 728
819,Patricia,Vega,Velazquez,UTEZ,E,Mexicana,Dir 713
820,Francisco,Guzman,Lara,UAEM,P,Mexicana,Dir 714
821,Susana,Munoz,Garza,IPN,E,Mexicana,Dir 748
822,Margarita,Delgado,Maldonado,UAEM,E,Mexicana,Dir 402
823,Miguel,Delgado,Cordova,UAEM,E,Mexicana,Dir 694
824,Hector,Gomez,Campos,IPN,E,Mexicana,Dir 879
825,Adriana,Medina,Rodriguez,IPN,P,Mexicana,Dir 616
826,Rafael,Garza,Cabrera,UTEZ,E,Mexicana,Dir 52
827,Adriana,Ramirez,Ramos,UTEZ,P,Mexicana,Dir 862
828,Veronica,Ortiz,Mejia,UAEM,E,Mexicana,Dir 628
829,Beatriz,Ramos,Lopez,UTEZ,E,Mexicana,Dir 863
830,Paola,Morales,Valencia,UTEZ,P,Mexicana,Dir 623
831,Rafael,Vega,Reyes,UAEM,P,Mexicana,Dir 482
832,Gael,Dominguez,Avila,UPMOR,E,Mexicana,Dir 672
833,Susana,Soto,Ramirez,UAEM,E,Mexicana,Dir 727
834,Victor,Aguilar,Garza,UNAM,P,Mexicana,Dir 581
835,Ricardo,Sosa,Cervantes,UAEM,P,Mexicana,Dir 578
836,Manuel,Paredes,Hernandez,UAEM,P,Mexicana,Dir 80
837,Rosa,Sanchez,Ramos,UAEM,P,Mexicana,Dir 277
838,Susana,Delgado,Cordova,UPMOR,P,Mexicana,Dir 433
839,Victor,Paredes,Navarro,ITZ,E,Mexicana,Dir 316
840,Carolina,Delgado,Rios,ITZ,P,Mexicana,Dir 590
841,Raul,Ramirez,Delgado,UTEZ,P,Mexicana,Dir 708
842,Margarita,Cordova,Molina,ITZ,E,Mexicana,Dir 752
843,Ricardo,Chavez,Flores,UPMOR,E,Mexicana,Dir 709
844,Martha,Bautista,Sanchez,ITZ,E,Mexicana,Dir 744
845,Arturo,Cortes,Sosa,UAEM,P,Mexicana,Dir 421
846,Monica,Maldonado,Dominguez,UPMOR,P,Mexicana,Dir 625
847,Valeria,Gutierrez,Navarro,UTEZ,P,Mexicana,Dir 835
848,Natalia,Molina,Dominguez,UTEZ,P,Mexicana,Dir 289
849,Esteban,Reyes,Cordova,UNAM,P,Mexicana,Dir 691
850,Gael,Rodriguez,Bautista,IPN,P,Mexicana,Dir 540
851,Lorena,Ortiz,Guzman,UAEM,E,Mexicana,Dir 308
852,Eduardo,Mendez,Guzman,ITZ,P,Mexicana,Dir 943
853,Silvia,Romero,Lopez,UPMOR,P,Mexicana,Dir 673
854,Roberto,Lopez,Maldonado,UAEM,E,Mexicana,Dir 105
855,Rafael,Cervantes,Rojas,UPMOR,E,Mexicana,Dir 980
856,Veronica,Gutierrez,Rios,UTEZ,E,Mexicana,Dir 232
857,Susana,Ramirez,Mendez,IPN,P,Mexicana,Dir 626
858,Monica,Espinoza,Romero,UTEZ,P,Mexicana,Dir 1000
859,Rumualdo,Cruz,Espinoza,UTEZ,E,Mexicana,Dir 279
860,Manuel,Lara,Velazquez,UAEM,P,Mexicana,Dir 206
861,Pedro,Reyes,Maldonado,UAEM,P,Mexicana,Dir 819
862,Carlos,Molina,Aguilar,ITZ,E,Mexicana,Dir 937
863,Ruben,Maldonado,Morales,UAEM,P,Mexicana,Dir 151
864,Lorena,Sosa,Mejia,UTEZ,E,Mexicana,Dir 333
865,Valeria,Martinez,Munoz,IPN,P,Mexicana,Dir 160
866,Daniela,Molina,Flores,UTEZ,E,Mexicana,Dir 495
867,Alejandro,Hernandez,Sosa,UAEM,P,Mexicana,Dir 65
868,Claudia,Gomez,Molina,UPMOR,E,Mexicana,Dir 829
869,Ricardo,Rios,Sanchez,IPN,P,Mexicana,Dir 588
870,Veronica,Guzman,Morales,UPMOR,P,Mexicana,Dir 697
871,Jesus,Garza,Romero,UPMOR,P,Mexicana,Dir 581
872,Manuel,Cervantes,Paredes,ITZ,P,Mexicana,Dir 446
873,Leticia,Valencia,Silva,IPN,E,Mexicana,Dir 31
874,Jesus,Castillo,Reyes,UTEZ,E,Mexicana,Dir 915
875,Francisco,Rodriguez,Guzman,ITZ,P,Mexicana,Dir 392
876,Miguel,Martinez,Campos,ITZ,P,Mexicana,Dir 498
877,Laura,Lopez,Vargas,ITZ,E,Mexicana,Dir 93
878,Gerardo,Mendez,Cortes,UTEZ,P,Mexicana,Dir 136
879,Margarita,Medina,Sanchez,ITZ,E,Mexicana,Dir 858
880,Elena,Silva,Mendez,IPN,E,Mexicana,Dir 441
881,Beatriz,Soto,Mendoza,UTEZ,P,Mexicana,Dir 879
882,Arturo,Rojas,Munoz,UNAM,P,Mexicana,Dir 858
883,Rafael,Paredes,Munoz,IPN,P,Mexicana,Dir 853
884,Ruben,Cordova,Ramirez,UTEZ,E,Mexicana,Dir 886
885,Ruben,Munoz,Lara,ITZ,P,Mexicana,Dir 43
886,Victor,Mejia,Rodriguez,UNAM,E,Mexicana,Dir 363
887,Beatriz,Mendez,Delgado,UTEZ,E,Mexicana,Dir 170
888,Gabriela,Cabrera,Valencia,IPN,P,Mexicana,Dir 216
889,Hector,Lara,Chavez,UNAM,P,Mexicana,Dir 161
890,Oscar,Ruiz,Hernandez,ITZ,P,Mexicana,Dir 309
891,Ana,Sanchez,Cervantes,ITZ,P,Mexicana,Dir 606
892,Valeria,Romero,Paredes,ITZ,P,Mexicana,Dir 929
893,Gerardo,Valencia,Hernandez,UPMOR,E,Mexicana,Dir 353
894,Adriana,Paredes,Bautista,UTEZ,E,Mexicana,Dir 432
895,Antonio,Ortiz,Castro,UTEZ,E,Mexicana,Dir 836
896,Susana,Mejia,Paredes,UTEZ,P,Mexicana,Dir 354
897,Diana,Campos,Cordova,UNAM,E,Mexicana,Dir 864
898,Laura,Cabrera,Mejia,UPMOR,P,Mexicana,Dir 337
899,Victor,Gonzalez,Mendoza,ITZ,P,Mexicana,Dir 472
900,Javier,Salazar,Maldonado,UNAM,P,Mexicana,Dir 849
901,Manuel,Gutierrez,Reyes,UPMOR,P,Mexicana,Dir 497
902,Paola,Sanchez,Escobar,UTEZ,P,Mexicana,Dir 704
903,Victor,Castillo,Mejia,UPMOR,E,Mexicana,Dir 658
904,Daniela,Vega,Sosa,IPN,P,Mexicana,Dir 106
905,Manuel,Escobar,Dominguez,UTEZ,P,Mexicana,Dir 775
906,Rosa,Rodriguez,Rios,UTEZ,E,Mexicana,Dir 916
907,Manuel,Rojas,Sanchez,UPMOR,E,Mexicana,Dir 931
908,Julio,Martinez,Guzman,UAEM,E,Mexicana,Dir 803
909,Antonio,Ramirez,Medina,ITZ,P,Mexicana,Dir 826
910,Manuel,Mendoza,Campos,UAEM,P,Mexicana,Dir 367
911,Carmen,Flores,Lopez,UPMOR,E,Mexicana,Dir 140
912,Margarita,Cabrera,Mendoza,UNAM,E,Mexicana,Dir 167
913,Carolina,Cruz,Rios,UAEM,P,Mexicana,Dir 303
914,Miguel,Ortiz,Munoz,UPMOR,E,Mexicana,Dir 185
915,Ruben,Mendez,Reyes,UNAM,P,Mexicana,Dir 752
916,Luis,Munoz,Flores,ITZ,E,Mexicana,Dir 680
917,Sofia,Velazquez,Perez,ITZ,P,Mexicana,Dir 487
918,Pedro,Ortiz,Paredes,UAEM,E,Mexicana,Dir 431
919,Laura,Paredes,Gonzalez,ITZ,E,Mexicana,Dir 398
920,Elena,Romero,Valencia,ITZ,P,Mexicana,Dir 308
921,Patricia,Rios,Perez,UNAM,E,Mexicana,Dir 833
922,Margarita,Munoz,Cruz,UPMOR,E,Mexicana,Dir 833
923,Gael,Ramos,Escobar,IPN,P,Mexicana,Dir 775
924,Diana,Herrera,Ramos,ITZ,E,Mexicana,Dir 510
925,Carlos,Martinez,Mejia,UTEZ,E,Mexicana,Dir 805
926,Jesus,Cruz,Velazquez,IPN,P,Mexicana,Dir 207
927,Paola,Reyes,Ruiz,UAEM,E,Mexicana,Dir 629
928,Elena,Gonzalez,Campos,UNAM,P,Mexicana,Dir 398
929,Ruben,Sosa,Medina,UTEZ,E,Mexicana,Dir 751
930,Alejandro,Sanchez,Medina,UAEM,P,Mexicana,Dir 127
931,Martin,Castillo,Garza,IPN,P,Mexicana,Dir 911
932,Hector,Lopez,Ortiz,UNAM,E,Mexicana,Dir 307
933,Ruben,Cortes,Maldonado,IPN,E,Mexicana,Dir 712
934,Elena,Diaz,Guzman,UNAM,P,Mexicana,Dir 434
935,Ana,Garza,Rodriguez,UPMOR,E,Mexicana,Dir 185
936,Eduardo,Molina,Castillo,ITZ,E,Mexicana,Dir 396
937,Laura,Gonzalez,Cabrera,IPN,E,Mexicana,Dir 496
938,Ana,Gonzalez,Cruz,UNAM,E,Mexicana,Dir 40
939,Carlos,Navarro,Valencia,UAEM,P,Mexicana,Dir 73
940,Lucia,Ruiz,Delgado,UTEZ,E,Mexicana,Dir 528
941,Manuel,Mendoza,Garza,UAEM,E,Mexicana,Dir 726
942,Arturo,Gonzalez,Navarro,IPN,P,Mexicana,Dir 704
943,Carlos,Hernandez,Dominguez,UTEZ,E,Mexicana,Dir 260
944,Gael,Gutierrez,Valencia,UNAM,E,Mexicana,Dir 395
945,Manuel,Rojas,Chavez,IPN,P,Mexicana,Dir 258
946,Carlos,Chavez,Ruiz,UTEZ,E,Mexicana,Dir 586
947,Eduardo,Sosa,Cordova,UAEM,P,Mexicana,Dir 926
948,Sofia,Cruz,Navarro,UPMOR,P,Mexicana,Dir 155
949,Paola,Ramos,Gomez,UAEM,P,Mexicana,Dir 416
950,Manuel,Vargas,Gonzalez,UNAM,P,Mexicana,Dir 872
951,Natalia,Morales,Dominguez,ITZ,E,Mexicana,Dir 603
952,Laura,Romero,Garza,IPN,E,Mexicana,Dir 27
953,Leticia,Salazar,Cortes,UAEM,P,Mexicana,Dir 144
954,Gael,Escobar,Perez,UTEZ,P,Mexicana,Dir 487
955,Fernando,Cabrera,Avila,UPMOR,P,Mexicana,Dir 268
956,Andrea,Lara,Lara,ITZ,P,Mexicana,Dir 113
957,Fernando,Bautista,Cervantes,UNAM,P,Mexicana,Dir 473
958,Adriana,Cortes,Lara,IPN,P,Mexicana,Dir 219
959,Beatriz,Mendez,Silva,ITZ,P,Mexicana,Dir 508
960,Paola,Ramirez,Escobar,UAEM,P,Mexicana,Dir 451
961,Arturo,Ruiz,Diaz,UNAM,E,Mexicana,Dir 600
962,Carmen,Espinoza,Silva,IPN,P,Mexicana,Dir 660
963,Lucia,Munoz,Rojas,UPMOR,P,Mexicana,Dir 161
964,Ricardo,Martinez,Mendoza,ITZ,E,Mexicana,Dir 726
965,Javier,Campos,Bautista,UPMOR,P,Mexicana,Dir 211
966,Roberto,Castillo,Gomez,UAEM,P,Mexicana,Dir 913
967,Laura,Vega,Velazquez,UNAM,P,Mexicana,Dir 554
968,Jesus,Escobar,Cortes,IPN,P,Mexicana,Dir 253
969,Victor,Bautista,Castro,IPN,E,Mexicana,Dir 232
970,Maria,Sosa,Herrera,UTEZ,E,Mexicana,Dir 279
971,Lucia,Rios,Delgado,UPMOR,P,Mexicana,Dir 261
972,Valeria,Lara,Navarro,UNAM,P,Mexicana,Dir 508
973,Monica,Rodriguez,Dominguez,UAEM,P,Mexicana,Dir 685
974,Carmen,Molina,Cordova,ITZ,E,Mexicana,Dir 716
975,Jose,Martinez,Gonzalez,UPMOR,P,Mexicana,Dir 875
976,Lorena,Gonzalez,Cabrera,UNAM,E,Mexicana,Dir 661
977,Miguel,Ruiz,Cordova,UPMOR,P,Mexicana,Dir 555
978,Fernando,Cordova,Ruiz,IPN,E,Mexicana,Dir 520
979,Ricardo,Garcia,Maldonado,UNAM,P,Mexicana,Dir 340
980,Maria,Cordova,Medina,IPN,P,Mexicana,Dir 973
981,Rosa,Ruiz,Bautista,UTEZ,P,Mexicana,Dir 50
982,Leticia,Gomez,Gutierrez,UAEM,P,Mexicana,Dir 981
983,Carolina,Cervantes,Ramos,UAEM,E,Mexicana,Dir 515
984,Jose,Herrera,Lara,UAEM,P,Mexicana,Dir 311
985,Elena,Aguilar,Rojas,ITZ,E,Mexicana,Dir 697
986,Teresa,Cruz,Delgado,UAEM,P,Mexicana,Dir 891
987,Jose,Aguilar,Vargas,ITZ,P,Mexicana,Dir 210
988,Ana,Navarro,Gomez,ITZ,P,Mexicana,Dir 362
989,Carmen,Soto,Mejia,UPMOR,E,Mexicana,Dir 848
990,Gabriela,Cruz,Mejia,IPN,P,Mexicana,Dir 278
991,Claudia,Rios,Munoz,IPN,P,Mexicana,Dir 386
992,Carolina,Gonzalez,Gutierrez,UTEZ,E,Mexicana,Dir 964
993,Adriana,Castro,Herrera,UTEZ,E,Mexicana,Dir 340
994,Ricardo,Munoz,Delgado,UNAM,P,Mexicana,Dir 889
995,Pedro,Ruiz,Castillo,UPMOR,P,Mexicana,Dir 551
996,Jose,Escobar,Lopez,UAEM,E,Mexicana,Dir 79
997,Veronica,Guzman,Velazquez,UTEZ,P,Mexicana,Dir 612
998,Alejandro,Garza,Mendez,ITZ,P,Mexicana,Dir 109
999,Natalia,Navarro,Rios,UPMOR,P,Mexicana,Dir 314
1000,Carlos,Garcia,Campos,UPMOR,P,Mexicana,Dir 624
1001,Hector,Lara,Salazar,UAEM,E,Mexicana,Dir 62
1002,Carlos,Escobar,Cervantes,UPMOR,P,Mexicana,Dir 480
1003,Miguel,Gutierrez,Medina,UAEM,E,Mexicana,Dir 522
1004,Victor,Guzman,Paredes,UPMOR,P,Mexicana,Dir 421
1005,Pedro,Rodriguez,Mejia,IPN,E,Mexicana,Dir 776
1006,Roberto,Maldonado,Gonzalez,UPMOR,P,Mexicana,Dir 623
1007,Silvia,Aguilar,Perez,UNAM,E,Mexicana,Dir 322
1008,Hugo,Lopez,Silva,IPN,P,Mexicana,Dir 527
1009,Lucia,Vega,Bautista,ITZ,E,Mexicana,Dir 492
1010,Martha,Navarro,Sosa,UTEZ,P,Mexicana,Dir 579
1011,Lorena,Sanchez,Bautista,UAEM,E,Mexicana,Dir 478
1012,Rumualdo,Hernandez,Mendoza,ITZ,E,Mexicana,Dir 424
1013,Pedro,Valencia,Mendez,IPN,P,Mexicana,Dir 908
1014,Patricia,Escobar,Gonzalez,UPMOR,E,Mexicana,Dir 52
1015,Leticia,Maldonado,Cordova,UAEM,P,Mexicana,Dir 818
1016,Silvia,Sosa,Mejia,UPMOR,E,Mexicana,Dir 492
1017,Oscar,Dominguez,Garcia,ITZ,E,Mexicana,Dir 917
1018,Maria,Cortes,Reyes,UNAM,E,Mexicana,Dir 32
1019,Ruben,Delgado,Cortes,IPN,E,Mexicana,Dir 686
1020,Pedro,Sanchez,Chavez,IPN,E,Mexicana,Dir 404
1021,Teresa,Garza,Ramos,UTEZ,P,Mexicana,Dir 314
1022,Laura,Cervantes,Soto,UNAM,P,Mexicana,Dir 921
1023,Ricardo,Cordova,Ramos,UTEZ,P,Mexicana,Dir 783
1024,Eduardo,Chavez,Lopez,IPN,P,Mexicana,Dir 984
1025,Adriana,Gonzalez,Ramos,UPMOR,E,Mexicana,Dir 825
1026,Diego,Lara,Avila,UTEZ,P,Mexicana,Dir 501
1027,Veronica,Molina,Valencia,UNAM,P,Mexicana,Dir 757
1028,Valeria,Cabrera,Avila,UAEM,P,Mexicana,Dir 652
1029,Raul,Delgado,Gomez,IPN,P,Mexicana,Dir 279
1030,Jesus,Paredes,Mendez,UAEM,P,Mexicana,Dir 920
1031,Carmen,Rodriguez,Hernandez,UAEM,P,Mexicana,Dir 287
1032,Susana,Morales,Mendoza,UTEZ,P,Mexicana,Dir 227
1033,Carlos,Navarro,Mendez,IPN,P,Mexicana,Dir 975
1034,Francisco,Paredes,Vargas,IPN,E,Mexicana,Dir 579
1035,Monica,Sanchez,Ramos,ITZ,E,Mexicana,Dir 603
1036,Gael,Gonzalez,Aguilar,UPMOR,E,Mexicana,Dir 885
1037,Lorena,Sanchez,Ramirez,UTEZ,P,Mexicana,Dir 921
1038,Rumualdo,Diaz,Cruz,UAEM,E,Mexicana,Dir 25
1039,Carlos,Hernandez,Sanchez,ITZ,E,Mexicana,Dir 45
1040,Martin,Maldonado,Diaz,ITZ,E,Mexicana,Dir 794
1041,Hugo,Garza,Delgado,UPMOR,E,Mexicana,Dir 41
1042,Diana,Paredes,Diaz,UPMOR,E,Mexicana,Dir 73
1043,Beatriz,Vega,Mendez,UAEM,E,Mexicana,Dir 130
1044,Alejandro,Romero,Bautista,UTEZ,P,Mexicana,Dir 684
1045,Gabriela,Vargas,Mendez,UNAM,P,Mexicana,Dir 227
1046,Monica,Romero,Delgado,UPMOR,E,Mexicana,Dir 828
1047,Elena,Campos,Mejia,UPMOR,E,Mexicana,Dir 699
1048,Julio,Garcia,Hernandez,ITZ,P,Mexicana,Dir 22
1049,Francisco,Gomez,Maldonado,UPMOR,P,Mexicana,Dir 567
1050,Hector,Medina,Aguilar,UAEM,P,Mexicana,Dir 873
1051,Carolina,Martinez,Vargas,IPN,P,Mexicana,Dir 675
1052,Valeria,Munoz,Gutierrez,UTEZ,P,Mexicana,Dir 610
1053,Esteban,Espinoza,Espinoza,ITZ,E,Mexicana,Dir 933
1054,Margarita,Soto,Cabrera,ITZ,E,Mexicana,Dir 504
1055,Carolina,Guzman,Mejia,UNAM,E,Mexicana,Dir 867
1056,Antonio,Delgado,Sanchez,UPMOR,P,Mexicana,Dir 646
1057,Fernando,Navarro,Cordova,UNAM,P,Mexicana,Dir 366
1058,Maria,Chavez,Salazar,UPMOR,P,Mexicana,Dir 409
1059,Ruben,Cortes,Ramirez,ITZ,P,Mexicana,Dir 301
1060,Gabriela,Ramirez,Castillo,UTEZ,E,Mexicana,Dir 177
1061,Valeria,Vega,Garcia,UTEZ,P,Mexicana,Dir 631
1062,Carlos,Vega,Salazar,UTEZ,E,Mexicana,Dir 656
1063,Maria,Cordova,Garza,UPMOR,E,Mexicana,Dir 914
1064,Carlos,Rodriguez,Medina,IPN,P,Mexicana,Dir 143
1065,Ruben,Garza,Ramos,UNAM,E,Mexicana,Dir 194
1066,Natalia,Gonzalez,Espinoza,IPN,P,Mexicana,Dir 166
1067,Victor,Soto,Gutierrez,UPMOR,P,Mexicana,Dir 455
1068,Veronica,Morales,Sosa,UNAM,E,Mexicana,Dir 650
1069,Natalia,Sanchez,Munoz,ITZ,E,Mexicana,Dir 931
1070,Antonio,Velazquez,Escobar,UPMOR,P,Mexicana,Dir 411
1071,Hugo,Cervantes,Maldonado,ITZ,P,Mexicana,Dir 492
1072,Gael,Campos,Bautista,IPN,P,Mexicana,Dir 840
1073,Laura,Ruiz,Rodriguez,ITZ,P,Mexicana,Dir 783
1074,Elena,Cruz,Rojas,IPN,E,Mexicana,Dir 217
1075,Roberto,Salazar,Soto,UNAM,E,Mexicana,Dir 595
1076,Andrea,Vargas,Medina,IPN,P,Mexicana,Dir 69
1077,Natalia,Delgado,Castro,UPMOR,P,Mexicana,Dir 760
1078,Ruben,Cabrera,Aguilar,UAEM,P,Mexicana,Dir 519
1079,Antonio,Navarro,Cordova,UNAM,P,Mexicana,Dir 903
1080,Carolina,Reyes,Rodriguez,UPMOR,P,Mexicana,Dir 542
1081,Rafael,Perez,Campos,UAEM,E,Mexicana,Dir 959
1082,Antonio,Perez,Lara,UPMOR,P,Mexicana,Dir 660
1083,Rosa,Cruz,Reyes,UAEM,P,Mexicana,Dir 587
1084,Arturo,Medina,Delgado,ITZ,P,Mexicana,Dir 505
1085,Rafael,Romero,Paredes,ITZ,E,Mexicana,Dir 222
1086,Rosa,Bautista,Morales,UAEM,E,Mexicana,Dir 909
1087,Susana,Gomez,Romero,ITZ,P,Mexicana,Dir 347
1088,Rosa,Herrera,Hernandez,UTEZ,E,Mexicana,Dir 205
1089,Maria,Morales,Aguilar,UNAM,P,Mexicana,Dir 177
1090,Ruben,Cordova,Morales,UAEM,P,Mexicana,Dir 472
1091,Rafael,Valencia,Garcia,IPN,E,Mexicana,Dir 384
1092,Fernando,Ruiz,Lopez,ITZ,E,Mexicana,Dir 599
1093,Arturo,Castillo,Velazquez,UNAM,E,Mexicana,Dir 892
1094,Luis,Cabrera,Bautista,ITZ,P,Mexicana,Dir 190
1095,Veronica,Sosa,Ruiz,UTEZ,P,Mexicana,Dir 79
1096,Ruben,Lopez,Mejia,UTEZ,E,Mexicana,Dir 971
1097,Jose,Ortiz,Molina,UNAM,P,Mexicana,Dir 198
1098,Lucia,Salazar,Maldonado,UPMOR,E,Mexicana,Dir 884
1099,Jesus,Sanchez,Cruz,IPN,E,Mexicana,Dir 276
1100,Alejandro,Silva,Delgado,UNAM,P,Mexicana,Dir 621
1101,Roberto,Lara,Cruz,UTEZ,E,Mexicana,Dir 408
1102,Alejandro,Soto,Espinoza,UTEZ,E,Mexicana,Dir 130
1103,Arturo,Diaz,Munoz,UAEM,E,Mexicana,Dir 454
1104,Rosa,Vargas,Chavez,IPN,E,Mexicana,Dir 229
1105,Monica,Valencia,Reyes,ITZ,E,Mexicana,Dir 596
1106,Antonio,Rios,Bautista,UPMOR,P,Mexicana,Dir 883
1107,Diana,Guzman,Rios,UTEZ,P,Mexicana,Dir 27
1108,Manuel,Gomez,Hernandez,UNAM,P,Mexicana,Dir 84
1109,Jorge,Sosa,Delgado,UNAM,E,Mexicana,Dir 27
1110,Gerardo,Rodriguez,Molina,ITZ,P,Mexicana,Dir 585
1111,Carmen,Vargas,Ortiz,UNAM,E,Mexicana,Dir 775
1112,Gabriela,Aguilar,Soto,ITZ,E,Mexicana,Dir 43
1113,Gabriela,Ramos,Ruiz,UAEM,E,Mexicana,Dir 627
1114,Lorena,Flores,Lopez,IPN,P,Mexicana,Dir 14
1115,Rosa,Avila,Ortiz,UTEZ,P,Mexicana,Dir 607
1116,Andrea,Valencia,Molina,IPN,P,Mexicana,Dir 32
1117,Alejandro,Diaz,Garza,UNAM,P,Mexicana,Dir 30
1118,Luis,Soto,Salazar,UTEZ,P,Mexicana,Dir 949
1119,Ana,Cruz,Delgado,IPN,E,Mexicana,Dir 597
1120,Hector,Guzman,Reyes,ITZ,P,Mexicana,Dir 77
1121,Leticia,Munoz,Campos,UNAM,E,Mexicana,Dir 813
1122,Julio,Molina,Delgado,IPN,E,Mexicana,Dir 873
1123,Margarita,Hernandez,Ruiz,UNAM,P,Mexicana,Dir 238
1124,Veronica,Garza,Reyes,UPMOR,P,Mexicana,Dir 664
1125,Julio,Morales,Sanchez,UNAM,P,Mexicana,Dir 605
1126,Antonio,Vega,Reyes,IPN,P,Mexicana,Dir 227
1127,Esteban,Cortes,Lopez,UPMOR,E,Mexicana,Dir 548
1128,Maria,Diaz,Delgado,UAEM,E,Mexicana,Dir 157
1129,Natalia,Rios,Herrera,IPN,E,Mexicana,Dir 838
1130,Rosa,Soto,Cruz,ITZ,E,Mexicana,Dir 4
1131,Hugo,Gomez,Garza,ITZ,P,Mexicana,Dir 234
1132,Carlos,Cordova,Lara,IPN,E,Mexicana,Dir 485
1133,Hugo,Vega,Martinez,ITZ,P,Mexicana,Dir 969
1134,Andrea,Vargas,Lopez,UAEM,P,Mexicana,Dir 578
1135,Patricia,Vargas,Reyes,IPN,P,Mexicana,Dir 887
1136,Diego,Diaz,Silva,UAEM,P,Mexicana,Dir 430
1137,Adriana,Silva,Cruz,ITZ,E,Mexicana,Dir 238
1138,Carmen,Vega,Gutierrez,UTEZ,E,Mexicana,Dir 553
1139,Pedro,Escobar,Cortes,UNAM,P,Mexicana,Dir 470
1140,Paola,Dominguez,Gutierrez,IPN,E,Mexicana,Dir 11
1141,Susana,Aguilar,Ramirez,IPN,P,Mexicana,Dir 57
1142,Monica,Avila,Sosa,UNAM,P,Mexicana,Dir 806
1143,Jose,Navarro,Escobar,UAEM,E,Mexicana,Dir 706
1144,Valeria,Garza,Gonzalez,ITZ,E,Mexicana,Dir 863
1145,Rumualdo,Munoz,Munoz,UPMOR,E,Mexicana,Dir 96
1146,Victor,Salazar,Cabrera,UTEZ,E,Mexicana,Dir 195
1147,Silvia,Paredes,Cortes,UAEM,P,Mexicana,Dir 12
1148,Pedro,Ortiz,Martinez,ITZ,E,Mexicana,Dir 944
1149,Ricardo,Munoz,Cruz,ITZ,E,Mexicana,Dir 436
1150,Sofia,Molina,Gutierrez,IPN,P,Mexicana,Dir 138
1151,Veronica,Velazquez,Gonzalez,IPN,P,Mexicana,Dir 454
1152,Julio,Garcia,Rojas,UTEZ,E,Mexicana,Dir 420
1153,Susana,Mejia,Escobar,ITZ,P,Mexicana,Dir 226
1154,Manuel,Salazar,Guzman,IPN,E,Mexicana,Dir 763
1155,Jesus,Reyes,Mendez,ITZ,P,Mexicana,Dir 409
1156,Rosa,Munoz,Cortes,UNAM,P,Mexicana,Dir 476
1157,Victor,Castro,Perez,UPMOR,P,Mexicana,Dir 146
1158,Raul,Maldonado,Maldonado,UAEM,P,Mexicana,Dir 979
1159,Antonio,Morales,Delgado,IPN,E,Mexicana,Dir 552
1160,Esteban,Avila,Espinoza,UAEM,E,Mexicana,Dir 593
1161,Diego,Dominguez,Martinez,ITZ,E,Mexicana,Dir 876
1162,Diego,Herrera,Cabrera,IPN,E,Mexicana,Dir 748
1163,Sofia,Rodriguez,Cervantes,UNAM,P,Mexicana,Dir 80
1164,Rosa,Velazquez,Morales,UAEM,E,Mexicana,Dir 395
1165,Sofia,Garza,Silva,UTEZ,E,Mexicana,Dir 708
1166,Julio,Mendoza,Cervantes,IPN,E,Mexicana,Dir 926
1167,Luis,Chavez,Morales,UTEZ,P,Mexicana,Dir 574
1168,Claudia,Sanchez,Mendez,IPN,E,Mexicana,Dir 979
1169,Ricardo,Cordova,Garza,ITZ,E,Mexicana,Dir 84
1170,Diego,Vega,Ramos,UAEM,E,Mexicana,Dir 941
1171,Gabriela,Rodriguez,Dominguez,UTEZ,E,Mexicana,Dir 461
1172,Rumualdo,Flores,Rojas,UTEZ,E,Mexicana,Dir 441
1173,Patricia,Munoz,Molina,ITZ,E,Mexicana,Dir 87
1174,Victor,Rodriguez,Ruiz,UPMOR,E,Mexicana,Dir 131
1175,Rumualdo,Garcia,Vargas,UAEM,P,Mexicana,Dir 653
1176,Silvia,Vega,Cordova,ITZ,P,Mexicana,Dir 175
1177,Victor,Mendez,Campos,UNAM,P,Mexicana,Dir 268
1178,Manuel,Rodriguez,Maldonado,IPN,P,Mexicana,Dir 802
1179,Ruben,Mejia,Garcia,UNAM,E,Mexicana,Dir 972
1180,Patricia,Salazar,Avila,IPN,E,Mexicana,Dir 508
1181,Elena,Aguilar,Lara,IPN,P,Mexicana,Dir 985
1182,Monica,Rios,Garcia,ITZ,E,Mexicana,Dir 599
1183,Jorge,Rojas,Rodriguez,UPMOR,E,Mexicana,Dir 863
1184,Oscar,Castillo,Delgado,UPMOR,P,Mexicana,Dir 966
1185,Gabriela,Escobar,Mendez,UAEM,E,Mexicana,Dir 399
1186,Veronica,Chavez,Vargas,UTEZ,E,Mexicana,Dir 403
1187,Jorge,Chavez,Gomez,UPMOR,E,Mexicana,Dir 699
1188,Jesus,Castillo,Garza,IPN,E,Mexicana,Dir 366
1189,Gerardo,Reyes,Flores,UAEM,E,Mexicana,Dir 389
1190,Alejandro,Ortiz,Ramos,ITZ,P,Mexicana,Dir 827
1191,Patricia,Martinez,Paredes,UTEZ,P,Mexicana,Dir 554
1192,Ricardo,Gomez,Lopez,UTEZ,P,Mexicana,Dir 693
1193,Beatriz,Ruiz,Medina,ITZ,E,Mexicana,Dir 686
1194,Martha,Mejia,Molina,IPN,E,Mexicana,Dir 409
1195,Martin,Vargas,Maldonado,UNAM,E,Mexicana,Dir 919
1196,Pedro,Martinez,Rios,UNAM,E,Mexicana,Dir 710
1197,Rafael,Vargas,Espinoza,UAEM,E,Mexicana,Dir 398
1198,Claudia,Ruiz,Mejia,IPN,P,Mexicana,Dir 818
1199,Javier,Salazar,Vega,UPMOR,E,Mexicana,Dir 127
1200,Antonio,Romero,Silva,UAEM,P,Mexicana,Dir 462
1201,Susana,Molina,Lopez,IPN,E,Mexicana,Dir 218
1202,Luis,Campos,Navarro,ITZ,E,Mexicana,Dir 7
1203,Alejandro,Castro,Cortes,IPN,P,Mexicana,Dir 492
1204,Maria,Diaz,Lara,IPN,P,Mexicana,Dir 760
1205,Veronica,Cordova,Garcia,UPMOR,P,Mexicana,Dir 519
1206,Oscar,Cruz,Maldonado,IPN,E,Mexicana,Dir 1000
1207,Gabriela,Avila,Sosa,ITZ,P,Mexicana,Dir 707
1208,Roberto,Castillo,Aguilar,UPMOR,E,Mexicana,Dir 144
1209,Raul,Mendoza,Mendoza,UNAM,E,Mexicana,Dir 684
1210,Victor,Aguilar,Avila,IPN,E,Mexicana,Dir 443
1211,Daniela,Rios,Diaz,UPMOR,P,Mexicana,Dir 186
1212,Sofia,Medina,Garcia,UAEM,P,Mexicana,Dir 641
1213,Monica,Maldonado,Mendoza,ITZ,E,Mexicana,Dir 236
1214,Rafael,Ramirez,Sanchez,UNAM,E,Mexicana,Dir 536
1215,Francisco,Gomez,Lopez,IPN,P,Mexicana,Dir 235
1216,Carolina,Dominguez,Maldonado,ITZ,E,Mexicana,Dir 905
1217,Silvia,Ortiz,Romero,UAEM,P,Mexicana,Dir 849
1218,Margarita,Rodriguez,Silva,UAEM,P,Mexicana,Dir 979
1219,Natalia,Sanchez,Sosa,UTEZ,E,Mexicana,Dir 568
1220,Sofia,Lara,Herrera,UNAM,P,Mexicana,Dir 580
1221,Ana,Cruz,Rios,UAEM,P,Mexicana,Dir 465
1222,Carlos,Molina,Lopez,UAEM,E,Mexicana,Dir 551
1223,Rosa,Salazar,Aguilar,ITZ,P,Mexicana,Dir 245
1224,Andrea,Soto,Soto,UPMOR,P,Mexicana,Dir 305
1225,Rosa,Cabrera,Bautista,UNAM,E,Mexicana,Dir 566
1226,Sofia,Silva,Velazquez,IPN,E,Mexicana,Dir 565
1227,Luis,Gonzalez,Romero,IPN,P,Mexicana,Dir 109
1228,Jorge,Paredes,Gonzalez,ITZ,P,Mexicana,Dir 410
1229,Miguel,Mendez,Ramirez,UNAM,E,Mexicana,Dir 285
1230,Carolina,Cabrera,Paredes,UTEZ,P,Mexicana,Dir 934
1231,Hugo,Salazar,Mejia,UAEM,E,Mexicana,Dir 402
1232,Gabriela,Valencia,Paredes,UPMOR,P,Mexicana,Dir 253
1233,Jose,Gonzalez,Maldonado,UNAM,E,Mexicana,Dir 35
1234,Paola,Paredes,Dominguez,UTEZ,P,Mexicana,Dir 225
1235,Hugo,Soto,Cordova,UPMOR,P,Mexicana,Dir 677
1236,Manuel,Ramos,Gomez,UNAM,E,Mexicana,Dir 405
1237,Beatriz,Garza,Escobar,ITZ,P,Mexicana,Dir 594
1238,Monica,Castro,Silva,IPN,P,Mexicana,Dir 540
1239,Roberto,Garcia,Cabrera,UTEZ,E,Mexicana,Dir 401
1240,Lorena,Hernandez,Vargas,ITZ,E,Mexicana,Dir 303
1241,Carlos,Cruz,Paredes,UNAM,P,Mexicana,Dir 796
1242,Ricardo,Cortes,Sanchez,UTEZ,E,Mexicana,Dir 130
1243,Lucia,Vega,Flores,UNAM,E,Mexicana,Dir 318
1244,Rosa,Diaz,Espinoza,UTEZ,E,Mexicana,Dir 892
1245,Roberto,Cabrera,Flores,UNAM,P,Mexicana,Dir 104
1246,Ana,Gomez,Rodriguez,UTEZ,P,Mexicana,Dir 290
1247,Sofia,Sanchez,Perez,UPMOR,P,Mexicana,Dir 739
1248,Gael,Diaz,Cabrera,UNAM,P,Mexicana,Dir 446
1249,Luis,Garcia,Perez,IPN,E,Mexicana,Dir 850
1250,Natalia,Medina,Espinoza,UNAM,E,Mexicana,Dir 941
1251,Silvia,Lara,Soto,UNAM,E,Mexicana,Dir 104
1252,Teresa,Maldonado,Garza,ITZ,P,Mexicana,Dir 148
1253,Fernando,Sosa,Maldonado,UAEM,E,Mexicana,Dir 130
1254,Alejandro,Dominguez,Cervantes,UAEM,E,Mexicana,Dir 650
1255,Laura,Cruz,Ruiz,IPN,P,Mexicana,Dir 55
1256,Antonio,Reyes,Rojas,UNAM,E,Mexicana,Dir 629
1257,Fernando,Bautista,Velazquez,UAEM,E,Mexicana,Dir 497
1258,Ricardo,Cordova,Garcia,UTEZ,E,Mexicana,Dir 563
1259,Javier,Reyes,Ramirez,UTEZ,E,Mexicana,Dir 213
1260,Gael,Maldonado,Vega,UAEM,P,Mexicana,Dir 396
1261,Leticia,Salazar,Navarro,UTEZ,E,Mexicana,Dir 63
1262,Natalia,Reyes,Avila,UNAM,P,Mexicana,Dir 843
1263,Luis,Romero,Bautista,UTEZ,E,Mexicana,Dir 434
1264,Antonio,Reyes,Ortiz,UPMOR,P,Mexicana,Dir 936
1265,Silvia,Rojas,Mejia,IPN,P,Mexicana,Dir 246
1266,Patricia,Molina,Avila,UPMOR,E,Mexicana,Dir 646
1267,Daniela,Valencia,Ramos,UTEZ,E,Mexicana,Dir 933
1268,Jorge,Valencia,Ramos,ITZ,P,Mexicana,Dir 20
1269,Luis,Rodriguez,Paredes,UTEZ,E,Mexicana,Dir 731
1270,Alejandro,Rodriguez,Hernandez,UPMOR,P,Mexicana,Dir 369
1271,Paola,Castillo,Molina,UTEZ,E,Mexicana,Dir 756
1272,Susana,Maldonado,Cabrera,UNAM,E,Mexicana,Dir 12
1273,Sofia,Aguilar,Sanchez,UPMOR,E,Mexicana,Dir 552
1274,Sofia,Hernandez,Ruiz,ITZ,P,Mexicana,Dir 52
1275,Jose,Dominguez,Silva,UPMOR,E,Mexicana,Dir 24
1276,Gerardo,Gomez,Medina,UAEM,P,Mexicana,Dir 461
1277,Arturo,Rodriguez,Guzman,UTEZ,E,Mexicana,Dir 231
1278,Laura,Martinez,Cruz,UNAM,E,Mexicana,Dir 451
1279,Valeria,Ramos,Castro,UTEZ,E,Mexicana,Dir 107
1280,Laura,Lopez,Soto,IPN,E,Mexicana,Dir 555
1281,Victor,Rojas,Dominguez,IPN,E,Mexicana,Dir 235
1282,Luis,Ramirez,Medina,UPMOR,E,Mexicana,Dir 743
1283,Pedro,Dominguez,Valencia,UNAM,E,Mexicana,Dir 156
1284,Daniela,Sosa,Medina,UNAM,P,Mexicana,Dir 46
1285,Claudia,Navarro,Mendez,UAEM,P,Mexicana,Dir 913
1286,Arturo,Rojas,Garcia,ITZ,E,Mexicana,Dir 604
1287,Julio,Perez,Flores,UNAM,P,Mexicana,Dir 963
1288,Antonio,Herrera,Vargas,UTEZ,P,Mexicana,Dir 239
1289,Paola,Navarro,Cervantes,ITZ,P,Mexicana,Dir 831
1290,Diego,Garcia,Munoz,UTEZ,P,Mexicana,Dir 882
1291,Paola,Chavez,Cordova,ITZ,E,Mexicana,Dir 383
1292,Laura,Sosa,Romero,ITZ,E,Mexicana,Dir 640
1293,Gabriela,Ramos,Perez,IPN,E,Mexicana,Dir 898
1294,Rumualdo,Maldonado,Ortiz,UNAM,E,Mexicana,Dir 767
1295,Susana,Hernandez,Mendez,UAEM,P,Mexicana,Dir 56
1296,Jesus,Lara,Navarro,UPMOR,P,Mexicana,Dir 892
1297,Raul,Rodriguez,Ramos,ITZ,P,Mexicana,Dir 930
1298,Oscar,Chavez,Morales,UAEM,P,Mexicana,Dir 224
1299,Lorena,Cordova,Rodriguez,UPMOR,P,Mexicana,Dir 51
1300,Ruben,Castillo,Vargas,ITZ,E,Mexicana,Dir 762
1301,Raul,Vargas,Ortiz,UTEZ,E,Mexicana,Dir 691
1302,Raul,Silva,Diaz,ITZ,P,Mexicana,Dir 737
1303,Monica,Romero,Salazar,UTEZ,P,Mexicana,Dir 502
1304,Victor,Sanchez,Mendoza,IPN,E,Mexicana,Dir 767
1305,Ruben,Romero,Herrera,IPN,P,Mexicana,Dir 65
1306,Gerardo,Espinoza,Rojas,ITZ,P,Mexicana,Dir 695
1307,Diana,Silva,Castro,IPN,P,Mexicana,Dir 6
1308,Andrea,Guzman,Soto,UNAM,P,Mexicana,Dir 828
1309,Raul,Avila,Medina,UNAM,P,Mexicana,Dir 493
1310,Ana,Cabrera,Gonzalez,IPN,E,Mexicana,Dir 950
1311,Patricia,Perez,Gutierrez,UNAM,P,Mexicana,Dir 815
1312,Diego,Vega,Bautista,UTEZ,E,Mexicana,Dir 7
1313,Teresa,Paredes,Velazquez,ITZ,P,Mexicana,Dir 216
1314,Alejandro,Gomez,Ortiz,UPMOR,E,Mexicana,Dir 771
1315,Valeria,Mejia,Sanchez,UPMOR,E,Mexicana,Dir 222
1316,Monica,Rodriguez,Sosa,UAEM,P,Mexicana,Dir 623
1317,Carmen,Campos,Ramirez,UNAM,P,Mexicana,Dir 902
1318,Hector,Rios,Castillo,IPN,P,Mexicana,Dir 732
1319,Laura,Gomez,Gutierrez,UAEM,P,Mexicana,Dir 131
1320,Susana,Ramos,Ramos,IPN,E,Mexicana,Dir 386
1321,Arturo,Lara,Cruz,UPMOR,P,Mexicana,Dir 807
1322,Luis,Chavez,Mendoza,UAEM,P,Mexicana,Dir 800
1323,Martha,Ortiz,Cervantes,UPMOR,P,Mexicana,Dir 201
1324,Susana,Navarro,Romero,UAEM,P,Mexicana,Dir 521
1325,Jesus,Hernandez,Morales,UNAM,E,Mexicana,Dir 823
1326,Jose,Ruiz,Vargas,UPMOR,E,Mexicana,Dir 560
1327,Diana,Cabrera,Reyes,UPMOR,P,Mexicana,Dir 661
1328,Manuel,Rios,Mendez,UTEZ,E,Mexicana,Dir 229
1329,Veronica,Martinez,Rios,ITZ,E,Mexicana,Dir 155
1330,Carmen,Guzman,Mendoza,UAEM,E,Mexicana,Dir 670
1331,Carolina,Escobar,Castillo,IPN,E,Mexicana,Dir 218
1332,Francisco,Maldonado,Delgado,UPMOR,P,Mexicana,Dir 634
1333,Oscar,Lara,Lopez,UPMOR,E,Mexicana,Dir 829
1334,Claudia,Ramirez,Martinez,IPN,P,Mexicana,Dir 66
1335,Rumualdo,Garcia,Maldonado,UAEM,P,Mexicana,Dir 994
1336,Leticia,Munoz,Medina,IPN,E,Mexicana,Dir 980
1337,Oscar,Hernandez,Flores,ITZ,E,Mexicana,Dir 268
1338,Daniela,Gonzalez,Cordova,ITZ,P,Mexicana,Dir 717
1339,Gerardo,Salazar,Castro,UPMOR,P,Mexicana,Dir 787
1340,Natalia,Diaz,Gonzalez,UTEZ,P,Mexicana,Dir 606
1341,Teresa,Reyes,Rodriguez,ITZ,E,Mexicana,Dir 33
1342,Leticia,Ruiz,Guzman,UNAM,P,Mexicana,Dir 47
1343,Carolina,Herrera,Gomez,UNAM,P,Mexicana,Dir 590
1344,Rafael,Vargas,Gomez,UTEZ,P,Mexicana,Dir 735
1345,Veronica,Rodriguez,Dominguez,IPN,P,Mexicana,Dir 364
1346,Manuel,Bautista,Aguilar,IPN,P,Mexicana,Dir 709
1347,Martin,Mejia,Mejia,UTEZ,P,Mexicana,Dir 703
1348,Carmen,Dominguez,Ramirez,UPMOR,P,Mexicana,Dir 86
1349,Ruben,Romero,Dominguez,UTEZ,E,Mexicana,Dir 468
1350,Margarita,Rojas,Chavez,UAEM,E,Mexicana,Dir 249
1351,Susana,Cruz,Avila,UAEM,E,Mexicana,Dir 962
1352,Leticia,Cruz,Perez,IPN,P,Mexicana,Dir 529
1353,Lucia,Flores,Vargas,ITZ,P,Mexicana,Dir 702
1354,Alejandro,Maldonado,Escobar,IPN,E,Mexicana,Dir 906
1355,Diego,Cruz,Rojas,ITZ,E,Mexicana,Dir 605
1356,Jesus,Mejia,Cervantes,UPMOR,E,Mexicana,Dir 297
1357,Jesus,Valencia,Castro,UPMOR,P,Mexicana,Dir 470
1358,Rumualdo,Cervantes,Ortiz,ITZ,P,Mexicana,Dir 710
1359,Margarita,Sosa,Paredes,UNAM,E,Mexicana,Dir 912
1360,Miguel,Vargas,Chavez,UPMOR,P,Mexicana,Dir 501
1361,Victor,Hernandez,Mejia,UPMOR,E,Mexicana,Dir 665
1362,Francisco,Hernandez,Medina,UPMOR,E,Mexicana,Dir 719
1363,Rafael,Perez,Ruiz,UPMOR,P,Mexicana,Dir 120
1364,Luis,Ortiz,Campos,UAEM,P,Mexicana,Dir 64
1365,Claudia,Campos,Munoz,ITZ,P,Mexicana,Dir 628
1366,Manuel,Espinoza,Dominguez,IPN,P,Mexicana,Dir 772
1367,Silvia,Flores,Sosa,UPMOR,E,Mexicana,Dir 932
1368,Carolina,Garza,Vargas,UAEM,P,Mexicana,Dir 400
1369,Rosa,Gutierrez,Velazquez,UNAM,E,Mexicana,Dir 253
1370,Arturo,Cabrera,Soto,UAEM,E,Mexicana,Dir 363
1371,Hector,Lara,Avila,UTEZ,E,Mexicana,Dir 687
1372,Lorena,Dominguez,Reyes,UNAM,E,Mexicana,Dir 865
1373,Carlos,Garcia,Gutierrez,IPN,P,Mexicana,Dir 225
1374,Elena,Maldonado,Sosa,UPMOR,E,Mexicana,Dir 932
1375,Ricardo,Castillo,Munoz,UNAM,E,Mexicana,Dir 30
1376,Elena,Guzman,Vargas,UTEZ,E,Mexicana,Dir 293
1377,Lorena,Flores,Morales,UAEM,P,Mexicana,Dir 524
1378,Veronica,Delgado,Vega,UTEZ,E,Mexicana,Dir 477
1379,Maria,Hernandez,Reyes,UNAM,E,Mexicana,Dir 328
1380,Francisco,Paredes,Bautista,UPMOR,E,Mexicana,Dir 405
1381,Carlos,Flores,Vargas,UNAM,E,Mexicana,Dir 832
1382,Sofia,Romero,Cordova,UNAM,E,Mexicana,Dir 777
1383,Julio,Herrera,Romero,UPMOR,P,Mexicana,Dir 617
1384,Luis,Gomez,Maldonado,UTEZ,P,Mexicana,Dir 738
1385,Antonio,Martinez,Cortes,UPMOR,P,Mexicana,Dir 248
1386,Ruben,Cruz,Espinoza,ITZ,P,Mexicana,Dir 711
1387,Rosa,Cortes,Valencia,UPMOR,E,Mexicana,Dir 690
1388,Margarita,Cabrera,Delgado,UNAM,P,Mexicana,Dir 227
1389,Gerardo,Dominguez,Flores,IPN,E,Mexicana,Dir 996
1390,Natalia,Ramos,Reyes,UNAM,E,Mexicana,Dir 303
1391,Silvia,Castro,Gutierrez,UPMOR,P,Mexicana,Dir 738
1392,Alejandro,Guzman,Gonzalez,UNAM,P,Mexicana,Dir 815
1393,Eduardo,Sosa,Cruz,UAEM,P,Mexicana,Dir 964
1394,Carmen,Hernandez,Rodriguez,IPN,P,Mexicana,Dir 564
1395,Beatriz,Cruz,Martinez,IPN,E,Mexicana,Dir 479
1396,Pedro,Flores,Gomez,UTEZ,E,Mexicana,Dir 828
1397,Patricia,Mendez,Sosa,UPMOR,P,Mexicana,Dir 610
1398,Raul,Cabrera,Cervantes,UTEZ,P,Mexicana,Dir 691
1399,Martha,Cruz,Silva,UNAM,P,Mexicana,Dir 319
1400,Diana,Delgado,Escobar,UPMOR,P,Mexicana,Dir 86
1401,Valeria,Cruz,Mejia,ITZ,E,Mexicana,Dir 564
1402,Laura,Garza,Hernandez,UNAM,P,Mexicana,Dir 285
1403,Andrea,Sanchez,Lara,UNAM,E,Mexicana,Dir 397
1404,Carolina,Velazquez,Garza,UTEZ,P,Mexicana,Dir 845
1405,Sofia,Chavez,Bautista,UAEM,E,Mexicana,Dir 509
1406,Francisco,Castillo,Navarro,UAEM,P,Mexicana,Dir 628
1407,Alejandro,Martinez,Delgado,UTEZ,P,Mexicana,Dir 99
1408,Francisco,Flores,Castillo,IPN,P,Mexicana,Dir 258
1409,Sofia,Delgado,Reyes,UNAM,P,Mexicana,Dir 630
1410,Arturo,Martinez,Aguilar,UNAM,E,Mexicana,Dir 460
1411,Julio,Salazar,Mejia,UPMOR,P,Mexicana,Dir 770
1412,Daniela,Delgado,Soto,UTEZ,P,Mexicana,Dir 402
1413,Sofia,Hernandez,Mendez,UNAM,P,Mexicana,Dir 392
1414,Ana,Mendez,Martinez,UPMOR,P,Mexicana,Dir 235
1415,Margarita,Mendoza,Martinez,IPN,E,Mexicana,Dir 809
1416,Claudia,Maldonado,Soto,UAEM,P,Mexicana,Dir 334
1417,Rumualdo,Mejia,Herrera,UTEZ,P,Mexicana,Dir 28
1418,Carmen,Gomez,Ramirez,UNAM,E,Mexicana,Dir 861
1419,Hector,Rojas,Silva,UAEM,E,Mexicana,Dir 294
1420,Elena,Salazar,Hernandez,UTEZ,E,Mexicana,Dir 31
1421,Ricardo,Campos,Gomez,UAEM,E,Mexicana,Dir 212
1422,Lorena,Escobar,Garcia,IPN,E,Mexicana,Dir 296
1423,Esteban,Gutierrez,Vega,IPN,E,Mexicana,Dir 880
1424,Carlos,Rojas,Guzman,ITZ,P,Mexicana,Dir 473
1425,Carmen,Ramirez,Lara,UNAM,E,Mexicana,Dir 320
1426,Elena,Escobar,Gonzalez,UPMOR,P,Mexicana,Dir 875
1427,Teresa,Velazquez,Soto,UTEZ,E,Mexicana,Dir 204
1428,Fernando,Romero,Ortiz,ITZ,E,Mexicana,Dir 463
1429,Silvia,Delgado,Romero,UAEM,P,Mexicana,Dir 833
1430,Gael,Cabrera,Navarro,UPMOR,P,Mexicana,Dir 343
1431,Francisco,Guzman,Mendoza,UNAM,P,Mexicana,Dir 889
1432,Lucia,Avila,Escobar,ITZ,E,Mexicana,Dir 127
1433,Daniela,Garza,Castro,UPMOR,P,Mexicana,Dir 623
1434,Jorge,Perez,Munoz,IPN,P,Mexicana,Dir 428
1435,Silvia,Morales,Guzman,UAEM,P,Mexicana,Dir 924
1436,Pedro,Ortiz,Guzman,UTEZ,P,Mexicana,Dir 186
1437,Natalia,Romero,Ruiz,UTEZ,P,Mexicana,Dir 871
1438,Paola,Campos,Avila,ITZ,E,Mexicana,Dir 319
1439,Eduardo,Perez,Salazar,UNAM,E,Mexicana,Dir 64
1440,Andrea,Paredes,Cabrera,UTEZ,E,Mexicana,Dir 87
1441,Raul,Cabrera,Garza,UNAM,P,Mexicana,Dir 81
1442,Sofia,Rios,Mejia,UTEZ,P,Mexicana,Dir 519
1443,Carlos,Chavez,Castro,ITZ,E,Mexicana,Dir 39
1444,Carlos,Espinoza,Vargas,ITZ,P,Mexicana,Dir 311
1445,Jesus,Hernandez,Lopez,UTEZ,E,Mexicana,Dir 655
1446,Sofia,Sanchez,Ramos,UPMOR,P,Mexicana,Dir 265
1447,Gabriela,Dominguez,Rojas,UNAM,P,Mexicana,Dir 283
1448,Jorge,Ramos,Garcia,UTEZ,E,Mexicana,Dir 489
1449,Raul,Ortiz,Aguilar,IPN,P,Mexicana,Dir 395
1450,Monica,Guzman,Martinez,IPN,P,Mexicana,Dir 709
1451,Monica,Espinoza,Munoz,UPMOR,P,Mexicana,Dir 311
1452,Veronica,Mendoza,Ruiz,IPN,P,Mexicana,Dir 246
1453,Arturo,Sanchez,Rojas,UTEZ,E,Mexicana,Dir 889
1454,Eduardo,Mendoza,Rios,UAEM,E,Mexicana,Dir 929
1455,Manuel,Cruz,Gomez,IPN,P,Mexicana,Dir 690
1456,Margarita,Maldonado,Molina,UPMOR,E,Mexicana,Dir 50
1457,Elena,Rios,Cordova,ITZ,P,Mexicana,Dir 1
1458,Adriana,Mendoza,Mejia,ITZ,E,Mexicana,Dir 371
1459,Rafael,Reyes,Sanchez,UTEZ,P,Mexicana,Dir 593
1460,Paola,Mendez,Martinez,UNAM,P,Mexicana,Dir 552
1461,Martha,Munoz,Garza,UNAM,P,Mexicana,Dir 336
1462,Raul,Perez,Romero,UTEZ,E,Mexicana,Dir 194
1463,Pedro,Hernandez,Ortiz,UAEM,E,Mexicana,Dir 791
1464,Elena,Morales,Perez,ITZ,P,Mexicana,Dir 547
1465,Jesus,Rios,Cervantes,UPMOR,E,Mexicana,Dir 129
1466,Arturo,Mendez,Castro,ITZ,E,Mexicana,Dir 958
1467,Jesus,Ruiz,Mejia,IPN,P,Mexicana,Dir 283
1468,Carolina,Diaz,Diaz,UTEZ,P,Mexicana,Dir 91
1469,Patricia,Ramirez,Morales,UTEZ,E,Mexicana,Dir 499
1470,Hugo,Mendoza,Medina,IPN,P,Mexicana,Dir 187
1471,Carlos,Aguilar,Ortiz,UNAM,E,Mexicana,Dir 838
1472,Eduardo,Vargas,Ortiz,ITZ,P,Mexicana,Dir 604
1473,Arturo,Ortiz,Salazar,ITZ,P,Mexicana,Dir 928
1474,Margarita,Delgado,Hernandez,UNAM,P,Mexicana,Dir 370
1475,Victor,Castro,Avila,UTEZ,P,Mexicana,Dir 491
1476,Lorena,Maldonado,Soto,ITZ,E,Mexicana,Dir 444
1477,Lucia,Garza,Flores,UPMOR,P,Mexicana,Dir 573
1478,Jesus,Castro,Cortes,UPMOR,E,Mexicana,Dir 421
1479,Hugo,Vargas,Castro,UAEM,E,Mexicana,Dir 218
1480,Francisco,Diaz,Espinoza,IPN,P,Mexicana,Dir 302
1481,Rafael,Salazar,Cordova,UTEZ,E,Mexicana,Dir 62
1482,Manuel,Velazquez,Maldonado,ITZ,E,Mexicana,Dir 377
1483,Rumualdo,Ruiz,Rodriguez,ITZ,P,Mexicana,Dir 413
1484,Gabriela,Avila,Cervantes,IPN,E,Mexicana,Dir 785
1485,Diego,Reyes,Soto,IPN,P,Mexicana,Dir 248
1486,Rumualdo,Vega,Avila,IPN,P,Mexicana,Dir 23
1487,Alejandro,Herrera,Paredes,IPN,P,Mexicana,Dir 292
1488,Jorge,Munoz,Escobar,UAEM,E,Mexicana,Dir 384
1489,Veronica,Guzman,Gonzalez,UAEM,E,Mexicana,Dir 247
1490,Lorena,Vargas,Gutierrez,UAEM,E,Mexicana,Dir 769
1491,Gerardo,Munoz,Herrera,UNAM,E,Mexicana,Dir 563
1492,Patricia,Morales,Salazar,UNAM,E,Mexicana,Dir 450
1493,Daniela,Perez,Ortiz,UNAM,E,Mexicana,Dir 758
1494,Julio,Ramirez,Navarro,UTEZ,E,Mexicana,Dir 662
1495,Diego,Rios,Rodriguez,UPMOR,E,Mexicana,Dir 402
1496,Eduardo,Espinoza,Cervantes,UNAM,E,Mexicana,Dir 162
1497,Roberto,Guzman,Castro,UPMOR,P,Mexicana,Dir 416
1498,Carolina,Mendez,Rojas,ITZ,P,Mexicana,Dir 365
1499,Javier,Gomez,Delgado,UTEZ,E,Mexicana,Dir 186
1500,Jose,Lopez,Martinez,UPMOR,E,Mexicana,Dir 923
1501,Claudia,Campos,Reyes,UTEZ,E,Mexicana,Dir 543
1502,Patricia,Romero,Munoz,UPMOR,P,Mexicana,Dir 439
1503,Jorge,Gomez,Salazar,UNAM,P,Mexicana,Dir 578
1504,Victor,Gonzalez,Dominguez,ITZ,P,Mexicana,Dir 544
1505,Silvia,Lara,Perez,ITZ,E,Mexicana,Dir 346
1506,Veronica,Rojas,Castillo,UPMOR,P,Mexicana,Dir 432
1507,Luis,Salazar,Lopez,UTEZ,E,Mexicana,Dir 534
1508,Pedro,Reyes,Cordova,IPN,E,Mexicana,Dir 873
1509,Alejandro,Vargas,Rojas,UNAM,E,Mexicana,Dir 336
1510,Fernando,Reyes,Chavez,ITZ,P,Mexicana,Dir 660
1511,Manuel,Delgado,Mendoza,UAEM,P,Mexicana,Dir 675
1512,Teresa,Velazquez,Escobar,ITZ,P,Mexicana,Dir 475
1513,Veronica,Medina,Bautista,UNAM,E,Mexicana,Dir 625
1514,Leticia,Rojas,Martinez,UTEZ,E,Mexicana,Dir 373
1515,Adriana,Molina,Navarro,ITZ,P,Mexicana,Dir 378
1516,Veronica,Ruiz,Diaz,UNAM,P,Mexicana,Dir 515
1517,Victor,Bautista,Vega,UPMOR,P,Mexicana,Dir 676
1518,Jesus,Garcia,Ramirez,UNAM,P,Mexicana,Dir 149
1519,Carmen,Espinoza,Cabrera,UTEZ,E,Mexicana,Dir 264
1520,Monica,Ramirez,Medina,ITZ,E,Mexicana,Dir 928
1521,Diana,Vargas,Herrera,UTEZ,P,Mexicana,Dir 511
1522,Jorge,Ruiz,Gutierrez,UAEM,E,Mexicana,Dir 267
1523,Hector,Guzman,Rojas,UAEM,E,Mexicana,Dir 527
1524,Gael,Silva,Perez,UTEZ,E,Mexicana,Dir 264
1525,Maria,Sanchez,Rodriguez,UTEZ,P,Mexicana,Dir 548
1526,Lucia,Chavez,Molina,IPN,E,Mexicana,Dir 233
1527,Diana,Mendoza,Cruz,UTEZ,E,Mexicana,Dir 117
1528,Raul,Cervantes,Sanchez,UPMOR,E,Mexicana,Dir 398
1529,Beatriz,Gonzalez,Munoz,ITZ,P,Mexicana,Dir 957
1530,Oscar,Soto,Silva,IPN,P,Mexicana,Dir 127
1531,Susana,Diaz,Gonzalez,UTEZ,E,Mexicana,Dir 49
1532,Gael,Rojas,Mendoza,UPMOR,P,Mexicana,Dir 303
1533,Sofia,Aguilar,Rodriguez,UTEZ,P,Mexicana,Dir 785
1534,Monica,Munoz,Chavez,UNAM,E,Mexicana,Dir 789
1535,Jorge,Campos,Sosa,UTEZ,E,Mexicana,Dir 258
1536,Oscar,Diaz,Sanchez,UAEM,E,Mexicana,Dir 553
1537,Jesus,Lara,Espinoza,IPN,P,Mexicana,Dir 928
1538,Beatriz,Paredes,Paredes,UPMOR,E,Mexicana,Dir 218
1539,Martha,Herrera,Morales,UPMOR,P,Mexicana,Dir 812
1540,Silvia,Campos,Delgado,UTEZ,E,Mexicana,Dir 369
1541,Carlos,Garcia,Flores,ITZ,P,Mexicana,Dir 705
1542,Arturo,Molina,Valencia,UNAM,E,Mexicana,Dir 918
1543,Beatriz,Medina,Mendez,UTEZ,P,Mexicana,Dir 511
1544,Natalia,Delgado,Cordova,UAEM,P,Mexicana,Dir 672
1545,Patricia,Cordova,Valencia,ITZ,P,Mexicana,Dir 959
1546,Ana,Guzman,Perez,UPMOR,E,Mexicana,Dir 986
1547,Paola,Medina,Martinez,UNAM,E,Mexicana,Dir 913
1548,Hugo,Rios,Sanchez,UAEM,E,Mexicana,Dir 533
1549,Gael,Velazquez,Castro,UTEZ,E,Mexicana,Dir 908
1550,Susana,Ramirez,Aguilar,UPMOR,E,Mexicana,Dir 516
1551,Valeria,Campos,Vargas,ITZ,P,Mexicana,Dir 110
1552,Diego,Gomez,Mejia,UAEM,P,Mexicana,Dir 324
1553,Martin,Medina,Ramos,UAEM,P,Mexicana,Dir 838
1554,Eduardo,Avila,Rojas,UPMOR,P,Mexicana,Dir 380
1555,Gerardo,Navarro,Martinez,UNAM,E,Mexicana,Dir 168
1556,Ruben,Medina,Morales,UAEM,P,Mexicana,Dir 779
1557,Rafael,Dominguez,Valencia,UTEZ,P,Mexicana,Dir 338
1558,Carolina,Diaz,Dominguez,UTEZ,E,Mexicana,Dir 487
1559,Carolina,Campos,Velazquez,UTEZ,P,Mexicana,Dir 159
1560,Rafael,Cruz,Castro,ITZ,E,Mexicana,Dir 54
1561,Hugo,Morales,Silva,UNAM,E,Mexicana,Dir 995
1562,Carolina,Ruiz,Bautista,ITZ,P,Mexicana,Dir 585
1563,Silvia,Cortes,Garcia,UPMOR,P,Mexicana,Dir 119
1564,Teresa,Ramirez,Dominguez,UPMOR,E,Mexicana,Dir 519
1565,Silvia,Hernandez,Delgado,ITZ,P,Mexicana,Dir 442
1566,Natalia,Romero,Rodriguez,UPMOR,E,Mexicana,Dir 242
1567,Sofia,Diaz,Salazar,UTEZ,P,Mexicana,Dir 486
1568,Eduardo,Lopez,Vega,IPN,P,Mexicana,Dir 787
1569,Claudia,Herrera,Mejia,ITZ,P,Mexicana,Dir 857
1570,Andrea,Gomez,Navarro,UPMOR,P,Mexicana,Dir 928
1571,Rafael,Molina,Ortiz,UNAM,P,Mexicana,Dir 149
1572,Diego,Avila,Valencia,UTEZ,P,Mexicana,Dir 206
1573,Martha,Paredes,Castillo,IPN,P,Mexicana,Dir 481
1574,Elena,Lopez,Gutierrez,UAEM,P,Mexicana,Dir 230
1575,Jesus,Medina,Munoz,UPMOR,P,Mexicana,Dir 495
1576,Jesus,Valencia,Silva,UPMOR,E,Mexicana,Dir 292
1577,Manuel,Lopez,Gomez,UTEZ,E,Mexicana,Dir 362
1578,Daniela,Chavez,Morales,IPN,P,Mexicana,Dir 264
1579,Carmen,Castro,Castillo,UTEZ,E,Mexicana,Dir 568
1580,Gerardo,Molina,Navarro,UTEZ,E,Mexicana,Dir 22
1581,Veronica,Ortiz,Ruiz,IPN,P,Mexicana,Dir 979
1582,Hugo,Herrera,Sanchez,ITZ,P,Mexicana,Dir 273
1583,Carmen,Medina,Flores,UAEM,E,Mexicana,Dir 254
1584,Paola,Rios,Cruz,UPMOR,P,Mexicana,Dir 418
1585,Margarita,Soto,Rojas,IPN,E,Mexicana,Dir 350
1586,Fernando,Gonzalez,Ramirez,IPN,P,Mexicana,Dir 83
1587,Javier,Dominguez,Reyes,UTEZ,P,Mexicana,Dir 508
1588,Raul,Salazar,Herrera,IPN,E,Mexicana,Dir 240
1589,Gabriela,Cruz,Ramirez,IPN,E,Mexicana,Dir 180
1590,Alejandro,Cervantes,Garza,UNAM,E,Mexicana,Dir 368
1591,Miguel,Soto,Munoz,UPMOR,P,Mexicana,Dir 355
1592,Ana,Espinoza,Ruiz,UPMOR,P,Mexicana,Dir 583
1593,Carolina,Vargas,Avila,ITZ,E,Mexicana,Dir 193
1594,Antonio,Rodriguez,Ramos,IPN,E,Mexicana,Dir 37
1595,Patricia,Cruz,Ruiz,UTEZ,P,Mexicana,Dir 221
1596,Jesus,Soto,Flores,UPMOR,P,Mexicana,Dir 401
1597,Jesus,Diaz,Medina,UAEM,E,Mexicana,Dir 556
1598,Javier,Gonzalez,Sanchez,IPN,E,Mexicana,Dir 372
1599,Elena,Espinoza,Romero,UNAM,P,Mexicana,Dir 606
1600,Ruben,Avila,Soto,IPN,E,Mexicana,Dir 607
1601,Antonio,Campos,Valencia,UPMOR,E,Mexicana,Dir 572
1602,Leticia,Cortes,Guzman,UPMOR,E,Mexicana,Dir 381
1603,Hugo,Delgado,Garza,UTEZ,P,Mexicana,Dir 441
1604,Victor,Reyes,Herrera,UTEZ,E,Mexicana,Dir 752
1605,Carlos,Herrera,Gonzalez,UPMOR,P,Mexicana,Dir 522
1606,Carmen,Silva,Lara,UAEM,P,Mexicana,Dir 192
1607,Beatriz,Dominguez,Cervantes,UPMOR,E,Mexicana,Dir 596
1608,Natalia,Romero,Sanchez,UAEM,P,Mexicana,Dir 455
1609,Jesus,Martinez,Guzman,UPMOR,P,Mexicana,Dir 364
1610,Martha,Bautista,Cabrera,UAEM,E,Mexicana,Dir 885
1611,Martin,Castillo,Hernandez,UAEM,P,Mexicana,Dir 908
1612,Oscar,Campos,Castro,UTEZ,E,Mexicana,Dir 348
1613,Monica,Aguilar,Espinoza,UAEM,E,Mexicana,Dir 462
1614,Fernando,Hernandez,Molina,UAEM,E,Mexicana,Dir 342
1615,Eduardo,Castillo,Gomez,UPMOR,P,Mexicana,Dir 568
1616,Beatriz,Romero,Martinez,UAEM,E,Mexicana,Dir 944
1617,Carolina,Soto,Garcia,UAEM,E,Mexicana,Dir 683
1618,Patricia,Molina,Reyes,UNAM,P,Mexicana,Dir 316
1619,Daniela,Mejia,Vega,UPMOR,E,Mexicana,Dir 365
1620,Diego,Paredes,Vega,UNAM,E,Mexicana,Dir 36
1621,Alejandro,Delgado,Ortiz,UPMOR,P,Mexicana,Dir 92
1622,Carmen,Ramirez,Ramos,UTEZ,P,Mexicana,Dir 743
1623,Laura,Castro,Rios,UPMOR,E,Mexicana,Dir 904
1624,Paola,Sosa,Escobar,UTEZ,P,Mexicana,Dir 482
1625,Diego,Medina,Ramos,UPMOR,E,Mexicana,Dir 476
1626,Luis,Munoz,Lopez,UTEZ,E,Mexicana,Dir 581
1627,Jose,Garza,Cervantes,UTEZ,E,Mexicana,Dir 628
1628,Lucia,Chavez,Ramirez,UTEZ,E,Mexicana,Dir 566
1629,Francisco,Ruiz,Rios,UPMOR,E,Mexicana,Dir 22
1630,Maria,Garcia,Aguilar,UAEM,P,Mexicana,Dir 753
1631,Adriana,Dominguez,Mendoza,IPN,E,Mexicana,Dir 442
1632,Ana,Ortiz,Gonzalez,UPMOR,E,Mexicana,Dir 580
1633,Teresa,Munoz,Cortes,UAEM,E,Mexicana,Dir 662
1634,Martin,Rios,Munoz,IPN,E,Mexicana,Dir 127
1635,Julio,Rios,Garza,IPN,P,Mexicana,Dir 775
1636,Esteban,Lopez,Mendez,UNAM,E,Mexicana,Dir 179
1637,Carmen,Cruz,Cruz,UTEZ,E,Mexicana,Dir 161
1638,Manuel,Ramos,Valencia,UAEM,P,Mexicana,Dir 362
1639,Rosa,Rodriguez,Morales,IPN,E,Mexicana,Dir 677
1640,Silvia,Sanchez,Rodriguez,UAEM,P,Mexicana,Dir 237
1641,Sofia,Munoz,Garza,UPMOR,E,Mexicana,Dir 591
1642,Natalia,Rojas,Rios,IPN,E,Mexicana,Dir 559
1643,Margarita,Perez,Cordova,ITZ,E,Mexicana,Dir 279
1644,Paola,Hernandez,Maldonado,UTEZ,P,Mexicana,Dir 871
1645,Andrea,Mendez,Castillo,IPN,P,Mexicana,Dir 101
1646,Esteban,Vega,Vega,UNAM,E,Mexicana,Dir 534
1647,Roberto,Munoz,Garza,UNAM,P,Mexicana,Dir 334
1648,Martin,Ruiz,Ramos,ITZ,E,Mexicana,Dir 296
1649,Leticia,Avila,Hernandez,UTEZ,E,Mexicana,Dir 772
1650,Rafael,Bautista,Vega,IPN,E,Mexicana,Dir 57
1651,Pedro,Morales,Rios,ITZ,E,Mexicana,Dir 313
1652,Gabriela,Escobar,Mendez,UAEM,P,Mexicana,Dir 451
1653,Hector,Garcia,Silva,UAEM,P,Mexicana,Dir 289
1654,Jose,Dominguez,Campos,UAEM,E,Mexicana,Dir 65
1655,Pedro,Garza,Sosa,IPN,P,Mexicana,Dir 943
1656,Monica,Ramirez,Delgado,UPMOR,P,Mexicana,Dir 468
1657,Rumualdo,Garcia,Campos,UTEZ,E,Mexicana,Dir 982
1658,Julio,Vargas,Flores,IPN,P,Mexicana,Dir 489
1659,Antonio,Paredes,Espinoza,IPN,E,Mexicana,Dir 232
1660,Patricia,Sanchez,Mendez,ITZ,E,Mexicana,Dir 448
1661,Luis,Lara,Cordova,UNAM,P,Mexicana,Dir 819
1662,Laura,Chavez,Silva,UPMOR,P,Mexicana,Dir 430
1663,Susana,Valencia,Reyes,UAEM,P,Mexicana,Dir 593
1664,Andrea,Cervantes,Reyes,UPMOR,E,Mexicana,Dir 139
1665,Martha,Cervantes,Morales,UNAM,P,Mexicana,Dir 195
1666,Diana,Vega,Sosa,UAEM,E,Mexicana,Dir 793
1667,Antonio,Herrera,Hernandez,IPN,P,Mexicana,Dir 588
1668,Julio,Garcia,Dominguez,IPN,E,Mexicana,Dir 516
1669,Carolina,Sosa,Campos,UNAM,P,Mexicana,Dir 187
1670,Hugo,Gomez,Diaz,UAEM,P,Mexicana,Dir 379
1671,Julio,Vega,Paredes,ITZ,P,Mexicana,Dir 249
1672,Francisco,Rios,Medina,UPMOR,E,Mexicana,Dir 107
1673,Carolina,Castillo,Garza,UNAM,P,Mexicana,Dir 7
1674,Eduardo,Paredes,Cabrera,IPN,P,Mexicana,Dir 835
1675,Paola,Lopez,Guzman,UTEZ,P,Mexicana,Dir 861
1676,Jose,Castro,Valencia,UTEZ,P,Mexicana,Dir 771
1677,Claudia,Reyes,Cervantes,UTEZ,E,Mexicana,Dir 429
1678,Victor,Morales,Vega,UNAM,P,Mexicana,Dir 957
1679,Carlos,Lopez,Molina,UNAM,E,Mexicana,Dir 307
1680,Paola,Soto,Molina,UPMOR,P,Mexicana,Dir 297
1681,Leticia,Paredes,Delgado,UPMOR,P,Mexicana,Dir 228
1682,Eduardo,Gomez,Cruz,UPMOR,E,Mexicana,Dir 370
1683,Eduardo,Molina,Navarro,UAEM,E,Mexicana,Dir 398
1684,Francisco,Ramirez,Cervantes,UAEM,P,Mexicana,Dir 300
1685,Carmen,Cordova,Rojas,ITZ,E,Mexicana,Dir 397
1686,Victor,Dominguez,Velazquez,UNAM,P,Mexicana,Dir 149
1687,Margarita,Cortes,Avila,UTEZ,E,Mexicana,Dir 170
1688,Diana,Diaz,Gonzalez,UPMOR,P,Mexicana,Dir 222
1689,Carolina,Cordova,Sanchez,UNAM,E,Mexicana,Dir 285
1690,Raul,Gutierrez,Soto,UNAM,E,Mexicana,Dir 154
1691,Teresa,Cruz,Castro,UNAM,E,Mexicana,Dir 218
1692,Maria,Valencia,Garcia,UTEZ,E,Mexicana,Dir 197
1693,Elena,Gonzalez,Munoz,IPN,E,Mexicana,Dir 120
1694,Pedro,Sanchez,Campos,ITZ,E,Mexicana,Dir 63
1695,Veronica,Sosa,Hernandez,UTEZ,E,Mexicana,Dir 437
1696,Hugo,Dominguez,Romero,UAEM,P,Mexicana,Dir 890
1697,Ruben,Salazar,Ramirez,IPN,E,Mexicana,Dir 230
1698,Gabriela,Gomez,Rodriguez,ITZ,P,Mexicana,Dir 851
1699,Gerardo,Ortiz,Soto,IPN,E,Mexicana,Dir 206
1700,Hugo,Reyes,Dominguez,IPN,E,Mexicana,Dir 478
1701,Maria,Aguilar,Cruz,UPMOR,E,Mexicana,Dir 443
1702,Laura,Castillo,Cabrera,UAEM,P,Mexicana,Dir 537
1703,Rumualdo,Dominguez,Molina,UPMOR,E,Mexicana,Dir 3
1704,Silvia,Rojas,Herrera,IPN,E,Mexicana,Dir 570
1705,Martha,Ramirez,Salazar,UAEM,E,Mexicana,Dir 701
1706,Valeria,Mejia,Garcia,IPN,P,Mexicana,Dir 447
1707,Carmen,Reyes,Rojas,ITZ,E,Mexicana,Dir 472
1708,Gerardo,Cabrera,Munoz,UTEZ,E,Mexicana,Dir 227
1709,Patricia,Lopez,Campos,UTEZ,P,Mexicana,Dir 785
1710,Jose,Morales,Vega,ITZ,P,Mexicana,Dir 670
1711,Lucia,Cortes,Castro,UAEM,P,Mexicana,Dir 225
1712,Elena,Navarro,Ruiz,UNAM,E,Mexicana,Dir 863
1713,Rumualdo,Escobar,Velazquez,UPMOR,P,Mexicana,Dir 845
1714,Jesus,Espinoza,Delgado,ITZ,P,Mexicana,Dir 338
1715,Gerardo,Dominguez,Ruiz,UTEZ,P,Mexicana,Dir 128
1716,Maria,Rios,Sosa,UAEM,P,Mexicana,Dir 68
1717,Jesus,Mejia,Sanchez,ITZ,E,Mexicana,Dir 684
1718,Esteban,Ramos,Castro,UAEM,E,Mexicana,Dir 846
1719,Fernando,Molina,Paredes,UAEM,P,Mexicana,Dir 868
1720,Alejandro,Valencia,Lopez,UPMOR,E,Mexicana,Dir 878
1721,Sofia,Maldonado,Lara,UNAM,E,Mexicana,Dir 637
1722,Patricia,Campos,Hernandez,IPN,P,Mexicana,Dir 445
1723,Fernando,Mendez,Rios,UPMOR,E,Mexicana,Dir 18
1724,Rafael,Garza,Espinoza,UAEM,E,Mexicana,Dir 631
1725,Claudia,Sosa,Espinoza,UAEM,E,Mexicana,Dir 323
1726,Paola,Espinoza,Campos,UAEM,E,Mexicana,Dir 888
1727,Susana,Sanchez,Chavez,UTEZ,E,Mexicana,Dir 434
1728,Jesus,Martinez,Bautista,UNAM,P,Mexicana,Dir 501
1729,Rosa,Cabrera,Mendoza,IPN,E,Mexicana,Dir 432
1730,Silvia,Vega,Lara,UNAM,P,Mexicana,Dir 27
1731,Miguel,Sosa,Mendoza,UTEZ,E,Mexicana,Dir 274
1732,Luis,Ramos,Martinez,UPMOR,E,Mexicana,Dir 367
1733,Patricia,Escobar,Delgado,UTEZ,P,Mexicana,Dir 354
1734,Sofia,Cortes,Rojas,UAEM,E,Mexicana,Dir 416
1735,Beatriz,Martinez,Gomez,IPN,P,Mexicana,Dir 633
1736,Miguel,Valencia,Maldonado,UPMOR,P,Mexicana,Dir 840
1737,Hugo,Valencia,Hernandez,UNAM,E,Mexicana,Dir 962
1738,Raul,Salazar,Mendoza,UPMOR,P,Mexicana,Dir 667
1739,Margarita,Delgado,Rios,UTEZ,P,Mexicana,Dir 836
1740,Gerardo,Medina,Valencia,UNAM,P,Mexicana,Dir 574
1741,Laura,Escobar,Reyes,ITZ,P,Mexicana,Dir 166
1742,Leticia,Guzman,Garcia,UNAM,P,Mexicana,Dir 463
1743,Leticia,Delgado,Hernandez,IPN,E,Mexicana,Dir 933
1744,Silvia,Cabrera,Guzman,UPMOR,E,Mexicana,Dir 518
1745,Patricia,Rios,Cervantes,ITZ,E,Mexicana,Dir 867
1746,Rumualdo,Lara,Chavez,UAEM,E,Mexicana,Dir 916
1747,Andrea,Sosa,Cruz,UPMOR,E,Mexicana,Dir 332
1748,Antonio,Herrera,Mendez,ITZ,P,Mexicana,Dir 533
1749,Jorge,Escobar,Castillo,UNAM,P,Mexicana,Dir 781
1750,Lucia,Escobar,Perez,UPMOR,E,Mexicana,Dir 841
1751,Victor,Diaz,Avila,UAEM,P,Mexicana,Dir 828
1752,Carlos,Vargas,Delgado,UPMOR,P,Mexicana,Dir 299
1753,Jesus,Delgado,Escobar,ITZ,E,Mexicana,Dir 944
1754,Raul,Molina,Soto,UPMOR,E,Mexicana,Dir 485
1755,Roberto,Morales,Maldonado,IPN,E,Mexicana,Dir 326
1756,Monica,Molina,Paredes,ITZ,P,Mexicana,Dir 137
1757,Rumualdo,Valencia,Ruiz,UAEM,E,Mexicana,Dir 296
1758,Manuel,Rodriguez,Romero,UPMOR,E,Mexicana,Dir 261
1759,Alejandro,Paredes,Flores,UAEM,P,Mexicana,Dir 758
1760,Lorena,Gomez,Lara,ITZ,P,Mexicana,Dir 98
1761,Arturo,Valencia,Aguilar,UNAM,P,Mexicana,Dir 674
1762,Carmen,Cruz,Ruiz,ITZ,P,Mexicana,Dir 137
1763,Monica,Ortiz,Avila,UPMOR,E,Mexicana,Dir 933
1764,Esteban,Espinoza,Sosa,ITZ,E,Mexicana,Dir 240
1765,Carolina,Munoz,Silva,UAEM,E,Mexicana,Dir 419
1766,Valeria,Navarro,Diaz,UNAM,E,Mexicana,Dir 651
1767,Natalia,Silva,Aguilar,UAEM,E,Mexicana,Dir 828
1768,Jesus,Mejia,Vargas,UAEM,P,Mexicana,Dir 223
1769,Patricia,Aguilar,Molina,ITZ,P,Mexicana,Dir 147
1770,Martha,Garcia,Velazquez,UAEM,E,Mexicana,Dir 263
1771,Francisco,Dominguez,Silva,IPN,P,Mexicana,Dir 275
1772,Julio,Rojas,Soto,UTEZ,E,Mexicana,Dir 611
1773,Claudia,Campos,Rojas,UPMOR,E,Mexicana,Dir 631
1774,Raul,Sosa,Hernandez,UAEM,P,Mexicana,Dir 768
1775,Veronica,Lopez,Reyes,ITZ,E,Mexicana,Dir 795
1776,Susana,Campos,Chavez,UPMOR,E,Mexicana,Dir 36
1777,Leticia,Maldonado,Munoz,ITZ,E,Mexicana,Dir 712
1778,Rafael,Soto,Castillo,UTEZ,P,Mexicana,Dir 751
1779,Hector,Cruz,Garcia,IPN,P,Mexicana,Dir 973
1780,Valeria,Molina,Morales,IPN,P,Mexicana,Dir 381
1781,Julio,Campos,Gonzalez,UNAM,P,Mexicana,Dir 458
1782,Raul,Cervantes,Cervantes,IPN,P,Mexicana,Dir 318
1783,Rumualdo,Lopez,Cordova,IPN,P,Mexicana,Dir 198
1784,Carmen,Soto,Castillo,UTEZ,E,Mexicana,Dir 795
1785,Rafael,Maldonado,Espinoza,UAEM,P,Mexicana,Dir 180
1786,Gael,Escobar,Munoz,UPMOR,P,Mexicana,Dir 333
1787,Beatriz,Avila,Aguilar,ITZ,E,Mexicana,Dir 206
1788,Ana,Espinoza,Delgado,ITZ,P,Mexicana,Dir 962
1789,Laura,Ortiz,Cruz,UAEM,E,Mexicana,Dir 531
1790,Gerardo,Salazar,Rios,IPN,E,Mexicana,Dir 664
1791,Martha,Velazquez,Lara,UAEM,P,Mexicana,Dir 368
1792,Margarita,Hernandez,Garza,ITZ,E,Mexicana,Dir 530
1793,Teresa,Rodriguez,Munoz,UTEZ,P,Mexicana,Dir 835
1794,Jesus,Escobar,Ramos,ITZ,E,Mexicana,Dir 781
1795,Monica,Flores,Aguilar,UNAM,P,Mexicana,Dir 33
1796,Margarita,Cabrera,Munoz,IPN,P,Mexicana,Dir 366
1797,Laura,Soto,Aguilar,UPMOR,P,Mexicana,Dir 257
1798,Daniela,Garza,Diaz,ITZ,E,Mexicana,Dir 411
1799,Monica,Salazar,Rodriguez,UNAM,E,Mexicana,Dir 765
1800,Oscar,Hernandez,Herrera,UAEM,E,Mexicana,Dir 128
1801,Esteban,Salazar,Cervantes,UAEM,P,Mexicana,Dir 658
1802,Ricardo,Rodriguez,Castro,UAEM,P,Mexicana,Dir 703
1803,Eduardo,Paredes,Castro,UTEZ,P,Mexicana,Dir 931
1804,Ruben,Munoz,Diaz,UAEM,P,Mexicana,Dir 954
1805,Claudia,Chavez,Valencia,UTEZ,P,Mexicana,Dir 886
1806,Alejandro,Lopez,Herrera,ITZ,P,Mexicana,Dir 302
1807,Teresa,Avila,Vega,ITZ,P,Mexicana,Dir 160
1808,Roberto,Chavez,Silva,UPMOR,P,Mexicana,Dir 442
1809,Javier,Soto,Rios,UPMOR,P,Mexicana,Dir 44
1810,Andrea,Rodriguez,Escobar,IPN,P,Mexicana,Dir 923
1811,Beatriz,Medina,Dominguez,UTEZ,P,Mexicana,Dir 103
1812,Claudia,Ruiz,Aguilar,UTEZ,E,Mexicana,Dir 109
1813,Oscar,Velazquez,Cervantes,IPN,P,Mexicana,Dir 357
1814,Paola,Mejia,Herrera,UPMOR,P,Mexicana,Dir 782
1815,Jorge,Reyes,Valencia,IPN,E,Mexicana,Dir 208
1816,Luis,Maldonado,Sanchez,ITZ,E,Mexicana,Dir 224
1817,Paola,Delgado,Bautista,UPMOR,E,Mexicana,Dir 742
1818,Francisco,Velazquez,Rios,UTEZ,P,Mexicana,Dir 899
1819,Roberto,Chavez,Hernandez,UPMOR,P,Mexicana,Dir 363
1820,Patricia,Lara,Morales,UAEM,P,Mexicana,Dir 635
1821,Claudia,Hernandez,Bautista,UTEZ,P,Mexicana,Dir 251
1822,Andrea,Medina,Chavez,UAEM,E,Mexicana,Dir 345
1823,Ricardo,Maldonado,Delgado,UAEM,E,Mexicana,Dir 904
1824,Roberto,Gomez,Herrera,ITZ,E,Mexicana,Dir 561
1825,Antonio,Sanchez,Perez,UPMOR,P,Mexicana,Dir 86
1826,Teresa,Hernandez,Diaz,ITZ,P,Mexicana,Dir 134
1827,Miguel,Silva,Ortiz,IPN,E,Mexicana,Dir 402
1828,Leticia,Navarro,Romero,UPMOR,E,Mexicana,Dir 6
1829,Silvia,Cruz,Dominguez,IPN,E,Mexicana,Dir 243
1830,Sofia,Dominguez,Paredes,UPMOR,E,Mexicana,Dir 506
1831,Arturo,Espinoza,Medina,UPMOR,P,Mexicana,Dir 960
1832,Jesus,Romero,Cordova,UNAM,E,Mexicana,Dir 301
1833,Margarita,Lara,Gutierrez,IPN,E,Mexicana,Dir 108
1834,Margarita,Herrera,Cordova,UNAM,P,Mexicana,Dir 588
1835,Julio,Diaz,Avila,UPMOR,E,Mexicana,Dir 976
1836,Alejandro,Maldonado,Gutierrez,UPMOR,P,Mexicana,Dir 847
1837,Susana,Maldonado,Reyes,UNAM,E,Mexicana,Dir 184
1838,Diego,Dominguez,Reyes,ITZ,P,Mexicana,Dir 169
1839,Claudia,Vargas,Rodriguez,ITZ,P,Mexicana,Dir 230
1840,Elena,Vega,Garcia,UPMOR,E,Mexicana,Dir 285
1841,Ricardo,Chavez,Ramos,UPMOR,P,Mexicana,Dir 892
1842,Teresa,Salazar,Vega,UNAM,P,Mexicana,Dir 259
1843,Rumualdo,Gonzalez,Delgado,UNAM,E,Mexicana,Dir 516
1844,Pedro,Escobar,Dominguez,IPN,E,Mexicana,Dir 306
1845,Oscar,Chavez,Aguilar,UTEZ,E,Mexicana,Dir 632
1846,Roberto,Munoz,Rodriguez,IPN,E,Mexicana,Dir 869
1847,Adriana,Romero,Salazar,UPMOR,E,Mexicana,Dir 193
1848,Julio,Martinez,Martinez,UPMOR,E,Mexicana,Dir 191
1849,Martha,Castillo,Cabrera,IPN,E,Mexicana,Dir 387
1850,Susana,Cortes,Lopez,UNAM,P,Mexicana,Dir 905
1851,Lorena,Cruz,Navarro,UNAM,P,Mexicana,Dir 859
1852,Gerardo,Flores,Silva,UPMOR,P,Mexicana,Dir 614
1853,Patricia,Valencia,Paredes,IPN,E,Mexicana,Dir 177
1854,Arturo,Hernandez,Sanchez,UPMOR,E,Mexicana,Dir 100
1855,Paola,Molina,Vargas,IPN,E,Mexicana,Dir 293
1856,Rumualdo,Delgado,Ramirez,UNAM,P,Mexicana,Dir 186
1857,Manuel,Cruz,Perez,UTEZ,P,Mexicana,Dir 829
1858,Natalia,Ruiz,Vega,IPN,P,Mexicana,Dir 724
1859,Andrea,Morales,Cruz,UAEM,P,Mexicana,Dir 468
1860,Daniela,Mendez,Herrera,UNAM,E,Mexicana,Dir 248
1861,Gael,Perez,Martinez,UAEM,P,Mexicana,Dir 313
1862,Lorena,Diaz,Vega,UTEZ,E,Mexicana,Dir 187
1863,Beatriz,Velazquez,Rodriguez,UPMOR,E,Mexicana,Dir 332
1864,Fernando,Herrera,Cruz,ITZ,P,Mexicana,Dir 654
1865,Susana,Cortes,Cabrera,IPN,E,Mexicana,Dir 312
1866,Julio,Campos,Lara,UPMOR,E,Mexicana,Dir 334
1867,Maria,Gomez,Cordova,UNAM,E,Mexicana,Dir 203
1868,Paola,Mendez,Morales,ITZ,P,Mexicana,Dir 967
1869,Oscar,Diaz,Morales,IPN,P,Mexicana,Dir 591
1870,Alejandro,Vargas,Guzman,ITZ,P,Mexicana,Dir 385
1871,Paola,Martinez,Mejia,IPN,P,Mexicana,Dir 991
1872,Raul,Mejia,Silva,UTEZ,E,Mexicana,Dir 369
1873,Oscar,Sanchez,Ramirez,ITZ,P,Mexicana,Dir 121
1874,Sofia,Ramos,Sanchez,UPMOR,E,Mexicana,Dir 779
1875,Antonio,Aguilar,Dominguez,UAEM,P,Mexicana,Dir 929
1876,Javier,Guzman,Munoz,UAEM,E,Mexicana,Dir 741
1877,Luis,Morales,Aguilar,UPMOR,E,Mexicana,Dir 468
1878,Silvia,Navarro,Bautista,UAEM,P,Mexicana,Dir 28
1879,Maria,Rios,Flores,UNAM,P,Mexicana,Dir 48
1880,Diego,Diaz,Delgado,UPMOR,E,Mexicana,Dir 602
1881,Jesus,Lopez,Bautista,UTEZ,E,Mexicana,Dir 664
1882,Silvia,Lara,Navarro,UNAM,E,Mexicana,Dir 495
1883,Alejandro,Campos,Mendez,IPN,P,Mexicana,Dir 275
1884,Lorena,Gomez,Rios,UAEM,E,Mexicana,Dir 267
1885,Laura,Espinoza,Avila,UAEM,P,Mexicana,Dir 540
1886,Pedro,Aguilar,Herrera,IPN,E,Mexicana,Dir 457
1887,Claudia,Hernandez,Cabrera,UTEZ,E,Mexicana,Dir 688
1888,Arturo,Navarro,Ramos,UNAM,P,Mexicana,Dir 457
1889,Lucia,Rodriguez,Cordova,UTEZ,P,Mexicana,Dir 823
1890,Sofia,Cabrera,Gutierrez,UTEZ,E,Mexicana,Dir 737
1891,Raul,Lara,Rodriguez,IPN,P,Mexicana,Dir 936
1892,Ana,Valencia,Maldonado,IPN,P,Mexicana,Dir 671
1893,Eduardo,Rojas,Morales,UNAM,P,Mexicana,Dir 61
1894,Andrea,Lopez,Gonzalez,UNAM,P,Mexicana,Dir 532
1895,Carlos,Hernandez,Hernandez,UAEM,E,Mexicana,Dir 261
1896,Gael,Dominguez,Delgado,UAEM,P,Mexicana,Dir 590
1897,Ruben,Salazar,Campos,UNAM,E,Mexicana,Dir 783
1898,Alejandro,Gutierrez,Aguilar,UNAM,E,Mexicana,Dir 98
1899,Eduardo,Herrera,Gomez,IPN,P,Mexicana,Dir 526
1900,Maria,Garza,Silva,UNAM,P,Mexicana,Dir 934
1901,Francisco,Morales,Salazar,ITZ,E,Mexicana,Dir 614
1902,Gael,Gutierrez,Mendoza,UAEM,P,Mexicana,Dir 874
1903,Carlos,Dominguez,Soto,UTEZ,E,Mexicana,Dir 889
1904,Oscar,Cervantes,Guzman,IPN,E,Mexicana,Dir 584
1905,Martin,Rojas,Garcia,UTEZ,E,Mexicana,Dir 986
1906,Jesus,Gomez,Ramirez,ITZ,P,Mexicana,Dir 530
1907,Laura,Cruz,Navarro,IPN,E,Mexicana,Dir 135
1908,Maria,Morales,Salazar,UAEM,E,Mexicana,Dir 89
1909,Carlos,Herrera,Cordova,UPMOR,P,Mexicana,Dir 173
1910,Claudia,Romero,Vega,ITZ,E,Mexicana,Dir 9
1911,Veronica,Escobar,Navarro,UNAM,E,Mexicana,Dir 273
1912,Gerardo,Medina,Soto,UTEZ,P,Mexicana,Dir 625
1913,Pedro,Mendoza,Morales,UPMOR,E,Mexicana,Dir 245
1914,Elena,Ruiz,Mejia,UPMOR,P,Mexicana,Dir 335
1915,Victor,Munoz,Rodriguez,IPN,P,Mexicana,Dir 847
1916,Carlos,Lara,Gomez,IPN,E,Mexicana,Dir 619
1917,Paola,Valencia,Mendez,ITZ,E,Mexicana,Dir 660
1918,Hector,Molina,Ramirez,UTEZ,E,Mexicana,Dir 430
1919,Gabriela,Sanchez,Soto,IPN,P,Mexicana,Dir 492
1920,Francisco,Dominguez,Diaz,ITZ,E,Mexicana,Dir 116
1921,Pedro,Sanchez,Navarro,UNAM,P,Mexicana,Dir 639
1922,Claudia,Velazquez,Morales,UNAM,P,Mexicana,Dir 58
1923,Leticia,Cervantes,Dominguez,UAEM,E,Mexicana,Dir 951
1924,Gabriela,Romero,Castillo,UTEZ,E,Mexicana,Dir 393
1925,Antonio,Campos,Bautista,IPN,E,Mexicana,Dir 692
1926,Margarita,Avila,Reyes,UPMOR,E,Mexicana,Dir 531
1927,Rafael,Flores,Castillo,IPN,E,Mexicana,Dir 784
1928,Claudia,Cabrera,Ramos,UPMOR,E,Mexicana,Dir 398
1929,Susana,Avila,Flores,UNAM,P,Mexicana,Dir 410
1930,Eduardo,Sosa,Romero,IPN,E,Mexicana,Dir 873
1931,Elena,Bautista,Herrera,IPN,E,Mexicana,Dir 101
1932,Ana,Navarro,Silva,UNAM,E,Mexicana,Dir 227
1933,Natalia,Ramos,Maldonado,UAEM,E,Mexicana,Dir 461
1934,Silvia,Velazquez,Molina,UTEZ,E,Mexicana,Dir 588
1935,Hugo,Martinez,Maldonado,IPN,P,Mexicana,Dir 899
1936,Eduardo,Ortiz,Escobar,UTEZ,E,Mexicana,Dir 194
1937,Francisco,Mendoza,Gonzalez,UTEZ,E,Mexicana,Dir 435
1938,Beatriz,Reyes,Diaz,UPMOR,E,Mexicana,Dir 793
1939,Raul,Herrera,Ortiz,UAEM,P,Mexicana,Dir 799
1940,Oscar,Morales,Gomez,UAEM,E,Mexicana,Dir 256
1941,Francisco,Gomez,Herrera,UAEM,E,Mexicana,Dir 353
1942,Margarita,Romero,Avila,UTEZ,E,Mexicana,Dir 800
1943,Martin,Chavez,Castillo,UNAM,P,Mexicana,Dir 363
1944,Antonio,Mendoza,Mendoza,IPN,E,Mexicana,Dir 64
1945,Gabriela,Rios,Campos,ITZ,E,Mexicana,Dir 712
1946,Javier,Campos,Velazquez,ITZ,P,Mexicana,Dir 434
1947,Margarita,Hernandez,Silva,IPN,P,Mexicana,Dir 633
1948,Ricardo,Rios,Reyes,UNAM,P,Mexicana,Dir 469
1949,Laura,Sosa,Velazquez,UPMOR,E,Mexicana,Dir 151
1950,Javier,Dominguez,Mejia,UAEM,E,Mexicana,Dir 13
1951,Manuel,Gomez,Mendez,UTEZ,E,Mexicana,Dir 906
1952,Leticia,Sanchez,Sosa,ITZ,E,Mexicana,Dir 963
1953,Manuel,Vargas,Aguilar,UNAM,P,Mexicana,Dir 896
1954,Antonio,Chavez,Rodriguez,IPN,P,Mexicana,Dir 448
1955,Julio,Avila,Molina,ITZ,E,Mexicana,Dir 718
1956,Gerardo,Sosa,Maldonado,UAEM,E,Mexicana,Dir 564
1957,Monica,Perez,Espinoza,UAEM,P,Mexicana,Dir 654
1958,Hugo,Perez,Rojas,UTEZ,P,Mexicana,Dir 510
1959,Victor,Cruz,Delgado,UPMOR,E,Mexicana,Dir 87
1960,Fernando,Martinez,Cervantes,UPMOR,P,Mexicana,Dir 583
1961,Raul,Cervantes,Ruiz,UNAM,P,Mexicana,Dir 422
1962,Valeria,Gutierrez,Salazar,IPN,P,Mexicana,Dir 421
1963,Martin,Delgado,Rojas,ITZ,E,Mexicana,Dir 759
1964,Valeria,Gomez,Romero,UNAM,E,Mexicana,Dir 409
1965,Jorge,Sosa,Cruz,ITZ,E,Mexicana,Dir 562
1966,Valeria,Molina,Espinoza,UTEZ,E,Mexicana,Dir 257
1967,Martha,Delgado,Sosa,UAEM,E,Mexicana,Dir 694
1968,Victor,Navarro,Gomez,UTEZ,E,Mexicana,Dir 213
1969,Manuel,Guzman,Mendez,ITZ,P,Mexicana,Dir 858
1970,Hugo,Rios,Cervantes,UNAM,E,Mexicana,Dir 628
1971,Rosa,Rodriguez,Reyes,UPMOR,P,Mexicana,Dir 292
1972,Fernando,Martinez,Navarro,ITZ,E,Mexicana,Dir 728
1973,Manuel,Reyes,Espinoza,ITZ,E,Mexicana,Dir 496
1974,Jorge,Bautista,Paredes,UPMOR,E,Mexicana,Dir 801
1975,Silvia,Reyes,Perez,UNAM,P,Mexicana,Dir 240
1976,Sofia,Valencia,Diaz,IPN,E,Mexicana,Dir 65
1977,Arturo,Lara,Romero,UNAM,P,Mexicana,Dir 781
1978,Ruben,Dominguez,Delgado,UPMOR,E,Mexicana,Dir 864
1979,Esteban,Munoz,Vargas,UTEZ,P,Mexicana,Dir 309
1980,Carolina,Mendez,Mejia,ITZ,E,Mexicana,Dir 961
1981,Veronica,Cabrera,Ramirez,UPMOR,E,Mexicana,Dir 646
1982,Javier,Reyes,Perez,UAEM,P,Mexicana,Dir 61
1983,Julio,Garcia,Bautista,UTEZ,P,Mexicana,Dir 423
1984,Raul,Ramirez,Mejia,UNAM,P,Mexicana,Dir 489
1985,Martha,Cabrera,Reyes,IPN,P,Mexicana,Dir 411
1986,Ricardo,Paredes,Romero,UTEZ,E,Mexicana,Dir 667
1987,Manuel,Ortiz,Molina,UNAM,P,Mexicana,Dir 242
1988,Ricardo,Guzman,Guzman,ITZ,E,Mexicana,Dir 394
1989,Francisco,Espinoza,Escobar,UPMOR,E,Mexicana,Dir 207
1990,Francisco,Mendoza,Bautista,UNAM,P,Mexicana,Dir 951
1991,Martha,Reyes,Ramirez,UPMOR,E,Mexicana,Dir 571
1992,Carlos,Navarro,Campos,UAEM,E,Mexicana,Dir 151
1993,Manuel,Ruiz,Castro,ITZ,P,Mexicana,Dir 729
1994,Claudia,Perez,Diaz,IPN,E,Mexicana,Dir 560
1995,Daniela,Lopez,Maldonado,ITZ,E,Mexicana,Dir 163
1996,Pedro,Ortiz,Vega,UTEZ,P,Mexicana,Dir 53
1997,Francisco,Paredes,Maldonado,IPN,P,Mexicana,Dir 697
1998,Eduardo,Cruz,Lopez,IPN,E,Mexicana,Dir 152
1999,Patricia,Bautista,Rodriguez,IPN,E,Mexicana,Dir 768
2000,Miguel,Ramirez,Sanchez,UAEM,P,Mexicana,Dir 980
2001,Esteban,Gonzalez,Delgado,UAEM,E,Mexicana,Dir 729
2002,Teresa,Aguilar,Cruz,ITZ,E,Mexicana,Dir 532
2003,Teresa,Vargas,Aguilar,UTEZ,P,Mexicana,Dir 989
2004,Natalia,Reyes,Lopez,UAEM,E,Mexicana,Dir 507
2005,Hector,Gonzalez,Delgado,UTEZ,P,Mexicana,Dir 972
2006,Francisco,Salazar,Paredes,IPN,E,Mexicana,Dir 281
2007,Fernando,Aguilar,Cordova,UTEZ,E,Mexicana,Dir 102
2008,Javier,Morales,Soto,UTEZ,P,Mexicana,Dir 8
2009,Gael,Espinoza,Lara,UNAM,P,Mexicana,Dir 662
2010,Valeria,Diaz,Valencia,IPN,P,Mexicana,Dir 856
2011,Leticia,Delgado,Gonzalez,UTEZ,E,Mexicana,Dir 736
2012,Fernando,Gutierrez,Romero,UNAM,P,Mexicana,Dir 725
2013,Diego,Avila,Garcia,ITZ,P,Mexicana,Dir 64
2014,Martin,Sanchez,Ramirez,UTEZ,E,Mexicana,Dir 808
2015,Esteban,Ramirez,Cordova,ITZ,P,Mexicana,Dir 649
2016,Javier,Maldonado,Ruiz,UTEZ,P,Mexicana,Dir 949
2017,Gerardo,Molina,Navarro,UNAM,P,Mexicana,Dir 349
2018,Teresa,Avila,Ramirez,UAEM,P,Mexicana,Dir 447
2019,Beatriz,Gutierrez,Vargas,UTEZ,E,Mexicana,Dir 236
2020,Martin,Silva,Vargas,UTEZ,P,Mexicana,Dir 561
2021,Jose,Lopez,Sosa,ITZ,P,Mexicana,Dir 889
2022,Gabriela,Sosa,Gomez,UTEZ,E,Mexicana,Dir 597
2023,Lorena,Rios,Delgado,ITZ,E,Mexicana,Dir 658
2024,Martin,Castillo,Navarro,UNAM,P,Mexicana,Dir 455
2025,Beatriz,Cruz,Cruz,UAEM,E,Mexicana,Dir 311
2026,Manuel,Vargas,Aguilar,UTEZ,E,Mexicana,Dir 208
2027,Antonio,Cervantes,Navarro,UAEM,E,Mexicana,Dir 712
2028,Fernando,Flores,Mendoza,UAEM,P,Mexicana,Dir 533
2029,Silvia,Maldonado,Rojas,IPN,E,Mexicana,Dir 116
2030,Martha,Munoz,Cervantes,UNAM,E,Mexicana,Dir 25
2031,Martha,Espinoza,Gonzalez,UTEZ,P,Mexicana,Dir 66
2032,Maria,Rojas,Salazar,UTEZ,E,Mexicana,Dir 247
2033,Silvia,Gonzalez,Cordova,UPMOR,P,Mexicana,Dir 495
2034,Carolina,Soto,Lopez,UTEZ,P,Mexicana,Dir 129
2035,Hugo,Morales,Herrera,UNAM,P,Mexicana,Dir 845
2036,Rumualdo,Escobar,Molina,UNAM,P,Mexicana,Dir 972
2037,Monica,Cortes,Cortes,IPN,E,Mexicana,Dir 575
2038,Laura,Rios,Herrera,UPMOR,P,Mexicana,Dir 479
2039,Veronica,Ramirez,Sanchez,UTEZ,P,Mexicana,Dir 375
2040,Manuel,Munoz,Diaz,IPN,E,Mexicana,Dir 162
2041,Monica,Avila,Valencia,UNAM,E,Mexicana,Dir 482
2042,Gael,Gomez,Vega,UAEM,P,Mexicana,Dir 784
2043,Manuel,Aguilar,Romero,UPMOR,E,Mexicana,Dir 157
2044,Silvia,Valencia,Castro,UPMOR,P,Mexicana,Dir 253
2045,Ricardo,Mendoza,Hernandez,UAEM,P,Mexicana,Dir 272
2046,Rafael,Gutierrez,Mejia,ITZ,E,Mexicana,Dir 32
2047,Raul,Romero,Rodriguez,UAEM,E,Mexicana,Dir 530
2048,Antonio,Lara,Guzman,UTEZ,P,Mexicana,Dir 471
2049,Jorge,Hernandez,Avila,UPMOR,P,Mexicana,Dir 206
2050,Teresa,Delgado,Mejia,ITZ,P,Mexicana,Dir 376
2051,Teresa,Velazquez,Vega,UAEM,E,Mexicana,Dir 288
2052,Gael,Mendez,Chavez,UTEZ,P,Mexicana,Dir 779
2053,Arturo,Gomez,Bautista,UNAM,P,Mexicana,Dir 684
2054,Alejandro,Rios,Cruz,IPN,P,Mexicana,Dir 405
2055,Natalia,Ruiz,Soto,UAEM,E,Mexicana,Dir 156
2056,Esteban,Garcia,Dominguez,IPN,P,Mexicana,Dir 599
2057,Gerardo,Gutierrez,Espinoza,UTEZ,E,Mexicana,Dir 700
2058,Lucia,Valencia,Molina,UTEZ,E,Mexicana,Dir 981
2059,Susana,Perez,Herrera,UAEM,P,Mexicana,Dir 737
2060,Gabriela,Mendez,Cordova,UAEM,P,Mexicana,Dir 626
2061,Claudia,Ortiz,Diaz,ITZ,E,Mexicana,Dir 659
2062,Javier,Cervantes,Cordova,IPN,P,Mexicana,Dir 650
2063,Patricia,Mendez,Salazar,UTEZ,E,Mexicana,Dir 517
2064,Miguel,Ortiz,Flores,IPN,P,Mexicana,Dir 833
2065,Gerardo,Aguilar,Rojas,IPN,E,Mexicana,Dir 699
2066,Martin,Dominguez,Campos,ITZ,P,Mexicana,Dir 631
2067,Maria,Chavez,Lopez,IPN,E,Mexicana,Dir 348
2068,Patricia,Gomez,Guzman,ITZ,E,Mexicana,Dir 336
2069,Natalia,Escobar,Vargas,UPMOR,P,Mexicana,Dir 582
2070,Alejandro,Lara,Valencia,ITZ,E,Mexicana,Dir 998
2071,Miguel,Guzman,Ortiz,IPN,E,Mexicana,Dir 919
2072,Elena,Morales,Sanchez,UPMOR,P,Mexicana,Dir 232
2073,Margarita,Rojas,Valencia,UTEZ,P,Mexicana,Dir 663
2074,Hugo,Diaz,Garza,UAEM,P,Mexicana,Dir 28
2075,Valeria,Guzman,Morales,UPMOR,E,Mexicana,Dir 734
2076,Francisco,Mendoza,Perez,UTEZ,E,Mexicana,Dir 618
2077,Claudia,Campos,Medina,IPN,E,Mexicana,Dir 276
2078,Gabriela,Ramos,Herrera,ITZ,E,Mexicana,Dir 890
2079,Teresa,Sanchez,Gutierrez,UNAM,E,Mexicana,Dir 121
2080,Javier,Bautista,Flores,UAEM,E,Mexicana,Dir 184
2081,Arturo,Gomez,Avila,UTEZ,E,Mexicana,Dir 480
2082,Silvia,Garza,Munoz,UNAM,P,Mexicana,Dir 59
2083,Lucia,Martinez,Garza,UTEZ,P,Mexicana,Dir 571
2084,Luis,Reyes,Cabrera,UPMOR,P,Mexicana,Dir 144
2085,Gael,Vega,Morales,UPMOR,P,Mexicana,Dir 745
2086,Ruben,Aguilar,Perez,ITZ,E,Mexicana,Dir 281
2087,Martha,Avila,Medina,ITZ,E,Mexicana,Dir 744
2088,Lorena,Ramirez,Campos,IPN,E,Mexicana,Dir 550
2089,Susana,Herrera,Cortes,UPMOR,P,Mexicana,Dir 42
2090,Francisco,Ruiz,Ramos,UPMOR,E,Mexicana,Dir 938
2091,Diego,Soto,Cabrera,UTEZ,P,Mexicana,Dir 405
2092,Elena,Chavez,Cordova,UNAM,E,Mexicana,Dir 106
2093,Paola,Lara,Diaz,UNAM,P,Mexicana,Dir 350
2094,Margarita,Ramos,Cruz,UPMOR,E,Mexicana,Dir 171
2095,Jesus,Castillo,Ruiz,IPN,E,Mexicana,Dir 637
2096,Jose,Cervantes,Gonzalez,UPMOR,P,Mexicana,Dir 769
2097,Daniela,Molina,Flores,ITZ,P,Mexicana,Dir 449
2098,Javier,Valencia,Cordova,UNAM,E,Mexicana,Dir 596
2099,Leticia,Paredes,Ortiz,IPN,E,Mexicana,Dir 381
2100,Natalia,Guzman,Castillo,ITZ,P,Mexicana,Dir 153
2101,Pedro,Garza,Cordova,UNAM,E,Mexicana,Dir 317
2102,Victor,Salazar,Diaz,UTEZ,E,Mexicana,Dir 592
2103,Alejandro,Morales,Munoz,ITZ,E,Mexicana,Dir 736
2104,Diego,Rodriguez,Rodriguez,UNAM,E,Mexicana,Dir 30
2105,Susana,Rios,Delgado,UPMOR,P,Mexicana,Dir 175
2106,Rosa,Gutierrez,Cervantes,UTEZ,P,Mexicana,Dir 92
2107,Francisco,Ramos,Valencia,ITZ,E,Mexicana,Dir 158
2108,Victor,Hernandez,Escobar,UPMOR,P,Mexicana,Dir 738
2109,Diego,Lopez,Vega,UNAM,E,Mexicana,Dir 924
2110,Arturo,Silva,Campos,UAEM,E,Mexicana,Dir 371
2111,Victor,Perez,Maldonado,ITZ,P,Mexicana,Dir 391
2112,Gabriela,Ortiz,Cordova,UPMOR,P,Mexicana,Dir 463
2113,Rumualdo,Ruiz,Perez,UPMOR,P,Mexicana,Dir 886
2114,Lorena,Mendez,Delgado,UAEM,E,Mexicana,Dir 868
2115,Lucia,Mendoza,Castro,UPMOR,E,Mexicana,Dir 881
2116,Valeria,Vega,Mejia,UTEZ,E,Mexicana,Dir 342
2117,Maria,Soto,Salazar,IPN,E,Mexicana,Dir 952
2118,Roberto,Campos,Ruiz,UPMOR,P,Mexicana,Dir 663
2119,Teresa,Gutierrez,Mejia,IPN,E,Mexicana,Dir 915
2120,Laura,Velazquez,Gutierrez,ITZ,P,Mexicana,Dir 737
2121,Rafael,Silva,Ramos,UPMOR,P,Mexicana,Dir 280
2122,Daniela,Guzman,Herrera,UTEZ,P,Mexicana,Dir 18
2123,Teresa,Rojas,Cervantes,UNAM,P,Mexicana,Dir 499
2124,Esteban,Garcia,Gomez,ITZ,E,Mexicana,Dir 652
2125,Lorena,Cortes,Hernandez,ITZ,P,Mexicana,Dir 521
2126,Pedro,Diaz,Rios,UTEZ,P,Mexicana,Dir 730
2127,Maria,Cervantes,Navarro,UPMOR,E,Mexicana,Dir 469
2128,Paola,Cabrera,Ruiz,IPN,P,Mexicana,Dir 322
2129,Ana,Perez,Velazquez,UAEM,P,Mexicana,Dir 68
2130,Raul,Gutierrez,Reyes,UPMOR,P,Mexicana,Dir 796
2131,Miguel,Cruz,Cervantes,UNAM,E,Mexicana,Dir 578
2132,Veronica,Salazar,Campos,UNAM,E,Mexicana,Dir 120
2133,Andrea,Diaz,Chavez,UNAM,P,Mexicana,Dir 270
2134,Julio,Cabrera,Ramirez,UPMOR,E,Mexicana,Dir 211
2135,Pedro,Guzman,Campos,IPN,P,Mexicana,Dir 759
2136,Paola,Rodriguez,Avila,IPN,E,Mexicana,Dir 146
2137,Raul,Mejia,Garcia,UPMOR,E,Mexicana,Dir 855
2138,Carolina,Morales,Delgado,UAEM,E,Mexicana,Dir 314
2139,Raul,Chavez,Paredes,UPMOR,P,Mexicana,Dir 63
2140,Martin,Valencia,Mendoza,UNAM,P,Mexicana,Dir 761
2141,Paola,Cruz,Rios,UTEZ,E,Mexicana,Dir 489
2142,Jose,Gutierrez,Castillo,UTEZ,P,Mexicana,Dir 453
2143,Jorge,Ortiz,Mendoza,ITZ,P,Mexicana,Dir 900
2144,Gerardo,Navarro,Aguilar,UAEM,E,Mexicana,Dir 432
2145,Daniela,Cordova,Perez,ITZ,P,Mexicana,Dir 785
2146,Patricia,Ruiz,Gomez,UNAM,E,Mexicana,Dir 312
2147,Javier,Rodriguez,Sanchez,IPN,P,Mexicana,Dir 607
2148,Gabriela,Soto,Soto,UPMOR,P,Mexicana,Dir 334
2149,Claudia,Vargas,Campos,UTEZ,E,Mexicana,Dir 323
2150,Silvia,Gonzalez,Cervantes,UAEM,E,Mexicana,Dir 42
2151,Victor,Garcia,Diaz,IPN,P,Mexicana,Dir 225
2152,Sofia,Velazquez,Sanchez,UTEZ,E,Mexicana,Dir 723
2153,Natalia,Navarro,Rios,UTEZ,P,Mexicana,Dir 927
2154,Oscar,Paredes,Escobar,UAEM,E,Mexicana,Dir 609
2155,Arturo,Valencia,Rios,ITZ,E,Mexicana,Dir 454
2156,Teresa,Delgado,Silva,ITZ,E,Mexicana,Dir 86
2157,Jose,Sosa,Castillo,ITZ,E,Mexicana,Dir 28
2158,Arturo,Gutierrez,Perez,UNAM,E,Mexicana,Dir 482
2159,Ricardo,Hernandez,Hernandez,UTEZ,P,Mexicana,Dir 242
2160,Hugo,Rodriguez,Mendoza,IPN,E,Mexicana,Dir 697
2161,Hugo,Romero,Morales,ITZ,P,Mexicana,Dir 808
2162,Lucia,Mendoza,Ruiz,UAEM,E,Mexicana,Dir 260
2163,Gabriela,Garza,Hernandez,UAEM,E,Mexicana,Dir 816
2164,Diego,Molina,Mejia,UAEM,E,Mexicana,Dir 231
2165,Julio,Rodriguez,Ramos,IPN,E,Mexicana,Dir 528
2166,Miguel,Perez,Sanchez,ITZ,E,Mexicana,Dir 554
2167,Jose,Rios,Delgado,ITZ,P,Mexicana,Dir 645
2168,Martha,Diaz,Flores,UPMOR,P,Mexicana,Dir 127
2169,Antonio,Cordova,Lara,UPMOR,P,Mexicana,Dir 651
2170,Ana,Martinez,Mejia,ITZ,E,Mexicana,Dir 215
2171,Esteban,Molina,Castro,UAEM,E,Mexicana,Dir 358
2172,Carmen,Guzman,Gomez,UNAM,E,Mexicana,Dir 402
2173,Veronica,Vega,Mendez,ITZ,P,Mexicana,Dir 848
2174,Diana,Reyes,Avila,UPMOR,E,Mexicana,Dir 447
2175,Lorena,Cruz,Cabrera,UAEM,E,Mexicana,Dir 895
2176,Daniela,Mejia,Castillo,UTEZ,P,Mexicana,Dir 106
2177,Luis,Gonzalez,Avila,IPN,E,Mexicana,Dir 809
2178,Martha,Espinoza,Maldonado,UTEZ,P,Mexicana,Dir 925
2179,Roberto,Velazquez,Castillo,ITZ,P,Mexicana,Dir 754
2180,Jesus,Castro,Perez,UPMOR,E,Mexicana,Dir 127
2181,Roberto,Ramos,Martinez,UNAM,P,Mexicana,Dir 277
2182,Carmen,Ortiz,Munoz,UTEZ,P,Mexicana,Dir 797
2183,Claudia,Reyes,Mejia,UPMOR,P,Mexicana,Dir 198
2184,Martha,Vargas,Cabrera,UNAM,E,Mexicana,Dir 653
2185,Martha,Rojas,Herrera,ITZ,E,Mexicana,Dir 264
2186,Rafael,Gomez,Cruz,UPMOR,E,Mexicana,Dir 289
2187,Francisco,Garza,Vega,UNAM,P,Mexicana,Dir 338
2188,Raul,Valencia,Dominguez,UAEM,P,Mexicana,Dir 325
2189,Oscar,Cruz,Ramirez,UNAM,E,Mexicana,Dir 901
2190,Arturo,Molina,Cortes,UAEM,E,Mexicana,Dir 824
2191,Gerardo,Rios,Ruiz,UNAM,P,Mexicana,Dir 974
2192,Maria,Ruiz,Ortiz,IPN,P,Mexicana,Dir 501
2193,Beatriz,Herrera,Vega,UTEZ,P,Mexicana,Dir 469
2194,Patricia,Sosa,Molina,IPN,P,Mexicana,Dir 650
2195,Ricardo,Mendoza,Valencia,UNAM,P,Mexicana,Dir 640
2196,Diego,Vega,Aguilar,IPN,P,Mexicana,Dir 589
2197,Hugo,Flores,Cabrera,UAEM,E,Mexicana,Dir 541
2198,Eduardo,Perez,Gutierrez,UTEZ,E,Mexicana,Dir 913
2199,Jose,Garza,Medina,UPMOR,E,Mexicana,Dir 82
2200,Teresa,Gutierrez,Hernandez,UNAM,P,Mexicana,Dir 954
2201,Martin,Maldonado,Garza,UPMOR,E,Mexicana,Dir 764
2202,Ricardo,Lara,Molina,IPN,E,Mexicana,Dir 103
2203,Veronica,Cordova,Dominguez,UPMOR,P,Mexicana,Dir 339
2204,Diana,Gutierrez,Dominguez,UTEZ,E,Mexicana,Dir 746
2205,Margarita,Ramirez,Vega,IPN,P,Mexicana,Dir 818
2206,Jesus,Paredes,Morales,UAEM,P,Mexicana,Dir 634
2207,Javier,Rodriguez,Diaz,IPN,E,Mexicana,Dir 548
2208,Ruben,Avila,Delgado,IPN,E,Mexicana,Dir 491
2209,Ana,Lara,Chavez,UPMOR,P,Mexicana,Dir 975
2210,Diana,Rios,Navarro,IPN,P,Mexicana,Dir 119
2211,Valeria,Lara,Ortiz,UTEZ,E,Mexicana,Dir 576
2212,Carmen,Rios,Vargas,IPN,P,Mexicana,Dir 763
2213,Laura,Sosa,Castro,IPN,E,Mexicana,Dir 675
2214,Daniela,Garcia,Romero,UNAM,P,Mexicana,Dir 493
2215,Ruben,Sosa,Reyes,UNAM,P,Mexicana,Dir 208
2216,Carlos,Flores,Gonzalez,IPN,E,Mexicana,Dir 824
2217,Raul,Garcia,Mendez,ITZ,E,Mexicana,Dir 359
2218,Patricia,Garcia,Romero,UPMOR,P,Mexicana,Dir 189
2219,Gerardo,Soto,Reyes,UPMOR,E,Mexicana,Dir 281
2220,Carmen,Ortiz,Gonzalez,UNAM,E,Mexicana,Dir 293
2221,Luis,Ramirez,Ruiz,UPMOR,P,Mexicana,Dir 649
2222,Lucia,Salazar,Vega,UTEZ,P,Mexicana,Dir 744
2223,Margarita,Castillo,Soto,UPMOR,P,Mexicana,Dir 668
2224,Ruben,Sanchez,Silva,IPN,P,Mexicana,Dir 67
2225,Hugo,Paredes,Salazar,IPN,E,Mexicana,Dir 690
2226,Silvia,Bautista,Molina,UAEM,P,Mexicana,Dir 385
2227,Monica,Reyes,Molina,UPMOR,P,Mexicana,Dir 810
2228,Francisco,Ortiz,Diaz,ITZ,P,Mexicana,Dir 479
2229,Rosa,Rodriguez,Rodriguez,UNAM,P,Mexicana,Dir 49
2230,Andrea,Salazar,Bautista,UNAM,E,Mexicana,Dir 886
2231,Valeria,Castillo,Molina,UPMOR,P,Mexicana,Dir 528
2232,Beatriz,Sanchez,Garza,UTEZ,E,Mexicana,Dir 130
2233,Teresa,Gonzalez,Hernandez,UNAM,P,Mexicana,Dir 980
2234,Daniela,Martinez,Ortiz,UTEZ,E,Mexicana,Dir 947
2235,Jose,Velazquez,Gomez,UPMOR,E,Mexicana,Dir 321
2236,Andrea,Ramirez,Avila,IPN,P,Mexicana,Dir 836
2237,Adriana,Bautista,Castro,UPMOR,P,Mexicana,Dir 636
2238,Martha,Herrera,Cervantes,IPN,E,Mexicana,Dir 493
2239,Claudia,Reyes,Cruz,UAEM,E,Mexicana,Dir 742
2240,Diego,Ramos,Salazar,UNAM,E,Mexicana,Dir 967
2241,Claudia,Mendez,Ramos,ITZ,P,Mexicana,Dir 731
2242,Jorge,Cabrera,Munoz,UNAM,P,Mexicana,Dir 415
2243,Oscar,Castillo,Mendez,UAEM,P,Mexicana,Dir 224
2244,Valeria,Garza,Garza,ITZ,P,Mexicana,Dir 567
2245,Lucia,Martinez,Silva,UNAM,P,Mexicana,Dir 415
2246,Diego,Aguilar,Morales,ITZ,P,Mexicana,Dir 867
2247,Lucia,Cabrera,Garcia,UNAM,P,Mexicana,Dir 606
2248,Claudia,Sosa,Sanchez,IPN,P,Mexicana,Dir 857
2249,Martha,Rodriguez,Ramos,IPN,P,Mexicana,Dir 952
2250,Leticia,Valencia,Perez,ITZ,P,Mexicana,Dir 554
2251,Rumualdo,Garcia,Chavez,UPMOR,P,Mexicana,Dir 785
2252,Gerardo,Mendoza,Ruiz,UAEM,E,Mexicana,Dir 820
2253,Valeria,Reyes,Valencia,UNAM,P,Mexicana,Dir 890
2254,Gabriela,Castro,Ramos,UTEZ,E,Mexicana,Dir 936
2255,Arturo,Gonzalez,Navarro,UPMOR,P,Mexicana,Dir 766
2256,Eduardo,Diaz,Gutierrez,ITZ,P,Mexicana,Dir 770
2257,Martha,Cabrera,Gonzalez,UTEZ,P,Mexicana,Dir 548
2258,Jose,Maldonado,Vargas,IPN,E,Mexicana,Dir 496
2259,Gael,Aguilar,Cordova,UPMOR,P,Mexicana,Dir 364
2260,Martin,Vargas,Campos,UTEZ,E,Mexicana,Dir 643
2261,Jorge,Silva,Cortes,IPN,E,Mexicana,Dir 362
2262,Ana,Garza,Mendez,UTEZ,P,Mexicana,Dir 887
2263,Gerardo,Soto,Morales,ITZ,E,Mexicana,Dir 262
2264,Fernando,Cruz,Hernandez,UNAM,P,Mexicana,Dir 599
2265,Diana,Ramirez,Garcia,IPN,E,Mexicana,Dir 690
2266,Silvia,Guzman,Delgado,ITZ,P,Mexicana,Dir 577
2267,Lucia,Ramirez,Ortiz,UTEZ,E,Mexicana,Dir 522
2268,Leticia,Castro,Espinoza,IPN,E,Mexicana,Dir 296
2269,Ana,Morales,Chavez,UTEZ,P,Mexicana,Dir 982
2270,Arturo,Munoz,Mendez,ITZ,P,Mexicana,Dir 852
2271,Beatriz,Gutierrez,Escobar,UNAM,P,Mexicana,Dir 326
2272,Rumualdo,Cordova,Rojas,UPMOR,E,Mexicana,Dir 817
2273,Elena,Campos,Salazar,IPN,E,Mexicana,Dir 586
2274,Jesus,Munoz,Ruiz,UPMOR,P,Mexicana,Dir 470
2275,Fernando,Diaz,Rios,ITZ,P,Mexicana,Dir 962
2276,Gerardo,Aguilar,Maldonado,UNAM,E,Mexicana,Dir 345
2277,Martin,Hernandez,Gomez,IPN,P,Mexicana,Dir 917
2278,Margarita,Gonzalez,Dominguez,UPMOR,P,Mexicana,Dir 398
2279,Miguel,Garcia,Salazar,UPMOR,P,Mexicana,Dir 800
2280,Veronica,Valencia,Ruiz,UAEM,P,Mexicana,Dir 200
2281,Leticia,Rojas,Reyes,IPN,E,Mexicana,Dir 852
2282,Rafael,Paredes,Cervantes,UAEM,P,Mexicana,Dir 448
2283,Margarita,Cordova,Gonzalez,IPN,E,Mexicana,Dir 735
2284,Ana,Ruiz,Rodriguez,UAEM,P,Mexicana,Dir 621
2285,Maria,Romero,Bautista,IPN,P,Mexicana,Dir 173
2286,Rafael,Espinoza,Rios,UAEM,E,Mexicana,Dir 98
2287,Laura,Ramos,Rios,UAEM,E,Mexicana,Dir 569
2288,Carolina,Flores,Guzman,IPN,E,Mexicana,Dir 348
2289,Hector,Soto,Dominguez,UPMOR,P,Mexicana,Dir 67
2290,Patricia,Dominguez,Paredes,UPMOR,E,Mexicana,Dir 806
2291,Carolina,Ortiz,Romero,UPMOR,P,Mexicana,Dir 534
2292,Carmen,Mejia,Gutierrez,UTEZ,E,Mexicana,Dir 162
2293,Gerardo,Maldonado,Cordova,UPMOR,P,Mexicana,Dir 975
2294,Manuel,Gonzalez,Bautista,UNAM,P,Mexicana,Dir 419
2295,Beatriz,Mendez,Velazquez,UTEZ,P,Mexicana,Dir 308
2296,Maria,Mejia,Aguilar,UAEM,E,Mexicana,Dir 947
2297,Diego,Cortes,Castillo,UAEM,P,Mexicana,Dir 305
2298,Esteban,Silva,Aguilar,ITZ,E,Mexicana,Dir 986
2299,Alejandro,Gonzalez,Mendez,UTEZ,E,Mexicana,Dir 627
2300,Diego,Mendez,Campos,UPMOR,E,Mexicana,Dir 967
2301,Maria,Hernandez,Gonzalez,UPMOR,E,Mexicana,Dir 566
2302,Silvia,Munoz,Lopez,ITZ,P,Mexicana,Dir 638
2303,Sofia,Garcia,Gutierrez,UPMOR,P,Mexicana,Dir 814
2304,Carlos,Rodriguez,Molina,UNAM,P,Mexicana,Dir 515
2305,Laura,Garza,Hernandez,UTEZ,E,Mexicana,Dir 282
2306,Ruben,Delgado,Ruiz,UAEM,P,Mexicana,Dir 362
2307,Martin,Cruz,Rios,UNAM,E,Mexicana,Dir 278
2308,Sofia,Rios,Delgado,UPMOR,E,Mexicana,Dir 454
2309,Valeria,Lara,Maldonado,UAEM,P,Mexicana,Dir 307
2310,Victor,Medina,Mendez,UNAM,E,Mexicana,Dir 199
2311,Valeria,Ruiz,Gonzalez,IPN,E,Mexicana,Dir 383
2312,Elena,Maldonado,Navarro,UTEZ,E,Mexicana,Dir 46
2313,Antonio,Salazar,Rios,UNAM,P,Mexicana,Dir 423
2314,Patricia,Rodriguez,Ramirez,UTEZ,E,Mexicana,Dir 703
2315,Jose,Hernandez,Lopez,UNAM,E,Mexicana,Dir 800
2316,Rumualdo,Bautista,Campos,IPN,E,Mexicana,Dir 559
2317,Hugo,Castillo,Herrera,UPMOR,P,Mexicana,Dir 87
2318,Victor,Delgado,Ortiz,UNAM,E,Mexicana,Dir 625
2319,Gerardo,Dominguez,Vargas,UPMOR,E,Mexicana,Dir 24
2320,Gael,Escobar,Rojas,UAEM,P,Mexicana,Dir 70
2321,Luis,Paredes,Gutierrez,UAEM,E,Mexicana,Dir 453
2322,Miguel,Diaz,Ramos,UAEM,E,Mexicana,Dir 211
2323,Martha,Delgado,Gonzalez,ITZ,P,Mexicana,Dir 314
2324,Laura,Herrera,Valencia,UAEM,E,Mexicana,Dir 646
2325,Rafael,Guzman,Reyes,UTEZ,E,Mexicana,Dir 754
2326,Ricardo,Vega,Espinoza,UTEZ,E,Mexicana,Dir 292
2327,Hector,Escobar,Mendoza,IPN,E,Mexicana,Dir 86
2328,Silvia,Dominguez,Espinoza,ITZ,P,Mexicana,Dir 615
2329,Ana,Cruz,Martinez,UTEZ,E,Mexicana,Dir 981
2330,Susana,Escobar,Perez,UPMOR,E,Mexicana,Dir 320
2331,Diana,Salazar,Aguilar,UAEM,P,Mexicana,Dir 57
2332,Paola,Velazquez,Vega,UNAM,E,Mexicana,Dir 419
2333,Jorge,Morales,Cordova,IPN,P,Mexicana,Dir 253
2334,Martin,Rodriguez,Sanchez,ITZ,E,Mexicana,Dir 299
2335,Adriana,Medina,Reyes,UPMOR,P,Mexicana,Dir 565
2336,Diana,Gomez,Sosa,ITZ,E,Mexicana,Dir 952
2337,Gerardo,Martinez,Salazar,UAEM,P,Mexicana,Dir 790
2338,Diego,Romero,Espinoza,UTEZ,E,Mexicana,Dir 400
2339,Gael,Morales,Rojas,UNAM,P,Mexicana,Dir 39
2340,Teresa,Rojas,Cordova,UTEZ,E,Mexicana,Dir 375
2341,Gabriela,Perez,Gutierrez,UNAM,E,Mexicana,Dir 772
2342,Ruben,Vargas,Sanchez,UPMOR,E,Mexicana,Dir 869
2343,Monica,Cortes,Lopez,ITZ,P,Mexicana,Dir 438
2344,Carlos,Avila,Perez,IPN,E,Mexicana,Dir 536
2345,Rafael,Ramirez,Hernandez,UPMOR,P,Mexicana,Dir 19
2346,Ricardo,Flores,Mendoza,IPN,P,Mexicana,Dir 637
2347,Rosa,Navarro,Aguilar,UPMOR,P,Mexicana,Dir 851
2348,Pedro,Rodriguez,Gutierrez,UNAM,P,Mexicana,Dir 137
2349,Raul,Sanchez,Bautista,UTEZ,P,Mexicana,Dir 959
2350,Roberto,Garza,Espinoza,UTEZ,P,Mexicana,Dir 401
2351,Monica,Velazquez,Perez,UNAM,P,Mexicana,Dir 1
2352,Ruben,Ruiz,Cervantes,UPMOR,P,Mexicana,Dir 503
2353,Victor,Mendez,Perez,UAEM,E,Mexicana,Dir 886
2354,Fernando,Rojas,Castro,IPN,P,Mexicana,Dir 484
2355,Rosa,Escobar,Rios,UPMOR,P,Mexicana,Dir 252
2356,Jorge,Gonzalez,Castillo,UPMOR,E,Mexicana,Dir 513
2357,Esteban,Bautista,Lara,UPMOR,P,Mexicana,Dir 168
2358,Martin,Cruz,Munoz,UAEM,P,Mexicana,Dir 795
2359,Maria,Ramirez,Gutierrez,ITZ,E,Mexicana,Dir 232
2360,Patricia,Ortiz,Velazquez,UNAM,P,Mexicana,Dir 688
2361,Rosa,Diaz,Cordova,IPN,E,Mexicana,Dir 232
2362,Paola,Velazquez,Mejia,UPMOR,E,Mexicana,Dir 874
2363,Daniela,Rojas,Gomez,ITZ,E,Mexicana,Dir 562
2364,Susana,Soto,Cervantes,IPN,P,Mexicana,Dir 110
2365,Patricia,Cabrera,Reyes,UNAM,P,Mexicana,Dir 651
2366,Victor,Lopez,Ramos,UPMOR,E,Mexicana,Dir 759
2367,Martha,Gutierrez,Cortes,IPN,E,Mexicana,Dir 136
2368,Adriana,Rodriguez,Ramirez,UNAM,P,Mexicana,Dir 678
2369,Teresa,Martinez,Salazar,ITZ,E,Mexicana,Dir 248
2370,Gerardo,Gomez,Molina,UAEM,P,Mexicana,Dir 686
2371,Jesus,Cervantes,Gonzalez,IPN,E,Mexicana,Dir 802
2372,Manuel,Martinez,Espinoza,UPMOR,E,Mexicana,Dir 734
2373,Eduardo,Flores,Rodriguez,UPMOR,E,Mexicana,Dir 65
2374,Diana,Martinez,Mendez,UAEM,E,Mexicana,Dir 413
2375,Javier,Vega,Campos,ITZ,E,Mexicana,Dir 355
2376,Rumualdo,Silva,Gonzalez,ITZ,E,Mexicana,Dir 541
2377,Monica,Rios,Bautista,UTEZ,E,Mexicana,Dir 457
2378,Silvia,Bautista,Bautista,UPMOR,P,Mexicana,Dir 820
2379,Martha,Silva,Mendoza,UNAM,E,Mexicana,Dir 689
2380,Gerardo,Espinoza,Cabrera,UNAM,E,Mexicana,Dir 76
2381,Laura,Garza,Rodriguez,UAEM,E,Mexicana,Dir 223
2382,Antonio,Castillo,Ortiz,IPN,E,Mexicana,Dir 632
2383,Martin,Vargas,Medina,UNAM,E,Mexicana,Dir 587
2384,Martha,Sosa,Guzman,UNAM,P,Mexicana,Dir 481
2385,Gabriela,Castillo,Aguilar,UAEM,P,Mexicana,Dir 610
2386,Esteban,Cervantes,Diaz,UAEM,E,Mexicana,Dir 20
2387,Hugo,Castro,Valencia,UPMOR,E,Mexicana,Dir 927
2388,Raul,Molina,Gutierrez,ITZ,E,Mexicana,Dir 577
2389,Jesus,Chavez,Castro,UNAM,E,Mexicana,Dir 695
2390,Veronica,Martinez,Diaz,ITZ,P,Mexicana,Dir 565
2391,Roberto,Molina,Avila,UAEM,E,Mexicana,Dir 287
2392,Jorge,Guzman,Cortes,UNAM,E,Mexicana,Dir 541
2393,Sofia,Salazar,Ruiz,IPN,E,Mexicana,Dir 330
2394,Lucia,Delgado,Garcia,UAEM,E,Mexicana,Dir 974
2395,Ana,Castro,Perez,IPN,E,Mexicana,Dir 562
2396,Lucia,Sanchez,Rios,UTEZ,P,Mexicana,Dir 592
2397,Pedro,Cortes,Vega,IPN,P,Mexicana,Dir 29
2398,Ricardo,Gutierrez,Molina,UPMOR,E,Mexicana,Dir 631
2399,Hector,Mejia,Aguilar,UTEZ,P,Mexicana,Dir 547
2400,Fernando,Cortes,Navarro,UTEZ,P,Mexicana,Dir 528
2401,Javier,Rodriguez,Ramirez,UNAM,P,Mexicana,Dir 553
2402,Raul,Espinoza,Mendoza,UTEZ,P,Mexicana,Dir 331
2403,Hugo,Sanchez,Hernandez,IPN,E,Mexicana,Dir 527
2404,Jose,Reyes,Espinoza,UNAM,E,Mexicana,Dir 747
2405,Luis,Guzman,Lopez,UNAM,P,Mexicana,Dir 529
2406,Lorena,Morales,Soto,ITZ,P,Mexicana,Dir 52
2407,Antonio,Silva,Rodriguez,UAEM,E,Mexicana,Dir 525
2408,Pedro,Chavez,Guzman,UPMOR,P,Mexicana,Dir 396
2409,Eduardo,Cervantes,Ortiz,UTEZ,E,Mexicana,Dir 996
2410,Luis,Mendez,Cortes,UNAM,E,Mexicana,Dir 893
2411,Leticia,Molina,Molina,UPMOR,E,Mexicana,Dir 880
2412,Carolina,Gonzalez,Cordova,ITZ,E,Mexicana,Dir 937
2413,Jorge,Rojas,Martinez,ITZ,E,Mexicana,Dir 23
2414,Raul,Flores,Velazquez,IPN,P,Mexicana,Dir 452
2415,Esteban,Garza,Martinez,ITZ,E,Mexicana,Dir 389
2416,Diana,Cortes,Lara,UPMOR,E,Mexicana,Dir 638
2417,Alejandro,Molina,Salazar,UTEZ,P,Mexicana,Dir 21
2418,Gael,Sosa,Velazquez,UPMOR,P,Mexicana,Dir 300
2419,Carolina,Castro,Campos,UTEZ,E,Mexicana,Dir 631
2420,Diego,Paredes,Medina,UAEM,E,Mexicana,Dir 82
2421,Rosa,Velazquez,Rodriguez,IPN,E,Mexicana,Dir 449
2422,Patricia,Avila,Salazar,ITZ,E,Mexicana,Dir 605
2423,Alejandro,Ruiz,Sosa,UAEM,P,Mexicana,Dir 822
2424,Luis,Avila,Rodriguez,UAEM,E,Mexicana,Dir 812
2425,Maria,Soto,Espinoza,UNAM,P,Mexicana,Dir 309
2426,Jesus,Gutierrez,Castro,UAEM,P,Mexicana,Dir 654
2427,Jorge,Lara,Ramirez,UNAM,E,Mexicana,Dir 922
2428,Pedro,Cruz,Guzman,IPN,P,Mexicana,Dir 52
2429,Susana,Medina,Vega,UPMOR,P,Mexicana,Dir 706
2430,Patricia,Maldonado,Rios,UTEZ,P,Mexicana,Dir 291
2431,Martin,Mendoza,Valencia,UPMOR,P,Mexicana,Dir 713
2432,Diego,Sosa,Sanchez,ITZ,E,Mexicana,Dir 587
2433,Jose,Silva,Castro,ITZ,E,Mexicana,Dir 279
2434,Monica,Sosa,Garza,UNAM,P,Mexicana,Dir 715
2435,Ricardo,Ramos,Martinez,ITZ,P,Mexicana,Dir 837
2436,Ruben,Cervantes,Hernandez,UTEZ,E,Mexicana,Dir 73
2437,Alejandro,Dominguez,Vargas,UTEZ,E,Mexicana,Dir 862
2438,Julio,Avila,Molina,IPN,E,Mexicana,Dir 692
2439,Javier,Rios,Valencia,UAEM,E,Mexicana,Dir 221
2440,Laura,Medina,Reyes,IPN,P,Mexicana,Dir 133
2441,Ruben,Castro,Aguilar,UTEZ,E,Mexicana,Dir 333
2442,Miguel,Sanchez,Valencia,UNAM,P,Mexicana,Dir 672
2443,Susana,Gutierrez,Velazquez,UTEZ,E,Mexicana,Dir 916
2444,Leticia,Ramirez,Ramos,UTEZ,E,Mexicana,Dir 190
2445,Carolina,Mejia,Soto,UAEM,P,Mexicana,Dir 121
2446,Monica,Silva,Sanchez,UNAM,P,Mexicana,Dir 424
2447,Andrea,Garza,Cervantes,UPMOR,E,Mexicana,Dir 306
2448,Hugo,Mendoza,Munoz,UTEZ,P,Mexicana,Dir 693
2449,Javier,Cervantes,Dominguez,UTEZ,P,Mexicana,Dir 955
2450,Veronica,Lopez,Gomez,UAEM,P,Mexicana,Dir 228
2451,Hugo,Romero,Lara,UNAM,E,Mexicana,Dir 981
2452,Jose,Hernandez,Herrera,UNAM,E,Mexicana,Dir 699
2453,Laura,Cabrera,Lopez,UPMOR,E,Mexicana,Dir 644
2454,Susana,Ramirez,Vargas,IPN,P,Mexicana,Dir 123
2455,Antonio,Gomez,Rodriguez,UPMOR,P,Mexicana,Dir 448
2456,Laura,Perez,Vargas,UPMOR,E,Mexicana,Dir 708
2457,Luis,Velazquez,Cruz,UNAM,E,Mexicana,Dir 82
2458,Susana,Rodriguez,Vargas,UAEM,E,Mexicana,Dir 233
2459,Diana,Lopez,Martinez,UAEM,P,Mexicana,Dir 203
2460,Jose,Reyes,Diaz,UNAM,E,Mexicana,Dir 689
2461,Pedro,Diaz,Escobar,IPN,P,Mexicana,Dir 107
2462,Raul,Cruz,Lara,UTEZ,E,Mexicana,Dir 813
2463,Laura,Diaz,Espinoza,ITZ,P,Mexicana,Dir 483
2464,Martha,Aguilar,Morales,ITZ,E,Mexicana,Dir 565
2465,Alejandro,Rios,Guzman,IPN,P,Mexicana,Dir 296
2466,Martha,Cortes,Soto,UPMOR,P,Mexicana,Dir 145
2467,Monica,Diaz,Ruiz,UTEZ,P,Mexicana,Dir 264
2468,Jorge,Diaz,Cabrera,UTEZ,E,Mexicana,Dir 288
2469,Pedro,Soto,Cabrera,ITZ,E,Mexicana,Dir 30
2470,Diana,Guzman,Navarro,UAEM,P,Mexicana,Dir 358
2471,Rumualdo,Sosa,Ortiz,UNAM,E,Mexicana,Dir 252
2472,Jorge,Sanchez,Medina,IPN,E,Mexicana,Dir 150
2473,Carmen,Castillo,Guzman,ITZ,E,Mexicana,Dir 669
2474,Carlos,Lara,Cruz,ITZ,P,Mexicana,Dir 537
2475,Gael,Ramos,Munoz,UTEZ,P,Mexicana,Dir 351
2476,Jesus,Silva,Salazar,UTEZ,P,Mexicana,Dir 999
2477,Alejandro,Medina,Dominguez,UPMOR,P,Mexicana,Dir 886
2478,Elena,Munoz,Morales,UAEM,E,Mexicana,Dir 46
2479,Miguel,Gomez,Bautista,ITZ,E,Mexicana,Dir 411
2480,Beatriz,Diaz,Sosa,UPMOR,P,Mexicana,Dir 565
2481,Jesus,Delgado,Cabrera,ITZ,P,Mexicana,Dir 791
2482,Arturo,Ruiz,Mendez,UNAM,P,Mexicana,Dir 45
2483,Monica,Guzman,Diaz,UPMOR,P,Mexicana,Dir 446
2484,Julio,Guzman,Cabrera,UNAM,E,Mexicana,Dir 627
2485,Fernando,Aguilar,Ruiz,UNAM,E,Mexicana,Dir 839
2486,Jorge,Martinez,Salazar,UAEM,E,Mexicana,Dir 762
2487,Lorena,Cabrera,Soto,ITZ,P,Mexicana,Dir 371
2488,Adriana,Cabrera,Mejia,UTEZ,P,Mexicana,Dir 145
2489,Alejandro,Garcia,Ramirez,UTEZ,E,Mexicana,Dir 738
2490,Diana,Herrera,Ramirez,ITZ,E,Mexicana,Dir 550
2491,Julio,Rodriguez,Morales,ITZ,E,Mexicana,Dir 958
2492,Javier,Aguilar,Gutierrez,UTEZ,E,Mexicana,Dir 394
2493,Manuel,Herrera,Salazar,UTEZ,P,Mexicana,Dir 867
2494,Eduardo,Ramos,Hernandez,UNAM,P,Mexicana,Dir 459
2495,Carolina,Maldonado,Velazquez,UNAM,E,Mexicana,Dir 585
2496,Ricardo,Delgado,Gomez,UPMOR,E,Mexicana,Dir 342
2497,Luis,Sosa,Rojas,UPMOR,E,Mexicana,Dir 714
2498,Sofia,Perez,Cruz,UNAM,E,Mexicana,Dir 29
2499,Roberto,Navarro,Campos,UNAM,E,Mexicana,Dir 852
2500,Miguel,Bautista,Vargas,UTEZ,E,Mexicana,Dir 685
2501,Diego,Velazquez,Escobar,ITZ,E,Mexicana,Dir 737
2502,Roberto,Gomez,Velazquez,UPMOR,P,Mexicana,Dir 302
2503,Jose,Cabrera,Guzman,ITZ,P,Mexicana,Dir 162
2504,Natalia,Reyes,Medina,UNAM,P,Mexicana,Dir 577
2505,Paola,Hernandez,Cabrera,ITZ,E,Mexicana,Dir 485
2506,Manuel,Ramos,Ortiz,UNAM,P,Mexicana,Dir 94
2507,Javier,Cortes,Flores,UAEM,E,Mexicana,Dir 941
2508,Andrea,Vega,Delgado,ITZ,P,Mexicana,Dir 268
2509,Diego,Cortes,Cabrera,IPN,P,Mexicana,Dir 919
2510,Alejandro,Maldonado,Flores,UAEM,P,Mexicana,Dir 924
2511,Miguel,Cortes,Perez,UPMOR,E,Mexicana,Dir 510
2512,Antonio,Morales,Cruz,IPN,E,Mexicana,Dir 103
2513,Julio,Rodriguez,Ruiz,IPN,P,Mexicana,Dir 680
2514,Hector,Campos,Castro,IPN,P,Mexicana,Dir 818
2515,Natalia,Rodriguez,Lara,ITZ,P,Mexicana,Dir 848
2516,Carlos,Gonzalez,Dominguez,IPN,E,Mexicana,Dir 505
2517,Patricia,Avila,Mendez,IPN,E,Mexicana,Dir 599
2518,Arturo,Garza,Velazquez,ITZ,E,Mexicana,Dir 927
2519,Margarita,Cervantes,Velazquez,ITZ,P,Mexicana,Dir 376
2520,Daniela,Castro,Herrera,UNAM,P,Mexicana,Dir 76
2521,Jorge,Cabrera,Molina,ITZ,P,Mexicana,Dir 285
2522,Gael,Castro,Avila,UPMOR,E,Mexicana,Dir 784
2523,Adriana,Cruz,Velazquez,UPMOR,P,Mexicana,Dir 856
2524,Adriana,Dominguez,Avila,UAEM,E,Mexicana,Dir 73
2525,Arturo,Vega,Sanchez,IPN,P,Mexicana,Dir 701
2526,Rosa,Rodriguez,Molina,UNAM,P,Mexicana,Dir 922
2527,Fernando,Herrera,Vargas,IPN,E,Mexicana,Dir 91
2528,Margarita,Cabrera,Mendoza,UAEM,E,Mexicana,Dir 7
2529,Francisco,Rios,Guzman,IPN,E,Mexicana,Dir 155
2530,Gabriela,Aguilar,Campos,IPN,P,Mexicana,Dir 856
2531,Oscar,Munoz,Chavez,UNAM,P,Mexicana,Dir 401
2532,Arturo,Garza,Gomez,UTEZ,P,Mexicana,Dir 634
2533,Maria,Espinoza,Chavez,UPMOR,E,Mexicana,Dir 668
2534,Carmen,Molina,Garcia,UAEM,P,Mexicana,Dir 513
2535,Hugo,Salazar,Velazquez,IPN,E,Mexicana,Dir 719
2536,Arturo,Valencia,Silva,IPN,E,Mexicana,Dir 141
2537,Sofia,Sanchez,Ortiz,UAEM,E,Mexicana,Dir 658
2538,Jesus,Gonzalez,Cortes,UTEZ,P,Mexicana,Dir 825
2539,Gerardo,Perez,Avila,UPMOR,E,Mexicana,Dir 149
2540,Arturo,Maldonado,Lopez,ITZ,E,Mexicana,Dir 780
2541,Diana,Molina,Hernandez,UPMOR,E,Mexicana,Dir 75
2542,Esteban,Ramirez,Garza,UNAM,E,Mexicana,Dir 736
2543,Carolina,Dominguez,Martinez,ITZ,E,Mexicana,Dir 403
2544,Diana,Avila,Herrera,UNAM,E,Mexicana,Dir 922
2545,Rafael,Silva,Ramirez,UTEZ,E,Mexicana,Dir 202
2546,Alejandro,Gomez,Valencia,UPMOR,E,Mexicana,Dir 607
2547,Margarita,Ortiz,Bautista,UNAM,E,Mexicana,Dir 839
2548,Laura,Morales,Munoz,UTEZ,E,Mexicana,Dir 688
2549,Martha,Hernandez,Gonzalez,UNAM,E,Mexicana,Dir 133
2550,Julio,Martinez,Salazar,IPN,P,Mexicana,Dir 983
2551,Lorena,Soto,Molina,UTEZ,P,Mexicana,Dir 765
2552,Margarita,Avila,Sosa,IPN,P,Mexicana,Dir 706
2553,Beatriz,Silva,Ramos,IPN,E,Mexicana,Dir 750
2554,Carolina,Bautista,Hernandez,UNAM,E,Mexicana,Dir 147
2555,Martha,Sanchez,Martinez,UTEZ,E,Mexicana,Dir 5
2556,Francisco,Chavez,Herrera,IPN,E,Mexicana,Dir 618
2557,Gael,Lopez,Ruiz,UAEM,E,Mexicana,Dir 643
2558,Antonio,Delgado,Castro,IPN,P,Mexicana,Dir 549
2559,Natalia,Ruiz,Valencia,IPN,P,Mexicana,Dir 458
2560,Teresa,Paredes,Avila,IPN,P,Mexicana,Dir 841
2561,Pedro,Perez,Mendoza,ITZ,P,Mexicana,Dir 259
2562,Ricardo,Rojas,Gutierrez,UTEZ,P,Mexicana,Dir 619
2563,Luis,Ramos,Cortes,UTEZ,P,Mexicana,Dir 820
2564,Victor,Gomez,Molina,IPN,P,Mexicana,Dir 606
2565,Manuel,Sosa,Dominguez,UNAM,P,Mexicana,Dir 959
2566,Jose,Espinoza,Diaz,UAEM,E,Mexicana,Dir 500
2567,Hugo,Ramirez,Mendez,UAEM,E,Mexicana,Dir 438
2568,Margarita,Garza,Bautista,UNAM,P,Mexicana,Dir 773
2569,Adriana,Vargas,Cervantes,ITZ,P,Mexicana,Dir 879
2570,Alejandro,Mejia,Rios,UAEM,E,Mexicana,Dir 729
2571,Antonio,Garcia,Sosa,UNAM,E,Mexicana,Dir 115
2572,Teresa,Cortes,Ortiz,UTEZ,P,Mexicana,Dir 715
2573,Sofia,Reyes,Lara,ITZ,P,Mexicana,Dir 358
2574,Jesus,Castro,Romero,IPN,P,Mexicana,Dir 778
2575,Lucia,Ruiz,Aguilar,ITZ,P,Mexicana,Dir 745
2576,Paola,Mendoza,Valencia,UNAM,E,Mexicana,Dir 25
2577,Carolina,Delgado,Valencia,IPN,E,Mexicana,Dir 578
2578,Carolina,Silva,Velazquez,ITZ,P,Mexicana,Dir 810
2579,Valeria,Garza,Gutierrez,IPN,P,Mexicana,Dir 683
2580,Raul,Hernandez,Ramos,ITZ,P,Mexicana,Dir 862
2581,Luis,Dominguez,Gomez,UNAM,P,Mexicana,Dir 505
2582,Andrea,Vargas,Ramos,UAEM,P,Mexicana,Dir 91
2583,Gabriela,Mendoza,Dominguez,UTEZ,P,Mexicana,Dir 939
2584,Esteban,Silva,Garza,UNAM,P,Mexicana,Dir 497
2585,Laura,Cervantes,Romero,IPN,E,Mexicana,Dir 52
2586,Gerardo,Mejia,Gomez,IPN,P,Mexicana,Dir 157
2587,Martin,Garcia,Avila,ITZ,P,Mexicana,Dir 100
2588,Carolina,Bautista,Ramirez,UTEZ,E,Mexicana,Dir 739
2589,Luis,Soto,Espinoza,ITZ,P,Mexicana,Dir 387
2590,Lorena,Bautista,Espinoza,UPMOR,P,Mexicana,Dir 288
2591,Diana,Ramos,Valencia,UPMOR,E,Mexicana,Dir 468
2592,Lorena,Ramos,Avila,IPN,E,Mexicana,Dir 156
2593,Monica,Bautista,Hernandez,IPN,P,Mexicana,Dir 750
2594,Jose,Mendez,Cordova,UPMOR,E,Mexicana,Dir 372
2595,Ruben,Navarro,Herrera,UPMOR,E,Mexicana,Dir 278
2596,Jose,Escobar,Martinez,UNAM,E,Mexicana,Dir 46
2597,Patricia,Munoz,Soto,UNAM,E,Mexicana,Dir 828
2598,Gabriela,Navarro,Vega,UTEZ,P,Mexicana,Dir 209
2599,Esteban,Chavez,Silva,ITZ,E,Mexicana,Dir 31
2600,Patricia,Martinez,Aguilar,UAEM,E,Mexicana,Dir 660
2601,Rosa,Diaz,Valencia,UAEM,E,Mexicana,Dir 746
2602,Daniela,Dominguez,Silva,ITZ,E,Mexicana,Dir 516
2603,Lucia,Cabrera,Cruz,UNAM,P,Mexicana,Dir 365
2604,Diego,Ramirez,Paredes,UPMOR,E,Mexicana,Dir 801
2605,Roberto,Velazquez,Martinez,IPN,E,Mexicana,Dir 595
2606,Paola,Mendez,Soto,IPN,E,Mexicana,Dir 503
2607,Rosa,Romero,Avila,ITZ,E,Mexicana,Dir 344
2608,Carmen,Munoz,Avila,IPN,E,Mexicana,Dir 166
2609,Arturo,Sanchez,Silva,IPN,E,Mexicana,Dir 902
2610,Roberto,Sanchez,Sanchez,IPN,E,Mexicana,Dir 141
2611,Arturo,Ruiz,Lopez,ITZ,P,Mexicana,Dir 865
2612,Silvia,Cervantes,Cordova,IPN,P,Mexicana,Dir 954
2613,Veronica,Ramos,Rodriguez,UPMOR,E,Mexicana,Dir 335
2614,Carmen,Velazquez,Garza,UTEZ,E,Mexicana,Dir 546
2615,Susana,Chavez,Cervantes,ITZ,E,Mexicana,Dir 677
2616,Lorena,Castillo,Bautista,UTEZ,E,Mexicana,Dir 296
2617,Laura,Martinez,Cervantes,UAEM,P,Mexicana,Dir 819
2618,Leticia,Cortes,Reyes,ITZ,E,Mexicana,Dir 420
2619,Leticia,Maldonado,Perez,UAEM,E,Mexicana,Dir 226
2620,Alejandro,Romero,Delgado,UTEZ,E,Mexicana,Dir 763
2621,Diego,Cabrera,Chavez,IPN,E,Mexicana,Dir 950
2622,Teresa,Gonzalez,Escobar,IPN,P,Mexicana,Dir 44
2623,Ruben,Munoz,Mendoza,UNAM,P,Mexicana,Dir 926
2624,Teresa,Castro,Martinez,UTEZ,P,Mexicana,Dir 392
2625,Rosa,Hernandez,Castro,UNAM,E,Mexicana,Dir 847
2626,Oscar,Cordova,Cordova,UAEM,P,Mexicana,Dir 670
2627,Miguel,Garcia,Vargas,UTEZ,P,Mexicana,Dir 585
2628,Veronica,Campos,Garcia,UTEZ,E,Mexicana,Dir 876
2629,Ruben,Maldonado,Rios,ITZ,P,Mexicana,Dir 590
2630,Miguel,Ruiz,Medina,IPN,E,Mexicana,Dir 321
2631,Miguel,Ortiz,Maldonado,UNAM,P,Mexicana,Dir 546
2632,Fernando,Ortiz,Hernandez,IPN,P,Mexicana,Dir 552
2633,Silvia,Gonzalez,Mendez,UAEM,E,Mexicana,Dir 613
2634,Javier,Mendoza,Herrera,UNAM,P,Mexicana,Dir 217
2635,Antonio,Herrera,Mendoza,UAEM,E,Mexicana,Dir 513
2636,Lucia,Castillo,Castillo,UAEM,P,Mexicana,Dir 665
2637,Esteban,Ramirez,Paredes,UPMOR,P,Mexicana,Dir 121
2638,Manuel,Ramirez,Espinoza,ITZ,P,Mexicana,Dir 132
2639,Raul,Paredes,Garza,UNAM,E,Mexicana,Dir 649
2640,Luis,Rojas,Herrera,IPN,P,Mexicana,Dir 531
2641,Margarita,Avila,Valencia,IPN,E,Mexicana,Dir 945
2642,Eduardo,Reyes,Lopez,ITZ,P,Mexicana,Dir 54
2643,Martha,Castillo,Sosa,ITZ,P,Mexicana,Dir 764
2644,Elena,Chavez,Chavez,UNAM,E,Mexicana,Dir 32
2645,Adriana,Ruiz,Gonzalez,UAEM,E,Mexicana,Dir 56
2646,Eduardo,Salazar,Lara,ITZ,P,Mexicana,Dir 878
2647,Rosa,Guzman,Mendoza,UPMOR,P,Mexicana,Dir 729
2648,Manuel,Mendoza,Bautista,UPMOR,E,Mexicana,Dir 722
2649,Lucia,Castillo,Cervantes,UTEZ,P,Mexicana,Dir 451
2650,Elena,Diaz,Cordova,UAEM,P,Mexicana,Dir 601
2651,Patricia,Perez,Maldonado,UAEM,E,Mexicana,Dir 370
2652,Jesus,Garza,Sanchez,UPMOR,P,Mexicana,Dir 494
2653,Jesus,Garza,Martinez,UAEM,E,Mexicana,Dir 162
2654,Ana,Cordova,Salazar,UAEM,E,Mexicana,Dir 695
2655,Teresa,Herrera,Vega,IPN,P,Mexicana,Dir 401
2656,Carmen,Valencia,Cruz,UAEM,P,Mexicana,Dir 995
2657,Adriana,Garza,Campos,ITZ,P,Mexicana,Dir 960
2658,Raul,Lopez,Sanchez,ITZ,E,Mexicana,Dir 463
2659,Silvia,Rodriguez,Flores,IPN,E,Mexicana,Dir 638
2660,Carlos,Ramirez,Vega,UPMOR,E,Mexicana,Dir 829
2661,Arturo,Ruiz,Gutierrez,UAEM,P,Mexicana,Dir 410
2662,Andrea,Herrera,Gonzalez,UTEZ,E,Mexicana,Dir 551
2663,Beatriz,Ruiz,Maldonado,UTEZ,P,Mexicana,Dir 63
2664,Francisco,Velazquez,Rojas,UNAM,P,Mexicana,Dir 823
2665,Miguel,Gomez,Chavez,UNAM,P,Mexicana,Dir 751
2666,Ana,Dominguez,Bautista,UAEM,E,Mexicana,Dir 24
2667,Rosa,Salazar,Rios,UNAM,P,Mexicana,Dir 147
2668,Paola,Garcia,Castillo,UPMOR,P,Mexicana,Dir 736
2669,Margarita,Romero,Castro,UAEM,P,Mexicana,Dir 540
2670,Susana,Cervantes,Diaz,IPN,P,Mexicana,Dir 995
2671,Carmen,Soto,Aguilar,UNAM,E,Mexicana,Dir 690
2672,Rosa,Lopez,Espinoza,ITZ,P,Mexicana,Dir 424
2673,Ruben,Flores,Ruiz,UAEM,P,Mexicana,Dir 957
2674,Javier,Ramirez,Ortiz,ITZ,P,Mexicana,Dir 393
2675,Eduardo,Flores,Delgado,UPMOR,E,Mexicana,Dir 12
2676,Martha,Morales,Munoz,UTEZ,E,Mexicana,Dir 443
2677,Susana,Martinez,Flores,ITZ,P,Mexicana,Dir 88
2678,Esteban,Herrera,Diaz,ITZ,E,Mexicana,Dir 371
2679,Natalia,Bautista,Cortes,IPN,P,Mexicana,Dir 767
2680,Oscar,Rojas,Cortes,UAEM,E,Mexicana,Dir 707
2681,Oscar,Salazar,Rodriguez,IPN,E,Mexicana,Dir 829
2682,Diego,Diaz,Ortiz,UAEM,E,Mexicana,Dir 318
2683,Susana,Lara,Hernandez,ITZ,E,Mexicana,Dir 388
2684,Rosa,Ortiz,Garza,UNAM,P,Mexicana,Dir 304
2685,Gerardo,Reyes,Valencia,UTEZ,P,Mexicana,Dir 782
2686,Rafael,Sanchez,Delgado,UPMOR,P,Mexicana,Dir 856
2687,Eduardo,Gonzalez,Vega,UTEZ,P,Mexicana,Dir 304
2688,Ana,Avila,Rios,ITZ,P,Mexicana,Dir 762
2689,Julio,Ramirez,Chavez,IPN,E,Mexicana,Dir 94
2690,Rosa,Delgado,Gomez,UTEZ,P,Mexicana,Dir 31
2691,Julio,Flores,Morales,ITZ,E,Mexicana,Dir 36
2692,Diego,Dominguez,Lara,UTEZ,E,Mexicana,Dir 636
2693,Patricia,Cabrera,Herrera,UPMOR,E,Mexicana,Dir 458
2694,Ricardo,Rojas,Cortes,UTEZ,P,Mexicana,Dir 134
2695,Susana,Lara,Mendoza,UAEM,P,Mexicana,Dir 951
2696,Gerardo,Lopez,Guzman,UNAM,P,Mexicana,Dir 633
2697,Andrea,Garcia,Diaz,UPMOR,E,Mexicana,Dir 103
2698,Claudia,Reyes,Cervantes,ITZ,P,Mexicana,Dir 783
2699,Javier,Romero,Valencia,UNAM,E,Mexicana,Dir 60
2700,Jorge,Cervantes,Rojas,UTEZ,P,Mexicana,Dir 209
2701,Carlos,Paredes,Guzman,UNAM,P,Mexicana,Dir 519
2702,Carolina,Mendoza,Molina,UAEM,E,Mexicana,Dir 211
2703,Susana,Silva,Garcia,IPN,E,Mexicana,Dir 505
2704,Arturo,Martinez,Molina,IPN,E,Mexicana,Dir 316
2705,Valeria,Mendez,Ortiz,UTEZ,P,Mexicana,Dir 38
2706,Javier,Mejia,Mejia,UNAM,P,Mexicana,Dir 769
2707,Eduardo,Cordova,Rodriguez,IPN,P,Mexicana,Dir 433
2708,Maria,Cruz,Morales,ITZ,E,Mexicana,Dir 355
2709,Luis,Vargas,Escobar,UAEM,E,Mexicana,Dir 921
2710,Veronica,Cruz,Dominguez,UNAM,E,Mexicana,Dir 134
2711,Pedro,Rios,Garza,ITZ,E,Mexicana,Dir 163
2712,Ana,Dominguez,Vargas,UTEZ,P,Mexicana,Dir 28
2713,Beatriz,Salazar,Paredes,UAEM,P,Mexicana,Dir 170
2714,Ricardo,Salazar,Garza,UNAM,P,Mexicana,Dir 563
2715,Alejandro,Vega,Cordova,UPMOR,P,Mexicana,Dir 279
2716,Susana,Vargas,Hernandez,UPMOR,P,Mexicana,Dir 996
2717,Patricia,Flores,Rodriguez,UTEZ,E,Mexicana,Dir 283
2718,Sofia,Salazar,Rodriguez,UPMOR,P,Mexicana,Dir 912
2719,Gerardo,Cordova,Perez,ITZ,P,Mexicana,Dir 763
2720,Raul,Vega,Soto,UTEZ,P,Mexicana,Dir 428
2721,Jose,Molina,Martinez,ITZ,E,Mexicana,Dir 696
2722,Adriana,Diaz,Munoz,IPN,E,Mexicana,Dir 667
2723,Carmen,Diaz,Vega,UPMOR,E,Mexicana,Dir 703
2724,Pedro,Maldonado,Perez,UPMOR,P,Mexicana,Dir 292
2725,Javier,Morales,Ramirez,UTEZ,E,Mexicana,Dir 15
2726,Paola,Perez,Avila,UNAM,P,Mexicana,Dir 382
2727,Beatriz,Gutierrez,Sanchez,UNAM,E,Mexicana,Dir 181
2728,Oscar,Flores,Dominguez,UNAM,P,Mexicana,Dir 895
2729,Fernando,Cruz,Martinez,UNAM,E,Mexicana,Dir 287
2730,Ricardo,Mejia,Ramirez,UPMOR,E,Mexicana,Dir 52
2731,Daniela,Cabrera,Aguilar,UPMOR,P,Mexicana,Dir 831
2732,Rosa,Medina,Dominguez,UNAM,P,Mexicana,Dir 589
2733,Laura,Ortiz,Bautista,UNAM,P,Mexicana,Dir 432
2734,Leticia,Ruiz,Escobar,IPN,P,Mexicana,Dir 46
2735,Gerardo,Guzman,Castillo,UTEZ,P,Mexicana,Dir 935
2736,Ana,Mendez,Reyes,UAEM,P,Mexicana,Dir 174
2737,Margarita,Garcia,Rodriguez,UPMOR,E,Mexicana,Dir 309
2738,Javier,Ruiz,Gomez,UAEM,P,Mexicana,Dir 480
2739,Sofia,Guzman,Ortiz,UPMOR,P,Mexicana,Dir 153
2740,Arturo,Rios,Garcia,UNAM,E,Mexicana,Dir 96
2741,Ana,Rios,Cruz,UAEM,E,Mexicana,Dir 944
2742,Leticia,Guzman,Espinoza,UNAM,E,Mexicana,Dir 789
2743,Daniela,Vargas,Ramos,UTEZ,E,Mexicana,Dir 694
2744,Paola,Paredes,Cruz,ITZ,P,Mexicana,Dir 828
2745,Pedro,Escobar,Cortes,ITZ,E,Mexicana,Dir 417
2746,Claudia,Diaz,Escobar,UTEZ,P,Mexicana,Dir 896
2747,Laura,Diaz,Perez,ITZ,E,Mexicana,Dir 416
2748,Manuel,Soto,Cabrera,UAEM,P,Mexicana,Dir 98
2749,Paola,Molina,Salazar,UNAM,E,Mexicana,Dir 307
2750,Hugo,Chavez,Avila,UPMOR,E,Mexicana,Dir 749
2751,Javier,Sosa,Rios,ITZ,P,Mexicana,Dir 930
2752,Pedro,Navarro,Cabrera,UNAM,P,Mexicana,Dir 171
2753,Andrea,Cortes,Navarro,IPN,P,Mexicana,Dir 379
2754,Hector,Castillo,Perez,IPN,P,Mexicana,Dir 722
2755,Sofia,Aguilar,Mejia,UPMOR,E,Mexicana,Dir 850
2756,Javier,Garza,Cordova,UNAM,P,Mexicana,Dir 903
2757,Rafael,Flores,Escobar,UPMOR,E,Mexicana,Dir 555
2758,Martha,Velazquez,Mendez,UAEM,P,Mexicana,Dir 234
2759,Daniela,Aguilar,Avila,UPMOR,P,Mexicana,Dir 944
2760,Raul,Martinez,Lara,UNAM,P,Mexicana,Dir 584
2761,Rosa,Salazar,Chavez,UPMOR,P,Mexicana,Dir 115
2762,Hugo,Garcia,Sanchez,UAEM,P,Mexicana,Dir 668
2763,Rumualdo,Rodriguez,Gomez,UPMOR,E,Mexicana,Dir 975
2764,Adriana,Hernandez,Cervantes,UAEM,P,Mexicana,Dir 802
2765,Jorge,Morales,Reyes,UPMOR,P,Mexicana,Dir 835
2766,Maria,Sanchez,Mendez,IPN,E,Mexicana,Dir 233
2767,Martha,Herrera,Escobar,IPN,E,Mexicana,Dir 20
2768,Antonio,Flores,Diaz,UPMOR,E,Mexicana,Dir 436
2769,Alejandro,Martinez,Ortiz,UPMOR,E,Mexicana,Dir 5
2770,Daniela,Medina,Rodriguez,UAEM,E,Mexicana,Dir 365
2771,Eduardo,Mendoza,Cordova,UTEZ,E,Mexicana,Dir 561
2772,Veronica,Garza,Molina,ITZ,P,Mexicana,Dir 524
2773,Paola,Aguilar,Medina,UPMOR,P,Mexicana,Dir 218
2774,Daniela,Sanchez,Salazar,UAEM,E,Mexicana,Dir 196
2775,Pedro,Cabrera,Vega,ITZ,E,Mexicana,Dir 238
2776,Roberto,Espinoza,Cabrera,UAEM,P,Mexicana,Dir 84
2777,Hugo,Medina,Reyes,ITZ,E,Mexicana,Dir 890
2778,Adriana,Ramirez,Espinoza,UNAM,P,Mexicana,Dir 867
2779,Patricia,Aguilar,Medina,UTEZ,P,Mexicana,Dir 720
2780,Lorena,Mejia,Morales,ITZ,E,Mexicana,Dir 90
2781,Laura,Garza,Vargas,IPN,P,Mexicana,Dir 190
2782,Carolina,Romero,Cruz,ITZ,P,Mexicana,Dir 489
2783,Victor,Mendoza,Rojas,UAEM,P,Mexicana,Dir 235
2784,Jorge,Espinoza,Avila,ITZ,E,Mexicana,Dir 204
2785,Luis,Silva,Vega,ITZ,E,Mexicana,Dir 126
2786,Rosa,Cortes,Lara,UTEZ,E,Mexicana,Dir 245
2787,Martha,Gutierrez,Ramirez,UPMOR,P,Mexicana,Dir 410
2788,Monica,Aguilar,Gomez,UPMOR,E,Mexicana,Dir 623
2789,Eduardo,Delgado,Ruiz,UAEM,P,Mexicana,Dir 788
2790,Gabriela,Cabrera,Gutierrez,UAEM,P,Mexicana,Dir 293
2791,Julio,Medina,Diaz,UTEZ,P,Mexicana,Dir 349
2792,Paola,Vargas,Garza,UNAM,P,Mexicana,Dir 900
2793,Gerardo,Chavez,Vargas,UTEZ,P,Mexicana,Dir 2
2794,Diana,Maldonado,Paredes,UPMOR,P,Mexicana,Dir 909
2795,Gerardo,Bautista,Maldonado,UAEM,E,Mexicana,Dir 8
2796,Pedro,Silva,Herrera,UNAM,P,Mexicana,Dir 642
2797,Pedro,Espinoza,Lara,UNAM,E,Mexicana,Dir 285
2798,Gerardo,Rodriguez,Salazar,UAEM,P,Mexicana,Dir 598
2799,Arturo,Cruz,Bautista,UAEM,P,Mexicana,Dir 137
2800,Esteban,Maldonado,Delgado,UNAM,E,Mexicana,Dir 13
2801,Leticia,Ortiz,Cortes,UPMOR,E,Mexicana,Dir 697
2802,Ana,Chavez,Flores,UPMOR,P,Mexicana,Dir 571
2803,Sofia,Cortes,Herrera,UNAM,E,Mexicana,Dir 660
2804,Monica,Herrera,Gonzalez,UTEZ,E,Mexicana,Dir 631
2805,Gael,Escobar,Mendez,UNAM,P,Mexicana,Dir 357
2806,Martha,Mendoza,Medina,UPMOR,E,Mexicana,Dir 505
2807,Andrea,Mendoza,Flores,UTEZ,E,Mexicana,Dir 244
2808,Carmen,Martinez,Mendez,UAEM,E,Mexicana,Dir 486
2809,Sofia,Bautista,Silva,UTEZ,E,Mexicana,Dir 649
2810,Javier,Vega,Silva,UAEM,E,Mexicana,Dir 246
2811,Jesus,Molina,Silva,ITZ,P,Mexicana,Dir 38
2812,Lorena,Hernandez,Sanchez,UAEM,E,Mexicana,Dir 838
2813,Teresa,Paredes,Gutierrez,UAEM,E,Mexicana,Dir 558
2814,Luis,Avila,Cruz,UNAM,P,Mexicana,Dir 608
2815,Ana,Romero,Mejia,IPN,E,Mexicana,Dir 591
2816,Lorena,Rodriguez,Sanchez,UPMOR,P,Mexicana,Dir 606
2817,Sofia,Garcia,Ramirez,UTEZ,E,Mexicana,Dir 750
2818,Andrea,Romero,Bautista,IPN,E,Mexicana,Dir 617
2819,Gabriela,Escobar,Cabrera,UAEM,E,Mexicana,Dir 276
2820,Andrea,Aguilar,Garza,UTEZ,P,Mexicana,Dir 519
2821,Miguel,Ramos,Rios,UTEZ,E,Mexicana,Dir 512
2822,Jose,Cordova,Cortes,IPN,P,Mexicana,Dir 256
2823,Hector,Ramos,Molina,ITZ,P,Mexicana,Dir 627
2824,Ricardo,Ramirez,Hernandez,UPMOR,E,Mexicana,Dir 239
2825,Ricardo,Gutierrez,Mejia,UTEZ,P,Mexicana,Dir 76
2826,Oscar,Cordova,Ruiz,UNAM,P,Mexicana,Dir 968
2827,Jesus,Gomez,Lopez,UNAM,P,Mexicana,Dir 293
2828,Ricardo,Soto,Paredes,ITZ,E,Mexicana,Dir 800
2829,Maria,Garcia,Delgado,ITZ,E,Mexicana,Dir 451
2830,Pedro,Martinez,Campos,UNAM,E,Mexicana,Dir 781
2831,Hector,Reyes,Cabrera,IPN,P,Mexicana,Dir 960
2832,Rumualdo,Paredes,Molina,UPMOR,E,Mexicana,Dir 992
2833,Pedro,Medina,Cruz,UTEZ,P,Mexicana,Dir 960
2834,Rafael,Campos,Reyes,UAEM,E,Mexicana,Dir 214
2835,Alejandro,Rojas,Cervantes,UNAM,P,Mexicana,Dir 521
2836,Arturo,Ruiz,Cervantes,IPN,E,Mexicana,Dir 738
2837,Arturo,Rios,Gonzalez,IPN,P,Mexicana,Dir 321
2838,Rosa,Lara,Garcia,ITZ,E,Mexicana,Dir 228
2839,Oscar,Cortes,Munoz,UTEZ,E,Mexicana,Dir 647
2840,Monica,Campos,Maldonado,UAEM,P,Mexicana,Dir 151
2841,Susana,Vega,Lara,UTEZ,E,Mexicana,Dir 404
2842,Manuel,Rodriguez,Sanchez,UTEZ,P,Mexicana,Dir 279
2843,Beatriz,Soto,Flores,IPN,P,Mexicana,Dir 544
2844,Adriana,Ruiz,Silva,ITZ,P,Mexicana,Dir 786
2845,Esteban,Mendoza,Dominguez,UTEZ,P,Mexicana,Dir 814
2846,Ana,Bautista,Maldonado,UNAM,E,Mexicana,Dir 931
2847,Jorge,Diaz,Perez,UNAM,E,Mexicana,Dir 280
2848,Andrea,Ramirez,Cruz,UNAM,E,Mexicana,Dir 725
2849,Diego,Mejia,Paredes,IPN,E,Mexicana,Dir 786
2850,Maria,Castro,Cabrera,UNAM,P,Mexicana,Dir 958
2851,Natalia,Lopez,Martinez,UTEZ,P,Mexicana,Dir 827
2852,Maria,Navarro,Vega,UPMOR,E,Mexicana,Dir 415
2853,Gabriela,Romero,Delgado,UAEM,P,Mexicana,Dir 306
2854,Alejandro,Diaz,Sosa,UNAM,E,Mexicana,Dir 650
2855,Oscar,Diaz,Rios,UAEM,E,Mexicana,Dir 970
2856,Susana,Maldonado,Molina,UPMOR,E,Mexicana,Dir 433
2857,Susana,Perez,Delgado,ITZ,P,Mexicana,Dir 751
2858,Monica,Sanchez,Velazquez,UNAM,E,Mexicana,Dir 860
2859,Lorena,Munoz,Munoz,ITZ,E,Mexicana,Dir 415
2860,Martin,Velazquez,Campos,UNAM,E,Mexicana,Dir 407
2861,Susana,Sosa,Munoz,UPMOR,P,Mexicana,Dir 508
2862,Hugo,Chavez,Guzman,UPMOR,P,Mexicana,Dir 813
2863,Rosa,Castro,Soto,UAEM,E,Mexicana,Dir 13
2864,Maria,Gutierrez,Munoz,ITZ,E,Mexicana,Dir 850
2865,Veronica,Soto,Morales,ITZ,P,Mexicana,Dir 502
2866,Francisco,Sosa,Molina,UPMOR,P,Mexicana,Dir 777
2867,Rafael,Ortiz,Chavez,UTEZ,P,Mexicana,Dir 558
2868,Esteban,Mendez,Cabrera,ITZ,E,Mexicana,Dir 807
2869,Sofia,Campos,Bautista,UTEZ,E,Mexicana,Dir 853
2870,Fernando,Gonzalez,Romero,UAEM,E,Mexicana,Dir 761
2871,Javier,Valencia,Lopez,ITZ,P,Mexicana,Dir 137
2872,Victor,Dominguez,Cordova,UAEM,P,Mexicana,Dir 264
2873,Victor,Cortes,Avila,UNAM,P,Mexicana,Dir 281
2874,Arturo,Escobar,Gomez,UTEZ,P,Mexicana,Dir 753
2875,Jose,Herrera,Aguilar,UAEM,E,Mexicana,Dir 752
2876,Roberto,Paredes,Medina,UAEM,P,Mexicana,Dir 15
2877,Alejandro,Mendez,Castro,ITZ,E,Mexicana,Dir 106
2878,Fernando,Velazquez,Rios,UAEM,E,Mexicana,Dir 267
2879,Lorena,Ruiz,Maldonado,IPN,E,Mexicana,Dir 465
2880,Javier,Chavez,Espinoza,IPN,E,Mexicana,Dir 738
2881,Arturo,Ruiz,Garcia,UNAM,P,Mexicana,Dir 500
2882,Monica,Vega,Gomez,UTEZ,E,Mexicana,Dir 74
2883,Francisco,Perez,Cortes,IPN,E,Mexicana,Dir 434
2884,Hector,Velazquez,Ruiz,ITZ,E,Mexicana,Dir 793
2885,Sofia,Soto,Garcia,IPN,E,Mexicana,Dir 446
2886,Carmen,Mendoza,Cortes,ITZ,E,Mexicana,Dir 426
2887,Valeria,Reyes,Cruz,IPN,E,Mexicana,Dir 201
2888,Rafael,Mendez,Bautista,UNAM,E,Mexicana,Dir 200
2889,Arturo,Navarro,Soto,UNAM,P,Mexicana,Dir 936
2890,Hector,Mendoza,Rodriguez,UNAM,P,Mexicana,Dir 720
2891,Gabriela,Lopez,Cervantes,UAEM,P,Mexicana,Dir 8
2892,Silvia,Gutierrez,Castro,UTEZ,E,Mexicana,Dir 716
2893,Martin,Castillo,Mendoza,UPMOR,P,Mexicana,Dir 788
2894,Miguel,Valencia,Rojas,UPMOR,P,Mexicana,Dir 232
2895,Valeria,Medina,Martinez,IPN,P,Mexicana,Dir 30
2896,Martha,Campos,Diaz,UPMOR,P,Mexicana,Dir 578
2897,Andrea,Castillo,Gutierrez,UTEZ,P,Mexicana,Dir 110
2898,Rafael,Morales,Garza,UTEZ,E,Mexicana,Dir 566
2899,Carolina,Diaz,Paredes,UTEZ,E,Mexicana,Dir 170
2900,Roberto,Valencia,Sosa,UTEZ,P,Mexicana,Dir 327
2901,Carmen,Escobar,Ruiz,UPMOR,P,Mexicana,Dir 508
2902,Gerardo,Velazquez,Valencia,UPMOR,P,Mexicana,Dir 612
2903,Lorena,Paredes,Ruiz,UPMOR,E,Mexicana,Dir 487
2904,Hugo,Herrera,Rodriguez,UPMOR,P,Mexicana,Dir 436
2905,Hector,Rojas,Lopez,ITZ,E,Mexicana,Dir 1
2906,Esteban,Lopez,Espinoza,UTEZ,E,Mexicana,Dir 991
2907,Carmen,Valencia,Escobar,UPMOR,E,Mexicana,Dir 395
2908,Rosa,Perez,Cordova,ITZ,P,Mexicana,Dir 15
2909,Hugo,Reyes,Perez,UNAM,E,Mexicana,Dir 758
2910,Manuel,Rios,Cortes,UNAM,P,Mexicana,Dir 928
2911,Jorge,Salazar,Gutierrez,ITZ,P,Mexicana,Dir 827
2912,Oscar,Bautista,Bautista,UAEM,E,Mexicana,Dir 575
2913,Susana,Ramirez,Gomez,UTEZ,P,Mexicana,Dir 119
2914,Rosa,Delgado,Sanchez,UTEZ,P,Mexicana,Dir 46
2915,Valeria,Ortiz,Romero,ITZ,E,Mexicana,Dir 293
2916,Andrea,Castro,Salazar,UAEM,E,Mexicana,Dir 203
2917,Laura,Rojas,Cortes,UNAM,E,Mexicana,Dir 26
2918,Diana,Avila,Delgado,UTEZ,P,Mexicana,Dir 631
2919,Victor,Aguilar,Ramirez,UTEZ,E,Mexicana,Dir 522
2920,Eduardo,Sanchez,Herrera,UPMOR,P,Mexicana,Dir 683
2921,Rafael,Ortiz,Ortiz,UTEZ,E,Mexicana,Dir 766
2922,Antonio,Rios,Bautista,UPMOR,E,Mexicana,Dir 280
2923,Francisco,Espinoza,Vargas,IPN,E,Mexicana,Dir 540
2924,Carlos,Cortes,Flores,UTEZ,E,Mexicana,Dir 338
2925,Sofia,Rios,Cruz,IPN,E,Mexicana,Dir 104
2926,Raul,Morales,Sosa,IPN,P,Mexicana,Dir 150
2927,Miguel,Garza,Escobar,IPN,E,Mexicana,Dir 904
2928,Roberto,Morales,Mejia,ITZ,P,Mexicana,Dir 552
2929,Raul,Velazquez,Campos,UPMOR,E,Mexicana,Dir 460
2930,Laura,Soto,Ortiz,UAEM,P,Mexicana,Dir 49
2931,Teresa,Garza,Ramos,IPN,E,Mexicana,Dir 82
2932,Margarita,Guzman,Medina,UAEM,E,Mexicana,Dir 79
2933,Ricardo,Romero,Diaz,UTEZ,E,Mexicana,Dir 143
2934,Daniela,Rodriguez,Molina,ITZ,P,Mexicana,Dir 663
2935,Andrea,Mendez,Silva,ITZ,E,Mexicana,Dir 483
2936,Carolina,Rodriguez,Cortes,UTEZ,E,Mexicana,Dir 18
2937,Rosa,Gomez,Sosa,UTEZ,P,Mexicana,Dir 665
2938,Claudia,Velazquez,Gutierrez,UAEM,E,Mexicana,Dir 30
2939,Rosa,Hernandez,Flores,UNAM,E,Mexicana,Dir 333
2940,Ana,Guzman,Hernandez,UPMOR,P,Mexicana,Dir 327
2941,Veronica,Molina,Romero,UAEM,E,Mexicana,Dir 95
2942,Margarita,Salazar,Ortiz,IPN,E,Mexicana,Dir 250
2943,Roberto,Rodriguez,Lara,UNAM,P,Mexicana,Dir 644
2944,Carolina,Cortes,Garza,IPN,P,Mexicana,Dir 332
2945,Hector,Medina,Mejia,UAEM,E,Mexicana,Dir 511
2946,Valeria,Flores,Castillo,ITZ,P,Mexicana,Dir 156
2947,Rafael,Paredes,Espinoza,ITZ,P,Mexicana,Dir 608
2948,Gael,Valencia,Rios,IPN,E,Mexicana,Dir 737
2949,Miguel,Martinez,Gonzalez,UTEZ,P,Mexicana,Dir 775
2950,Claudia,Diaz,Salazar,UPMOR,E,Mexicana,Dir 95
2951,Victor,Espinoza,Mendez,UTEZ,P,Mexicana,Dir 390
2952,Andrea,Valencia,Campos,UAEM,E,Mexicana,Dir 528
2953,Teresa,Mejia,Mejia,ITZ,E,Mexicana,Dir 503
2954,Arturo,Hernandez,Morales,IPN,E,Mexicana,Dir 814
2955,Teresa,Navarro,Valencia,UNAM,P,Mexicana,Dir 486
2956,Victor,Maldonado,Delgado,UTEZ,P,Mexicana,Dir 968
2957,Ana,Navarro,Medina,UNAM,E,Mexicana,Dir 74
2958,Andrea,Cruz,Ruiz,UTEZ,E,Mexicana,Dir 212
2959,Lucia,Lopez,Chavez,IPN,P,Mexicana,Dir 948
2960,Carlos,Lara,Martinez,ITZ,E,Mexicana,Dir 346
2961,Rumualdo,Hernandez,Velazquez,ITZ,P,Mexicana,Dir 224
2962,Alejandro,Ramos,Mendoza,UPMOR,P,Mexicana,Dir 378
2963,Victor,Garza,Mendoza,UTEZ,E,Mexicana,Dir 860
2964,Susana,Rios,Cruz,UTEZ,E,Mexicana,Dir 799
2965,Gael,Lopez,Sosa,UTEZ,E,Mexicana,Dir 671
2966,Victor,Cortes,Rojas,UPMOR,E,Mexicana,Dir 326
2967,Victor,Campos,Vargas,IPN,E,Mexicana,Dir 333
2968,Francisco,Velazquez,Rodriguez,UAEM,E,Mexicana,Dir 823
2969,Fernando,Ruiz,Herrera,UAEM,E,Mexicana,Dir 13
2970,Gael,Garcia,Hernandez,IPN,E,Mexicana,Dir 47
2971,Arturo,Cabrera,Hernandez,UNAM,P,Mexicana,Dir 402
2972,Paola,Cortes,Morales,UTEZ,E,Mexicana,Dir 786
2973,Patricia,Soto,Gonzalez,UAEM,P,Mexicana,Dir 73
2974,Jose,Hernandez,Flores,ITZ,P,Mexicana,Dir 721
2975,Lucia,Cordova,Herrera,UTEZ,E,Mexicana,Dir 37
2976,Oscar,Flores,Maldonado,IPN,P,Mexicana,Dir 286
2977,Eduardo,Lopez,Diaz,UNAM,E,Mexicana,Dir 83
2978,Maria,Lopez,Ramos,UTEZ,E,Mexicana,Dir 782
2979,Carolina,Cabrera,Garza,IPN,P,Mexicana,Dir 421
2980,Teresa,Ortiz,Mejia,UPMOR,E,Mexicana,Dir 598
2981,Miguel,Flores,Cervantes,ITZ,P,Mexicana,Dir 272
2982,Daniela,Escobar,Mendoza,ITZ,P,Mexicana,Dir 442
2983,Martin,Perez,Molina,UPMOR,P,Mexicana,Dir 693
2984,Julio,Campos,Rios,IPN,E,Mexicana,Dir 28
2985,Margarita,Garza,Espinoza,UAEM,E,Mexicana,Dir 876
2986,Luis,Romero,Ruiz,ITZ,P,Mexicana,Dir 194
2987,Paola,Ruiz,Chavez,UNAM,E,Mexicana,Dir 825
2988,Adriana,Gomez,Ruiz,UPMOR,E,Mexicana,Dir 605
2989,Raul,Castro,Vega,UAEM,E,Mexicana,Dir 106
2990,Victor,Lara,Cortes,IPN,E,Mexicana,Dir 118
2991,Hugo,Cervantes,Martinez,UTEZ,P,Mexicana,Dir 746
2992,Natalia,Vargas,Soto,UTEZ,E,Mexicana,Dir 731
2993,Paola,Mejia,Gutierrez,UNAM,E,Mexicana,Dir 125
2994,Arturo,Ramirez,Silva,UTEZ,P,Mexicana,Dir 83
2995,Andrea,Guzman,Mejia,UAEM,P,Mexicana,Dir 209
2996,Adriana,Vargas,Morales,UPMOR,P,Mexicana,Dir 818
2997,Gael,Ramos,Flores,UNAM,E,Mexicana,Dir 424
2998,Carmen,Navarro,Reyes,UNAM,P,Mexicana,Dir 467
2999,Rumualdo,Guzman,Castillo,UTEZ,P,Mexicana,Dir 656
3000,Miguel,Flores,Castillo,IPN,P,Mexicana,Dir 400
3001,Esteban,Guzman,Cervantes,UAEM,P,Mexicana,Dir 350
3002,Pedro,Lara,Aguilar,UPMOR,P,Mexicana,Dir 901
3003,Ana,Mendoza,Ortiz,ITZ,P,Mexicana,Dir 546
3004,Leticia,Guzman,Cabrera,ITZ,P,Mexicana,Dir 888
3005,Manuel,Ramos,Ortiz,ITZ,E,Mexicana,Dir 479
3006,Martha,Medina,Salazar,UAEM,P,Mexicana,Dir 71
3007,Jesus,Reyes,Mendez,UNAM,E,Mexicana,Dir 580
3008,Esteban,Gutierrez,Martinez,UNAM,E,Mexicana,Dir 113
3009,Antonio,Guzman,Bautista,ITZ,P,Mexicana,Dir 868
3010,Natalia,Vargas,Ramos,ITZ,E,Mexicana,Dir 907
3011,Teresa,Cordova,Gomez,IPN,E,Mexicana,Dir 789
3012,Luis,Salazar,Ortiz,UNAM,P,Mexicana,Dir 644
3013,Roberto,Rodriguez,Martinez,UTEZ,P,Mexicana,Dir 774
3014,Roberto,Gomez,Martinez,ITZ,P,Mexicana,Dir 158
3015,Hugo,Chavez,Ortiz,UNAM,P,Mexicana,Dir 219
3016,Carmen,Gomez,Castro,UPMOR,P,Mexicana,Dir 203
3017,Veronica,Aguilar,Martinez,UNAM,E,Mexicana,Dir 92
3018,Daniela,Aguilar,Herrera,UPMOR,E,Mexicana,Dir 57
3019,Carolina,Lopez,Reyes,UTEZ,E,Mexicana,Dir 265
3020,Alejandro,Morales,Martinez,UAEM,P,Mexicana,Dir 728
3021,Carolina,Lopez,Ramirez,UNAM,E,Mexicana,Dir 812
3022,Carmen,Perez,Paredes,UAEM,E,Mexicana,Dir 228
3023,Jorge,Reyes,Avila,UNAM,E,Mexicana,Dir 781
3024,Ruben,Cervantes,Rodriguez,UAEM,P,Mexicana,Dir 680
3025,Fernando,Romero,Navarro,IPN,P,Mexicana,Dir 460
3026,Diego,Sosa,Soto,ITZ,E,Mexicana,Dir 332
3027,Hector,Guzman,Maldonado,UPMOR,P,Mexicana,Dir 801
3028,Margarita,Mendez,Rojas,ITZ,P,Mexicana,Dir 684
3029,Valeria,Rodriguez,Salazar,UNAM,E,Mexicana,Dir 962
3030,Julio,Garza,Espinoza,UPMOR,E,Mexicana,Dir 813
3031,Luis,Mendoza,Garcia,IPN,E,Mexicana,Dir 676
3032,Patricia,Chavez,Campos,UTEZ,E,Mexicana,Dir 283
3033,Ruben,Lopez,Maldonado,UTEZ,P,Mexicana,Dir 822
3034,Veronica,Soto,Ortiz,UPMOR,E,Mexicana,Dir 47
3035,Laura,Ramirez,Mendoza,UNAM,P,Mexicana,Dir 424
3036,Sofia,Flores,Lara,IPN,P,Mexicana,Dir 129
3037,Susana,Campos,Espinoza,UAEM,E,Mexicana,Dir 15
3038,Patricia,Velazquez,Ramirez,ITZ,P,Mexicana,Dir 550
3039,Esteban,Escobar,Paredes,IPN,P,Mexicana,Dir 279
3040,Margarita,Romero,Mendoza,IPN,E,Mexicana,Dir 249
3041,Martha,Cruz,Castro,ITZ,E,Mexicana,Dir 902
3042,Natalia,Munoz,Perez,UAEM,P,Mexicana,Dir 850
3043,Diana,Avila,Garza,UNAM,E,Mexicana,Dir 686
3044,Monica,Morales,Reyes,UTEZ,E,Mexicana,Dir 24
3045,Lorena,Cabrera,Guzman,UAEM,E,Mexicana,Dir 302
3046,Andrea,Cordova,Cabrera,UPMOR,E,Mexicana,Dir 160
3047,Victor,Cruz,Cabrera,UTEZ,P,Mexicana,Dir 132
3048,Maria,Rojas,Cortes,UAEM,P,Mexicana,Dir 43
3049,Luis,Medina,Medina,UNAM,E,Mexicana,Dir 526
3050,Pedro,Morales,Reyes,ITZ,E,Mexicana,Dir 17
3051,Elena,Garza,Medina,UAEM,P,Mexicana,Dir 972
3052,Hugo,Chavez,Reyes,UTEZ,P,Mexicana,Dir 3
3053,Beatriz,Avila,Ramirez,UTEZ,E,Mexicana,Dir 502
3054,Antonio,Cortes,Rojas,UPMOR,E,Mexicana,Dir 61
3055,Carlos,Cervantes,Reyes,UPMOR,E,Mexicana,Dir 915
3056,Oscar,Martinez,Gomez,IPN,P,Mexicana,Dir 576
3057,Esteban,Salazar,Salazar,UNAM,P,Mexicana,Dir 369
3058,Gerardo,Espinoza,Reyes,UPMOR,P,Mexicana,Dir 920
3059,Sofia,Molina,Dominguez,UTEZ,P,Mexicana,Dir 872
3060,Susana,Hernandez,Valencia,ITZ,E,Mexicana,Dir 377
3061,Oscar,Delgado,Rojas,ITZ,E,Mexicana,Dir 692
3062,Fernando,Perez,Morales,UNAM,E,Mexicana,Dir 378
3063,Diego,Ramirez,Silva,UTEZ,P,Mexicana,Dir 633
3064,Miguel,Cabrera,Dominguez,UAEM,E,Mexicana,Dir 88
3065,Carlos,Vega,Cruz,UNAM,E,Mexicana,Dir 301
3066,Natalia,Cruz,Espinoza,ITZ,E,Mexicana,Dir 224
3067,Ruben,Diaz,Ramirez,UAEM,E,Mexicana,Dir 85
3068,Veronica,Romero,Avila,ITZ,E,Mexicana,Dir 174
3069,Sofia,Aguilar,Gomez,UPMOR,E,Mexicana,Dir 766
3070,Diana,Salazar,Dominguez,UAEM,P,Mexicana,Dir 792
3071,Francisco,Vargas,Dominguez,ITZ,P,Mexicana,Dir 281
3072,Jesus,Guzman,Guzman,ITZ,P,Mexicana,Dir 47
3073,Jose,Gomez,Ruiz,UNAM,P,Mexicana,Dir 536
3074,Rumualdo,Romero,Ramirez,IPN,P,Mexicana,Dir 300
3075,Silvia,Garcia,Aguilar,IPN,E,Mexicana,Dir 296
3076,Julio,Lara,Ramirez,UTEZ,E,Mexicana,Dir 765
3077,Leticia,Reyes,Espinoza,IPN,P,Mexicana,Dir 339
3078,Hector,Vargas,Salazar,UPMOR,P,Mexicana,Dir 260
3079,Gabriela,Medina,Munoz,UTEZ,E,Mexicana,Dir 684
3080,Beatriz,Munoz,Lopez,UNAM,P,Mexicana,Dir 643
3081,Oscar,Flores,Rodriguez,UAEM,P,Mexicana,Dir 636
3082,Laura,Munoz,Salazar,UAEM,E,Mexicana,Dir 714
3083,Veronica,Paredes,Gutierrez,IPN,P,Mexicana,Dir 104
3084,Margarita,Ramos,Medina,UPMOR,E,Mexicana,Dir 641
3085,Teresa,Ramos,Mendez,UNAM,P,Mexicana,Dir 834
3086,Adriana,Ramirez,Cruz,UNAM,E,Mexicana,Dir 680
3087,Jorge,Ortiz,Mendoza,IPN,E,Mexicana,Dir 443
3088,Eduardo,Romero,Escobar,ITZ,E,Mexicana,Dir 706
3089,Paola,Rios,Sosa,IPN,E,Mexicana,Dir 157
3090,Gael,Rios,Aguilar,ITZ,E,Mexicana,Dir 572
3091,Rafael,Rojas,Morales,UNAM,P,Mexicana,Dir 242
3092,Susana,Herrera,Garza,UAEM,P,Mexicana,Dir 597
3093,Manuel,Garza,Munoz,UPMOR,P,Mexicana,Dir 706
3094,Sofia,Lopez,Cabrera,UTEZ,E,Mexicana,Dir 72
3095,Susana,Herrera,Cabrera,IPN,E,Mexicana,Dir 366
3096,Ricardo,Silva,Sanchez,ITZ,P,Mexicana,Dir 968
3097,Elena,Cruz,Vega,UNAM,P,Mexicana,Dir 316
3098,Gael,Ramirez,Cruz,IPN,P,Mexicana,Dir 405
3099,Gael,Aguilar,Morales,ITZ,P,Mexicana,Dir 879
3100,Rosa,Castro,Martinez,ITZ,E,Mexicana,Dir 679
3101,Victor,Sanchez,Navarro,UPMOR,E,Mexicana,Dir 399
3102,Laura,Romero,Delgado,ITZ,P,Mexicana,Dir 246
3103,Natalia,Hernandez,Gomez,UNAM,E,Mexicana,Dir 711
3104,Rosa,Garza,Flores,UPMOR,E,Mexicana,Dir 897
3105,Claudia,Mendoza,Maldonado,UAEM,P,Mexicana,Dir 691
3106,Eduardo,Valencia,Mendoza,ITZ,E,Mexicana,Dir 339
3107,Beatriz,Vega,Cruz,UAEM,E,Mexicana,Dir 469
3108,Martin,Cortes,Ramos,UTEZ,E,Mexicana,Dir 669
3109,Carolina,Castillo,Mendoza,UPMOR,P,Mexicana,Dir 402
3110,Silvia,Escobar,Silva,UPMOR,P,Mexicana,Dir 173
3111,Andrea,Castro,Cruz,UPMOR,P,Mexicana,Dir 236
3112,Susana,Vargas,Munoz,UPMOR,E,Mexicana,Dir 747
3113,Hector,Rodriguez,Medina,UPMOR,P,Mexicana,Dir 72
3114,Ana,Martinez,Escobar,ITZ,E,Mexicana,Dir 981
3115,Diego,Vega,Lara,UAEM,E,Mexicana,Dir 545
3116,Gael,Avila,Martinez,IPN,P,Mexicana,Dir 605
3117,Hugo,Cabrera,Garza,IPN,E,Mexicana,Dir 439
3118,Esteban,Vega,Castillo,UTEZ,E,Mexicana,Dir 62
3119,Veronica,Rojas,Aguilar,UPMOR,E,Mexicana,Dir 346
3120,Teresa,Valencia,Ramirez,UNAM,E,Mexicana,Dir 81
3121,Margarita,Soto,Romero,ITZ,P,Mexicana,Dir 103
3122,Carmen,Ortiz,Aguilar,UAEM,P,Mexicana,Dir 872
3123,Victor,Medina,Castillo,UAEM,E,Mexicana,Dir 689
3124,Silvia,Cabrera,Cruz,UNAM,P,Mexicana,Dir 728
3125,Roberto,Perez,Ramirez,UTEZ,P,Mexicana,Dir 12
3126,Carlos,Lara,Martinez,UPMOR,E,Mexicana,Dir 199
3127,Gael,Gonzalez,Sosa,UAEM,E,Mexicana,Dir 710
3128,Silvia,Martinez,Soto,UPMOR,P,Mexicana,Dir 301
3129,Francisco,Bautista,Bautista,UPMOR,E,Mexicana,Dir 310
3130,Ruben,Munoz,Gomez,UAEM,P,Mexicana,Dir 752
3131,Claudia,Castillo,Ruiz,IPN,E,Mexicana,Dir 714
3132,Eduardo,Diaz,Castro,UPMOR,P,Mexicana,Dir 327
3133,Silvia,Molina,Chavez,IPN,P,Mexicana,Dir 899
3134,Esteban,Avila,Martinez,UNAM,P,Mexicana,Dir 288
3135,Manuel,Hernandez,Soto,ITZ,P,Mexicana,Dir 100
3136,Gael,Delgado,Gomez,UPMOR,P,Mexicana,Dir 628
3137,Lucia,Flores,Navarro,UAEM,E,Mexicana,Dir 21
3138,Fernando,Molina,Morales,IPN,P,Mexicana,Dir 347
3139,Manuel,Paredes,Campos,UPMOR,E,Mexicana,Dir 821
3140,Veronica,Salazar,Sanchez,UPMOR,E,Mexicana,Dir 634
3141,Hugo,Guzman,Reyes,UPMOR,E,Mexicana,Dir 280
3142,Antonio,Cordova,Chavez,UPMOR,P,Mexicana,Dir 977
3143,Ricardo,Flores,Vargas,UAEM,P,Mexicana,Dir 37
3144,Diana,Ramirez,Gonzalez,UTEZ,P,Mexicana,Dir 241
3145,Antonio,Soto,Chavez,UAEM,P,Mexicana,Dir 191
3146,Laura,Guzman,Garza,UTEZ,E,Mexicana,Dir 22
3147,Leticia,Dominguez,Escobar,ITZ,P,Mexicana,Dir 787
3148,Carmen,Avila,Delgado,UTEZ,E,Mexicana,Dir 691
3149,Gael,Cabrera,Bautista,UAEM,E,Mexicana,Dir 52
3150,Jesus,Gonzalez,Mejia,IPN,P,Mexicana,Dir 94
3151,Sofia,Martinez,Aguilar,ITZ,E,Mexicana,Dir 644
3152,Adriana,Perez,Gutierrez,UAEM,P,Mexicana,Dir 741
3153,Beatriz,Diaz,Cordova,ITZ,E,Mexicana,Dir 103
3154,Francisco,Garcia,Cervantes,IPN,P,Mexicana,Dir 655
3155,Fernando,Romero,Reyes,ITZ,P,Mexicana,Dir 510
3156,Roberto,Castro,Rodriguez,UAEM,P,Mexicana,Dir 559
3157,Laura,Vega,Morales,UPMOR,P,Mexicana,Dir 443
3158,Martha,Paredes,Escobar,UAEM,E,Mexicana,Dir 360
3159,Gabriela,Herrera,Perez,UNAM,E,Mexicana,Dir 50
3160,Carmen,Paredes,Navarro,UNAM,E,Mexicana,Dir 995
3161,Veronica,Ramirez,Herrera,IPN,E,Mexicana,Dir 827
3162,Luis,Espinoza,Soto,ITZ,E,Mexicana,Dir 316
3163,Maria,Ruiz,Avila,UPMOR,P,Mexicana,Dir 496
3164,Andrea,Bautista,Espinoza,UTEZ,P,Mexicana,Dir 651
3165,Francisco,Garcia,Herrera,UPMOR,P,Mexicana,Dir 698
3166,Alejandro,Ortiz,Gonzalez,UNAM,E,Mexicana,Dir 678
3167,Carlos,Chavez,Vargas,ITZ,P,Mexicana,Dir 92
3168,Andrea,Escobar,Ruiz,UNAM,P,Mexicana,Dir 673
3169,Leticia,Sanchez,Flores,ITZ,P,Mexicana,Dir 232
3170,Andrea,Medina,Espinoza,UTEZ,E,Mexicana,Dir 455
3171,Gabriela,Ruiz,Cervantes,ITZ,E,Mexicana,Dir 84
3172,Martha,Chavez,Cortes,IPN,P,Mexicana,Dir 700
3173,Valeria,Aguilar,Campos,IPN,P,Mexicana,Dir 355
3174,Victor,Cruz,Aguilar,UAEM,E,Mexicana,Dir 854
3175,Lucia,Gonzalez,Flores,UTEZ,P,Mexicana,Dir 29
3176,Rosa,Escobar,Campos,UPMOR,E,Mexicana,Dir 726
3177,Daniela,Martinez,Gomez,UNAM,P,Mexicana,Dir 586
3178,Gerardo,Gomez,Sanchez,UTEZ,E,Mexicana,Dir 22
3179,Leticia,Molina,Munoz,IPN,E,Mexicana,Dir 828
3180,Valeria,Gonzalez,Rios,ITZ,P,Mexicana,Dir 220
3181,Jorge,Cabrera,Cruz,UNAM,E,Mexicana,Dir 647
3182,Carolina,Salazar,Herrera,UAEM,E,Mexicana,Dir 176
3183,Daniela,Perez,Flores,UAEM,P,Mexicana,Dir 211
3184,Alejandro,Aguilar,Reyes,UTEZ,P,Mexicana,Dir 610
3185,Sofia,Gonzalez,Rojas,UTEZ,E,Mexicana,Dir 442
3186,Rosa,Bautista,Diaz,UPMOR,P,Mexicana,Dir 22
3187,Miguel,Cervantes,Garcia,UAEM,P,Mexicana,Dir 977
3188,Oscar,Cruz,Martinez,IPN,E,Mexicana,Dir 130
3189,Oscar,Munoz,Vega,ITZ,P,Mexicana,Dir 78
3190,Oscar,Castro,Guzman,UPMOR,E,Mexicana,Dir 448
3191,Roberto,Mendez,Sanchez,UTEZ,P,Mexicana,Dir 415
3192,Hugo,Ruiz,Cortes,UNAM,P,Mexicana,Dir 309
3193,Pedro,Soto,Espinoza,UTEZ,E,Mexicana,Dir 869
3194,Beatriz,Rodriguez,Rios,ITZ,E,Mexicana,Dir 775
3195,Jesus,Rios,Hernandez,UNAM,P,Mexicana,Dir 708
3196,Claudia,Lara,Cervantes,UNAM,P,Mexicana,Dir 127
3197,Luis,Diaz,Rios,UNAM,P,Mexicana,Dir 284
3198,Jorge,Garcia,Perez,UPMOR,P,Mexicana,Dir 503
3199,Daniela,Ortiz,Gutierrez,UAEM,P,Mexicana,Dir 249
3200,Jorge,Aguilar,Velazquez,UAEM,P,Mexicana,Dir 223
3201,Claudia,Cordova,Ramos,ITZ,E,Mexicana,Dir 623
3202,Elena,Sosa,Mendez,UPMOR,P,Mexicana,Dir 592
3203,Antonio,Herrera,Romero,ITZ,P,Mexicana,Dir 560
3204,Monica,Campos,Delgado,UTEZ,P,Mexicana,Dir 147
3205,Hugo,Maldonado,Molina,UNAM,E,Mexicana,Dir 206
3206,Roberto,Lopez,Mendez,UAEM,E,Mexicana,Dir 9
3207,Carolina,Munoz,Romero,UAEM,E,Mexicana,Dir 751
3208,Rosa,Garcia,Castro,UNAM,P,Mexicana,Dir 571
3209,Jesus,Ruiz,Mendez,ITZ,E,Mexicana,Dir 531
3210,Luis,Gutierrez,Avila,UNAM,P,Mexicana,Dir 230
3211,Arturo,Ramirez,Gonzalez,ITZ,E,Mexicana,Dir 91
3212,Maria,Escobar,Morales,ITZ,E,Mexicana,Dir 99
3213,Maria,Hernandez,Garza,IPN,E,Mexicana,Dir 598
3214,Veronica,Cervantes,Cruz,ITZ,E,Mexicana,Dir 267
3215,Lucia,Rodriguez,Velazquez,UTEZ,P,Mexicana,Dir 769
3216,Andrea,Cordova,Espinoza,UPMOR,P,Mexicana,Dir 119
3217,Luis,Gomez,Vargas,UNAM,E,Mexicana,Dir 212
3218,Elena,Morales,Soto,UPMOR,P,Mexicana,Dir 269
3219,Natalia,Ramos,Silva,UNAM,P,Mexicana,Dir 888
3220,Beatriz,Castro,Salazar,IPN,P,Mexicana,Dir 293
3221,Ricardo,Lopez,Lara,UPMOR,E,Mexicana,Dir 504
3222,Roberto,Campos,Munoz,UAEM,P,Mexicana,Dir 338
3223,Diana,Cortes,Maldonado,ITZ,E,Mexicana,Dir 879
3224,Jesus,Castro,Morales,UPMOR,P,Mexicana,Dir 219
3225,Luis,Munoz,Ramos,ITZ,E,Mexicana,Dir 136
3226,Esteban,Rojas,Lara,IPN,E,Mexicana,Dir 158
3227,Rafael,Martinez,Martinez,IPN,P,Mexicana,Dir 657
3228,Hugo,Gomez,Sanchez,ITZ,P,Mexicana,Dir 692
3229,Arturo,Garcia,Bautista,UTEZ,E,Mexicana,Dir 17
3230,Patricia,Diaz,Gutierrez,UPMOR,P,Mexicana,Dir 283
3231,Laura,Diaz,Perez,UPMOR,E,Mexicana,Dir 916
3232,Maria,Herrera,Castillo,IPN,P,Mexicana,Dir 280
3233,Adriana,Cervantes,Sosa,UPMOR,P,Mexicana,Dir 196
3234,Julio,Guzman,Rojas,UTEZ,P,Mexicana,Dir 126
3235,Ruben,Mendoza,Cabrera,IPN,E,Mexicana,Dir 409
3236,Laura,Cabrera,Guzman,UNAM,E,Mexicana,Dir 421
3237,Hugo,Mendez,Gomez,UPMOR,E,Mexicana,Dir 561
3238,Beatriz,Rodriguez,Sosa,UAEM,E,Mexicana,Dir 17
3239,Antonio,Paredes,Espinoza,UPMOR,E,Mexicana,Dir 80
3240,Natalia,Martinez,Sanchez,UAEM,P,Mexicana,Dir 590
3241,Silvia,Escobar,Flores,UTEZ,E,Mexicana,Dir 773
3242,Antonio,Vargas,Medina,ITZ,E,Mexicana,Dir 512
3243,Rumualdo,Hernandez,Navarro,ITZ,P,Mexicana,Dir 446
3244,Hector,Dominguez,Ortiz,UTEZ,E,Mexicana,Dir 86
3245,Ricardo,Ramirez,Delgado,UPMOR,P,Mexicana,Dir 324
3246,Oscar,Mendez,Gomez,UNAM,P,Mexicana,Dir 691
3247,Ruben,Escobar,Sanchez,UNAM,P,Mexicana,Dir 90
3248,Veronica,Diaz,Morales,ITZ,E,Mexicana,Dir 796
3249,Valeria,Guzman,Sosa,ITZ,P,Mexicana,Dir 824
3250,Fernando,Martinez,Castro,UTEZ,E,Mexicana,Dir 967
3251,Oscar,Hernandez,Valencia,UNAM,P,Mexicana,Dir 917
3252,Ruben,Medina,Castillo,UAEM,P,Mexicana,Dir 752
3253,Andrea,Ramirez,Sanchez,UNAM,P,Mexicana,Dir 335
3254,Alejandro,Valencia,Ramirez,UNAM,P,Mexicana,Dir 631
3255,Ruben,Vega,Ramirez,UTEZ,P,Mexicana,Dir 508
3256,Rosa,Rodriguez,Bautista,IPN,E,Mexicana,Dir 887
3257,Eduardo,Lara,Gonzalez,UNAM,E,Mexicana,Dir 487
3258,Antonio,Mendez,Velazquez,IPN,E,Mexicana,Dir 641
3259,Eduardo,Garcia,Delgado,UPMOR,E,Mexicana,Dir 446
3260,Valeria,Medina,Lopez,UPMOR,P,Mexicana,Dir 304
3261,Alejandro,Vega,Mejia,UTEZ,E,Mexicana,Dir 4
3262,Jesus,Mejia,Rios,UAEM,E,Mexicana,Dir 682
3263,Roberto,Salazar,Velazquez,UPMOR,P,Mexicana,Dir 765
3264,Diego,Castillo,Flores,UAEM,E,Mexicana,Dir 588
3265,Veronica,Gonzalez,Mejia,UTEZ,P,Mexicana,Dir 556
3266,Paola,Avila,Ramos,ITZ,E,Mexicana,Dir 881
3267,Gael,Cortes,Garcia,UNAM,P,Mexicana,Dir 531
3268,Julio,Delgado,Lopez,UAEM,E,Mexicana,Dir 352
3269,Rumualdo,Lopez,Cervantes,UAEM,P,Mexicana,Dir 221
3270,Margarita,Escobar,Garcia,UAEM,E,Mexicana,Dir 62
3271,Patricia,Mendoza,Sanchez,IPN,P,Mexicana,Dir 188
3272,Beatriz,Escobar,Ramirez,IPN,P,Mexicana,Dir 307
3273,Margarita,Hernandez,Navarro,UPMOR,P,Mexicana,Dir 68
3274,Antonio,Sosa,Navarro,UAEM,E,Mexicana,Dir 723
3275,Valeria,Vega,Morales,UPMOR,E,Mexicana,Dir 688
3276,Gerardo,Lara,Diaz,IPN,E,Mexicana,Dir 482
3277,Manuel,Castro,Ramos,ITZ,P,Mexicana,Dir 305
3278,Laura,Escobar,Dominguez,UPMOR,E,Mexicana,Dir 274
3279,Andrea,Velazquez,Vega,ITZ,P,Mexicana,Dir 44
3280,Lorena,Campos,Valencia,UAEM,P,Mexicana,Dir 279
3281,Lucia,Molina,Escobar,ITZ,E,Mexicana,Dir 957
3282,Veronica,Cortes,Gonzalez,UPMOR,P,Mexicana,Dir 974
3283,Carolina,Aguilar,Morales,UNAM,P,Mexicana,Dir 298
3284,Susana,Silva,Gonzalez,UPMOR,E,Mexicana,Dir 517
3285,Julio,Rojas,Martinez,IPN,E,Mexicana,Dir 690
3286,Monica,Rodriguez,Ortiz,UNAM,E,Mexicana,Dir 328
3287,Elena,Rojas,Aguilar,UTEZ,P,Mexicana,Dir 974
3288,Lorena,Castillo,Rodriguez,IPN,P,Mexicana,Dir 471
3289,Luis,Ortiz,Navarro,ITZ,E,Mexicana,Dir 188
3290,Hector,Gonzalez,Mendez,UPMOR,E,Mexicana,Dir 91
3291,Hugo,Lara,Aguilar,UNAM,E,Mexicana,Dir 730
3292,Roberto,Mendez,Aguilar,UPMOR,E,Mexicana,Dir 316
3293,Ana,Ramirez,Cruz,IPN,P,Mexicana,Dir 892
3294,Ricardo,Castro,Medina,UNAM,E,Mexicana,Dir 245
3295,Jesus,Navarro,Escobar,UTEZ,E,Mexicana,Dir 573
3296,Jesus,Mejia,Castillo,UTEZ,P,Mexicana,Dir 733
3297,Margarita,Chavez,Campos,IPN,P,Mexicana,Dir 427
3298,Javier,Castro,Aguilar,ITZ,E,Mexicana,Dir 815
3299,Eduardo,Delgado,Espinoza,UNAM,E,Mexicana,Dir 801
3300,Esteban,Flores,Ramos,ITZ,P,Mexicana,Dir 592
3301,Diego,Soto,Gomez,ITZ,E,Mexicana,Dir 586
3302,Jorge,Dominguez,Herrera,UAEM,P,Mexicana,Dir 988
3303,Hugo,Ruiz,Ortiz,UAEM,P,Mexicana,Dir 140
3304,Luis,Guzman,Flores,IPN,E,Mexicana,Dir 337
3305,Andrea,Medina,Lara,ITZ,E,Mexicana,Dir 214
3306,Teresa,Navarro,Reyes,UTEZ,E,Mexicana,Dir 488
3307,Lucia,Cervantes,Ortiz,UTEZ,E,Mexicana,Dir 596
3308,Susana,Velazquez,Castillo,UAEM,E,Mexicana,Dir 654
3309,Laura,Bautista,Gutierrez,UAEM,P,Mexicana,Dir 211
3310,Ricardo,Valencia,Velazquez,IPN,E,Mexicana,Dir 622
3311,Carolina,Gomez,Cabrera,ITZ,E,Mexicana,Dir 789
3312,Jesus,Ramirez,Castillo,UPMOR,P,Mexicana,Dir 779
3313,Margarita,Gomez,Soto,UAEM,P,Mexicana,Dir 884
3314,Manuel,Valencia,Mejia,UTEZ,E,Mexicana,Dir 497
3315,Claudia,Cordova,Escobar,IPN,P,Mexicana,Dir 821
3316,Beatriz,Vargas,Escobar,UAEM,P,Mexicana,Dir 46
3317,Esteban,Lara,Ramos,UTEZ,P,Mexicana,Dir 970
3318,Andrea,Salazar,Hernandez,UAEM,P,Mexicana,Dir 611
3319,Fernando,Cruz,Rios,UNAM,P,Mexicana,Dir 498
3320,Esteban,Lara,Rios,ITZ,E,Mexicana,Dir 416
3321,Diego,Delgado,Rodriguez,UTEZ,P,Mexicana,Dir 572
3322,Javier,Bautista,Chavez,ITZ,P,Mexicana,Dir 72
3323,Julio,Ramos,Molina,ITZ,E,Mexicana,Dir 982
3324,Esteban,Vega,Gonzalez,UAEM,E,Mexicana,Dir 799
3325,Margarita,Ruiz,Dominguez,UNAM,E,Mexicana,Dir 825
3326,Adriana,Salazar,Sanchez,UPMOR,P,Mexicana,Dir 26
3327,Rosa,Medina,Romero,UPMOR,P,Mexicana,Dir 690
3328,Eduardo,Escobar,Medina,UNAM,P,Mexicana,Dir 117
3329,Natalia,Perez,Guzman,UPMOR,P,Mexicana,Dir 130
3330,Alejandro,Campos,Chavez,UAEM,E,Mexicana,Dir 867
3331,Martha,Romero,Medina,UNAM,E,Mexicana,Dir 513
3332,Rafael,Mejia,Diaz,IPN,E,Mexicana,Dir 193
3333,Silvia,Espinoza,Mejia,UNAM,P,Mexicana,Dir 474
3334,Pedro,Chavez,Navarro,UPMOR,E,Mexicana,Dir 673
3335,Martin,Ramos,Velazquez,ITZ,E,Mexicana,Dir 22
3336,Rumualdo,Chavez,Ramos,IPN,P,Mexicana,Dir 737
3337,Carmen,Castro,Maldonado,UPMOR,P,Mexicana,Dir 689
3338,Roberto,Castillo,Ortiz,ITZ,P,Mexicana,Dir 387
3339,Margarita,Lopez,Silva,ITZ,P,Mexicana,Dir 275
3340,Julio,Velazquez,Lara,UPMOR,P,Mexicana,Dir 482
3341,Jesus,Chavez,Espinoza,IPN,E,Mexicana,Dir 752
3342,Teresa,Diaz,Chavez,UPMOR,P,Mexicana,Dir 423
3343,Fernando,Cabrera,Avila,UPMOR,P,Mexicana,Dir 33
3344,Rafael,Mejia,Avila,IPN,P,Mexicana,Dir 190
3345,Andrea,Gomez,Medina,UPMOR,P,Mexicana,Dir 56
3346,Jose,Navarro,Ruiz,UPMOR,E,Mexicana,Dir 136
3347,Daniela,Vargas,Castro,UAEM,E,Mexicana,Dir 431
3348,Hugo,Romero,Reyes,ITZ,P,Mexicana,Dir 422
3349,Carolina,Reyes,Vega,ITZ,E,Mexicana,Dir 287
3350,Teresa,Castillo,Molina,UTEZ,E,Mexicana,Dir 467
3351,Veronica,Flores,Ruiz,ITZ,E,Mexicana,Dir 724
3352,Sofia,Garcia,Hernandez,IPN,E,Mexicana,Dir 223
3353,Arturo,Sanchez,Sanchez,UAEM,P,Mexicana,Dir 438
3354,Beatriz,Herrera,Hernandez,UNAM,E,Mexicana,Dir 994
3355,Daniela,Avila,Mejia,IPN,E,Mexicana,Dir 714
3356,Roberto,Molina,Bautista,UPMOR,P,Mexicana,Dir 577
3357,Pedro,Cruz,Valencia,UAEM,E,Mexicana,Dir 640
3358,Eduardo,Sanchez,Maldonado,UTEZ,E,Mexicana,Dir 631
3359,Paola,Romero,Aguilar,UTEZ,P,Mexicana,Dir 855
3360,Lucia,Silva,Castro,UNAM,E,Mexicana,Dir 424
3361,Paola,Gomez,Velazquez,UNAM,P,Mexicana,Dir 814
3362,Carlos,Mendez,Velazquez,UAEM,E,Mexicana,Dir 355
3363,Carolina,Reyes,Cortes,UNAM,E,Mexicana,Dir 643
3364,Francisco,Paredes,Vega,UAEM,P,Mexicana,Dir 696
3365,Esteban,Rojas,Ramos,IPN,E,Mexicana,Dir 488
3366,Javier,Paredes,Bautista,UNAM,E,Mexicana,Dir 559
3367,Oscar,Cordova,Rodriguez,UNAM,E,Mexicana,Dir 178
3368,Hector,Garza,Soto,UTEZ,E,Mexicana,Dir 918
3369,Rosa,Rodriguez,Sosa,ITZ,P,Mexicana,Dir 448
3370,Pedro,Maldonado,Ramirez,UPMOR,E,Mexicana,Dir 480
3371,Sofia,Dominguez,Martinez,UPMOR,E,Mexicana,Dir 345
3372,Teresa,Escobar,Guzman,UPMOR,E,Mexicana,Dir 379
3373,Diego,Diaz,Salazar,UNAM,E,Mexicana,Dir 867
3374,Pedro,Garza,Medina,ITZ,E,Mexicana,Dir 205
3375,Margarita,Paredes,Herrera,UAEM,P,Mexicana,Dir 768
3376,Susana,Garza,Castillo,IPN,P,Mexicana,Dir 750
3377,Ana,Vega,Avila,UAEM,P,Mexicana,Dir 558
3378,Raul,Diaz,Sanchez,UNAM,E,Mexicana,Dir 509
3379,Adriana,Herrera,Medina,UPMOR,E,Mexicana,Dir 368
3380,Rafael,Cruz,Martinez,UNAM,P,Mexicana,Dir 496
3381,Teresa,Salazar,Ruiz,ITZ,E,Mexicana,Dir 800
3382,Eduardo,Munoz,Paredes,UNAM,E,Mexicana,Dir 486
3383,Daniela,Reyes,Ruiz,UPMOR,P,Mexicana,Dir 370
3384,Ruben,Vargas,Sosa,UAEM,E,Mexicana,Dir 967
3385,Jesus,Valencia,Gomez,UNAM,P,Mexicana,Dir 128
3386,Arturo,Ruiz,Ruiz,UTEZ,P,Mexicana,Dir 52
3387,Javier,Ramos,Chavez,ITZ,E,Mexicana,Dir 771
3388,Alejandro,Navarro,Morales,UTEZ,P,Mexicana,Dir 584
3389,Hugo,Gomez,Campos,UPMOR,E,Mexicana,Dir 295
3390,Ana,Bautista,Garza,UPMOR,E,Mexicana,Dir 439
3391,Hector,Delgado,Reyes,UAEM,E,Mexicana,Dir 141
3392,Margarita,Ramirez,Mendez,ITZ,E,Mexicana,Dir 43
3393,Rafael,Rios,Hernandez,UNAM,E,Mexicana,Dir 812
3394,Paola,Martinez,Escobar,ITZ,E,Mexicana,Dir 711
3395,Valeria,Reyes,Sosa,ITZ,P,Mexicana,Dir 123
3396,Daniela,Gomez,Paredes,UPMOR,E,Mexicana,Dir 619
3397,Diego,Silva,Campos,UPMOR,P,Mexicana,Dir 244
3398,Fernando,Sosa,Cabrera,UTEZ,P,Mexicana,Dir 244
3399,Carolina,Avila,Espinoza,UTEZ,P,Mexicana,Dir 357
3400,Raul,Ruiz,Espinoza,UAEM,E,Mexicana,Dir 168
3401,Martin,Velazquez,Espinoza,UPMOR,E,Mexicana,Dir 491
3402,Fernando,Lara,Navarro,ITZ,P,Mexicana,Dir 391
3403,Ruben,Vega,Perez,UAEM,E,Mexicana,Dir 807
3404,Manuel,Ramirez,Rojas,UPMOR,E,Mexicana,Dir 162
3405,Ricardo,Lara,Mejia,UAEM,P,Mexicana,Dir 782
3406,Patricia,Dominguez,Ramirez,UAEM,P,Mexicana,Dir 187
3407,Roberto,Lopez,Lara,UPMOR,E,Mexicana,Dir 617
3408,Diego,Rojas,Salazar,IPN,P,Mexicana,Dir 213
3409,Gerardo,Medina,Diaz,UTEZ,P,Mexicana,Dir 502
3410,Luis,Gutierrez,Paredes,UPMOR,E,Mexicana,Dir 105
3411,Valeria,Mendez,Reyes,ITZ,P,Mexicana,Dir 927
3412,Julio,Reyes,Maldonado,UPMOR,P,Mexicana,Dir 864
3413,Susana,Martinez,Rodriguez,UNAM,E,Mexicana,Dir 497
3414,Pedro,Paredes,Herrera,ITZ,E,Mexicana,Dir 824
3415,Pedro,Silva,Flores,UTEZ,P,Mexicana,Dir 370
3416,Claudia,Espinoza,Cabrera,ITZ,P,Mexicana,Dir 733
3417,Carolina,Chavez,Rojas,UAEM,P,Mexicana,Dir 295
3418,Hugo,Ruiz,Medina,UNAM,P,Mexicana,Dir 927
3419,Carolina,Delgado,Guzman,UAEM,E,Mexicana,Dir 377
3420,Roberto,Guzman,Lara,UPMOR,P,Mexicana,Dir 482
3421,Arturo,Lara,Martinez,ITZ,E,Mexicana,Dir 376
3422,Eduardo,Martinez,Rodriguez,ITZ,E,Mexicana,Dir 15
3423,Gerardo,Cordova,Espinoza,ITZ,P,Mexicana,Dir 581
3424,Francisco,Silva,Herrera,UNAM,P,Mexicana,Dir 618
3425,Susana,Salazar,Guzman,UTEZ,E,Mexicana,Dir 636
3426,Rumualdo,Paredes,Romero,UTEZ,E,Mexicana,Dir 370
3427,Ricardo,Dominguez,Ramos,UPMOR,P,Mexicana,Dir 808
3428,Rafael,Ruiz,Espinoza,UNAM,E,Mexicana,Dir 177
3429,Monica,Paredes,Mendoza,ITZ,E,Mexicana,Dir 699
3430,Antonio,Rios,Hernandez,UPMOR,E,Mexicana,Dir 637
3431,Raul,Escobar,Lopez,UAEM,P,Mexicana,Dir 228
3432,Veronica,Escobar,Maldonado,UAEM,P,Mexicana,Dir 140
3433,Monica,Rios,Lopez,UNAM,P,Mexicana,Dir 902
3434,Diego,Herrera,Gonzalez,UTEZ,P,Mexicana,Dir 897
3435,Veronica,Sanchez,Campos,UNAM,E,Mexicana,Dir 366
3436,Alejandro,Escobar,Mendez,UPMOR,P,Mexicana,Dir 537
3437,Gerardo,Garza,Lara,UPMOR,P,Mexicana,Dir 640
3438,Esteban,Garcia,Castillo,IPN,P,Mexicana,Dir 613
3439,Veronica,Cervantes,Mejia,ITZ,E,Mexicana,Dir 536
3440,Monica,Romero,Mendez,UTEZ,E,Mexicana,Dir 280
3441,Laura,Maldonado,Rodriguez,UPMOR,E,Mexicana,Dir 83
3442,Carmen,Cordova,Garza,UPMOR,E,Mexicana,Dir 382
3443,Laura,Guzman,Mendez,UAEM,E,Mexicana,Dir 289
3444,Andrea,Reyes,Martinez,IPN,E,Mexicana,Dir 564
3445,Pedro,Cortes,Romero,UNAM,E,Mexicana,Dir 77
3446,Javier,Lara,Gonzalez,UTEZ,P,Mexicana,Dir 664
3447,Patricia,Sosa,Rios,IPN,P,Mexicana,Dir 814
3448,Ana,Ruiz,Herrera,ITZ,E,Mexicana,Dir 423
3449,Lucia,Dominguez,Rodriguez,IPN,P,Mexicana,Dir 878
3450,Patricia,Mejia,Perez,IPN,E,Mexicana,Dir 42
3451,Teresa,Lara,Mendez,UTEZ,E,Mexicana,Dir 912
3452,Adriana,Perez,Campos,UAEM,P,Mexicana,Dir 855
3453,Teresa,Avila,Gonzalez,UAEM,P,Mexicana,Dir 794
3454,Gerardo,Cordova,Campos,UPMOR,P,Mexicana,Dir 324
3455,Carlos,Sosa,Gomez,UTEZ,E,Mexicana,Dir 673
3456,Rafael,Sosa,Reyes,UPMOR,E,Mexicana,Dir 18
3457,Oscar,Cordova,Chavez,IPN,E,Mexicana,Dir 54
3458,Patricia,Mendoza,Valencia,IPN,P,Mexicana,Dir 741
3459,Martin,Cordova,Castro,UTEZ,E,Mexicana,Dir 115
3460,Gerardo,Delgado,Ramirez,ITZ,E,Mexicana,Dir 189
3461,Rumualdo,Castro,Maldonado,UTEZ,E,Mexicana,Dir 314
3462,Gerardo,Campos,Garza,IPN,P,Mexicana,Dir 861
3463,Fernando,Reyes,Rios,IPN,P,Mexicana,Dir 989
3464,Maria,Castro,Escobar,UAEM,P,Mexicana,Dir 790
3465,Eduardo,Castillo,Chavez,UNAM,P,Mexicana,Dir 721
3466,Claudia,Lopez,Gonzalez,UAEM,E,Mexicana,Dir 619
3467,Martha,Aguilar,Dominguez,UTEZ,P,Mexicana,Dir 715
3468,Ruben,Diaz,Mendoza,UTEZ,E,Mexicana,Dir 458
3469,Rafael,Cervantes,Perez,UAEM,E,Mexicana,Dir 92
3470,Roberto,Diaz,Navarro,UNAM,E,Mexicana,Dir 189
3471,Diego,Diaz,Escobar,UPMOR,E,Mexicana,Dir 875
3472,Miguel,Vargas,Reyes,ITZ,E,Mexicana,Dir 163
3473,Arturo,Soto,Molina,UNAM,E,Mexicana,Dir 508
3474,Andrea,Navarro,Molina,IPN,E,Mexicana,Dir 739
3475,Martha,Cruz,Sanchez,UAEM,P,Mexicana,Dir 877
3476,Roberto,Mendez,Espinoza,IPN,P,Mexicana,Dir 880
3477,Antonio,Sosa,Sosa,UAEM,P,Mexicana,Dir 113
3478,Margarita,Espinoza,Reyes,ITZ,E,Mexicana,Dir 433
3479,Teresa,Diaz,Velazquez,UAEM,E,Mexicana,Dir 29
3480,Diana,Vargas,Perez,UTEZ,P,Mexicana,Dir 288
3481,Javier,Diaz,Reyes,UNAM,E,Mexicana,Dir 533
3482,Lucia,Dominguez,Rios,ITZ,P,Mexicana,Dir 285
3483,Luis,Dominguez,Ramirez,UTEZ,E,Mexicana,Dir 817
3484,Ruben,Valencia,Maldonado,UAEM,P,Mexicana,Dir 181
3485,Pedro,Perez,Medina,UPMOR,E,Mexicana,Dir 651
3486,Diana,Cortes,Ortiz,ITZ,P,Mexicana,Dir 73
3487,Paola,Maldonado,Castro,UAEM,P,Mexicana,Dir 158
3488,Gabriela,Gonzalez,Salazar,UTEZ,P,Mexicana,Dir 213
3489,Rumualdo,Garcia,Rojas,ITZ,P,Mexicana,Dir 540
3490,Martha,Medina,Diaz,UTEZ,P,Mexicana,Dir 294
3491,Eduardo,Avila,Dominguez,UNAM,E,Mexicana,Dir 697
3492,Ruben,Romero,Ruiz,UNAM,E,Mexicana,Dir 850
3493,Alejandro,Salazar,Lara,ITZ,P,Mexicana,Dir 600
3494,Maria,Martinez,Sosa,UTEZ,P,Mexicana,Dir 799
3495,Paola,Mendoza,Gutierrez,UAEM,E,Mexicana,Dir 286
3496,Julio,Vega,Molina,ITZ,E,Mexicana,Dir 770
3497,Hector,Navarro,Guzman,UNAM,P,Mexicana,Dir 166
3498,Diana,Castro,Cabrera,UAEM,E,Mexicana,Dir 268
3499,Jorge,Sanchez,Rodriguez,UAEM,P,Mexicana,Dir 627
3500,Leticia,Vargas,Garcia,ITZ,E,Mexicana,Dir 504
3501,Lorena,Gomez,Perez,UAEM,P,Mexicana,Dir 952
3502,Ricardo,Cruz,Rios,UAEM,P,Mexicana,Dir 80
3503,Rumualdo,Castillo,Martinez,UPMOR,E,Mexicana,Dir 867
3504,Manuel,Herrera,Rojas,UPMOR,E,Mexicana,Dir 878
3505,Ruben,Hernandez,Espinoza,ITZ,P,Mexicana,Dir 39
3506,Leticia,Martinez,Rojas,UAEM,E,Mexicana,Dir 543
3507,Rafael,Mendez,Mejia,UAEM,E,Mexicana,Dir 458
3508,Fernando,Flores,Maldonado,IPN,E,Mexicana,Dir 970
3509,Francisco,Chavez,Mejia,UAEM,P,Mexicana,Dir 434
3510,Fernando,Rojas,Espinoza,UPMOR,P,Mexicana,Dir 416
3511,Ruben,Rodriguez,Lara,UPMOR,P,Mexicana,Dir 230
3512,Gerardo,Lara,Soto,UTEZ,E,Mexicana,Dir 210
3513,Valeria,Delgado,Gonzalez,UAEM,E,Mexicana,Dir 106
3514,Carmen,Diaz,Cabrera,IPN,E,Mexicana,Dir 159
3515,Francisco,Molina,Medina,UNAM,E,Mexicana,Dir 197
3516,Rosa,Vega,Mendoza,IPN,P,Mexicana,Dir 311
3517,Leticia,Vargas,Delgado,UNAM,E,Mexicana,Dir 586
3518,Oscar,Bautista,Perez,UAEM,P,Mexicana,Dir 503
3519,Ricardo,Garza,Silva,UTEZ,E,Mexicana,Dir 684
3520,Arturo,Medina,Rojas,UAEM,E,Mexicana,Dir 228
3521,Ruben,Munoz,Molina,UTEZ,P,Mexicana,Dir 214
3522,Natalia,Castro,Salazar,UAEM,E,Mexicana,Dir 880
3523,Laura,Garza,Ruiz,UTEZ,P,Mexicana,Dir 766
3524,Gael,Rios,Cortes,UTEZ,E,Mexicana,Dir 387
3525,Manuel,Gutierrez,Rodriguez,IPN,P,Mexicana,Dir 960
3526,Natalia,Dominguez,Gonzalez,ITZ,P,Mexicana,Dir 554
3527,Antonio,Escobar,Espinoza,UPMOR,E,Mexicana,Dir 755
3528,Gael,Ramirez,Lara,UNAM,P,Mexicana,Dir 656
3529,Susana,Rojas,Hernandez,ITZ,E,Mexicana,Dir 61
3530,Pedro,Velazquez,Dominguez,ITZ,P,Mexicana,Dir 841
3531,Laura,Salazar,Lara,UPMOR,P,Mexicana,Dir 341
3532,Leticia,Herrera,Campos,ITZ,E,Mexicana,Dir 280
3533,Jorge,Silva,Rodriguez,ITZ,P,Mexicana,Dir 699
3534,Sofia,Hernandez,Aguilar,UAEM,P,Mexicana,Dir 411
3535,Natalia,Cervantes,Dominguez,IPN,E,Mexicana,Dir 744
3536,Claudia,Rodriguez,Ruiz,UNAM,P,Mexicana,Dir 11
3537,Adriana,Aguilar,Sanchez,ITZ,E,Mexicana,Dir 146
3538,Julio,Soto,Morales,IPN,P,Mexicana,Dir 42
3539,Valeria,Bautista,Cordova,UNAM,P,Mexicana,Dir 735
3540,Patricia,Ortiz,Rojas,UTEZ,E,Mexicana,Dir 828
3541,Laura,Campos,Garza,UTEZ,P,Mexicana,Dir 595
3542,Javier,Avila,Perez,UNAM,E,Mexicana,Dir 460
3543,Hector,Ruiz,Rodriguez,UTEZ,E,Mexicana,Dir 525
3544,Roberto,Avila,Garza,UPMOR,E,Mexicana,Dir 321
3545,Maria,Gutierrez,Herrera,UTEZ,E,Mexicana,Dir 517
3546,Margarita,Gonzalez,Velazquez,UAEM,P,Mexicana,Dir 488
3547,Natalia,Romero,Ramos,ITZ,P,Mexicana,Dir 2
3548,Antonio,Escobar,Espinoza,UPMOR,P,Mexicana,Dir 715
3549,Esteban,Castro,Bautista,UNAM,E,Mexicana,Dir 870
3550,Martha,Vega,Guzman,IPN,E,Mexicana,Dir 45
3551,Jesus,Cabrera,Cordova,ITZ,E,Mexicana,Dir 993
3552,Esteban,Dominguez,Delgado,UNAM,P,Mexicana,Dir 123
3553,Ana,Ramos,Ramirez,UTEZ,P,Mexicana,Dir 431
3554,Teresa,Bautista,Lopez,ITZ,P,Mexicana,Dir 337
3555,Valeria,Silva,Flores,UAEM,P,Mexicana,Dir 607
3556,Gael,Medina,Castro,IPN,P,Mexicana,Dir 410
3557,Silvia,Molina,Perez,UPMOR,P,Mexicana,Dir 520
3558,Victor,Espinoza,Castillo,UTEZ,P,Mexicana,Dir 842
3559,Monica,Silva,Ramirez,UNAM,P,Mexicana,Dir 617
3560,Martin,Lara,Cervantes,UTEZ,P,Mexicana,Dir 202
3561,Gerardo,Munoz,Molina,UAEM,P,Mexicana,Dir 534
3562,Ruben,Salazar,Rodriguez,UAEM,E,Mexicana,Dir 711
3563,Antonio,Gutierrez,Ramirez,ITZ,E,Mexicana,Dir 302
3564,Gael,Reyes,Dominguez,UAEM,E,Mexicana,Dir 1
3565,Leticia,Reyes,Avila,UAEM,P,Mexicana,Dir 921
3566,Alejandro,Rodriguez,Garcia,IPN,E,Mexicana,Dir 738
3567,Teresa,Vargas,Vega,ITZ,E,Mexicana,Dir 468
3568,Claudia,Diaz,Gonzalez,UNAM,P,Mexicana,Dir 799
3569,Ruben,Gonzalez,Cervantes,UNAM,E,Mexicana,Dir 213
3570,Eduardo,Garza,Vega,UPMOR,P,Mexicana,Dir 166
3571,Alejandro,Sanchez,Ortiz,UNAM,E,Mexicana,Dir 333
3572,Susana,Silva,Gonzalez,ITZ,P,Mexicana,Dir 197
3573,Martin,Cruz,Delgado,UAEM,E,Mexicana,Dir 410
3574,Esteban,Salazar,Silva,ITZ,E,Mexicana,Dir 867
3575,Andrea,Martinez,Vargas,ITZ,P,Mexicana,Dir 30
3576,Laura,Vega,Dominguez,UNAM,E,Mexicana,Dir 831
3577,Veronica,Bautista,Castillo,UAEM,P,Mexicana,Dir 444
3578,Carmen,Salazar,Garcia,UTEZ,E,Mexicana,Dir 542
3579,Susana,Cabrera,Perez,UTEZ,E,Mexicana,Dir 984
3580,Teresa,Cruz,Campos,ITZ,E,Mexicana,Dir 486
3581,Eduardo,Navarro,Delgado,IPN,E,Mexicana,Dir 640
3582,Eduardo,Aguilar,Ortiz,UAEM,P,Mexicana,Dir 861
3583,Oscar,Mendez,Lara,IPN,E,Mexicana,Dir 325
3584,Ana,Munoz,Vega,ITZ,E,Mexicana,Dir 575
3585,Teresa,Lara,Castillo,IPN,E,Mexicana,Dir 397
3586,Monica,Rojas,Vega,UNAM,E,Mexicana,Dir 32
3587,Margarita,Castro,Avila,UAEM,E,Mexicana,Dir 411
3588,Julio,Mendoza,Avila,IPN,E,Mexicana,Dir 857
3589,Gabriela,Hernandez,Cervantes,UNAM,P,Mexicana,Dir 850
3590,Leticia,Navarro,Ramos,IPN,P,Mexicana,Dir 604
3591,Hector,Paredes,Gomez,UPMOR,P,Mexicana,Dir 559
3592,Ricardo,Garcia,Lara,UAEM,P,Mexicana,Dir 166
3593,Fernando,Delgado,Soto,IPN,P,Mexicana,Dir 686
3594,Gerardo,Romero,Morales,IPN,P,Mexicana,Dir 847
3595,Rosa,Castro,Espinoza,ITZ,P,Mexicana,Dir 790
3596,Gabriela,Gonzalez,Delgado,UAEM,E,Mexicana,Dir 199
3597,Fernando,Munoz,Escobar,ITZ,P,Mexicana,Dir 939
3598,Veronica,Munoz,Silva,UPMOR,E,Mexicana,Dir 825
3599,Fernando,Gutierrez,Chavez,UAEM,E,Mexicana,Dir 209
3600,Claudia,Lara,Ramirez,ITZ,P,Mexicana,Dir 675
3601,Javier,Hernandez,Castillo,UNAM,E,Mexicana,Dir 68
3602,Susana,Castillo,Ramos,UPMOR,E,Mexicana,Dir 755
3603,Patricia,Cabrera,Rodriguez,IPN,E,Mexicana,Dir 284
3604,Sofia,Perez,Navarro,UPMOR,P,Mexicana,Dir 384
3605,Monica,Navarro,Avila,UTEZ,P,Mexicana,Dir 326
3606,Alejandro,Ramirez,Herrera,UPMOR,E,Mexicana,Dir 980
3607,Margarita,Cordova,Aguilar,IPN,E,Mexicana,Dir 349
3608,Patricia,Reyes,Mendez,UNAM,E,Mexicana,Dir 71
3609,Eduardo,Flores,Valencia,ITZ,E,Mexicana,Dir 462
3610,Gabriela,Reyes,Lara,UPMOR,P,Mexicana,Dir 109
3611,Leticia,Salazar,Martinez,UAEM,E,Mexicana,Dir 171
3612,Silvia,Velazquez,Sosa,UAEM,P,Mexicana,Dir 967
3613,Oscar,Ortiz,Castillo,ITZ,E,Mexicana,Dir 446
3614,Esteban,Avila,Silva,UPMOR,E,Mexicana,Dir 564
3615,Raul,Hernandez,Salazar,IPN,E,Mexicana,Dir 160
3616,Eduardo,Sosa,Cervantes,UAEM,P,Mexicana,Dir 651
3617,Victor,Dominguez,Silva,UNAM,P,Mexicana,Dir 727
3618,Raul,Campos,Lara,UTEZ,P,Mexicana,Dir 820
3619,Jesus,Salazar,Salazar,UAEM,E,Mexicana,Dir 892
3620,Natalia,Dominguez,Ruiz,UNAM,P,Mexicana,Dir 602
3621,Rafael,Cruz,Castro,UNAM,P,Mexicana,Dir 786
3622,Rosa,Castillo,Soto,UTEZ,P,Mexicana,Dir 693
3623,Julio,Guzman,Ortiz,UTEZ,E,Mexicana,Dir 305
3624,Beatriz,Rojas,Gonzalez,IPN,E,Mexicana,Dir 476
3625,Martin,Reyes,Paredes,IPN,E,Mexicana,Dir 758
3626,Gerardo,Bautista,Castro,UPMOR,E,Mexicana,Dir 731
3627,Gabriela,Espinoza,Aguilar,IPN,E,Mexicana,Dir 856
3628,Monica,Vega,Bautista,UTEZ,E,Mexicana,Dir 591
3629,Monica,Avila,Salazar,UAEM,P,Mexicana,Dir 723
3630,Sofia,Delgado,Delgado,UTEZ,E,Mexicana,Dir 635
3631,Andrea,Flores,Cervantes,ITZ,P,Mexicana,Dir 495
3632,Julio,Cortes,Silva,UPMOR,E,Mexicana,Dir 618
3633,Leticia,Garcia,Rodriguez,UNAM,E,Mexicana,Dir 6
3634,Luis,Dominguez,Castillo,UTEZ,P,Mexicana,Dir 669
3635,Ruben,Gomez,Mendez,UNAM,P,Mexicana,Dir 868
3636,Francisco,Perez,Campos,ITZ,E,Mexicana,Dir 949
3637,Antonio,Avila,Medina,UTEZ,E,Mexicana,Dir 829
3638,Martin,Martinez,Aguilar,UPMOR,E,Mexicana,Dir 847
3639,Natalia,Vargas,Flores,ITZ,E,Mexicana,Dir 350
3640,Hector,Campos,Ruiz,UAEM,E,Mexicana,Dir 769
3641,Rosa,Maldonado,Mendoza,ITZ,E,Mexicana,Dir 770
3642,Daniela,Mendez,Mendez,UNAM,P,Mexicana,Dir 284
3643,Patricia,Rios,Martinez,UAEM,P,Mexicana,Dir 394
3644,Monica,Soto,Rios,IPN,P,Mexicana,Dir 935
3645,Teresa,Cabrera,Martinez,UAEM,P,Mexicana,Dir 999
3646,Patricia,Bautista,Navarro,ITZ,E,Mexicana,Dir 800
3647,Monica,Ramirez,Chavez,UPMOR,P,Mexicana,Dir 687
3648,Javier,Cabrera,Sosa,UAEM,P,Mexicana,Dir 20
3649,Jose,Munoz,Martinez,UPMOR,P,Mexicana,Dir 43
3650,Julio,Castro,Rojas,UPMOR,P,Mexicana,Dir 643
3651,Eduardo,Lara,Campos,ITZ,E,Mexicana,Dir 481
3652,Gabriela,Lara,Reyes,UPMOR,E,Mexicana,Dir 830
3653,Carolina,Perez,Lopez,UNAM,P,Mexicana,Dir 427
3654,Ricardo,Ramos,Molina,IPN,P,Mexicana,Dir 749
3655,Jose,Castillo,Valencia,UTEZ,E,Mexicana,Dir 837
3656,Laura,Ramos,Cortes,ITZ,E,Mexicana,Dir 80
3657,Hector,Morales,Delgado,UAEM,E,Mexicana,Dir 254
3658,Silvia,Reyes,Campos,UTEZ,E,Mexicana,Dir 350
3659,Jorge,Ramos,Sosa,UAEM,E,Mexicana,Dir 428
3660,Gabriela,Morales,Lara,UTEZ,E,Mexicana,Dir 668
3661,Miguel,Paredes,Navarro,ITZ,E,Mexicana,Dir 924
3662,Carolina,Paredes,Cortes,ITZ,E,Mexicana,Dir 608
3663,Silvia,Mendez,Medina,UPMOR,P,Mexicana,Dir 345
3664,Oscar,Ortiz,Silva,UPMOR,P,Mexicana,Dir 145
3665,Diana,Soto,Bautista,UNAM,E,Mexicana,Dir 84
3666,Natalia,Castillo,Flores,ITZ,E,Mexicana,Dir 340
3667,Carolina,Castro,Ramirez,UPMOR,P,Mexicana,Dir 371
3668,Adriana,Romero,Cabrera,UTEZ,P,Mexicana,Dir 475
3669,Gabriela,Escobar,Cabrera,UAEM,E,Mexicana,Dir 101
3670,Hector,Ramos,Guzman,UTEZ,P,Mexicana,Dir 319
3671,Elena,Medina,Dominguez,UNAM,P,Mexicana,Dir 630
3672,Fernando,Molina,Sosa,UAEM,P,Mexicana,Dir 671
3673,Elena,Garcia,Ramirez,UTEZ,E,Mexicana,Dir 50
3674,Laura,Molina,Garza,UAEM,P,Mexicana,Dir 266
3675,Oscar,Dominguez,Molina,ITZ,E,Mexicana,Dir 578
3676,Francisco,Silva,Salazar,UTEZ,P,Mexicana,Dir 27
3677,Luis,Vega,Ortiz,UPMOR,P,Mexicana,Dir 927
3678,Jose,Morales,Cordova,UNAM,E,Mexicana,Dir 665
3679,Adriana,Medina,Lopez,ITZ,E,Mexicana,Dir 217
3680,Fernando,Velazquez,Bautista,UAEM,P,Mexicana,Dir 338
3681,Gerardo,Lopez,Sosa,UNAM,E,Mexicana,Dir 156
3682,Gabriela,Garza,Mejia,ITZ,E,Mexicana,Dir 315
3683,Carolina,Mendoza,Cordova,IPN,P,Mexicana,Dir 790
3684,Paola,Espinoza,Flores,IPN,P,Mexicana,Dir 703
3685,Natalia,Hernandez,Mejia,UTEZ,P,Mexicana,Dir 508
3686,Arturo,Garcia,Campos,UAEM,P,Mexicana,Dir 25
3687,Antonio,Ramos,Maldonado,UAEM,P,Mexicana,Dir 710
3688,Maria,Perez,Medina,IPN,P,Mexicana,Dir 617
3689,Diego,Morales,Vargas,ITZ,P,Mexicana,Dir 763
3690,Margarita,Lara,Herrera,UNAM,E,Mexicana,Dir 774
3691,Rumualdo,Salazar,Cabrera,UTEZ,P,Mexicana,Dir 588
3692,Valeria,Rios,Lopez,UTEZ,P,Mexicana,Dir 685
3693,Antonio,Martinez,Lara,UTEZ,P,Mexicana,Dir 46
3694,Jorge,Cordova,Cordova,UAEM,P,Mexicana,Dir 356
3695,Jesus,Silva,Gonzalez,UNAM,P,Mexicana,Dir 924
3696,Beatriz,Flores,Escobar,UAEM,P,Mexicana,Dir 457
3697,Gael,Ramirez,Delgado,UAEM,E,Mexicana,Dir 105
3698,Carolina,Vargas,Escobar,ITZ,E,Mexicana,Dir 564
3699,Arturo,Molina,Gutierrez,UAEM,P,Mexicana,Dir 525
3700,Sofia,Rodriguez,Reyes,UAEM,P,Mexicana,Dir 25
3701,Oscar,Aguilar,Morales,IPN,P,Mexicana,Dir 395
3702,Ruben,Herrera,Mejia,ITZ,P,Mexicana,Dir 462
3703,Teresa,Herrera,Cervantes,UTEZ,E,Mexicana,Dir 638
3704,Pedro,Soto,Romero,UNAM,P,Mexicana,Dir 980
3705,Manuel,Reyes,Diaz,UPMOR,E,Mexicana,Dir 214
3706,Daniela,Paredes,Espinoza,UTEZ,E,Mexicana,Dir 758
3707,Margarita,Bautista,Gutierrez,UNAM,E,Mexicana,Dir 515
3708,Maria,Ramirez,Delgado,ITZ,P,Mexicana,Dir 562
3709,Adriana,Garza,Cortes,UTEZ,E,Mexicana,Dir 536
3710,Veronica,Sosa,Herrera,UNAM,P,Mexicana,Dir 853
3711,Javier,Sanchez,Campos,IPN,E,Mexicana,Dir 246
3712,Maria,Gutierrez,Cervantes,UPMOR,E,Mexicana,Dir 482
3713,Adriana,Diaz,Rojas,UPMOR,P,Mexicana,Dir 367
3714,Oscar,Rios,Vega,IPN,E,Mexicana,Dir 205
3715,Diana,Molina,Medina,ITZ,E,Mexicana,Dir 282
3716,Gerardo,Salazar,Ramirez,UPMOR,E,Mexicana,Dir 785
3717,Victor,Morales,Ramos,IPN,P,Mexicana,Dir 625
3718,Lorena,Navarro,Rojas,UTEZ,P,Mexicana,Dir 427
3719,Laura,Cordova,Mendoza,ITZ,P,Mexicana,Dir 990
3720,Rafael,Cortes,Medina,UPMOR,E,Mexicana,Dir 847
3721,Rafael,Escobar,Castro,ITZ,P,Mexicana,Dir 697
3722,Martin,Chavez,Salazar,UPMOR,P,Mexicana,Dir 886
3723,Diego,Garza,Avila,ITZ,P,Mexicana,Dir 346
3724,Rafael,Avila,Guzman,IPN,E,Mexicana,Dir 101
3725,Esteban,Ruiz,Mendez,IPN,E,Mexicana,Dir 383
3726,Carlos,Velazquez,Chavez,UTEZ,P,Mexicana,Dir 168
3727,Sofia,Gonzalez,Chavez,UAEM,E,Mexicana,Dir 885
3728,Carolina,Ruiz,Mendez,IPN,P,Mexicana,Dir 933
3729,Fernando,Ramos,Cabrera,ITZ,P,Mexicana,Dir 997
3730,Paola,Mendoza,Campos,IPN,E,Mexicana,Dir 61
3731,Fernando,Sosa,Chavez,UAEM,E,Mexicana,Dir 291
3732,Leticia,Cruz,Reyes,UAEM,E,Mexicana,Dir 882
3733,Jorge,Cervantes,Herrera,UPMOR,P,Mexicana,Dir 284
3734,Victor,Bautista,Garcia,IPN,P,Mexicana,Dir 594
3735,Victor,Avila,Maldonado,UPMOR,P,Mexicana,Dir 101
3736,Andrea,Avila,Romero,UAEM,P,Mexicana,Dir 239
3737,Teresa,Ruiz,Munoz,UPMOR,P,Mexicana,Dir 137
3738,Julio,Perez,Chavez,IPN,E,Mexicana,Dir 93
3739,Miguel,Dominguez,Martinez,IPN,P,Mexicana,Dir 846
3740,Claudia,Sosa,Flores,UAEM,E,Mexicana,Dir 817
3741,Martha,Gomez,Paredes,UPMOR,P,Mexicana,Dir 275
3742,Jorge,Rojas,Cordova,UPMOR,E,Mexicana,Dir 302
3743,Gael,Guzman,Munoz,UPMOR,E,Mexicana,Dir 612
3744,Carmen,Valencia,Silva,IPN,E,Mexicana,Dir 278
3745,Ricardo,Rojas,Espinoza,UPMOR,E,Mexicana,Dir 588
3746,Diego,Reyes,Ramirez,UAEM,P,Mexicana,Dir 476
3747,Miguel,Velazquez,Escobar,UNAM,P,Mexicana,Dir 531
3748,Jesus,Cortes,Espinoza,UTEZ,P,Mexicana,Dir 472
3749,Jesus,Garza,Rodriguez,IPN,E,Mexicana,Dir 968
3750,Alejandro,Romero,Rios,ITZ,E,Mexicana,Dir 661
3751,Javier,Rios,Salazar,IPN,E,Mexicana,Dir 126
3752,Gabriela,Ramirez,Chavez,UPMOR,E,Mexicana,Dir 608
3753,Diana,Mendoza,Valencia,UTEZ,P,Mexicana,Dir 507
3754,Silvia,Sanchez,Castillo,UTEZ,P,Mexicana,Dir 449
3755,Francisco,Ramirez,Hernandez,ITZ,P,Mexicana,Dir 424
3756,Laura,Cortes,Hernandez,UTEZ,E,Mexicana,Dir 716
3757,Sofia,Castillo,Rodriguez,IPN,P,Mexicana,Dir 905
3758,Andrea,Vega,Reyes,UTEZ,P,Mexicana,Dir 935
3759,Arturo,Ramirez,Martinez,UAEM,E,Mexicana,Dir 711
3760,Laura,Chavez,Hernandez,UAEM,E,Mexicana,Dir 420
3761,Claudia,Rojas,Vargas,UNAM,E,Mexicana,Dir 719
3762,Paola,Reyes,Ortiz,UTEZ,E,Mexicana,Dir 44
3763,Jose,Medina,Salazar,ITZ,E,Mexicana,Dir 730
3764,Esteban,Reyes,Sanchez,UPMOR,E,Mexicana,Dir 274
3765,Natalia,Espinoza,Ramos,UPMOR,E,Mexicana,Dir 691
3766,Martha,Romero,Mendez,ITZ,E,Mexicana,Dir 810
3767,Arturo,Navarro,Ruiz,ITZ,P,Mexicana,Dir 439
3768,Diana,Gonzalez,Perez,ITZ,P,Mexicana,Dir 80
3769,Jesus,Rios,Hernandez,ITZ,P,Mexicana,Dir 347
3770,Diego,Chavez,Herrera,UPMOR,E,Mexicana,Dir 372
3771,Paola,Hernandez,Navarro,IPN,E,Mexicana,Dir 907
3772,Arturo,Aguilar,Cabrera,UAEM,E,Mexicana,Dir 256
3773,Rosa,Cabrera,Cabrera,ITZ,E,Mexicana,Dir 334
3774,Beatriz,Perez,Bautista,IPN,P,Mexicana,Dir 756
3775,Daniela,Mendoza,Romero,UNAM,E,Mexicana,Dir 858
3776,Carlos,Sosa,Gonzalez,UAEM,E,Mexicana,Dir 170
3777,Daniela,Delgado,Flores,ITZ,P,Mexicana,Dir 25
3778,Susana,Ramirez,Ramos,IPN,E,Mexicana,Dir 331
3779,Ruben,Flores,Velazquez,UNAM,E,Mexicana,Dir 14
3780,Roberto,Valencia,Dominguez,UAEM,E,Mexicana,Dir 874
3781,Eduardo,Ramos,Gomez,ITZ,E,Mexicana,Dir 937
3782,Adriana,Mendoza,Mejia,ITZ,P,Mexicana,Dir 425
3783,Elena,Gonzalez,Romero,UAEM,P,Mexicana,Dir 731
3784,Carmen,Rodriguez,Valencia,UPMOR,E,Mexicana,Dir 735
3785,Laura,Morales,Maldonado,IPN,E,Mexicana,Dir 228
3786,Lorena,Navarro,Avila,UPMOR,E,Mexicana,Dir 425
3787,Claudia,Sosa,Castro,ITZ,E,Mexicana,Dir 502
3788,Luis,Espinoza,Garcia,ITZ,P,Mexicana,Dir 23
3789,Sofia,Ruiz,Rodriguez,UPMOR,E,Mexicana,Dir 863
3790,Diego,Avila,Mendoza,IPN,P,Mexicana,Dir 985
3791,Hugo,Gomez,Gonzalez,UNAM,E,Mexicana,Dir 389
3792,Luis,Mejia,Campos,UAEM,E,Mexicana,Dir 359
3793,Antonio,Ramos,Navarro,UPMOR,E,Mexicana,Dir 797
3794,Antonio,Lopez,Silva,UPMOR,P,Mexicana,Dir 888
3795,Martin,Ruiz,Cabrera,UPMOR,E,Mexicana,Dir 106
3796,Maria,Sanchez,Bautista,UTEZ,P,Mexicana,Dir 6
3797,Adriana,Rios,Mendez,UPMOR,P,Mexicana,Dir 460
3798,Elena,Hernandez,Diaz,IPN,P,Mexicana,Dir 6
3799,Gerardo,Castillo,Silva,UAEM,P,Mexicana,Dir 81
3800,Carmen,Rojas,Gomez,UNAM,E,Mexicana,Dir 180
3801,Laura,Cordova,Ruiz,IPN,E,Mexicana,Dir 938
3802,Diana,Dominguez,Castro,UTEZ,P,Mexicana,Dir 290
3803,Arturo,Mendoza,Molina,IPN,P,Mexicana,Dir 752
3804,Leticia,Rios,Mejia,UAEM,E,Mexicana,Dir 46
3805,Francisco,Lopez,Gonzalez,UAEM,P,Mexicana,Dir 949
3806,Jose,Ramos,Rojas,UAEM,E,Mexicana,Dir 535
3807,Paola,Diaz,Castillo,UTEZ,E,Mexicana,Dir 983
3808,Beatriz,Paredes,Rios,UNAM,P,Mexicana,Dir 987
3809,Veronica,Mejia,Lara,UPMOR,E,Mexicana,Dir 873
3810,Teresa,Castro,Medina,UAEM,P,Mexicana,Dir 652
3811,Gerardo,Delgado,Cabrera,UTEZ,E,Mexicana,Dir 474
3812,Alejandro,Vega,Bautista,IPN,E,Mexicana,Dir 596
3813,Paola,Avila,Cervantes,IPN,E,Mexicana,Dir 827
3814,Julio,Valencia,Silva,UNAM,P,Mexicana,Dir 71
3815,Diego,Rodriguez,Lopez,UTEZ,P,Mexicana,Dir 740
3816,Monica,Espinoza,Navarro,IPN,P,Mexicana,Dir 39
3817,Alejandro,Cortes,Aguilar,IPN,P,Mexicana,Dir 935
3818,Elena,Medina,Romero,IPN,P,Mexicana,Dir 390
3819,Silvia,Espinoza,Diaz,UTEZ,P,Mexicana,Dir 486
3820,Ricardo,Herrera,Vargas,ITZ,P,Mexicana,Dir 363
3821,Rafael,Paredes,Velazquez,ITZ,P,Mexicana,Dir 80
3822,Patricia,Campos,Hernandez,IPN,E,Mexicana,Dir 132
3823,Eduardo,Paredes,Mejia,IPN,P,Mexicana,Dir 64
3824,Ricardo,Medina,Aguilar,ITZ,P,Mexicana,Dir 119
3825,Diego,Ramirez,Escobar,UAEM,P,Mexicana,Dir 444
3826,Rosa,Mejia,Hernandez,UPMOR,P,Mexicana,Dir 359
3827,Martha,Cruz,Paredes,ITZ,P,Mexicana,Dir 454
3828,Ricardo,Romero,Rojas,ITZ,E,Mexicana,Dir 666
3829,Diana,Dominguez,Valencia,UPMOR,P,Mexicana,Dir 26
3830,Valeria,Romero,Mejia,UTEZ,E,Mexicana,Dir 941
3831,Ricardo,Ortiz,Ramirez,UTEZ,E,Mexicana,Dir 365
3832,Beatriz,Flores,Cortes,UNAM,E,Mexicana,Dir 889
3833,Luis,Bautista,Herrera,UTEZ,E,Mexicana,Dir 77
3834,Julio,Cortes,Valencia,UPMOR,P,Mexicana,Dir 765
3835,Ana,Mendoza,Flores,UAEM,P,Mexicana,Dir 721
3836,Francisco,Velazquez,Rodriguez,UTEZ,E,Mexicana,Dir 881
3837,Diego,Chavez,Valencia,UTEZ,E,Mexicana,Dir 448
3838,Natalia,Rios,Castro,UPMOR,P,Mexicana,Dir 774
3839,Rosa,Ortiz,Sosa,ITZ,P,Mexicana,Dir 322
3840,Francisco,Cabrera,Lopez,UPMOR,E,Mexicana,Dir 710
3841,Roberto,Herrera,Navarro,UNAM,E,Mexicana,Dir 793
3842,Patricia,Navarro,Gomez,UTEZ,P,Mexicana,Dir 704
3843,Lucia,Maldonado,Salazar,UAEM,P,Mexicana,Dir 53
3844,Diana,Herrera,Cabrera,IPN,P,Mexicana,Dir 414
3845,Esteban,Silva,Molina,UAEM,E,Mexicana,Dir 405
3846,Ana,Garcia,Gutierrez,UAEM,E,Mexicana,Dir 783
3847,Pedro,Vargas,Salazar,UAEM,E,Mexicana,Dir 448
3848,Jesus,Cruz,Maldonado,UAEM,E,Mexicana,Dir 269
3849,Diego,Flores,Aguilar,ITZ,P,Mexicana,Dir 996
3850,Monica,Castillo,Mendez,UTEZ,E,Mexicana,Dir 315
3851,Esteban,Flores,Cordova,ITZ,P,Mexicana,Dir 40
3852,Diana,Cabrera,Gonzalez,UTEZ,P,Mexicana,Dir 467
3853,Julio,Chavez,Rios,UNAM,E,Mexicana,Dir 611
3854,Paola,Sosa,Rios,UPMOR,P,Mexicana,Dir 593
3855,Monica,Diaz,Reyes,UPMOR,E,Mexicana,Dir 803
3856,Andrea,Bautista,Avila,UPMOR,P,Mexicana,Dir 76
3857,Daniela,Castro,Campos,UPMOR,E,Mexicana,Dir 543
3858,Silvia,Soto,Mendoza,UAEM,P,Mexicana,Dir 763
3859,Margarita,Rodriguez,Chavez,UPMOR,E,Mexicana,Dir 761
3860,Lorena,Perez,Sosa,ITZ,E,Mexicana,Dir 733
3861,Hector,Perez,Dominguez,UPMOR,P,Mexicana,Dir 592
3862,Adriana,Rodriguez,Molina,UNAM,P,Mexicana,Dir 594
3863,Javier,Sanchez,Espinoza,UAEM,E,Mexicana,Dir 914
3864,Susana,Gomez,Lara,UTEZ,P,Mexicana,Dir 914
3865,Antonio,Mendoza,Navarro,UNAM,E,Mexicana,Dir 963
3866,Sofia,Velazquez,Chavez,ITZ,E,Mexicana,Dir 350
3867,Adriana,Rodriguez,Medina,UTEZ,E,Mexicana,Dir 147
3868,Rafael,Campos,Gonzalez,UNAM,P,Mexicana,Dir 273
3869,Javier,Navarro,Sanchez,ITZ,P,Mexicana,Dir 297
3870,Martha,Reyes,Castillo,UAEM,P,Mexicana,Dir 479
3871,Ruben,Flores,Molina,ITZ,P,Mexicana,Dir 324
3872,Jorge,Avila,Reyes,UPMOR,P,Mexicana,Dir 760
3873,Victor,Garcia,Ramirez,UAEM,E,Mexicana,Dir 674
3874,Teresa,Morales,Vargas,UTEZ,E,Mexicana,Dir 509
3875,Diana,Salazar,Castro,UPMOR,E,Mexicana,Dir 194
3876,Susana,Gutierrez,Medina,IPN,E,Mexicana,Dir 953
3877,Hector,Cordova,Ruiz,UTEZ,E,Mexicana,Dir 779
3878,Silvia,Cruz,Cruz,UAEM,E,Mexicana,Dir 474
3879,Rafael,Lara,Escobar,IPN,P,Mexicana,Dir 408
3880,Andrea,Herrera,Garcia,UTEZ,E,Mexicana,Dir 879
3881,Raul,Castro,Gonzalez,ITZ,E,Mexicana,Dir 907
3882,Raul,Paredes,Mendez,UNAM,P,Mexicana,Dir 518
3883,Diana,Dominguez,Vargas,UTEZ,E,Mexicana,Dir 964
3884,Victor,Perez,Bautista,IPN,P,Mexicana,Dir 313
3885,Daniela,Gomez,Molina,ITZ,E,Mexicana,Dir 71
3886,Monica,Vargas,Munoz,ITZ,E,Mexicana,Dir 762
3887,Hector,Valencia,Morales,ITZ,E,Mexicana,Dir 28
3888,Carmen,Vega,Cabrera,UPMOR,E,Mexicana,Dir 691
3889,Diego,Molina,Velazquez,UAEM,P,Mexicana,Dir 373
3890,Andrea,Valencia,Aguilar,UNAM,P,Mexicana,Dir 457
3891,Laura,Rojas,Flores,UNAM,E,Mexicana,Dir 488
3892,Laura,Rojas,Cordova,UPMOR,E,Mexicana,Dir 811
3893,Ricardo,Munoz,Dominguez,ITZ,E,Mexicana,Dir 755
3894,Jose,Rodriguez,Garza,UAEM,P,Mexicana,Dir 758
3895,Silvia,Chavez,Dominguez,UTEZ,P,Mexicana,Dir 844
3896,Jorge,Morales,Mejia,UPMOR,P,Mexicana,Dir 992
3897,Rumualdo,Dominguez,Guzman,ITZ,E,Mexicana,Dir 825
3898,Beatriz,Lara,Rodriguez,UNAM,P,Mexicana,Dir 296
3899,Natalia,Vega,Hernandez,IPN,E,Mexicana,Dir 829
3900,Hector,Castillo,Gonzalez,UPMOR,E,Mexicana,Dir 129
3901,Laura,Delgado,Castro,UAEM,P,Mexicana,Dir 115
3902,Jose,Sanchez,Avila,UPMOR,P,Mexicana,Dir 437
3903,Antonio,Delgado,Cruz,UTEZ,E,Mexicana,Dir 378
3904,Pedro,Navarro,Hernandez,ITZ,E,Mexicana,Dir 864
3905,Susana,Aguilar,Escobar,UTEZ,P,Mexicana,Dir 781
3906,Jose,Flores,Silva,UPMOR,E,Mexicana,Dir 507
3907,Claudia,Valencia,Gomez,UTEZ,E,Mexicana,Dir 833
3908,Oscar,Valencia,Delgado,UPMOR,E,Mexicana,Dir 190
3909,Jose,Mendez,Munoz,UNAM,E,Mexicana,Dir 298
3910,Ricardo,Sanchez,Romero,ITZ,P,Mexicana,Dir 415
3911,Oscar,Salazar,Garcia,UTEZ,P,Mexicana,Dir 88
3912,Eduardo,Chavez,Mejia,UNAM,E,Mexicana,Dir 271
3913,Diana,Valencia,Munoz,UNAM,E,Mexicana,Dir 299
3914,Alejandro,Medina,Mejia,UNAM,E,Mexicana,Dir 442
3915,Gerardo,Soto,Espinoza,UNAM,E,Mexicana,Dir 154
3916,Claudia,Vargas,Perez,UNAM,P,Mexicana,Dir 362
3917,Ana,Escobar,Delgado,ITZ,P,Mexicana,Dir 171
3918,Javier,Rodriguez,Romero,UTEZ,P,Mexicana,Dir 149
3919,Maria,Rodriguez,Valencia,UPMOR,E,Mexicana,Dir 401
3920,Antonio,Rojas,Cortes,UAEM,P,Mexicana,Dir 713
3921,Martin,Guzman,Flores,UAEM,E,Mexicana,Dir 961
3922,Carmen,Silva,Cabrera,UPMOR,E,Mexicana,Dir 733
3923,Margarita,Avila,Valencia,ITZ,P,Mexicana,Dir 651
3924,Rafael,Dominguez,Avila,UNAM,P,Mexicana,Dir 402
3925,Esteban,Cruz,Navarro,UNAM,P,Mexicana,Dir 207
3926,Adriana,Garcia,Lara,IPN,E,Mexicana,Dir 776
3927,Teresa,Gomez,Garcia,ITZ,E,Mexicana,Dir 369
3928,Jose,Lopez,Bautista,UPMOR,E,Mexicana,Dir 836
3929,Arturo,Campos,Mendez,UPMOR,P,Mexicana,Dir 695
3930,Maria,Paredes,Diaz,UAEM,P,Mexicana,Dir 235
3931,Ricardo,Chavez,Gomez,UNAM,P,Mexicana,Dir 778
3932,Carolina,Ramos,Medina,UNAM,P,Mexicana,Dir 706
3933,Veronica,Gonzalez,Romero,UNAM,P,Mexicana,Dir 852
3934,Carmen,Cervantes,Velazquez,UTEZ,P,Mexicana,Dir 67
3935,Rumualdo,Dominguez,Morales,IPN,E,Mexicana,Dir 818
3936,Rafael,Maldonado,Sanchez,UNAM,P,Mexicana,Dir 71
3937,Claudia,Valencia,Mendoza,UTEZ,E,Mexicana,Dir 938
3938,Hector,Navarro,Vargas,IPN,E,Mexicana,Dir 348
3939,Laura,Diaz,Bautista,IPN,E,Mexicana,Dir 708
3940,Oscar,Bautista,Sosa,UNAM,P,Mexicana,Dir 366
3941,Roberto,Garza,Vega,UNAM,E,Mexicana,Dir 139
3942,Margarita,Gomez,Cabrera,UNAM,P,Mexicana,Dir 658
3943,Jesus,Castillo,Reyes,IPN,E,Mexicana,Dir 300
3944,Teresa,Castro,Cordova,IPN,E,Mexicana,Dir 609
3945,Victor,Cortes,Sosa,UAEM,P,Mexicana,Dir 417
3946,Oscar,Campos,Ortiz,UNAM,E,Mexicana,Dir 433
3947,Rosa,Medina,Castro,UAEM,P,Mexicana,Dir 509
3948,Sofia,Gomez,Bautista,UNAM,P,Mexicana,Dir 161
3949,Adriana,Rodriguez,Campos,IPN,P,Mexicana,Dir 892
3950,Miguel,Mejia,Escobar,UTEZ,P,Mexicana,Dir 602
3951,Manuel,Martinez,Munoz,UTEZ,P,Mexicana,Dir 584
3952,Natalia,Molina,Maldonado,UAEM,E,Mexicana,Dir 255
3953,Teresa,Aguilar,Mendoza,UTEZ,P,Mexicana,Dir 833
3954,Raul,Herrera,Mendez,UAEM,P,Mexicana,Dir 887
3955,Valeria,Flores,Medina,UAEM,E,Mexicana,Dir 705
3956,Silvia,Molina,Rojas,UNAM,E,Mexicana,Dir 963
3957,Javier,Dominguez,Morales,IPN,P,Mexicana,Dir 565
3958,Lorena,Ramos,Herrera,UAEM,E,Mexicana,Dir 70
3959,Alejandro,Garza,Delgado,ITZ,E,Mexicana,Dir 976
3960,Francisco,Chavez,Diaz,UPMOR,E,Mexicana,Dir 968
3961,Eduardo,Maldonado,Mejia,UAEM,P,Mexicana,Dir 55
3962,Alejandro,Maldonado,Sosa,UNAM,P,Mexicana,Dir 128
3963,Javier,Cabrera,Morales,ITZ,E,Mexicana,Dir 114
3964,Diego,Garza,Navarro,UNAM,E,Mexicana,Dir 614
3965,Javier,Paredes,Ortiz,UNAM,E,Mexicana,Dir 613
3966,Patricia,Escobar,Chavez,UAEM,E,Mexicana,Dir 43
3967,Gerardo,Chavez,Diaz,UAEM,E,Mexicana,Dir 593
3968,Rafael,Navarro,Lara,IPN,P,Mexicana,Dir 357
3969,Ana,Espinoza,Garcia,UAEM,P,Mexicana,Dir 873
3970,Maria,Campos,Sanchez,UNAM,P,Mexicana,Dir 156
3971,Ricardo,Valencia,Soto,IPN,P,Mexicana,Dir 223
3972,Hector,Ruiz,Lopez,UNAM,P,Mexicana,Dir 403
3973,Susana,Soto,Guzman,IPN,P,Mexicana,Dir 288
3974,Laura,Garza,Aguilar,UPMOR,E,Mexicana,Dir 803
3975,Martin,Maldonado,Mendez,UPMOR,P,Mexicana,Dir 713
3976,Raul,Hernandez,Sosa,UNAM,P,Mexicana,Dir 589
3977,Ana,Garcia,Vargas,UPMOR,E,Mexicana,Dir 890
3978,Gabriela,Ruiz,Campos,UAEM,E,Mexicana,Dir 496
3979,Silvia,Rodriguez,Romero,ITZ,P,Mexicana,Dir 595
3980,Alejandro,Maldonado,Cortes,UNAM,E,Mexicana,Dir 791
3981,Luis,Sosa,Sosa,ITZ,E,Mexicana,Dir 730
3982,Laura,Cabrera,Munoz,ITZ,E,Mexicana,Dir 535
3983,Martha,Mejia,Ruiz,UPMOR,E,Mexicana,Dir 329
3984,Francisco,Maldonado,Gomez,UAEM,E,Mexicana,Dir 654
3985,Margarita,Valencia,Castillo,UTEZ,E,Mexicana,Dir 180
3986,Laura,Munoz,Munoz,UTEZ,P,Mexicana,Dir 295
3987,Gael,Gomez,Velazquez,UTEZ,E,Mexicana,Dir 407
3988,Jose,Romero,Castro,UTEZ,P,Mexicana,Dir 251
3989,Diego,Avila,Lara,UPMOR,E,Mexicana,Dir 364
3990,Laura,Delgado,Garcia,IPN,P,Mexicana,Dir 395
3991,Margarita,Valencia,Ortiz,UAEM,E,Mexicana,Dir 97
3992,Rosa,Ramos,Silva,UPMOR,P,Mexicana,Dir 466
3993,Natalia,Soto,Vega,ITZ,E,Mexicana,Dir 353
3994,Arturo,Avila,Sosa,IPN,P,Mexicana,Dir 645
3995,Paola,Dominguez,Perez,ITZ,E,Mexicana,Dir 469
3996,Patricia,Ramirez,Cruz,UPMOR,E,Mexicana,Dir 855
3997,Beatriz,Silva,Ramirez,UTEZ,E,Mexicana,Dir 861
3998,Claudia,Espinoza,Romero,UAEM,P,Mexicana,Dir 224
3999,Diego,Lara,Mejia,UTEZ,E,Mexicana,Dir 38
4000,Javier,Romero,Lopez,UNAM,P,Mexicana,Dir 709
4001,Roberto,Flores,Garza,UTEZ,P,Mexicana,Dir 733
4002,Ricardo,Espinoza,Flores,UNAM,E,Mexicana,Dir 34
4003,Julio,Ramirez,Martinez,ITZ,P,Mexicana,Dir 177
4004,Roberto,Cortes,Molina,IPN,E,Mexicana,Dir 120
4005,Sofia,Sosa,Delgado,UPMOR,E,Mexicana,Dir 529
4006,Jose,Perez,Mendoza,UNAM,P,Mexicana,Dir 410
4007,Monica,Valencia,Flores,UNAM,P,Mexicana,Dir 257
4008,Esteban,Gonzalez,Molina,UPMOR,P,Mexicana,Dir 46
4009,Lucia,Lara,Reyes,UTEZ,P,Mexicana,Dir 194
4010,Leticia,Espinoza,Vega,UAEM,P,Mexicana,Dir 994
4011,Ruben,Lara,Perez,ITZ,E,Mexicana,Dir 332
4012,Julio,Espinoza,Delgado,UTEZ,E,Mexicana,Dir 805
4013,Beatriz,Castillo,Silva,UPMOR,E,Mexicana,Dir 323
4014,Silvia,Flores,Valencia,UPMOR,P,Mexicana,Dir 541
4015,Teresa,Cortes,Diaz,UNAM,P,Mexicana,Dir 667
4016,Antonio,Mendez,Garza,IPN,E,Mexicana,Dir 798
4017,Julio,Cortes,Medina,ITZ,E,Mexicana,Dir 142
4018,Gabriela,Medina,Martinez,IPN,E,Mexicana,Dir 686
4019,Natalia,Hernandez,Mejia,IPN,P,Mexicana,Dir 920
4020,Silvia,Medina,Castro,IPN,E,Mexicana,Dir 398
4021,Rafael,Delgado,Campos,ITZ,E,Mexicana,Dir 587
4022,Hugo,Diaz,Espinoza,UAEM,E,Mexicana,Dir 172
4023,Miguel,Navarro,Medina,ITZ,E,Mexicana,Dir 358
4024,Martha,Paredes,Gutierrez,UNAM,P,Mexicana,Dir 477
4025,Rosa,Soto,Castillo,UNAM,E,Mexicana,Dir 282
4026,Lorena,Herrera,Mejia,UTEZ,P,Mexicana,Dir 751
4027,Patricia,Aguilar,Aguilar,IPN,E,Mexicana,Dir 98
4028,Jose,Gomez,Delgado,UNAM,E,Mexicana,Dir 254
4029,Natalia,Molina,Ramos,UNAM,E,Mexicana,Dir 249
4030,Manuel,Perez,Ortiz,UTEZ,E,Mexicana,Dir 917
4031,Alejandro,Rojas,Lopez,UTEZ,P,Mexicana,Dir 986
4032,Laura,Sosa,Bautista,UNAM,P,Mexicana,Dir 939
4033,Daniela,Velazquez,Vega,UAEM,E,Mexicana,Dir 894
4034,Veronica,Hernandez,Cordova,UTEZ,E,Mexicana,Dir 879
4035,Alejandro,Garza,Perez,UPMOR,P,Mexicana,Dir 610
4036,Raul,Garcia,Vargas,UPMOR,E,Mexicana,Dir 144
4037,Arturo,Cervantes,Mejia,UPMOR,E,Mexicana,Dir 249
4038,Francisco,Avila,Cruz,UNAM,P,Mexicana,Dir 510
4039,Alejandro,Velazquez,Velazquez,UPMOR,P,Mexicana,Dir 163
4040,Leticia,Castillo,Rojas,ITZ,E,Mexicana,Dir 525
4041,Teresa,Delgado,Maldonado,UPMOR,E,Mexicana,Dir 148
4042,Susana,Cabrera,Morales,IPN,E,Mexicana,Dir 54
4043,Gabriela,Rios,Salazar,UPMOR,P,Mexicana,Dir 941
4044,Teresa,Guzman,Guzman,IPN,P,Mexicana,Dir 204
4045,Sofia,Romero,Hernandez,ITZ,P,Mexicana,Dir 607
4046,Ruben,Gonzalez,Escobar,UNAM,E,Mexicana,Dir 637
4047,Francisco,Lopez,Ortiz,UTEZ,P,Mexicana,Dir 449
4048,Veronica,Castro,Campos,UTEZ,E,Mexicana,Dir 520
4049,Veronica,Soto,Herrera,UPMOR,E,Mexicana,Dir 660
4050,Esteban,Perez,Sosa,UTEZ,P,Mexicana,Dir 325
4051,Andrea,Castro,Vargas,UPMOR,E,Mexicana,Dir 872
4052,Leticia,Gutierrez,Diaz,UPMOR,E,Mexicana,Dir 595
4053,Oscar,Silva,Escobar,UPMOR,E,Mexicana,Dir 197
4054,Raul,Delgado,Hernandez,UPMOR,P,Mexicana,Dir 340
4055,Ana,Vargas,Perez,ITZ,P,Mexicana,Dir 890
4056,Monica,Mendez,Salazar,IPN,P,Mexicana,Dir 559
4057,Hector,Castro,Martinez,UTEZ,P,Mexicana,Dir 641
4058,Roberto,Vega,Cabrera,UTEZ,P,Mexicana,Dir 966
4059,Claudia,Navarro,Castillo,UNAM,P,Mexicana,Dir 416
4060,Oscar,Avila,Herrera,UNAM,P,Mexicana,Dir 452
4061,Oscar,Castro,Dominguez,IPN,E,Mexicana,Dir 412
4062,Susana,Vega,Campos,IPN,P,Mexicana,Dir 466
4063,Jorge,Rojas,Cervantes,UAEM,P,Mexicana,Dir 620
4064,Silvia,Paredes,Martinez,UTEZ,E,Mexicana,Dir 682
4065,Sofia,Rios,Escobar,IPN,E,Mexicana,Dir 521
4066,Lorena,Mendoza,Cabrera,UTEZ,E,Mexicana,Dir 226
4067,Carmen,Vega,Guzman,UNAM,P,Mexicana,Dir 538
4068,Diana,Ruiz,Delgado,UTEZ,E,Mexicana,Dir 611
4069,Miguel,Flores,Gutierrez,UAEM,P,Mexicana,Dir 7
4070,Jorge,Cabrera,Martinez,UTEZ,E,Mexicana,Dir 843
4071,Carolina,Flores,Escobar,UAEM,E,Mexicana,Dir 800
4072,Oscar,Martinez,Escobar,UPMOR,E,Mexicana,Dir 498
4073,Victor,Ruiz,Chavez,UNAM,P,Mexicana,Dir 519
4074,Ruben,Cervantes,Cruz,ITZ,E,Mexicana,Dir 93
4075,Francisco,Velazquez,Guzman,UTEZ,E,Mexicana,Dir 782
4076,Claudia,Cervantes,Hernandez,UPMOR,P,Mexicana,Dir 249
4077,Natalia,Garcia,Lara,UPMOR,P,Mexicana,Dir 805
4078,Carolina,Ortiz,Soto,ITZ,P,Mexicana,Dir 591
4079,Eduardo,Cruz,Castillo,UAEM,P,Mexicana,Dir 958
4080,Sofia,Sanchez,Aguilar,IPN,P,Mexicana,Dir 174
4081,Teresa,Soto,Cervantes,UTEZ,P,Mexicana,Dir 723
4082,Margarita,Espinoza,Vargas,IPN,P,Mexicana,Dir 246
4083,Maria,Sanchez,Gonzalez,UTEZ,P,Mexicana,Dir 774
4084,Fernando,Reyes,Garza,UTEZ,E,Mexicana,Dir 199
4085,Martha,Vargas,Dominguez,UPMOR,E,Mexicana,Dir 267
4086,Luis,Sanchez,Herrera,UNAM,E,Mexicana,Dir 784
4087,Susana,Cervantes,Perez,UTEZ,E,Mexicana,Dir 689
4088,Carolina,Rios,Mejia,IPN,E,Mexicana,Dir 878
4089,Jose,Salazar,Valencia,UTEZ,P,Mexicana,Dir 979
4090,Rosa,Garza,Mendez,UTEZ,E,Mexicana,Dir 662
4091,Sofia,Salazar,Espinoza,UPMOR,E,Mexicana,Dir 17
4092,Martin,Mendoza,Romero,UNAM,E,Mexicana,Dir 15
4093,Raul,Garza,Munoz,UAEM,P,Mexicana,Dir 128
4094,Hector,Vargas,Gonzalez,UPMOR,E,Mexicana,Dir 790
4095,Margarita,Herrera,Valencia,UAEM,E,Mexicana,Dir 9
4096,Daniela,Dominguez,Vargas,UTEZ,E,Mexicana,Dir 931
4097,Sofia,Rios,Ramos,UAEM,E,Mexicana,Dir 29
4098,Eduardo,Sosa,Guzman,ITZ,P,Mexicana,Dir 152
4099,Hector,Cortes,Valencia,IPN,E,Mexicana,Dir 89
4100,Ricardo,Chavez,Vega,UAEM,P,Mexicana,Dir 42
4101,Rumualdo,Garza,Maldonado,ITZ,E,Mexicana,Dir 649
4102,Andrea,Navarro,Molina,UNAM,P,Mexicana,Dir 152
4103,Leticia,Cervantes,Morales,UPMOR,E,Mexicana,Dir 26
4104,Pedro,Cordova,Hernandez,UAEM,E,Mexicana,Dir 651
4105,Luis,Sanchez,Avila,IPN,E,Mexicana,Dir 355
4106,Silvia,Ramirez,Medina,UNAM,P,Mexicana,Dir 130
4107,Adriana,Gutierrez,Diaz,ITZ,P,Mexicana,Dir 478
4108,Hector,Cruz,Campos,ITZ,P,Mexicana,Dir 343
4109,Daniela,Gomez,Ramos,UTEZ,E,Mexicana,Dir 410
4110,Julio,Delgado,Martinez,UNAM,E,Mexicana,Dir 953
4111,Teresa,Lopez,Maldonado,UPMOR,E,Mexicana,Dir 196
4112,Leticia,Avila,Reyes,IPN,E,Mexicana,Dir 283
4113,Alejandro,Flores,Cervantes,UTEZ,E,Mexicana,Dir 624
4114,Veronica,Guzman,Lopez,UAEM,P,Mexicana,Dir 27
4115,Rafael,Cortes,Perez,UAEM,P,Mexicana,Dir 855
4116,Maria,Cordova,Dominguez,UNAM,E,Mexicana,Dir 389
4117,Laura,Silva,Morales,UTEZ,P,Mexicana,Dir 393
4118,Julio,Ruiz,Sosa,UPMOR,P,Mexicana,Dir 506
4119,Jorge,Cordova,Campos,UNAM,P,Mexicana,Dir 188
4120,Diego,Navarro,Campos,ITZ,E,Mexicana,Dir 530
4121,Oscar,Cortes,Mendez,UPMOR,P,Mexicana,Dir 828
4122,Luis,Rios,Molina,UPMOR,E,Mexicana,Dir 536
4123,Claudia,Escobar,Silva,UAEM,E,Mexicana,Dir 809
4124,Laura,Garcia,Gomez,UAEM,P,Mexicana,Dir 687
4125,Andrea,Salazar,Hernandez,IPN,P,Mexicana,Dir 212
4126,Ruben,Cabrera,Gomez,UAEM,P,Mexicana,Dir 848
4127,Arturo,Ramos,Cordova,UNAM,P,Mexicana,Dir 63
4128,Eduardo,Aguilar,Molina,UTEZ,P,Mexicana,Dir 704
4129,Monica,Dominguez,Rios,IPN,E,Mexicana,Dir 154
4130,Carolina,Cervantes,Salazar,UNAM,E,Mexicana,Dir 740
4131,Miguel,Gomez,Delgado,UNAM,P,Mexicana,Dir 749
4132,Monica,Gomez,Velazquez,UTEZ,E,Mexicana,Dir 440
4133,Arturo,Delgado,Vargas,UPMOR,P,Mexicana,Dir 56
4134,Teresa,Mejia,Cabrera,UPMOR,E,Mexicana,Dir 331
4135,Javier,Molina,Mejia,UAEM,P,Mexicana,Dir 406
4136,Arturo,Lara,Velazquez,UAEM,P,Mexicana,Dir 532
4137,Antonio,Gomez,Lopez,UAEM,E,Mexicana,Dir 316
4138,Carlos,Soto,Chavez,UPMOR,P,Mexicana,Dir 284
4139,Victor,Mejia,Garcia,UPMOR,E,Mexicana,Dir 713
4140,Lucia,Gutierrez,Cabrera,ITZ,P,Mexicana,Dir 426
4141,Jorge,Rios,Munoz,UPMOR,P,Mexicana,Dir 907
4142,Fernando,Gutierrez,Morales,IPN,E,Mexicana,Dir 867
4143,Raul,Rios,Campos,IPN,P,Mexicana,Dir 354
4144,Roberto,Martinez,Reyes,UAEM,E,Mexicana,Dir 20
4145,Gabriela,Dominguez,Salazar,UTEZ,P,Mexicana,Dir 694
4146,Gael,Rios,Guzman,UNAM,E,Mexicana,Dir 506
4147,Fernando,Delgado,Molina,UAEM,E,Mexicana,Dir 116
4148,Antonio,Cruz,Chavez,UNAM,P,Mexicana,Dir 491
4149,Patricia,Mendez,Hernandez,UAEM,P,Mexicana,Dir 788
4150,Martha,Paredes,Campos,UTEZ,P,Mexicana,Dir 166
4151,Hugo,Martinez,Garza,UNAM,E,Mexicana,Dir 648
4152,Roberto,Rios,Garza,UPMOR,P,Mexicana,Dir 509
4153,Ana,Romero,Gomez,UTEZ,P,Mexicana,Dir 723
4154,Gerardo,Lara,Gonzalez,IPN,E,Mexicana,Dir 81
4155,Ricardo,Ortiz,Garza,ITZ,E,Mexicana,Dir 501
4156,Rafael,Ortiz,Navarro,UTEZ,E,Mexicana,Dir 674
4157,Hugo,Navarro,Romero,IPN,E,Mexicana,Dir 246
4158,Jose,Campos,Soto,IPN,P,Mexicana,Dir 311
4159,Leticia,Herrera,Ramos,ITZ,E,Mexicana,Dir 36
4160,Paola,Vargas,Guzman,UAEM,E,Mexicana,Dir 160
4161,Monica,Rodriguez,Rodriguez,UAEM,P,Mexicana,Dir 949
4162,Beatriz,Guzman,Molina,UTEZ,E,Mexicana,Dir 729
4163,Lorena,Castillo,Castillo,IPN,E,Mexicana,Dir 211
4164,Valeria,Perez,Lara,UAEM,E,Mexicana,Dir 412
4165,Carmen,Navarro,Garcia,UAEM,E,Mexicana,Dir 33
4166,Carolina,Ramos,Munoz,UPMOR,P,Mexicana,Dir 912
4167,Carolina,Perez,Maldonado,ITZ,E,Mexicana,Dir 409
4168,Lorena,Cortes,Dominguez,UPMOR,E,Mexicana,Dir 156
4169,Beatriz,Rojas,Diaz,IPN,P,Mexicana,Dir 855
4170,Javier,Morales,Sanchez,UTEZ,E,Mexicana,Dir 787
4171,Patricia,Gomez,Avila,UPMOR,E,Mexicana,Dir 437
4172,Daniela,Dominguez,Escobar,UAEM,E,Mexicana,Dir 658
4173,Leticia,Garza,Gomez,UAEM,P,Mexicana,Dir 964
4174,Hugo,Gutierrez,Avila,UPMOR,E,Mexicana,Dir 698
4175,Veronica,Cruz,Mendez,UPMOR,E,Mexicana,Dir 388
4176,Ana,Cabrera,Munoz,UNAM,P,Mexicana,Dir 153
4177,Alejandro,Mendoza,Perez,UPMOR,E,Mexicana,Dir 264
4178,Pedro,Munoz,Dominguez,UNAM,E,Mexicana,Dir 715
4179,Jesus,Navarro,Rodriguez,IPN,P,Mexicana,Dir 136
4180,Miguel,Chavez,Delgado,UPMOR,P,Mexicana,Dir 583
4181,Paola,Vargas,Valencia,UNAM,E,Mexicana,Dir 362
4182,Jose,Gomez,Sanchez,UPMOR,E,Mexicana,Dir 956
4183,Arturo,Ramirez,Mendez,UPMOR,P,Mexicana,Dir 783
4184,Susana,Salazar,Cortes,UTEZ,P,Mexicana,Dir 979
4185,Lorena,Castro,Chavez,UPMOR,P,Mexicana,Dir 120
4186,Alejandro,Dominguez,Cabrera,UPMOR,P,Mexicana,Dir 282
4187,Maria,Bautista,Medina,UAEM,P,Mexicana,Dir 519
4188,Natalia,Perez,Castro,ITZ,E,Mexicana,Dir 465
4189,Gael,Mendoza,Cervantes,UTEZ,E,Mexicana,Dir 584
4190,Raul,Salazar,Lopez,UTEZ,E,Mexicana,Dir 162
4191,Claudia,Silva,Delgado,UAEM,P,Mexicana,Dir 99
4192,Teresa,Guzman,Mendoza,UNAM,P,Mexicana,Dir 612
4193,Hugo,Perez,Vargas,UTEZ,E,Mexicana,Dir 35
4194,Eduardo,Rios,Campos,UAEM,E,Mexicana,Dir 259
4195,Rosa,Guzman,Espinoza,ITZ,P,Mexicana,Dir 744
4196,Monica,Avila,Lopez,IPN,P,Mexicana,Dir 830
4197,Luis,Rodriguez,Castro,IPN,E,Mexicana,Dir 695
4198,Silvia,Vega,Cabrera,ITZ,P,Mexicana,Dir 90
4199,Maria,Chavez,Cervantes,UNAM,E,Mexicana,Dir 145
4200,Alejandro,Mejia,Aguilar,UAEM,P,Mexicana,Dir 131
4201,Arturo,Gomez,Espinoza,UPMOR,P,Mexicana,Dir 799
4202,Hugo,Rodriguez,Munoz,UPMOR,P,Mexicana,Dir 125
4203,Gael,Perez,Navarro,UPMOR,P,Mexicana,Dir 843
4204,Francisco,Herrera,Mejia,IPN,E,Mexicana,Dir 762
4205,Lorena,Cervantes,Vega,UPMOR,E,Mexicana,Dir 756
4206,Esteban,Rios,Avila,UPMOR,E,Mexicana,Dir 218
4207,Miguel,Perez,Gutierrez,ITZ,E,Mexicana,Dir 391
4208,Carmen,Ramos,Sanchez,UTEZ,E,Mexicana,Dir 805
4209,Martha,Aguilar,Escobar,UAEM,P,Mexicana,Dir 534
4210,Teresa,Gomez,Avila,IPN,P,Mexicana,Dir 162
4211,Pedro,Ramos,Guzman,UPMOR,E,Mexicana,Dir 623
4212,Beatriz,Mendoza,Escobar,UNAM,P,Mexicana,Dir 530
4213,Sofia,Gomez,Sosa,UTEZ,E,Mexicana,Dir 317
4214,Ruben,Ramos,Mejia,ITZ,P,Mexicana,Dir 828
4215,Victor,Ramos,Ramos,UAEM,E,Mexicana,Dir 283
4216,Jorge,Mendoza,Rojas,UTEZ,E,Mexicana,Dir 265
4217,Veronica,Ortiz,Ramirez,IPN,E,Mexicana,Dir 950
4218,Jorge,Herrera,Avila,UPMOR,E,Mexicana,Dir 346
4219,Diego,Espinoza,Maldonado,UAEM,E,Mexicana,Dir 125
4220,Gerardo,Rodriguez,Escobar,ITZ,E,Mexicana,Dir 78
4221,Rafael,Castro,Paredes,ITZ,E,Mexicana,Dir 872
4222,Gabriela,Mendez,Silva,IPN,P,Mexicana,Dir 500
4223,Martha,Aguilar,Cervantes,ITZ,P,Mexicana,Dir 791
4224,Maria,Gutierrez,Perez,UNAM,E,Mexicana,Dir 495
4225,Ruben,Avila,Campos,ITZ,E,Mexicana,Dir 619
4226,Sofia,Mejia,Sosa,UPMOR,P,Mexicana,Dir 382
4227,Maria,Chavez,Cruz,IPN,E,Mexicana,Dir 168
4228,Paola,Diaz,Paredes,UAEM,P,Mexicana,Dir 544
4229,Ruben,Gomez,Molina,UPMOR,P,Mexicana,Dir 120
4230,Andrea,Valencia,Guzman,UPMOR,P,Mexicana,Dir 123
4231,Diego,Ramos,Gomez,UAEM,P,Mexicana,Dir 501
4232,Daniela,Garza,Guzman,UPMOR,P,Mexicana,Dir 35
4233,Esteban,Mejia,Ruiz,IPN,E,Mexicana,Dir 612
4234,Paola,Aguilar,Perez,UNAM,E,Mexicana,Dir 711
4235,Lorena,Herrera,Romero,UNAM,P,Mexicana,Dir 606
4236,Diana,Hernandez,Cordova,UTEZ,P,Mexicana,Dir 860
4237,Antonio,Medina,Chavez,IPN,E,Mexicana,Dir 911
4238,Alejandro,Munoz,Cortes,UTEZ,E,Mexicana,Dir 946
4239,Sofia,Silva,Mendez,ITZ,E,Mexicana,Dir 44
4240,Leticia,Garcia,Lopez,UTEZ,P,Mexicana,Dir 974
4241,Susana,Mendoza,Sosa,UNAM,E,Mexicana,Dir 687
4242,Antonio,Velazquez,Dominguez,ITZ,P,Mexicana,Dir 620
4243,Rosa,Cordova,Aguilar,UTEZ,E,Mexicana,Dir 8
4244,Diana,Maldonado,Aguilar,UNAM,P,Mexicana,Dir 34
4245,Luis,Soto,Mejia,UTEZ,E,Mexicana,Dir 362
4246,Sofia,Martinez,Mendoza,UPMOR,P,Mexicana,Dir 191
4247,Esteban,Morales,Guzman,UNAM,E,Mexicana,Dir 266
4248,Hugo,Flores,Garcia,UTEZ,P,Mexicana,Dir 774
4249,Martha,Chavez,Rodriguez,UTEZ,E,Mexicana,Dir 818
4250,Daniela,Lara,Guzman,IPN,E,Mexicana,Dir 582
4251,Sofia,Martinez,Dominguez,UNAM,P,Mexicana,Dir 732
4252,Diana,Salazar,Cervantes,UTEZ,P,Mexicana,Dir 191
4253,Gael,Rios,Mendoza,IPN,P,Mexicana,Dir 522
4254,Miguel,Cabrera,Rojas,UPMOR,E,Mexicana,Dir 633
4255,Teresa,Avila,Ramos,UTEZ,P,Mexicana,Dir 509
4256,Beatriz,Gomez,Rodriguez,ITZ,E,Mexicana,Dir 579
4257,Antonio,Reyes,Escobar,UPMOR,P,Mexicana,Dir 363
4258,Gabriela,Diaz,Rodriguez,UTEZ,E,Mexicana,Dir 413
4259,Jorge,Molina,Escobar,IPN,E,Mexicana,Dir 911
4260,Margarita,Medina,Campos,UNAM,E,Mexicana,Dir 537
4261,Silvia,Flores,Cortes,UPMOR,E,Mexicana,Dir 32
4262,Antonio,Aguilar,Morales,UAEM,E,Mexicana,Dir 795
4263,Laura,Cabrera,Avila,UPMOR,P,Mexicana,Dir 822
4264,Martin,Cruz,Cervantes,UPMOR,E,Mexicana,Dir 715
4265,Margarita,Espinoza,Delgado,ITZ,E,Mexicana,Dir 549
4266,Margarita,Rojas,Aguilar,UPMOR,P,Mexicana,Dir 672
4267,Claudia,Molina,Martinez,IPN,E,Mexicana,Dir 186
4268,Susana,Molina,Soto,IPN,P,Mexicana,Dir 447
4269,Carmen,Delgado,Morales,UPMOR,E,Mexicana,Dir 905
4270,Andrea,Hernandez,Rojas,UNAM,E,Mexicana,Dir 621
4271,Susana,Diaz,Reyes,UPMOR,P,Mexicana,Dir 63
4272,Rosa,Soto,Guzman,UNAM,P,Mexicana,Dir 925
4273,Diego,Avila,Martinez,UAEM,E,Mexicana,Dir 264
4274,Jose,Guzman,Ortiz,UNAM,P,Mexicana,Dir 749
4275,Arturo,Maldonado,Gutierrez,UTEZ,E,Mexicana,Dir 183
4276,Leticia,Paredes,Reyes,UAEM,P,Mexicana,Dir 810
4277,Esteban,Herrera,Espinoza,ITZ,E,Mexicana,Dir 968
4278,Roberto,Salazar,Romero,UTEZ,P,Mexicana,Dir 921
4279,Ana,Rojas,Rojas,IPN,E,Mexicana,Dir 766
4280,Diana,Vargas,Garcia,ITZ,P,Mexicana,Dir 357
4281,Daniela,Ramos,Reyes,ITZ,E,Mexicana,Dir 838
4282,Miguel,Soto,Flores,ITZ,E,Mexicana,Dir 711
4283,Monica,Castillo,Valencia,UTEZ,P,Mexicana,Dir 569
4284,Diego,Rios,Medina,IPN,E,Mexicana,Dir 250
4285,Rosa,Paredes,Morales,ITZ,E,Mexicana,Dir 667
4286,Veronica,Mendez,Lara,UNAM,E,Mexicana,Dir 924
4287,Oscar,Herrera,Martinez,UAEM,P,Mexicana,Dir 350
4288,Pedro,Cordova,Herrera,UTEZ,P,Mexicana,Dir 879
4289,Rosa,Reyes,Navarro,UNAM,P,Mexicana,Dir 621
4290,Roberto,Medina,Lara,UAEM,E,Mexicana,Dir 302
4291,Patricia,Cervantes,Mendoza,UAEM,P,Mexicana,Dir 211
4292,Diego,Lara,Diaz,UNAM,E,Mexicana,Dir 396
4293,Lorena,Gonzalez,Cordova,UPMOR,P,Mexicana,Dir 503
4294,Maria,Rios,Sosa,UTEZ,P,Mexicana,Dir 476
4295,Raul,Herrera,Munoz,IPN,P,Mexicana,Dir 190
4296,Rumualdo,Ortiz,Sanchez,IPN,E,Mexicana,Dir 718
4297,Maria,Reyes,Gonzalez,IPN,E,Mexicana,Dir 933
4298,Jesus,Avila,Lara,UNAM,E,Mexicana,Dir 73
4299,Jesus,Cruz,Navarro,UPMOR,E,Mexicana,Dir 593
4300,Ana,Maldonado,Gutierrez,UTEZ,E,Mexicana,Dir 969
4301,Diana,Herrera,Paredes,UAEM,P,Mexicana,Dir 651
4302,Monica,Castillo,Vega,UNAM,E,Mexicana,Dir 373
4303,Elena,Navarro,Cordova,UNAM,P,Mexicana,Dir 510
4304,Natalia,Munoz,Rojas,UNAM,P,Mexicana,Dir 463
4305,Diego,Ramirez,Gonzalez,UAEM,E,Mexicana,Dir 814
4306,Hugo,Cordova,Mejia,UAEM,E,Mexicana,Dir 871
4307,Oscar,Gomez,Garza,IPN,P,Mexicana,Dir 426
4308,Ana,Paredes,Campos,UPMOR,E,Mexicana,Dir 623
4309,Luis,Morales,Diaz,UTEZ,E,Mexicana,Dir 100
4310,Pedro,Paredes,Martinez,UPMOR,P,Mexicana,Dir 47
4311,Jorge,Mendez,Delgado,ITZ,E,Mexicana,Dir 47
4312,Ricardo,Lopez,Garza,ITZ,E,Mexicana,Dir 777
4313,Andrea,Mendoza,Medina,ITZ,E,Mexicana,Dir 679
4314,Raul,Delgado,Valencia,IPN,E,Mexicana,Dir 703
4315,Rafael,Martinez,Reyes,UPMOR,E,Mexicana,Dir 757
4316,Fernando,Maldonado,Ruiz,ITZ,P,Mexicana,Dir 118
4317,Adriana,Vargas,Ramirez,ITZ,P,Mexicana,Dir 161
4318,Manuel,Vargas,Mendez,IPN,P,Mexicana,Dir 934
4319,Antonio,Guzman,Ruiz,ITZ,E,Mexicana,Dir 422
4320,Rafael,Dominguez,Reyes,UAEM,P,Mexicana,Dir 740
4321,Lorena,Mejia,Ruiz,IPN,P,Mexicana,Dir 676
4322,Rumualdo,Cortes,Cortes,ITZ,E,Mexicana,Dir 916
4323,Diego,Ruiz,Rios,IPN,P,Mexicana,Dir 482
4324,Jorge,Sanchez,Mendez,ITZ,E,Mexicana,Dir 349
4325,Carolina,Cortes,Campos,ITZ,E,Mexicana,Dir 437
4326,Fernando,Rodriguez,Silva,IPN,P,Mexicana,Dir 864
4327,Leticia,Lara,Dominguez,IPN,E,Mexicana,Dir 216
4328,Sofia,Paredes,Aguilar,IPN,E,Mexicana,Dir 104
4329,Francisco,Valencia,Rodriguez,IPN,P,Mexicana,Dir 178
4330,Susana,Aguilar,Silva,UNAM,P,Mexicana,Dir 30
4331,Oscar,Garcia,Diaz,UTEZ,P,Mexicana,Dir 774
4332,Esteban,Gutierrez,Mendez,UAEM,P,Mexicana,Dir 367
4333,Natalia,Chavez,Flores,UAEM,P,Mexicana,Dir 357
4334,Sofia,Avila,Cervantes,IPN,P,Mexicana,Dir 991
4335,Paola,Mendez,Vega,UNAM,P,Mexicana,Dir 76
4336,Esteban,Rodriguez,Salazar,UAEM,E,Mexicana,Dir 36
4337,Leticia,Mendez,Navarro,ITZ,E,Mexicana,Dir 772
4338,Patricia,Bautista,Rodriguez,IPN,P,Mexicana,Dir 324
4339,Rosa,Chavez,Velazquez,IPN,P,Mexicana,Dir 404
4340,Antonio,Garcia,Gomez,UTEZ,P,Mexicana,Dir 253
4341,Raul,Gutierrez,Munoz,UNAM,E,Mexicana,Dir 874
4342,Beatriz,Sanchez,Avila,UAEM,P,Mexicana,Dir 141
4343,Francisco,Vega,Castillo,UAEM,P,Mexicana,Dir 239
4344,Carlos,Bautista,Aguilar,IPN,P,Mexicana,Dir 853
4345,Luis,Vega,Maldonado,IPN,P,Mexicana,Dir 874
4346,Margarita,Perez,Lara,UNAM,P,Mexicana,Dir 152
4347,Manuel,Ruiz,Cordova,UPMOR,E,Mexicana,Dir 318
4348,Hector,Mendoza,Cruz,IPN,P,Mexicana,Dir 205
4349,Victor,Delgado,Flores,UAEM,P,Mexicana,Dir 631
4350,Victor,Mendez,Castro,UTEZ,E,Mexicana,Dir 801
4351,Silvia,Ortiz,Romero,UPMOR,E,Mexicana,Dir 395
4352,Ricardo,Castro,Cordova,UAEM,P,Mexicana,Dir 409
4353,Carolina,Romero,Delgado,UNAM,P,Mexicana,Dir 435
4354,Manuel,Flores,Bautista,UAEM,P,Mexicana,Dir 450
4355,Gabriela,Mendez,Castillo,UNAM,E,Mexicana,Dir 695
4356,Valeria,Guzman,Ramos,UAEM,E,Mexicana,Dir 999
4357,Rafael,Campos,Delgado,UAEM,E,Mexicana,Dir 19
4358,Martha,Garcia,Flores,ITZ,E,Mexicana,Dir 878
4359,Daniela,Garcia,Sanchez,IPN,E,Mexicana,Dir 521
4360,Ruben,Mejia,Valencia,UTEZ,E,Mexicana,Dir 840
4361,Veronica,Cruz,Medina,UAEM,P,Mexicana,Dir 802
4362,Rafael,Castro,Paredes,UNAM,P,Mexicana,Dir 909
4363,Claudia,Munoz,Sosa,UNAM,E,Mexicana,Dir 230
4364,Lucia,Diaz,Rojas,UAEM,P,Mexicana,Dir 644
4365,Beatriz,Mendez,Castillo,IPN,P,Mexicana,Dir 586
4366,Maria,Garcia,Rojas,IPN,P,Mexicana,Dir 487
4367,Adriana,Romero,Mejia,ITZ,E,Mexicana,Dir 67
4368,Carolina,Ortiz,Ramirez,IPN,E,Mexicana,Dir 517
4369,Roberto,Morales,Cruz,IPN,P,Mexicana,Dir 225
4370,Andrea,Gutierrez,Gomez,UPMOR,P,Mexicana,Dir 868
4371,Daniela,Flores,Guzman,ITZ,P,Mexicana,Dir 243
4372,Teresa,Mejia,Castillo,UPMOR,E,Mexicana,Dir 172
4373,Daniela,Garcia,Escobar,UAEM,P,Mexicana,Dir 452
4374,Gerardo,Maldonado,Medina,UNAM,P,Mexicana,Dir 657
4375,Manuel,Ramirez,Rojas,IPN,E,Mexicana,Dir 847
4376,Ruben,Soto,Ramirez,IPN,E,Mexicana,Dir 294
4377,Ruben,Ruiz,Vargas,IPN,E,Mexicana,Dir 959
4378,Jorge,Lopez,Lopez,ITZ,P,Mexicana,Dir 980
4379,Sofia,Rios,Cordova,UAEM,E,Mexicana,Dir 143
4380,Natalia,Rios,Silva,UTEZ,P,Mexicana,Dir 686
4381,Luis,Gonzalez,Rios,UPMOR,P,Mexicana,Dir 827
4382,Gael,Vega,Cruz,ITZ,E,Mexicana,Dir 350
4383,Patricia,Sosa,Salazar,ITZ,E,Mexicana,Dir 464
4384,Susana,Sanchez,Cortes,IPN,E,Mexicana,Dir 850
4385,Diego,Martinez,Maldonado,ITZ,E,Mexicana,Dir 725
4386,Fernando,Lopez,Escobar,UTEZ,P,Mexicana,Dir 660
4387,Carlos,Dominguez,Cruz,UAEM,E,Mexicana,Dir 940
4388,Manuel,Espinoza,Cruz,UNAM,E,Mexicana,Dir 771
4389,Margarita,Hernandez,Paredes,UTEZ,E,Mexicana,Dir 640
4390,Jesus,Castro,Garcia,IPN,E,Mexicana,Dir 134
4391,Andrea,Bautista,Gomez,UNAM,P,Mexicana,Dir 714
4392,Teresa,Martinez,Reyes,ITZ,P,Mexicana,Dir 51
4393,Rafael,Dominguez,Velazquez,UAEM,P,Mexicana,Dir 378
4394,Esteban,Paredes,Sanchez,ITZ,P,Mexicana,Dir 461
4395,Silvia,Diaz,Medina,UNAM,P,Mexicana,Dir 334
4396,Julio,Sanchez,Soto,UAEM,E,Mexicana,Dir 81
4397,Esteban,Castro,Cortes,UTEZ,E,Mexicana,Dir 238
4398,Rafael,Munoz,Munoz,ITZ,E,Mexicana,Dir 766
4399,Andrea,Mejia,Chavez,ITZ,P,Mexicana,Dir 696
4400,Gerardo,Espinoza,Castillo,ITZ,E,Mexicana,Dir 12
4401,Teresa,Soto,Romero,UPMOR,P,Mexicana,Dir 609
4402,Ricardo,Campos,Cruz,ITZ,P,Mexicana,Dir 63
4403,Jose,Perez,Bautista,IPN,P,Mexicana,Dir 231
4404,Victor,Dominguez,Herrera,UNAM,P,Mexicana,Dir 462
4405,Valeria,Chavez,Guzman,ITZ,P,Mexicana,Dir 393
4406,Fernando,Castillo,Ruiz,UPMOR,P,Mexicana,Dir 592
4407,Monica,Lopez,Molina,ITZ,E,Mexicana,Dir 202
4408,Daniela,Hernandez,Cordova,ITZ,E,Mexicana,Dir 707
4409,Lucia,Munoz,Cervantes,UNAM,E,Mexicana,Dir 441
4410,Victor,Gomez,Hernandez,UAEM,E,Mexicana,Dir 145
4411,Diego,Gutierrez,Soto,UAEM,P,Mexicana,Dir 90
4412,Gael,Molina,Hernandez,UTEZ,P,Mexicana,Dir 1000
4413,Martha,Cortes,Cruz,UAEM,P,Mexicana,Dir 702
4414,Lucia,Castillo,Bautista,UNAM,E,Mexicana,Dir 935
4415,Hugo,Sosa,Paredes,UPMOR,E,Mexicana,Dir 596
4416,Susana,Paredes,Martinez,UAEM,E,Mexicana,Dir 950
4417,Beatriz,Ruiz,Aguilar,UNAM,P,Mexicana,Dir 350
4418,Sofia,Guzman,Munoz,UPMOR,E,Mexicana,Dir 38
4419,Jesus,Lopez,Diaz,UAEM,P,Mexicana,Dir 285
4420,Veronica,Munoz,Gomez,ITZ,E,Mexicana,Dir 435
4421,Francisco,Medina,Cervantes,IPN,P,Mexicana,Dir 44
4422,Arturo,Silva,Escobar,UPMOR,E,Mexicana,Dir 748
4423,Jorge,Gonzalez,Mendoza,UPMOR,E,Mexicana,Dir 286
4424,Pedro,Lopez,Munoz,UTEZ,E,Mexicana,Dir 355
4425,Valeria,Castillo,Lopez,UNAM,P,Mexicana,Dir 391
4426,Veronica,Hernandez,Mendoza,UNAM,E,Mexicana,Dir 741
4427,Victor,Mejia,Bautista,IPN,P,Mexicana,Dir 478
4428,Ricardo,Vega,Escobar,IPN,E,Mexicana,Dir 257
4429,Gabriela,Chavez,Diaz,ITZ,P,Mexicana,Dir 254
4430,Laura,Mendoza,Salazar,ITZ,P,Mexicana,Dir 544
4431,Martha,Ramirez,Perez,UPMOR,P,Mexicana,Dir 211
4432,Patricia,Ramos,Herrera,UPMOR,P,Mexicana,Dir 934
4433,Elena,Escobar,Herrera,ITZ,E,Mexicana,Dir 59
4434,Ricardo,Molina,Hernandez,UNAM,P,Mexicana,Dir 690
4435,Veronica,Ruiz,Guzman,ITZ,P,Mexicana,Dir 131
4436,Arturo,Dominguez,Mendoza,UPMOR,E,Mexicana,Dir 467
4437,Gabriela,Rodriguez,Cervantes,UPMOR,E,Mexicana,Dir 353
4438,Antonio,Perez,Rios,UTEZ,P,Mexicana,Dir 938
4439,Diego,Campos,Molina,UTEZ,P,Mexicana,Dir 508
4440,Pedro,Chavez,Munoz,IPN,E,Mexicana,Dir 801
4441,Natalia,Perez,Paredes,UAEM,E,Mexicana,Dir 32
4442,Rafael,Mendez,Ramirez,UTEZ,E,Mexicana,Dir 272
4443,Gerardo,Hernandez,Gonzalez,UPMOR,E,Mexicana,Dir 430
4444,Javier,Ortiz,Garcia,ITZ,E,Mexicana,Dir 950
4445,Silvia,Mendoza,Cortes,UAEM,E,Mexicana,Dir 793
4446,Gael,Rodriguez,Ortiz,UTEZ,P,Mexicana,Dir 49
4447,Diana,Rodriguez,Espinoza,UPMOR,P,Mexicana,Dir 793
4448,Diana,Soto,Cervantes,IPN,P,Mexicana,Dir 252
4449,Roberto,Bautista,Cabrera,UNAM,P,Mexicana,Dir 91
4450,Julio,Cervantes,Bautista,ITZ,P,Mexicana,Dir 710
4451,Julio,Ortiz,Mendez,UPMOR,P,Mexicana,Dir 728
4452,Teresa,Cabrera,Rios,UPMOR,P,Mexicana,Dir 545
4453,Esteban,Romero,Morales,ITZ,E,Mexicana,Dir 304
4454,Valeria,Molina,Silva,UNAM,E,Mexicana,Dir 816
4455,Javier,Garza,Avila,UPMOR,E,Mexicana,Dir 34
4456,Miguel,Lopez,Escobar,UPMOR,E,Mexicana,Dir 526
4457,Beatriz,Ortiz,Gomez,ITZ,E,Mexicana,Dir 583
4458,Jose,Sanchez,Martinez,UPMOR,P,Mexicana,Dir 296
4459,Arturo,Mejia,Ramos,UAEM,E,Mexicana,Dir 35
4460,Jesus,Cabrera,Espinoza,UPMOR,E,Mexicana,Dir 520
4461,Daniela,Castillo,Mejia,UAEM,P,Mexicana,Dir 531
4462,Ruben,Morales,Mejia,UPMOR,P,Mexicana,Dir 972
4463,Sofia,Diaz,Flores,UNAM,P,Mexicana,Dir 985
4464,Leticia,Escobar,Lara,UPMOR,E,Mexicana,Dir 341
4465,Monica,Hernandez,Paredes,UNAM,E,Mexicana,Dir 388
4466,Sofia,Gomez,Vega,IPN,E,Mexicana,Dir 22
4467,Francisco,Cabrera,Escobar,ITZ,E,Mexicana,Dir 632
4468,Roberto,Salazar,Cordova,UTEZ,E,Mexicana,Dir 945
4469,Gabriela,Delgado,Maldonado,ITZ,E,Mexicana,Dir 885
4470,Antonio,Chavez,Castillo,UPMOR,E,Mexicana,Dir 817
4471,Ricardo,Martinez,Castillo,UAEM,E,Mexicana,Dir 79
4472,Gerardo,Bautista,Cruz,UNAM,P,Mexicana,Dir 609
4473,Monica,Medina,Paredes,UNAM,P,Mexicana,Dir 858
4474,Oscar,Morales,Ortiz,ITZ,E,Mexicana,Dir 301
4475,Carlos,Martinez,Espinoza,UNAM,E,Mexicana,Dir 729
4476,Gerardo,Lara,Vargas,UPMOR,P,Mexicana,Dir 192
4477,Jesus,Mejia,Lara,IPN,E,Mexicana,Dir 288
4478,Ricardo,Morales,Garza,UNAM,E,Mexicana,Dir 903
4479,Carmen,Rodriguez,Cruz,IPN,P,Mexicana,Dir 392
4480,Fernando,Navarro,Vega,ITZ,P,Mexicana,Dir 249
4481,Ana,Cortes,Rios,UPMOR,P,Mexicana,Dir 693
4482,Lucia,Escobar,Perez,UPMOR,E,Mexicana,Dir 116
4483,Laura,Rojas,Ramos,UTEZ,E,Mexicana,Dir 443
4484,Gerardo,Lopez,Mejia,UTEZ,E,Mexicana,Dir 932
4485,Martin,Velazquez,Castro,UPMOR,E,Mexicana,Dir 200
4486,Adriana,Maldonado,Rios,ITZ,P,Mexicana,Dir 447
4487,Alejandro,Vargas,Cervantes,IPN,P,Mexicana,Dir 130
4488,Diana,Medina,Ortiz,UNAM,P,Mexicana,Dir 91
4489,Luis,Garcia,Medina,UNAM,E,Mexicana,Dir 683
4490,Hugo,Molina,Maldonado,UTEZ,E,Mexicana,Dir 545
4491,Ana,Espinoza,Ramirez,IPN,E,Mexicana,Dir 337
4492,Manuel,Paredes,Garza,UPMOR,E,Mexicana,Dir 245
4493,Rumualdo,Vargas,Paredes,UNAM,E,Mexicana,Dir 577
4494,Pedro,Mejia,Mendez,IPN,E,Mexicana,Dir 530
4495,Victor,Cruz,Delgado,UNAM,E,Mexicana,Dir 820
4496,Natalia,Valencia,Delgado,IPN,E,Mexicana,Dir 703
4497,Miguel,Delgado,Cortes,ITZ,E,Mexicana,Dir 173
4498,Susana,Rios,Guzman,UTEZ,E,Mexicana,Dir 743
4499,Andrea,Silva,Ramos,ITZ,E,Mexicana,Dir 274
4500,Manuel,Delgado,Castro,UNAM,E,Mexicana,Dir 645
4501,Rumualdo,Dominguez,Ramirez,UTEZ,E,Mexicana,Dir 604
4502,Luis,Vargas,Cortes,IPN,E,Mexicana,Dir 218
4503,Paola,Cervantes,Dominguez,ITZ,P,Mexicana,Dir 799
4504,Valeria,Espinoza,Escobar,UTEZ,P,Mexicana,Dir 194
4505,Esteban,Valencia,Rojas,UPMOR,P,Mexicana,Dir 674
4506,Patricia,Molina,Morales,IPN,P,Mexicana,Dir 105
4507,Lorena,Maldonado,Hernandez,UPMOR,P,Mexicana,Dir 551
4508,Laura,Castillo,Mendez,UNAM,P,Mexicana,Dir 862
4509,Martha,Martinez,Rios,UPMOR,P,Mexicana,Dir 89
4510,Rosa,Ramirez,Chavez,IPN,P,Mexicana,Dir 189
4511,Luis,Silva,Sanchez,UNAM,E,Mexicana,Dir 692
4512,Manuel,Gomez,Rodriguez,UPMOR,E,Mexicana,Dir 42
4513,Alejandro,Perez,Cabrera,UAEM,P,Mexicana,Dir 452
4514,Javier,Maldonado,Cordova,ITZ,E,Mexicana,Dir 302
4515,Antonio,Bautista,Hernandez,UNAM,P,Mexicana,Dir 559
4516,Julio,Castro,Gomez,UPMOR,P,Mexicana,Dir 110
4517,Martin,Aguilar,Cabrera,UNAM,P,Mexicana,Dir 387
4518,Andrea,Escobar,Salazar,UNAM,P,Mexicana,Dir 383
4519,Victor,Cabrera,Cruz,ITZ,P,Mexicana,Dir 630
4520,Javier,Mejia,Dominguez,ITZ,E,Mexicana,Dir 433
4521,Luis,Castro,Morales,UNAM,P,Mexicana,Dir 344
4522,Laura,Herrera,Castro,UPMOR,E,Mexicana,Dir 651
4523,Jose,Rojas,Reyes,UNAM,P,Mexicana,Dir 691
4524,Oscar,Vargas,Hernandez,IPN,E,Mexicana,Dir 112
4525,Gabriela,Gonzalez,Soto,UAEM,E,Mexicana,Dir 831
4526,Martin,Ramos,Perez,UPMOR,P,Mexicana,Dir 926
4527,Hector,Vega,Cervantes,UNAM,P,Mexicana,Dir 426
4528,Susana,Ruiz,Paredes,UTEZ,E,Mexicana,Dir 470
4529,Carolina,Rojas,Campos,UTEZ,P,Mexicana,Dir 655
4530,Jesus,Hernandez,Salazar,UNAM,E,Mexicana,Dir 459
4531,Daniela,Lara,Espinoza,UTEZ,P,Mexicana,Dir 64
4532,Martha,Rios,Avila,IPN,E,Mexicana,Dir 871
4533,Jesus,Sanchez,Perez,IPN,P,Mexicana,Dir 792
4534,Rosa,Avila,Garcia,UAEM,E,Mexicana,Dir 806
4535,Teresa,Gomez,Maldonado,UTEZ,E,Mexicana,Dir 2
4536,Antonio,Rodriguez,Gomez,ITZ,P,Mexicana,Dir 123
4537,Jorge,Perez,Delgado,UPMOR,P,Mexicana,Dir 622
4538,Carmen,Cortes,Sanchez,UTEZ,E,Mexicana,Dir 155
4539,Gerardo,Hernandez,Ortiz,UTEZ,E,Mexicana,Dir 893
4540,Carlos,Escobar,Cabrera,IPN,P,Mexicana,Dir 762
4541,Gael,Cervantes,Aguilar,UTEZ,E,Mexicana,Dir 729
4542,Martin,Mendez,Gomez,IPN,E,Mexicana,Dir 581
4543,Francisco,Flores,Gutierrez,UPMOR,P,Mexicana,Dir 238
4544,Francisco,Gomez,Navarro,IPN,E,Mexicana,Dir 254
4545,Natalia,Gutierrez,Maldonado,UAEM,P,Mexicana,Dir 116
4546,Arturo,Garcia,Rojas,UNAM,P,Mexicana,Dir 694
4547,Julio,Valencia,Soto,UAEM,E,Mexicana,Dir 657
4548,Gerardo,Hernandez,Maldonado,UTEZ,E,Mexicana,Dir 134
4549,Pedro,Campos,Romero,ITZ,P,Mexicana,Dir 201
4550,Esteban,Campos,Avila,UPMOR,P,Mexicana,Dir 173
4551,Luis,Delgado,Diaz,UTEZ,P,Mexicana,Dir 233
4552,Antonio,Vega,Mendoza,ITZ,E,Mexicana,Dir 915
4553,Julio,Cabrera,Sosa,UNAM,E,Mexicana,Dir 919
4554,Veronica,Chavez,Silva,UNAM,E,Mexicana,Dir 173
4555,Andrea,Escobar,Cervantes,IPN,E,Mexicana,Dir 928
4556,Arturo,Ruiz,Espinoza,UPMOR,P,Mexicana,Dir 852
4557,Jose,Gutierrez,Rodriguez,UPMOR,P,Mexicana,Dir 982
4558,Carolina,Chavez,Salazar,UTEZ,P,Mexicana,Dir 144
4559,Rosa,Gonzalez,Bautista,UNAM,E,Mexicana,Dir 260
4560,Ricardo,Chavez,Ramirez,UTEZ,E,Mexicana,Dir 945
4561,Elena,Salazar,Maldonado,ITZ,E,Mexicana,Dir 173
4562,Ruben,Cordova,Silva,IPN,E,Mexicana,Dir 579
4563,Manuel,Ramirez,Silva,UAEM,E,Mexicana,Dir 976
4564,Martin,Ramirez,Dominguez,UPMOR,P,Mexicana,Dir 821
4565,Luis,Sanchez,Sosa,UPMOR,P,Mexicana,Dir 213
4566,Victor,Perez,Medina,ITZ,P,Mexicana,Dir 453
4567,Victor,Molina,Mendez,ITZ,E,Mexicana,Dir 613
4568,Maria,Munoz,Gomez,UNAM,P,Mexicana,Dir 286
4569,Sofia,Munoz,Mendoza,UAEM,E,Mexicana,Dir 514
4570,Margarita,Mejia,Cervantes,UPMOR,E,Mexicana,Dir 407
4571,Patricia,Rojas,Cruz,ITZ,E,Mexicana,Dir 956
4572,Elena,Salazar,Morales,UNAM,E,Mexicana,Dir 844
4573,Carlos,Reyes,Cabrera,UPMOR,E,Mexicana,Dir 847
4574,Jose,Gutierrez,Cabrera,UTEZ,E,Mexicana,Dir 145
4575,Diego,Lara,Lopez,UAEM,P,Mexicana,Dir 565
4576,Paola,Paredes,Martinez,ITZ,P,Mexicana,Dir 784
4577,Ana,Diaz,Dominguez,UAEM,P,Mexicana,Dir 412
4578,Jesus,Silva,Soto,UPMOR,E,Mexicana,Dir 150
4579,Arturo,Castro,Castro,UNAM,E,Mexicana,Dir 423
4580,Beatriz,Gutierrez,Castillo,UPMOR,E,Mexicana,Dir 310
4581,Alejandro,Martinez,Gomez,UNAM,P,Mexicana,Dir 750
4582,Monica,Silva,Sanchez,UTEZ,P,Mexicana,Dir 314
4583,Paola,Lara,Mejia,IPN,P,Mexicana,Dir 423
4584,Rumualdo,Diaz,Espinoza,IPN,P,Mexicana,Dir 834
4585,Oscar,Herrera,Espinoza,IPN,P,Mexicana,Dir 914
4586,Miguel,Maldonado,Espinoza,ITZ,E,Mexicana,Dir 884
4587,Ricardo,Avila,Garza,ITZ,P,Mexicana,Dir 89
4588,Patricia,Espinoza,Rojas,UTEZ,P,Mexicana,Dir 730
4589,Gerardo,Avila,Ruiz,IPN,P,Mexicana,Dir 766
4590,Oscar,Navarro,Herrera,UNAM,P,Mexicana,Dir 988
4591,Laura,Sanchez,Ortiz,UPMOR,P,Mexicana,Dir 273
4592,Daniela,Mejia,Ramirez,IPN,E,Mexicana,Dir 155
4593,Francisco,Sanchez,Rodriguez,UPMOR,E,Mexicana,Dir 713
4594,Ana,Cervantes,Rojas,UNAM,E,Mexicana,Dir 173
4595,Eduardo,Mejia,Gonzalez,ITZ,E,Mexicana,Dir 597
4596,Elena,Vargas,Martinez,IPN,P,Mexicana,Dir 624
4597,Esteban,Escobar,Paredes,UTEZ,E,Mexicana,Dir 861
4598,Jose,Chavez,Bautista,IPN,P,Mexicana,Dir 185
4599,Susana,Ramos,Dominguez,UPMOR,P,Mexicana,Dir 683
4600,Alejandro,Aguilar,Martinez,IPN,E,Mexicana,Dir 33
4601,Miguel,Cervantes,Guzman,UPMOR,P,Mexicana,Dir 273
4602,Lucia,Velazquez,Maldonado,IPN,P,Mexicana,Dir 736
4603,Ricardo,Ramos,Vargas,ITZ,P,Mexicana,Dir 834
4604,Andrea,Escobar,Herrera,ITZ,E,Mexicana,Dir 121
4605,Gabriela,Herrera,Avila,ITZ,E,Mexicana,Dir 409
4606,Laura,Paredes,Mendez,UAEM,P,Mexicana,Dir 6
4607,Carlos,Vega,Cruz,UPMOR,E,Mexicana,Dir 354
4608,Francisco,Castro,Garza,UAEM,P,Mexicana,Dir 510
4609,Andrea,Bautista,Escobar,UAEM,E,Mexicana,Dir 889
4610,Rosa,Delgado,Campos,UTEZ,P,Mexicana,Dir 353
4611,Luis,Paredes,Maldonado,ITZ,P,Mexicana,Dir 956
4612,Martin,Cordova,Lopez,UAEM,E,Mexicana,Dir 847
4613,Eduardo,Cruz,Salazar,UTEZ,P,Mexicana,Dir 452
4614,Gabriela,Cordova,Reyes,UPMOR,P,Mexicana,Dir 410
4615,Lucia,Cervantes,Guzman,UAEM,E,Mexicana,Dir 32
4616,Diana,Cervantes,Rojas,IPN,E,Mexicana,Dir 772
4617,Valeria,Ramirez,Munoz,IPN,E,Mexicana,Dir 872
4618,Diana,Cabrera,Velazquez,UPMOR,P,Mexicana,Dir 564
4619,Eduardo,Lara,Dominguez,UPMOR,E,Mexicana,Dir 23
4620,Antonio,Castillo,Chavez,IPN,E,Mexicana,Dir 185
4621,Gael,Morales,Avila,UPMOR,P,Mexicana,Dir 853
4622,Fernando,Gomez,Campos,UTEZ,P,Mexicana,Dir 910
4623,Arturo,Gonzalez,Romero,ITZ,E,Mexicana,Dir 511
4624,Julio,Rios,Flores,UNAM,E,Mexicana,Dir 68
4625,Lorena,Maldonado,Molina,ITZ,P,Mexicana,Dir 620
4626,Jorge,Mendez,Bautista,UAEM,E,Mexicana,Dir 99
4627,Ana,Vega,Maldonado,UPMOR,P,Mexicana,Dir 643
4628,Margarita,Valencia,Paredes,UPMOR,P,Mexicana,Dir 377
4629,Valeria,Sosa,Flores,ITZ,P,Mexicana,Dir 226
4630,Roberto,Silva,Morales,UTEZ,P,Mexicana,Dir 290
4631,Hector,Chavez,Rios,IPN,P,Mexicana,Dir 901
4632,Diego,Espinoza,Valencia,IPN,E,Mexicana,Dir 626
4633,Beatriz,Rodriguez,Velazquez,UPMOR,E,Mexicana,Dir 760
4634,Esteban,Garcia,Silva,IPN,E,Mexicana,Dir 420
4635,Antonio,Escobar,Campos,UAEM,E,Mexicana,Dir 336
4636,Francisco,Rodriguez,Cordova,UTEZ,P,Mexicana,Dir 55
4637,Victor,Morales,Soto,IPN,P,Mexicana,Dir 717
4638,Claudia,Escobar,Velazquez,UPMOR,P,Mexicana,Dir 195
4639,Valeria,Rios,Mendez,IPN,E,Mexicana,Dir 119
4640,Sofia,Flores,Rojas,UTEZ,P,Mexicana,Dir 592
4641,Roberto,Medina,Medina,UAEM,P,Mexicana,Dir 88
4642,Eduardo,Mendoza,Castro,IPN,E,Mexicana,Dir 606
4643,Beatriz,Vega,Flores,UPMOR,P,Mexicana,Dir 276
4644,Natalia,Rodriguez,Cruz,UAEM,E,Mexicana,Dir 155
4645,Luis,Bautista,Salazar,UTEZ,E,Mexicana,Dir 831
4646,Elena,Garcia,Sosa,UPMOR,E,Mexicana,Dir 121
4647,Diana,Mendez,Garcia,UAEM,E,Mexicana,Dir 652
4648,Manuel,Cordova,Maldonado,UPMOR,P,Mexicana,Dir 58
4649,Diego,Herrera,Flores,UTEZ,E,Mexicana,Dir 171
4650,Sofia,Aguilar,Ramirez,IPN,E,Mexicana,Dir 715
4651,Carlos,Bautista,Herrera,UPMOR,P,Mexicana,Dir 149
4652,Martha,Mendez,Gonzalez,UTEZ,E,Mexicana,Dir 665
4653,Carlos,Hernandez,Salazar,UNAM,E,Mexicana,Dir 300
4654,Rosa,Perez,Valencia,ITZ,P,Mexicana,Dir 536
4655,Oscar,Gonzalez,Molina,UPMOR,E,Mexicana,Dir 298
4656,Luis,Cabrera,Diaz,ITZ,P,Mexicana,Dir 745
4657,Daniela,Cortes,Lopez,ITZ,P,Mexicana,Dir 605
4658,Adriana,Castillo,Gonzalez,UTEZ,P,Mexicana,Dir 430
4659,Daniela,Valencia,Campos,UNAM,E,Mexicana,Dir 691
4660,Gael,Cabrera,Gomez,UPMOR,P,Mexicana,Dir 709
4661,Patricia,Delgado,Paredes,UAEM,P,Mexicana,Dir 74
4662,Oscar,Reyes,Cortes,UNAM,E,Mexicana,Dir 608
4663,Manuel,Salazar,Garza,UPMOR,E,Mexicana,Dir 104
4664,Monica,Lara,Gonzalez,ITZ,P,Mexicana,Dir 447
4665,Lucia,Campos,Bautista,UAEM,E,Mexicana,Dir 145
4666,Fernando,Reyes,Rodriguez,UTEZ,P,Mexicana,Dir 290
4667,Victor,Rojas,Ramirez,UPMOR,E,Mexicana,Dir 932
4668,Susana,Molina,Cruz,UPMOR,E,Mexicana,Dir 666
4669,Rosa,Lopez,Cabrera,UPMOR,P,Mexicana,Dir 62
4670,Adriana,Escobar,Bautista,UPMOR,P,Mexicana,Dir 145
4671,Adriana,Mendez,Vega,IPN,E,Mexicana,Dir 251
4672,Ruben,Cervantes,Herrera,UTEZ,P,Mexicana,Dir 886
4673,Arturo,Garcia,Avila,IPN,E,Mexicana,Dir 501
4674,Rafael,Sosa,Sanchez,UNAM,P,Mexicana,Dir 617
4675,Eduardo,Chavez,Cruz,UTEZ,E,Mexicana,Dir 351
4676,Elena,Velazquez,Lopez,UTEZ,P,Mexicana,Dir 276
4677,Rosa,Ortiz,Gutierrez,UTEZ,P,Mexicana,Dir 600
4678,Adriana,Valencia,Sanchez,UAEM,P,Mexicana,Dir 301
4679,Jesus,Flores,Vega,UAEM,E,Mexicana,Dir 817
4680,Eduardo,Mendoza,Martinez,UTEZ,P,Mexicana,Dir 245
4681,Martin,Gonzalez,Velazquez,IPN,P,Mexicana,Dir 444
4682,Jesus,Lopez,Campos,IPN,E,Mexicana,Dir 303
4683,Francisco,Ramirez,Espinoza,UNAM,P,Mexicana,Dir 301
4684,Alejandro,Garcia,Cortes,IPN,P,Mexicana,Dir 917
4685,Natalia,Cervantes,Cortes,UPMOR,E,Mexicana,Dir 303
4686,Claudia,Rojas,Escobar,UAEM,E,Mexicana,Dir 987
4687,Javier,Sosa,Avila,UAEM,P,Mexicana,Dir 201
4688,Margarita,Navarro,Castillo,UNAM,P,Mexicana,Dir 795
4689,Natalia,Ramos,Garcia,UNAM,P,Mexicana,Dir 989
4690,Rafael,Maldonado,Campos,UTEZ,P,Mexicana,Dir 230
4691,Silvia,Medina,Delgado,ITZ,P,Mexicana,Dir 41
4692,Victor,Hernandez,Vega,UAEM,E,Mexicana,Dir 204
4693,Andrea,Sosa,Bautista,UTEZ,E,Mexicana,Dir 513
4694,Miguel,Cruz,Chavez,UPMOR,P,Mexicana,Dir 974
4695,Esteban,Mendoza,Flores,IPN,P,Mexicana,Dir 225
4696,Diana,Vargas,Rios,UPMOR,E,Mexicana,Dir 343
4697,Gerardo,Bautista,Perez,UPMOR,E,Mexicana,Dir 269
4698,Manuel,Gonzalez,Morales,UTEZ,E,Mexicana,Dir 597
4699,Elena,Mejia,Valencia,UTEZ,E,Mexicana,Dir 307
4700,Diana,Romero,Morales,UNAM,E,Mexicana,Dir 299
4701,Gerardo,Ruiz,Gonzalez,UPMOR,E,Mexicana,Dir 51
4702,Carmen,Garza,Chavez,IPN,P,Mexicana,Dir 895
4703,Roberto,Paredes,Cruz,ITZ,P,Mexicana,Dir 312
4704,Rafael,Rojas,Navarro,UNAM,E,Mexicana,Dir 557
4705,Laura,Medina,Perez,UNAM,P,Mexicana,Dir 823
4706,Paola,Lara,Navarro,UAEM,P,Mexicana,Dir 589
4707,Eduardo,Mendoza,Gomez,UPMOR,P,Mexicana,Dir 355
4708,Javier,Hernandez,Bautista,IPN,E,Mexicana,Dir 902
4709,Oscar,Ruiz,Sanchez,UAEM,P,Mexicana,Dir 870
4710,Rafael,Cervantes,Mendez,IPN,E,Mexicana,Dir 22
4711,Diego,Valencia,Vargas,IPN,P,Mexicana,Dir 658
4712,Valeria,Ramirez,Maldonado,IPN,E,Mexicana,Dir 768
4713,Luis,Sanchez,Rodriguez,IPN,E,Mexicana,Dir 559
4714,Claudia,Soto,Cruz,IPN,E,Mexicana,Dir 813
4715,Arturo,Castillo,Ramirez,UPMOR,P,Mexicana,Dir 56
4716,Jorge,Sanchez,Gonzalez,UNAM,P,Mexicana,Dir 912
4717,Hugo,Ramirez,Garcia,ITZ,E,Mexicana,Dir 425
4718,Carmen,Sosa,Herrera,UAEM,E,Mexicana,Dir 371
4719,Lorena,Morales,Espinoza,UPMOR,E,Mexicana,Dir 425
4720,Javier,Sosa,Mendoza,UNAM,P,Mexicana,Dir 553
4721,Miguel,Ramirez,Garza,IPN,E,Mexicana,Dir 549
4722,Diana,Mendez,Martinez,UPMOR,P,Mexicana,Dir 499
4723,Ruben,Molina,Ramos,UAEM,E,Mexicana,Dir 388
4724,Lorena,Ruiz,Morales,IPN,E,Mexicana,Dir 299
4725,Gerardo,Mejia,Vargas,UTEZ,P,Mexicana,Dir 639
4726,Patricia,Cervantes,Medina,UPMOR,E,Mexicana,Dir 47
4727,Ruben,Diaz,Vega,IPN,E,Mexicana,Dir 345
4728,Lorena,Garcia,Velazquez,UNAM,E,Mexicana,Dir 528
4729,Jesus,Delgado,Cabrera,UAEM,P,Mexicana,Dir 289
4730,Paola,Diaz,Espinoza,UTEZ,P,Mexicana,Dir 601
4731,Francisco,Cordova,Garza,UTEZ,P,Mexicana,Dir 697
4732,Miguel,Mendoza,Aguilar,ITZ,P,Mexicana,Dir 936
4733,Diego,Ruiz,Ruiz,IPN,E,Mexicana,Dir 744
4734,Raul,Lara,Chavez,UTEZ,P,Mexicana,Dir 246
4735,Luis,Espinoza,Reyes,ITZ,E,Mexicana,Dir 556
4736,Diana,Gutierrez,Paredes,UPMOR,E,Mexicana,Dir 445
4737,Susana,Vargas,Mendez,UNAM,E,Mexicana,Dir 276
4738,Jesus,Soto,Avila,UAEM,P,Mexicana,Dir 308
4739,Jesus,Paredes,Navarro,ITZ,P,Mexicana,Dir 411
4740,Monica,Delgado,Castro,UTEZ,P,Mexicana,Dir 263
4741,Rosa,Romero,Guzman,UTEZ,E,Mexicana,Dir 863
4742,Jesus,Molina,Cruz,UNAM,P,Mexicana,Dir 177
4743,Daniela,Hernandez,Martinez,IPN,E,Mexicana,Dir 268
4744,Teresa,Reyes,Aguilar,IPN,P,Mexicana,Dir 697
4745,Rafael,Perez,Cruz,ITZ,E,Mexicana,Dir 456
4746,Adriana,Vega,Campos,UTEZ,P,Mexicana,Dir 133
4747,Ricardo,Garza,Guzman,UNAM,E,Mexicana,Dir 532
4748,Oscar,Gomez,Castillo,UAEM,P,Mexicana,Dir 105
4749,Francisco,Guzman,Valencia,UNAM,P,Mexicana,Dir 343
4750,Roberto,Romero,Paredes,ITZ,P,Mexicana,Dir 636
4751,Miguel,Guzman,Castro,UAEM,E,Mexicana,Dir 397
4752,Raul,Ramirez,Ramos,UNAM,P,Mexicana,Dir 109
4753,Leticia,Dominguez,Vargas,UNAM,P,Mexicana,Dir 617
4754,Lucia,Aguilar,Garcia,UPMOR,E,Mexicana,Dir 282
4755,Daniela,Velazquez,Gutierrez,UTEZ,P,Mexicana,Dir 14
4756,Sofia,Aguilar,Lara,UNAM,P,Mexicana,Dir 795
4757,Francisco,Maldonado,Morales,UPMOR,P,Mexicana,Dir 877
4758,Gabriela,Diaz,Vega,UTEZ,E,Mexicana,Dir 325
4759,Alejandro,Soto,Sanchez,UAEM,E,Mexicana,Dir 781
4760,Lucia,Cabrera,Espinoza,UTEZ,E,Mexicana,Dir 61
4761,Gerardo,Vega,Salazar,UTEZ,E,Mexicana,Dir 212
4762,Ana,Gomez,Garza,UNAM,E,Mexicana,Dir 42
4763,Paola,Paredes,Herrera,IPN,E,Mexicana,Dir 622
4764,Carmen,Paredes,Lopez,UAEM,P,Mexicana,Dir 612
4765,Gael,Hernandez,Salazar,ITZ,P,Mexicana,Dir 928
4766,Carolina,Lopez,Rodriguez,UNAM,P,Mexicana,Dir 893
4767,Martha,Cordova,Aguilar,UPMOR,P,Mexicana,Dir 232
4768,Daniela,Escobar,Medina,UTEZ,P,Mexicana,Dir 880
4769,Fernando,Delgado,Rios,IPN,E,Mexicana,Dir 393
4770,Carolina,Reyes,Sanchez,UTEZ,P,Mexicana,Dir 552
4771,Diego,Paredes,Molina,IPN,E,Mexicana,Dir 650
4772,Diego,Paredes,Ramirez,UTEZ,P,Mexicana,Dir 460
4773,Martin,Bautista,Garza,UAEM,P,Mexicana,Dir 461
4774,Gael,Castillo,Gutierrez,UTEZ,P,Mexicana,Dir 730
4775,Paola,Navarro,Mendoza,ITZ,P,Mexicana,Dir 409
4776,Patricia,Ortiz,Escobar,IPN,E,Mexicana,Dir 16
4777,Ruben,Campos,Ramos,UPMOR,P,Mexicana,Dir 463
4778,Susana,Mendoza,Castillo,UPMOR,E,Mexicana,Dir 300
4779,Miguel,Lopez,Vega,UPMOR,E,Mexicana,Dir 497
4780,Teresa,Mejia,Garcia,UPMOR,P,Mexicana,Dir 30
4781,Jorge,Valencia,Rios,ITZ,P,Mexicana,Dir 518
4782,Paola,Castillo,Molina,IPN,E,Mexicana,Dir 437
4783,Patricia,Flores,Aguilar,UPMOR,P,Mexicana,Dir 689
4784,Jorge,Romero,Romero,UNAM,E,Mexicana,Dir 316
4785,Manuel,Cruz,Campos,UNAM,E,Mexicana,Dir 902
4786,Lorena,Rojas,Campos,ITZ,E,Mexicana,Dir 697
4787,Diana,Maldonado,Rios,UNAM,E,Mexicana,Dir 225
4788,Jorge,Mendoza,Soto,UPMOR,P,Mexicana,Dir 660
4789,Carmen,Romero,Gonzalez,UPMOR,P,Mexicana,Dir 512
4790,Lorena,Soto,Avila,UTEZ,E,Mexicana,Dir 81
4791,Andrea,Soto,Avila,UTEZ,E,Mexicana,Dir 752
4792,Daniela,Bautista,Martinez,IPN,P,Mexicana,Dir 315
4793,Luis,Avila,Ramirez,UPMOR,E,Mexicana,Dir 1
4794,Ana,Avila,Ruiz,UAEM,P,Mexicana,Dir 191
4795,Carlos,Medina,Molina,UTEZ,P,Mexicana,Dir 861
4796,Silvia,Soto,Paredes,ITZ,E,Mexicana,Dir 176
4797,Jose,Bautista,Ramirez,IPN,P,Mexicana,Dir 896
4798,Francisco,Ramos,Valencia,ITZ,P,Mexicana,Dir 817
4799,Francisco,Hernandez,Rodriguez,UAEM,P,Mexicana,Dir 768
4800,Antonio,Navarro,Silva,UAEM,P,Mexicana,Dir 127
4801,Veronica,Espinoza,Lopez,UTEZ,P,Mexicana,Dir 111
4802,Diego,Morales,Flores,IPN,P,Mexicana,Dir 13
4803,Martha,Navarro,Sosa,UTEZ,P,Mexicana,Dir 583
4804,Margarita,Mendoza,Navarro,UAEM,P,Mexicana,Dir 406
4805,Esteban,Medina,Castro,UPMOR,E,Mexicana,Dir 312
4806,Veronica,Rojas,Paredes,UNAM,E,Mexicana,Dir 236
4807,Hector,Cordova,Velazquez,UNAM,E,Mexicana,Dir 35
4808,Martha,Cruz,Garcia,UPMOR,P,Mexicana,Dir 322
4809,Monica,Castillo,Perez,IPN,E,Mexicana,Dir 722
4810,Jose,Vargas,Gonzalez,UAEM,E,Mexicana,Dir 107
4811,Ana,Lopez,Avila,UTEZ,E,Mexicana,Dir 755
4812,Diego,Molina,Diaz,IPN,E,Mexicana,Dir 141
4813,Antonio,Guzman,Sosa,UAEM,E,Mexicana,Dir 25
4814,Rosa,Herrera,Herrera,UTEZ,P,Mexicana,Dir 949
4815,Adriana,Cortes,Dominguez,UPMOR,E,Mexicana,Dir 558
4816,Ana,Mendez,Romero,UTEZ,E,Mexicana,Dir 732
4817,Rafael,Molina,Castro,UNAM,E,Mexicana,Dir 610
4818,Elena,Reyes,Castillo,IPN,E,Mexicana,Dir 768
4819,Claudia,Gomez,Cordova,UPMOR,E,Mexicana,Dir 138
4820,Julio,Munoz,Mejia,ITZ,P,Mexicana,Dir 819
4821,Monica,Maldonado,Velazquez,ITZ,P,Mexicana,Dir 867
4822,Arturo,Cervantes,Velazquez,UNAM,E,Mexicana,Dir 77
4823,Susana,Silva,Mendoza,ITZ,E,Mexicana,Dir 390
4824,Francisco,Munoz,Garza,ITZ,E,Mexicana,Dir 290
4825,Gael,Rojas,Paredes,IPN,P,Mexicana,Dir 267
4826,Diana,Rojas,Sosa,UNAM,E,Mexicana,Dir 151
4827,Rafael,Cordova,Bautista,UAEM,E,Mexicana,Dir 723
4828,Julio,Cortes,Cordova,UTEZ,P,Mexicana,Dir 539
4829,Martha,Mendez,Mendoza,UTEZ,E,Mexicana,Dir 212
4830,Diana,Diaz,Gonzalez,UTEZ,P,Mexicana,Dir 280
4831,Laura,Herrera,Chavez,UNAM,P,Mexicana,Dir 469
4832,Teresa,Ortiz,Velazquez,UNAM,E,Mexicana,Dir 265
4833,Ricardo,Hernandez,Herrera,ITZ,E,Mexicana,Dir 920
4834,Martin,Flores,Silva,UTEZ,E,Mexicana,Dir 757
4835,Manuel,Navarro,Molina,UAEM,P,Mexicana,Dir 338
4836,Pedro,Castillo,Mendoza,ITZ,P,Mexicana,Dir 149
4837,Monica,Garza,Delgado,UNAM,E,Mexicana,Dir 453
4838,Patricia,Escobar,Perez,UPMOR,P,Mexicana,Dir 515
4839,Manuel,Campos,Rodriguez,UAEM,E,Mexicana,Dir 902
4840,Sofia,Martinez,Lara,UTEZ,E,Mexicana,Dir 58
4841,Alejandro,Chavez,Guzman,UNAM,P,Mexicana,Dir 397
4842,Julio,Romero,Velazquez,UAEM,E,Mexicana,Dir 977
4843,Jose,Ramos,Maldonado,ITZ,E,Mexicana,Dir 26
4844,Raul,Rojas,Rios,UPMOR,E,Mexicana,Dir 17
4845,Arturo,Cabrera,Vargas,IPN,P,Mexicana,Dir 208
4846,Elena,Guzman,Escobar,UPMOR,E,Mexicana,Dir 586
4847,Laura,Navarro,Munoz,UAEM,P,Mexicana,Dir 360
4848,Carmen,Gomez,Vega,UNAM,E,Mexicana,Dir 277
4849,Julio,Chavez,Vargas,UPMOR,P,Mexicana,Dir 904
4850,Patricia,Soto,Soto,ITZ,P,Mexicana,Dir 216
4851,Jose,Cabrera,Salazar,UTEZ,E,Mexicana,Dir 401
4852,Fernando,Garcia,Soto,UAEM,E,Mexicana,Dir 223
4853,Gerardo,Gomez,Hernandez,UNAM,P,Mexicana,Dir 421
4854,Victor,Vega,Cervantes,UPMOR,E,Mexicana,Dir 197
4855,Rosa,Ramos,Lara,UNAM,E,Mexicana,Dir 612
4856,Diana,Ortiz,Ramos,UAEM,P,Mexicana,Dir 555
4857,Natalia,Ruiz,Cordova,IPN,E,Mexicana,Dir 876
4858,Eduardo,Paredes,Cabrera,UTEZ,P,Mexicana,Dir 465
4859,Martin,Reyes,Cruz,IPN,P,Mexicana,Dir 416
4860,Martha,Lopez,Ortiz,UPMOR,P,Mexicana,Dir 359
4861,Carmen,Garza,Ortiz,UTEZ,E,Mexicana,Dir 247
4862,Natalia,Munoz,Morales,ITZ,P,Mexicana,Dir 349
4863,Daniela,Aguilar,Ruiz,IPN,E,Mexicana,Dir 424
4864,Ricardo,Herrera,Ruiz,UNAM,P,Mexicana,Dir 221
4865,Pedro,Molina,Ramirez,UTEZ,P,Mexicana,Dir 726
4866,Alejandro,Garza,Chavez,UNAM,E,Mexicana,Dir 284
4867,Carmen,Rodriguez,Mendoza,UNAM,E,Mexicana,Dir 666
4868,Gabriela,Castillo,Cervantes,ITZ,P,Mexicana,Dir 9
4869,Beatriz,Ramos,Rios,UTEZ,P,Mexicana,Dir 523
4870,Julio,Flores,Cervantes,UPMOR,E,Mexicana,Dir 574
4871,Diana,Ramirez,Sosa,UTEZ,E,Mexicana,Dir 367
4872,Adriana,Gutierrez,Dominguez,UPMOR,P,Mexicana,Dir 615
4873,Gael,Espinoza,Perez,UPMOR,E,Mexicana,Dir 279
4874,Diego,Lopez,Dominguez,UAEM,P,Mexicana,Dir 552
4875,Martha,Cabrera,Perez,UPMOR,E,Mexicana,Dir 507
4876,Carmen,Romero,Cabrera,UPMOR,P,Mexicana,Dir 195
4877,Fernando,Lopez,Valencia,UPMOR,E,Mexicana,Dir 198
4878,Ricardo,Dominguez,Velazquez,UPMOR,E,Mexicana,Dir 850
4879,Diego,Vargas,Cervantes,UAEM,P,Mexicana,Dir 919
4880,Jesus,Rios,Bautista,ITZ,P,Mexicana,Dir 386
4881,Manuel,Cabrera,Cervantes,ITZ,E,Mexicana,Dir 203
4882,Rafael,Velazquez,Guzman,UAEM,P,Mexicana,Dir 46
4883,Luis,Rios,Ramirez,UAEM,E,Mexicana,Dir 869
4884,Rumualdo,Mejia,Paredes,UPMOR,P,Mexicana,Dir 121
4885,Arturo,Escobar,Guzman,UTEZ,P,Mexicana,Dir 599
4886,Diego,Chavez,Mendez,IPN,E,Mexicana,Dir 262
4887,Carmen,Mendez,Sosa,UPMOR,E,Mexicana,Dir 139
4888,Carmen,Castro,Chavez,UAEM,E,Mexicana,Dir 364
4889,Victor,Cervantes,Herrera,UPMOR,P,Mexicana,Dir 981
4890,Fernando,Velazquez,Romero,UAEM,E,Mexicana,Dir 319
4891,Hugo,Herrera,Vargas,UAEM,E,Mexicana,Dir 849
4892,Gabriela,Campos,Mendez,UTEZ,E,Mexicana,Dir 415
4893,Claudia,Garza,Martinez,IPN,E,Mexicana,Dir 656
4894,Eduardo,Munoz,Gonzalez,UTEZ,P,Mexicana,Dir 186
4895,Monica,Silva,Aguilar,UPMOR,P,Mexicana,Dir 940
4896,Victor,Campos,Mendoza,UNAM,E,Mexicana,Dir 373
4897,Veronica,Rios,Garcia,ITZ,P,Mexicana,Dir 194
4898,Ricardo,Ruiz,Escobar,UPMOR,E,Mexicana,Dir 732
4899,Sofia,Munoz,Cordova,UTEZ,P,Mexicana,Dir 661
4900,Luis,Herrera,Perez,UAEM,E,Mexicana,Dir 238
4901,Alejandro,Silva,Romero,UTEZ,P,Mexicana,Dir 722
4902,Carlos,Paredes,Ramos,ITZ,P,Mexicana,Dir 815
4903,Carolina,Gomez,Salazar,UNAM,P,Mexicana,Dir 464
4904,Hugo,Molina,Munoz,UNAM,P,Mexicana,Dir 389
4905,Carolina,Salazar,Salazar,IPN,E,Mexicana,Dir 381
4906,Roberto,Delgado,Mendez,UNAM,P,Mexicana,Dir 654
4907,Jesus,Molina,Martinez,IPN,E,Mexicana,Dir 628
4908,Hugo,Herrera,Navarro,UAEM,P,Mexicana,Dir 824
4909,Silvia,Espinoza,Dominguez,UPMOR,E,Mexicana,Dir 70
4910,Sofia,Vargas,Garza,ITZ,P,Mexicana,Dir 858
4911,Paola,Vega,Morales,UAEM,E,Mexicana,Dir 981
4912,Manuel,Flores,Lopez,UTEZ,P,Mexicana,Dir 343
4913,Maria,Valencia,Vega,IPN,E,Mexicana,Dir 835
4914,Alejandro,Vega,Medina,UTEZ,P,Mexicana,Dir 639
4915,Ruben,Munoz,Gutierrez,UPMOR,E,Mexicana,Dir 563
4916,Victor,Cortes,Espinoza,UTEZ,P,Mexicana,Dir 809
4917,Paola,Espinoza,Maldonado,UPMOR,E,Mexicana,Dir 312
4918,Fernando,Castro,Flores,UTEZ,P,Mexicana,Dir 452
4919,Ruben,Munoz,Castillo,IPN,P,Mexicana,Dir 96
4920,Leticia,Rios,Cordova,UAEM,E,Mexicana,Dir 132
4921,Hector,Herrera,Lara,UNAM,P,Mexicana,Dir 876
4922,Hector,Diaz,Lara,IPN,P,Mexicana,Dir 222
4923,Antonio,Aguilar,Sanchez,UPMOR,P,Mexicana,Dir 731
4924,Rosa,Salazar,Ruiz,UNAM,P,Mexicana,Dir 483
4925,Adriana,Cortes,Delgado,UNAM,E,Mexicana,Dir 365
4926,Ricardo,Mendez,Garza,UTEZ,P,Mexicana,Dir 41
4927,Gael,Castillo,Campos,UAEM,P,Mexicana,Dir 405
4928,Oscar,Diaz,Sosa,ITZ,P,Mexicana,Dir 850
4929,Susana,Valencia,Lara,UNAM,E,Mexicana,Dir 791
4930,Paola,Silva,Valencia,IPN,P,Mexicana,Dir 365
4931,Hugo,Silva,Lopez,UNAM,E,Mexicana,Dir 203
4932,Hugo,Velazquez,Espinoza,UAEM,P,Mexicana,Dir 299
4933,Arturo,Lara,Salazar,UTEZ,P,Mexicana,Dir 489
4934,Oscar,Perez,Mendez,IPN,E,Mexicana,Dir 158
4935,Arturo,Garcia,Cabrera,UAEM,E,Mexicana,Dir 329
4936,Sofia,Rios,Gonzalez,UNAM,P,Mexicana,Dir 21
4937,Margarita,Mendez,Velazquez,UPMOR,E,Mexicana,Dir 646
4938,Fernando,Sanchez,Ortiz,UNAM,P,Mexicana,Dir 474
4939,Leticia,Cruz,Reyes,UPMOR,E,Mexicana,Dir 158
4940,Francisco,Mejia,Herrera,UNAM,P,Mexicana,Dir 286
4941,Jesus,Navarro,Aguilar,IPN,P,Mexicana,Dir 268
4942,Carmen,Ortiz,Navarro,UTEZ,E,Mexicana,Dir 241
4943,Beatriz,Espinoza,Dominguez,UNAM,P,Mexicana,Dir 753
4944,Susana,Vargas,Munoz,UTEZ,E,Mexicana,Dir 272
4945,Victor,Rios,Aguilar,UTEZ,E,Mexicana,Dir 976
4946,Eduardo,Hernandez,Cervantes,ITZ,P,Mexicana,Dir 374
4947,Raul,Lara,Garcia,IPN,P,Mexicana,Dir 294
4948,Ricardo,Avila,Castro,UPMOR,E,Mexicana,Dir 766
4949,Claudia,Valencia,Cervantes,UAEM,P,Mexicana,Dir 779
4950,Eduardo,Velazquez,Bautista,UTEZ,E,Mexicana,Dir 48
4951,Esteban,Gutierrez,Herrera,UNAM,E,Mexicana,Dir 36
4952,Oscar,Espinoza,Cabrera,IPN,P,Mexicana,Dir 50
4953,Daniela,Rios,Castro,ITZ,E,Mexicana,Dir 349
4954,Claudia,Castro,Munoz,ITZ,P,Mexicana,Dir 826
4955,Patricia,Campos,Romero,UPMOR,E,Mexicana,Dir 884
4956,Andrea,Medina,Gomez,UPMOR,P,Mexicana,Dir 374
4957,Beatriz,Mendez,Flores,UPMOR,P,Mexicana,Dir 126
4958,Elena,Medina,Navarro,UNAM,P,Mexicana,Dir 494
4959,Hector,Velazquez,Ramirez,UAEM,E,Mexicana,Dir 344
4960,Sofia,Gonzalez,Sosa,IPN,P,Mexicana,Dir 331
4961,Silvia,Lopez,Hernandez,IPN,E,Mexicana,Dir 403
4962,Gael,Medina,Rodriguez,UNAM,P,Mexicana,Dir 759
4963,Teresa,Perez,Ruiz,IPN,E,Mexicana,Dir 818
4964,Eduardo,Bautista,Campos,UPMOR,P,Mexicana,Dir 679
4965,Arturo,Morales,Ramirez,UTEZ,P,Mexicana,Dir 280
4966,Alejandro,Aguilar,Cervantes,UTEZ,P,Mexicana,Dir 48
4967,Gerardo,Cruz,Lara,UTEZ,E,Mexicana,Dir 946
4968,Francisco,Gonzalez,Campos,UTEZ,E,Mexicana,Dir 512
4969,Fernando,Rios,Munoz,UPMOR,E,Mexicana,Dir 578
4970,Gerardo,Escobar,Gutierrez,ITZ,E,Mexicana,Dir 110
4971,Maria,Garza,Flores,UAEM,E,Mexicana,Dir 727
4972,Natalia,Bautista,Cordova,UAEM,P,Mexicana,Dir 640
4973,Esteban,Gutierrez,Aguilar,ITZ,P,Mexicana,Dir 691
4974,Maria,Velazquez,Bautista,UPMOR,E,Mexicana,Dir 437
4975,Leticia,Lopez,Romero,UPMOR,P,Mexicana,Dir 174
4976,Oscar,Garcia,Mendez,UPMOR,P,Mexicana,Dir 729
4977,Hugo,Garza,Reyes,UNAM,P,Mexicana,Dir 351
4978,Gael,Navarro,Diaz,ITZ,P,Mexicana,Dir 940
4979,Margarita,Morales,Garcia,ITZ,P,Mexicana,Dir 20
4980,Adriana,Soto,Paredes,UNAM,E,Mexicana,Dir 961
4981,Patricia,Lopez,Castro,IPN,E,Mexicana,Dir 634
4982,Jorge,Ortiz,Delgado,UNAM,E,Mexicana,Dir 149
4983,Natalia,Garza,Munoz,UPMOR,E,Mexicana,Dir 985
4984,Veronica,Medina,Munoz,UAEM,E,Mexicana,Dir 315
4985,Carolina,Escobar,Cruz,UNAM,P,Mexicana,Dir 699
4986,Hector,Mejia,Garza,UNAM,E,Mexicana,Dir 889
4987,Manuel,Lara,Velazquez,IPN,P,Mexicana,Dir 974
4988,Manuel,Campos,Ruiz,UNAM,E,Mexicana,Dir 509
4989,Eduardo,Silva,Cruz,UAEM,E,Mexicana,Dir 689
4990,Javier,Cabrera,Ruiz,UNAM,P,Mexicana,Dir 282
4991,Manuel,Cordova,Cabrera,UTEZ,E,Mexicana,Dir 272
4992,Ruben,Diaz,Martinez,UNAM,P,Mexicana,Dir 25
4993,Javier,Lara,Bautista,ITZ,P,Mexicana,Dir 733
4994,Beatriz,Vargas,Delgado,ITZ,E,Mexicana,Dir 726
4995,Ruben,Morales,Salazar,ITZ,E,Mexicana,Dir 801
4996,Roberto,Chavez,Navarro,UPMOR,E,Mexicana,Dir 751
4997,Martha,Aguilar,Aguilar,UPMOR,P,Mexicana,Dir 272
4998,Ricardo,Ramos,Valencia,IPN,E,Mexicana,Dir 530
4999,Lorena,Gutierrez,Delgado,UPMOR,P,Mexicana,Dir 141
5000,Adriana,Martinez,Ramirez,UPMOR,P,Mexicana,Dir 284
5001,Hector,Rojas,Bautista,ITZ,E,Mexicana,Dir 101
5002,Lorena,Cabrera,Campos,UTEZ,P,Mexicana,Dir 824
5003,Claudia,Navarro,Silva,UNAM,E,Mexicana,Dir 933
5004,Oscar,Morales,Garcia,IPN,P,Mexicana,Dir 826
5005,Ricardo,Delgado,Perez,ITZ,P,Mexicana,Dir 850
5006,Leticia,Cortes,Ramos,IPN,E,Mexicana,Dir 542
5007,Beatriz,Sosa,Medina,UAEM,E,Mexicana,Dir 760
5008,Victor,Dominguez,Velazquez,UAEM,E,Mexicana,Dir 223
5009,Elena,Cortes,Gutierrez,UTEZ,E,Mexicana,Dir 290
5010,Ana,Aguilar,Salazar,ITZ,E,Mexicana,Dir 628
5011,Veronica,Morales,Navarro,UPMOR,E,Mexicana,Dir 354
5012,Daniela,Cervantes,Flores,ITZ,P,Mexicana,Dir 980
5013,Eduardo,Mejia,Vega,UPMOR,P,Mexicana,Dir 607
5014,Carlos,Cruz,Perez,IPN,P,Mexicana,Dir 152
5015,Oscar,Ruiz,Bautista,UPMOR,P,Mexicana,Dir 969
5016,Ruben,Velazquez,Mejia,UAEM,E,Mexicana,Dir 965
5017,Elena,Navarro,Mendoza,UAEM,E,Mexicana,Dir 336
5018,Rosa,Perez,Bautista,UAEM,E,Mexicana,Dir 719
5019,Andrea,Vargas,Delgado,UTEZ,P,Mexicana,Dir 230
5020,Pedro,Martinez,Sanchez,UNAM,P,Mexicana,Dir 795
5021,Jorge,Ortiz,Medina,UAEM,E,Mexicana,Dir 796
5022,Antonio,Medina,Paredes,UPMOR,E,Mexicana,Dir 890
5023,Esteban,Castillo,Espinoza,ITZ,P,Mexicana,Dir 177
5024,Elena,Ramirez,Delgado,ITZ,E,Mexicana,Dir 509
5025,Martin,Navarro,Garcia,UAEM,E,Mexicana,Dir 121
5026,Hector,Ruiz,Romero,IPN,E,Mexicana,Dir 949
5027,Gerardo,Lopez,Maldonado,UAEM,P,Mexicana,Dir 507
5028,Diego,Morales,Flores,UNAM,E,Mexicana,Dir 930
5029,Veronica,Avila,Garza,UNAM,E,Mexicana,Dir 932
5030,Hector,Avila,Medina,UAEM,E,Mexicana,Dir 161
5031,Laura,Mendez,Chavez,UNAM,P,Mexicana,Dir 171
5032,Ana,Gutierrez,Vargas,IPN,P,Mexicana,Dir 868
5033,Antonio,Bautista,Velazquez,UPMOR,E,Mexicana,Dir 183
5034,Arturo,Ruiz,Mejia,UPMOR,P,Mexicana,Dir 140
5035,Ana,Sosa,Mendez,ITZ,E,Mexicana,Dir 746
5036,Margarita,Hernandez,Garza,ITZ,E,Mexicana,Dir 201
5037,Raul,Bautista,Salazar,IPN,E,Mexicana,Dir 735
5038,Gabriela,Castillo,Rojas,ITZ,E,Mexicana,Dir 359
5039,Adriana,Valencia,Vargas,IPN,P,Mexicana,Dir 357
5040,Oscar,Munoz,Rojas,UTEZ,P,Mexicana,Dir 798
5041,Natalia,Dominguez,Gonzalez,UPMOR,E,Mexicana,Dir 5
5042,Pedro,Cortes,Diaz,IPN,E,Mexicana,Dir 81
5043,Arturo,Aguilar,Silva,IPN,E,Mexicana,Dir 200
5044,Julio,Martinez,Mendez,UTEZ,P,Mexicana,Dir 219
5045,Susana,Guzman,Lara,UPMOR,P,Mexicana,Dir 590
5046,Diego,Cervantes,Cordova,UAEM,E,Mexicana,Dir 185
5047,Margarita,Medina,Aguilar,UTEZ,P,Mexicana,Dir 356
5048,Jorge,Mendoza,Delgado,ITZ,E,Mexicana,Dir 983
5049,Hector,Vega,Sosa,UPMOR,E,Mexicana,Dir 293
5050,Jesus,Garcia,Herrera,UTEZ,E,Mexicana,Dir 803
5051,Natalia,Rojas,Dominguez,IPN,P,Mexicana,Dir 113
5052,Rumualdo,Cruz,Chavez,UTEZ,P,Mexicana,Dir 419
5053,Julio,Bautista,Reyes,UPMOR,E,Mexicana,Dir 407
5054,Valeria,Guzman,Ramos,UNAM,E,Mexicana,Dir 26
5055,Claudia,Escobar,Garcia,ITZ,E,Mexicana,Dir 135
5056,Carlos,Salazar,Sanchez,ITZ,P,Mexicana,Dir 357
5057,Luis,Ramos,Molina,UPMOR,E,Mexicana,Dir 244
5058,Hector,Soto,Garcia,UAEM,P,Mexicana,Dir 955
5059,Francisco,Mendez,Martinez,UTEZ,P,Mexicana,Dir 627
5060,Gael,Mejia,Herrera,UTEZ,E,Mexicana,Dir 508
5061,Fernando,Lara,Castillo,UPMOR,E,Mexicana,Dir 871
5062,Antonio,Avila,Castro,UAEM,E,Mexicana,Dir 355
5063,Paola,Delgado,Gutierrez,UTEZ,E,Mexicana,Dir 497
5064,Beatriz,Cordova,Escobar,ITZ,P,Mexicana,Dir 423
5065,Antonio,Diaz,Delgado,IPN,P,Mexicana,Dir 299
5066,Alejandro,Campos,Rodriguez,UAEM,E,Mexicana,Dir 644
5067,Manuel,Castillo,Bautista,IPN,E,Mexicana,Dir 995
5068,Pedro,Navarro,Mendez,UPMOR,P,Mexicana,Dir 984
5069,Julio,Romero,Rojas,UTEZ,E,Mexicana,Dir 532
5070,Andrea,Campos,Vega,ITZ,P,Mexicana,Dir 903
5071,Rafael,Bautista,Delgado,UTEZ,P,Mexicana,Dir 653
5072,Rafael,Bautista,Velazquez,UAEM,E,Mexicana,Dir 837
5073,Laura,Vargas,Vargas,UTEZ,E,Mexicana,Dir 798
5074,Susana,Cruz,Sosa,ITZ,E,Mexicana,Dir 166
5075,Gael,Flores,Silva,UTEZ,E,Mexicana,Dir 340
5076,Andrea,Vargas,Lara,ITZ,P,Mexicana,Dir 950
5077,Laura,Espinoza,Mejia,IPN,P,Mexicana,Dir 422
5078,Lucia,Mendez,Cortes,UTEZ,P,Mexicana,Dir 623
5079,Patricia,Morales,Romero,UNAM,P,Mexicana,Dir 751
5080,Hugo,Gutierrez,Mendez,IPN,P,Mexicana,Dir 968
5081,Paola,Castro,Molina,UTEZ,P,Mexicana,Dir 992
5082,Arturo,Campos,Hernandez,IPN,P,Mexicana,Dir 988
5083,Leticia,Castro,Avila,UTEZ,P,Mexicana,Dir 240
5084,Monica,Gonzalez,Velazquez,IPN,E,Mexicana,Dir 626
5085,Leticia,Velazquez,Mendoza,UNAM,E,Mexicana,Dir 949
5086,Sofia,Delgado,Maldonado,UPMOR,E,Mexicana,Dir 222
5087,Julio,Dominguez,Munoz,UNAM,P,Mexicana,Dir 155
5088,Patricia,Cordova,Campos,IPN,P,Mexicana,Dir 960
5089,Maria,Avila,Castillo,ITZ,E,Mexicana,Dir 514
5090,Elena,Hernandez,Gutierrez,UPMOR,P,Mexicana,Dir 999
5091,Eduardo,Reyes,Sanchez,UNAM,P,Mexicana,Dir 358
5092,Teresa,Cruz,Sanchez,IPN,E,Mexicana,Dir 752
5093,Jorge,Gutierrez,Lopez,ITZ,E,Mexicana,Dir 61
5094,Carolina,Castro,Sanchez,UAEM,E,Mexicana,Dir 127
5095,Margarita,Cruz,Valencia,UAEM,P,Mexicana,Dir 420
5096,Monica,Medina,Mendez,UTEZ,E,Mexicana,Dir 965
5097,Victor,Molina,Paredes,ITZ,P,Mexicana,Dir 100
5098,Andrea,Medina,Cortes,UNAM,P,Mexicana,Dir 178
5099,Oscar,Flores,Herrera,UNAM,P,Mexicana,Dir 117
5100,Gael,Paredes,Martinez,ITZ,P,Mexicana,Dir 167
5101,Carlos,Flores,Campos,UAEM,E,Mexicana,Dir 153
5102,Jesus,Maldonado,Avila,ITZ,P,Mexicana,Dir 397
5103,Martin,Ramos,Morales,UAEM,P,Mexicana,Dir 970
5104,Jorge,Ortiz,Hernandez,UNAM,E,Mexicana,Dir 125
5105,Pedro,Soto,Mendez,UPMOR,E,Mexicana,Dir 846
5106,Carlos,Gonzalez,Paredes,UAEM,P,Mexicana,Dir 271
5107,Lorena,Cordova,Mendez,UTEZ,P,Mexicana,Dir 928
5108,Jose,Escobar,Avila,UNAM,E,Mexicana,Dir 562
5109,Natalia,Soto,Gonzalez,IPN,E,Mexicana,Dir 353
5110,Miguel,Rojas,Salazar,UNAM,P,Mexicana,Dir 950
5111,Ruben,Bautista,Rios,UAEM,E,Mexicana,Dir 736
5112,Jorge,Garcia,Ortiz,UAEM,E,Mexicana,Dir 283
5113,Adriana,Diaz,Reyes,UAEM,E,Mexicana,Dir 146
5114,Fernando,Munoz,Garza,ITZ,E,Mexicana,Dir 65
5115,Hector,Mendoza,Mejia,IPN,E,Mexicana,Dir 810
5116,Pedro,Hernandez,Diaz,UPMOR,E,Mexicana,Dir 824
5117,Gabriela,Ramos,Cabrera,UTEZ,E,Mexicana,Dir 157
5118,Margarita,Dominguez,Aguilar,UNAM,E,Mexicana,Dir 531
5119,Jesus,Vargas,Escobar,UAEM,E,Mexicana,Dir 300
5120,Silvia,Munoz,Silva,UAEM,E,Mexicana,Dir 691
5121,Daniela,Romero,Delgado,UPMOR,P,Mexicana,Dir 979
5122,Laura,Castillo,Rojas,UNAM,P,Mexicana,Dir 119
5123,Martha,Aguilar,Dominguez,UNAM,P,Mexicana,Dir 364
5124,Leticia,Valencia,Bautista,ITZ,E,Mexicana,Dir 115
5125,Patricia,Bautista,Hernandez,UNAM,P,Mexicana,Dir 362
5126,Ricardo,Mejia,Perez,ITZ,E,Mexicana,Dir 545
5127,Francisco,Paredes,Gutierrez,IPN,P,Mexicana,Dir 244
5128,Carmen,Chavez,Paredes,IPN,E,Mexicana,Dir 916
5129,Rafael,Campos,Espinoza,UAEM,E,Mexicana,Dir 57
5130,Veronica,Gomez,Herrera,UTEZ,P,Mexicana,Dir 763
5131,Alejandro,Herrera,Vargas,UAEM,E,Mexicana,Dir 148
5132,Eduardo,Ruiz,Salazar,IPN,E,Mexicana,Dir 537
5133,Valeria,Vargas,Avila,ITZ,E,Mexicana,Dir 27
5134,Jorge,Guzman,Reyes,ITZ,E,Mexicana,Dir 451
5135,Carlos,Ramos,Valencia,UTEZ,E,Mexicana,Dir 427
5136,Fernando,Cortes,Cervantes,IPN,E,Mexicana,Dir 706
5137,Adriana,Rojas,Valencia,UPMOR,P,Mexicana,Dir 52
5138,Lorena,Guzman,Herrera,UNAM,P,Mexicana,Dir 967
5139,Martha,Lara,Molina,UPMOR,P,Mexicana,Dir 95
5140,Sofia,Morales,Sanchez,UTEZ,E,Mexicana,Dir 815
5141,Victor,Velazquez,Sosa,ITZ,E,Mexicana,Dir 570
5142,Laura,Garcia,Mendoza,UNAM,P,Mexicana,Dir 638
5143,Laura,Delgado,Avila,UTEZ,P,Mexicana,Dir 904
5144,Diana,Aguilar,Silva,UAEM,P,Mexicana,Dir 363
5145,Claudia,Hernandez,Rodriguez,IPN,E,Mexicana,Dir 42
5146,Manuel,Salazar,Salazar,IPN,E,Mexicana,Dir 497
5147,Andrea,Cortes,Castillo,UPMOR,P,Mexicana,Dir 675
5148,Adriana,Reyes,Lopez,IPN,P,Mexicana,Dir 977
5149,Fernando,Martinez,Garza,UAEM,P,Mexicana,Dir 583
5150,Natalia,Rios,Lopez,UAEM,E,Mexicana,Dir 891
5151,Margarita,Ortiz,Escobar,IPN,P,Mexicana,Dir 295
5152,Paola,Romero,Maldonado,ITZ,P,Mexicana,Dir 675
5153,Jorge,Flores,Cordova,UAEM,E,Mexicana,Dir 729
5154,Beatriz,Mendoza,Rios,UPMOR,P,Mexicana,Dir 584
5155,Valeria,Molina,Salazar,UTEZ,P,Mexicana,Dir 676
5156,Carmen,Lopez,Diaz,IPN,E,Mexicana,Dir 986
5157,Luis,Aguilar,Soto,UPMOR,P,Mexicana,Dir 821
5158,Javier,Cordova,Salazar,IPN,E,Mexicana,Dir 825
5159,Lorena,Salazar,Salazar,UPMOR,E,Mexicana,Dir 921
5160,Diana,Maldonado,Soto,UAEM,E,Mexicana,Dir 750
5161,Julio,Cortes,Ortiz,ITZ,E,Mexicana,Dir 481
5162,Martin,Bautista,Cervantes,ITZ,E,Mexicana,Dir 403
5163,Julio,Aguilar,Rojas,UTEZ,P,Mexicana,Dir 4
5164,Leticia,Molina,Campos,UAEM,P,Mexicana,Dir 560
5165,Fernando,Romero,Medina,UNAM,E,Mexicana,Dir 738
5166,Sofia,Garza,Sanchez,UTEZ,E,Mexicana,Dir 596
5167,Gerardo,Perez,Cervantes,IPN,P,Mexicana,Dir 430
5168,Francisco,Rios,Ruiz,UTEZ,P,Mexicana,Dir 169
5169,Lorena,Garcia,Rojas,UTEZ,E,Mexicana,Dir 317
5170,Paola,Ruiz,Gutierrez,UNAM,E,Mexicana,Dir 99
5171,Diego,Guzman,Sanchez,ITZ,E,Mexicana,Dir 848
5172,Carlos,Vargas,Molina,ITZ,P,Mexicana,Dir 304
5173,Jorge,Flores,Salazar,UPMOR,E,Mexicana,Dir 104
5174,Patricia,Salazar,Maldonado,UNAM,E,Mexicana,Dir 228
5175,Margarita,Vargas,Vega,ITZ,P,Mexicana,Dir 434
5176,Diego,Gonzalez,Navarro,UNAM,P,Mexicana,Dir 771
5177,Gerardo,Sanchez,Gomez,UNAM,P,Mexicana,Dir 187
5178,Esteban,Flores,Castro,IPN,E,Mexicana,Dir 720
5179,Arturo,Hernandez,Escobar,UNAM,P,Mexicana,Dir 370
5180,Carolina,Lara,Mejia,UTEZ,E,Mexicana,Dir 686
5181,Diego,Ruiz,Delgado,UTEZ,P,Mexicana,Dir 502
5182,Arturo,Sosa,Vega,UTEZ,E,Mexicana,Dir 838
5183,Diana,Garza,Sanchez,UTEZ,P,Mexicana,Dir 94
5184,Susana,Cortes,Gomez,UAEM,P,Mexicana,Dir 836
5185,Claudia,Paredes,Castro,UAEM,P,Mexicana,Dir 555
5186,Miguel,Silva,Dominguez,UTEZ,P,Mexicana,Dir 510
5187,Diego,Espinoza,Dominguez,IPN,P,Mexicana,Dir 444
5188,Diego,Cordova,Vega,UNAM,P,Mexicana,Dir 345
5189,Daniela,Ramos,Escobar,UTEZ,E,Mexicana,Dir 634
5190,Gabriela,Herrera,Velazquez,UNAM,P,Mexicana,Dir 892
5191,Eduardo,Escobar,Diaz,UTEZ,E,Mexicana,Dir 584
5192,Javier,Sosa,Maldonado,UAEM,P,Mexicana,Dir 248
5193,Eduardo,Delgado,Castillo,UPMOR,E,Mexicana,Dir 803
5194,Luis,Vega,Velazquez,UNAM,P,Mexicana,Dir 904
5195,Martha,Molina,Valencia,UPMOR,E,Mexicana,Dir 347
5196,Andrea,Gonzalez,Sosa,UTEZ,E,Mexicana,Dir 137
5197,Adriana,Velazquez,Hernandez,IPN,E,Mexicana,Dir 788
5198,Jesus,Soto,Gonzalez,UTEZ,E,Mexicana,Dir 233
5199,Patricia,Rios,Castro,UPMOR,E,Mexicana,Dir 538
5200,Jose,Aguilar,Martinez,IPN,E,Mexicana,Dir 365
5201,Claudia,Vargas,Aguilar,UAEM,E,Mexicana,Dir 250
5202,Carolina,Lopez,Hernandez,UNAM,P,Mexicana,Dir 587
5203,Arturo,Ortiz,Romero,UAEM,P,Mexicana,Dir 42
5204,Oscar,Mejia,Rojas,UAEM,E,Mexicana,Dir 937
5205,Carlos,Romero,Morales,UAEM,E,Mexicana,Dir 858
5206,Jorge,Garcia,Gomez,IPN,E,Mexicana,Dir 33
5207,Natalia,Mendoza,Gonzalez,ITZ,E,Mexicana,Dir 181
5208,Margarita,Silva,Aguilar,UTEZ,E,Mexicana,Dir 658
5209,Claudia,Ortiz,Silva,ITZ,P,Mexicana,Dir 456
5210,Eduardo,Mendez,Velazquez,UNAM,P,Mexicana,Dir 735
5211,Valeria,Navarro,Mendoza,UAEM,E,Mexicana,Dir 798
5212,Valeria,Mendoza,Vega,ITZ,E,Mexicana,Dir 744
5213,Martin,Rios,Cabrera,IPN,P,Mexicana,Dir 106
5214,Gerardo,Castillo,Vargas,ITZ,P,Mexicana,Dir 842
5215,Jesus,Mendez,Flores,UAEM,E,Mexicana,Dir 374
5216,Raul,Mejia,Salazar,UTEZ,P,Mexicana,Dir 852
5217,Hector,Hernandez,Mendoza,ITZ,E,Mexicana,Dir 967
5218,Pedro,Castillo,Diaz,UAEM,E,Mexicana,Dir 969
5219,Silvia,Chavez,Perez,UAEM,E,Mexicana,Dir 147
5220,Claudia,Escobar,Castillo,UTEZ,P,Mexicana,Dir 113
5221,Gerardo,Campos,Paredes,UPMOR,E,Mexicana,Dir 791
5222,Jose,Rodriguez,Vargas,UTEZ,P,Mexicana,Dir 479
5223,Paola,Medina,Castillo,IPN,E,Mexicana,Dir 835
5224,Carmen,Campos,Cruz,UNAM,P,Mexicana,Dir 337
5225,Daniela,Perez,Garza,UTEZ,E,Mexicana,Dir 272
5226,Veronica,Paredes,Flores,UNAM,P,Mexicana,Dir 67
5227,Teresa,Sanchez,Maldonado,IPN,E,Mexicana,Dir 496
5228,Gerardo,Gonzalez,Campos,UNAM,P,Mexicana,Dir 40
5229,Javier,Perez,Rodriguez,UTEZ,E,Mexicana,Dir 381
5230,Antonio,Vargas,Sosa,UTEZ,P,Mexicana,Dir 859
5231,Carlos,Romero,Romero,UTEZ,P,Mexicana,Dir 129
5232,Antonio,Chavez,Gomez,IPN,P,Mexicana,Dir 255
5233,Margarita,Dominguez,Castillo,UAEM,E,Mexicana,Dir 520
5234,Veronica,Ramos,Lara,ITZ,E,Mexicana,Dir 830
5235,Teresa,Castro,Flores,IPN,P,Mexicana,Dir 316
5236,Paola,Velazquez,Garcia,UNAM,P,Mexicana,Dir 85
5237,Elena,Campos,Rodriguez,UPMOR,P,Mexicana,Dir 560
5238,Pedro,Martinez,Vega,UPMOR,E,Mexicana,Dir 729
5239,Susana,Valencia,Munoz,UAEM,E,Mexicana,Dir 240
5240,Maria,Silva,Sosa,IPN,P,Mexicana,Dir 294
5241,Jose,Cruz,Rojas,ITZ,P,Mexicana,Dir 818
5242,Ana,Diaz,Aguilar,UNAM,P,Mexicana,Dir 552
5243,Martin,Rios,Ortiz,UPMOR,P,Mexicana,Dir 48
5244,Lorena,Vega,Soto,UAEM,P,Mexicana,Dir 524
5245,Jesus,Diaz,Rojas,UNAM,E,Mexicana,Dir 364
5246,Roberto,Garcia,Rojas,UNAM,E,Mexicana,Dir 636
5247,Pedro,Salazar,Munoz,UAEM,E,Mexicana,Dir 616
5248,Oscar,Martinez,Soto,IPN,P,Mexicana,Dir 14
5249,Diana,Escobar,Rodriguez,UAEM,P,Mexicana,Dir 304
5250,Carlos,Mejia,Velazquez,UNAM,E,Mexicana,Dir 769
5251,Sofia,Mendez,Avila,UPMOR,P,Mexicana,Dir 118
5252,Monica,Cruz,Morales,UPMOR,E,Mexicana,Dir 155
5253,Paola,Delgado,Ruiz,ITZ,P,Mexicana,Dir 93
5254,Beatriz,Espinoza,Ramirez,UPMOR,P,Mexicana,Dir 262
5255,Margarita,Guzman,Guzman,UPMOR,P,Mexicana,Dir 168
5256,Javier,Delgado,Rodriguez,UPMOR,E,Mexicana,Dir 360
5257,Martin,Guzman,Rios,ITZ,P,Mexicana,Dir 650
5258,Alejandro,Escobar,Cordova,UAEM,E,Mexicana,Dir 346
5259,Ruben,Morales,Lara,UTEZ,E,Mexicana,Dir 903
5260,Ana,Mejia,Dominguez,UTEZ,P,Mexicana,Dir 647
5261,Manuel,Maldonado,Hernandez,UAEM,P,Mexicana,Dir 244
5262,Natalia,Romero,Garcia,UPMOR,E,Mexicana,Dir 724
5263,Luis,Maldonado,Ramos,UNAM,P,Mexicana,Dir 449
5264,Adriana,Gomez,Gonzalez,IPN,E,Mexicana,Dir 768
5265,Hugo,Salazar,Castillo,UAEM,E,Mexicana,Dir 318
5266,Martha,Escobar,Garza,UNAM,E,Mexicana,Dir 150
5267,Martin,Silva,Cordova,IPN,E,Mexicana,Dir 411
5268,Victor,Espinoza,Ramirez,ITZ,P,Mexicana,Dir 734
5269,Victor,Lopez,Medina,UPMOR,E,Mexicana,Dir 965
5270,Roberto,Morales,Espinoza,UNAM,E,Mexicana,Dir 577
5271,Natalia,Silva,Mejia,UPMOR,E,Mexicana,Dir 88
5272,Claudia,Velazquez,Mendez,ITZ,E,Mexicana,Dir 564
5273,Leticia,Garza,Cortes,UAEM,P,Mexicana,Dir 650
5274,Elena,Lara,Salazar,UTEZ,E,Mexicana,Dir 334
5275,Carlos,Aguilar,Delgado,UPMOR,P,Mexicana,Dir 736
5276,Jorge,Rodriguez,Campos,UPMOR,E,Mexicana,Dir 661
5277,Lorena,Silva,Campos,UNAM,E,Mexicana,Dir 664
5278,Carolina,Castro,Medina,ITZ,P,Mexicana,Dir 528
5279,Elena,Espinoza,Soto,UPMOR,E,Mexicana,Dir 566
5280,Martha,Delgado,Diaz,ITZ,P,Mexicana,Dir 609
5281,Gerardo,Valencia,Romero,ITZ,P,Mexicana,Dir 486
5282,Gabriela,Perez,Mendoza,UNAM,E,Mexicana,Dir 585
5283,Carmen,Castillo,Morales,UAEM,E,Mexicana,Dir 86
5284,Julio,Romero,Sosa,UNAM,P,Mexicana,Dir 865
5285,Lorena,Cervantes,Valencia,UNAM,E,Mexicana,Dir 693
5286,Alejandro,Bautista,Garza,UPMOR,E,Mexicana,Dir 760
5287,Sofia,Paredes,Gomez,UNAM,E,Mexicana,Dir 198
5288,Natalia,Herrera,Salazar,UAEM,P,Mexicana,Dir 41
5289,Hugo,Vargas,Velazquez,UAEM,E,Mexicana,Dir 69
5290,Hugo,Valencia,Gonzalez,UPMOR,P,Mexicana,Dir 64
5291,Adriana,Sanchez,Gonzalez,ITZ,P,Mexicana,Dir 340
5292,Rafael,Lara,Vega,UAEM,P,Mexicana,Dir 331
5293,Teresa,Cervantes,Munoz,UNAM,E,Mexicana,Dir 638
5294,Teresa,Cervantes,Castillo,UNAM,P,Mexicana,Dir 438
5295,Beatriz,Garcia,Cortes,UTEZ,P,Mexicana,Dir 961
5296,Valeria,Mendoza,Castillo,UPMOR,P,Mexicana,Dir 835
5297,Ana,Vega,Diaz,UAEM,P,Mexicana,Dir 568
5298,Ana,Ramirez,Sanchez,IPN,E,Mexicana,Dir 332
5299,Sofia,Flores,Vega,ITZ,E,Mexicana,Dir 589
5300,Raul,Vargas,Rios,UPMOR,E,Mexicana,Dir 823
5301,Ana,Soto,Cordova,UPMOR,E,Mexicana,Dir 489
5302,Valeria,Sanchez,Ramirez,UAEM,P,Mexicana,Dir 8
5303,Elena,Flores,Espinoza,UAEM,P,Mexicana,Dir 670
5304,Luis,Velazquez,Lara,UAEM,E,Mexicana,Dir 558
5305,Oscar,Escobar,Salazar,UAEM,E,Mexicana,Dir 243
5306,Eduardo,Ramos,Bautista,UAEM,P,Mexicana,Dir 412
5307,Hugo,Cervantes,Maldonado,UTEZ,P,Mexicana,Dir 782
5308,Monica,Avila,Avila,UTEZ,P,Mexicana,Dir 607
5309,Diana,Cervantes,Dominguez,UTEZ,P,Mexicana,Dir 102
5310,Diego,Ruiz,Vega,UAEM,E,Mexicana,Dir 19
5311,Paola,Guzman,Paredes,UAEM,E,Mexicana,Dir 64
5312,Monica,Castillo,Navarro,IPN,P,Mexicana,Dir 43
5313,Gerardo,Ruiz,Munoz,UTEZ,P,Mexicana,Dir 667
5314,Carolina,Sanchez,Morales,IPN,P,Mexicana,Dir 927
5315,Jesus,Ortiz,Salazar,ITZ,E,Mexicana,Dir 777
5316,Maria,Ramos,Flores,IPN,E,Mexicana,Dir 994
5317,Manuel,Rios,Rodriguez,UPMOR,P,Mexicana,Dir 249
5318,Sofia,Lopez,Mejia,UNAM,E,Mexicana,Dir 441
5319,Pedro,Vargas,Valencia,UPMOR,E,Mexicana,Dir 877
5320,Lucia,Navarro,Garza,UNAM,P,Mexicana,Dir 521
5321,Beatriz,Cruz,Martinez,UAEM,P,Mexicana,Dir 138
5322,Jose,Morales,Garcia,ITZ,P,Mexicana,Dir 28
5323,Silvia,Sosa,Cruz,ITZ,P,Mexicana,Dir 826
5324,Natalia,Mendoza,Cervantes,UAEM,E,Mexicana,Dir 468
5325,Veronica,Cervantes,Navarro,ITZ,P,Mexicana,Dir 832
5326,Miguel,Herrera,Bautista,IPN,E,Mexicana,Dir 394
5327,Diana,Lopez,Ortiz,UPMOR,P,Mexicana,Dir 642
5328,Maria,Garza,Lopez,UPMOR,P,Mexicana,Dir 994
5329,Carlos,Mendoza,Munoz,ITZ,P,Mexicana,Dir 613
5330,Julio,Hernandez,Rios,IPN,E,Mexicana,Dir 802
5331,Miguel,Molina,Mejia,ITZ,P,Mexicana,Dir 199
5332,Martin,Molina,Ramos,UTEZ,P,Mexicana,Dir 356
5333,Carolina,Sanchez,Soto,UAEM,E,Mexicana,Dir 913
5334,Diana,Bautista,Perez,UTEZ,P,Mexicana,Dir 496
5335,Diana,Flores,Romero,UNAM,P,Mexicana,Dir 344
5336,Martha,Silva,Ramos,UTEZ,P,Mexicana,Dir 801
5337,Ricardo,Vargas,Bautista,UTEZ,E,Mexicana,Dir 480
5338,Julio,Martinez,Bautista,ITZ,E,Mexicana,Dir 375
5339,Beatriz,Ruiz,Vargas,UTEZ,E,Mexicana,Dir 964
5340,Miguel,Vargas,Soto,UTEZ,P,Mexicana,Dir 371
5341,Rumualdo,Soto,Lara,UNAM,E,Mexicana,Dir 843
5342,Hugo,Delgado,Garcia,UPMOR,E,Mexicana,Dir 743
5343,Oscar,Mendoza,Romero,IPN,E,Mexicana,Dir 274
5344,Teresa,Cortes,Medina,ITZ,E,Mexicana,Dir 988
5345,Rosa,Ortiz,Campos,IPN,P,Mexicana,Dir 797
5346,Francisco,Gutierrez,Soto,UPMOR,E,Mexicana,Dir 788
5347,Roberto,Salazar,Campos,UPMOR,P,Mexicana,Dir 605
5348,Laura,Campos,Mendez,ITZ,P,Mexicana,Dir 672
5349,Rafael,Gutierrez,Gutierrez,IPN,P,Mexicana,Dir 15
5350,Oscar,Martinez,Garza,UPMOR,P,Mexicana,Dir 603
5351,Ruben,Morales,Cabrera,UAEM,E,Mexicana,Dir 709
5352,Oscar,Mendoza,Velazquez,ITZ,E,Mexicana,Dir 589
5353,Susana,Hernandez,Molina,UNAM,E,Mexicana,Dir 917
5354,Beatriz,Lopez,Flores,UNAM,P,Mexicana,Dir 991
5355,Andrea,Avila,Morales,ITZ,E,Mexicana,Dir 274
5356,Ana,Herrera,Castro,IPN,P,Mexicana,Dir 863
5357,Rafael,Bautista,Ramirez,UAEM,E,Mexicana,Dir 554
5358,Rumualdo,Medina,Cruz,UAEM,P,Mexicana,Dir 738
5359,Carmen,Avila,Molina,UNAM,P,Mexicana,Dir 90
5360,Margarita,Salazar,Vega,UTEZ,P,Mexicana,Dir 67
5361,Andrea,Rios,Garcia,UPMOR,P,Mexicana,Dir 436
5362,Paola,Cordova,Cruz,IPN,P,Mexicana,Dir 729
5363,Raul,Flores,Lara,ITZ,E,Mexicana,Dir 809
5364,Ricardo,Martinez,Ruiz,UTEZ,E,Mexicana,Dir 722
5365,Carmen,Diaz,Flores,ITZ,P,Mexicana,Dir 545
5366,Julio,Silva,Castillo,UAEM,P,Mexicana,Dir 515
5367,Claudia,Castro,Mejia,UNAM,E,Mexicana,Dir 673
5368,Javier,Cervantes,Avila,UAEM,E,Mexicana,Dir 769
5369,Teresa,Ramirez,Mendez,UAEM,E,Mexicana,Dir 552
5370,Raul,Cabrera,Castro,UTEZ,E,Mexicana,Dir 483
5371,Natalia,Diaz,Velazquez,IPN,E,Mexicana,Dir 806
5372,Javier,Medina,Munoz,UAEM,P,Mexicana,Dir 976
5373,Raul,Castro,Reyes,UAEM,E,Mexicana,Dir 598
5374,Lucia,Espinoza,Rojas,UPMOR,E,Mexicana,Dir 709
5375,Arturo,Ramos,Rojas,UNAM,P,Mexicana,Dir 337
5376,Susana,Ortiz,Maldonado,UTEZ,P,Mexicana,Dir 595
5377,Margarita,Delgado,Silva,IPN,P,Mexicana,Dir 12
5378,Teresa,Sosa,Sosa,UNAM,P,Mexicana,Dir 256
5379,Gael,Gonzalez,Mendez,UNAM,E,Mexicana,Dir 688
5380,Victor,Delgado,Mejia,UAEM,P,Mexicana,Dir 510
5381,Carolina,Espinoza,Dominguez,IPN,E,Mexicana,Dir 825
5382,Victor,Mejia,Campos,IPN,E,Mexicana,Dir 132
5383,Natalia,Ruiz,Rios,UAEM,E,Mexicana,Dir 837
5384,Fernando,Mejia,Diaz,UAEM,E,Mexicana,Dir 989
5385,Laura,Bautista,Castillo,UNAM,E,Mexicana,Dir 841
5386,Susana,Morales,Sosa,ITZ,E,Mexicana,Dir 58
5387,Silvia,Castro,Sanchez,UAEM,E,Mexicana,Dir 941
5388,Claudia,Rios,Sanchez,UAEM,P,Mexicana,Dir 99
5389,Antonio,Espinoza,Castillo,UNAM,E,Mexicana,Dir 81
5390,Gabriela,Campos,Castro,UNAM,P,Mexicana,Dir 197
5391,Luis,Garza,Lara,UAEM,P,Mexicana,Dir 170
5392,Maria,Sosa,Bautista,IPN,P,Mexicana,Dir 655
5393,Silvia,Garcia,Campos,UNAM,P,Mexicana,Dir 483
5394,Gerardo,Lara,Medina,ITZ,E,Mexicana,Dir 452
5395,Jesus,Cabrera,Gonzalez,UAEM,P,Mexicana,Dir 729
5396,Leticia,Avila,Maldonado,UNAM,E,Mexicana,Dir 537
5397,Jose,Sosa,Mejia,IPN,P,Mexicana,Dir 12
5398,Ruben,Garcia,Paredes,UAEM,E,Mexicana,Dir 903
5399,Beatriz,Cabrera,Garza,UNAM,E,Mexicana,Dir 122
5400,Laura,Escobar,Delgado,UNAM,P,Mexicana,Dir 159
5401,Ana,Cervantes,Velazquez,UTEZ,P,Mexicana,Dir 887
5402,Andrea,Lopez,Perez,UNAM,E,Mexicana,Dir 253
5403,Sofia,Herrera,Valencia,UNAM,P,Mexicana,Dir 523
5404,Rosa,Delgado,Lara,UPMOR,E,Mexicana,Dir 392
5405,Fernando,Gonzalez,Castro,ITZ,E,Mexicana,Dir 879
5406,Antonio,Flores,Romero,UTEZ,E,Mexicana,Dir 293
5407,Rafael,Vargas,Ortiz,UTEZ,E,Mexicana,Dir 685
5408,Miguel,Cabrera,Romero,UNAM,P,Mexicana,Dir 508
5409,Diego,Soto,Romero,UNAM,P,Mexicana,Dir 541
5410,Jose,Silva,Castro,UTEZ,P,Mexicana,Dir 277
5411,Francisco,Chavez,Chavez,UPMOR,P,Mexicana,Dir 356
5412,Ricardo,Bautista,Molina,ITZ,E,Mexicana,Dir 6
5413,Claudia,Molina,Medina,UAEM,P,Mexicana,Dir 282
5414,Daniela,Munoz,Escobar,UAEM,P,Mexicana,Dir 128
5415,Valeria,Paredes,Gonzalez,IPN,P,Mexicana,Dir 405
5416,Carolina,Campos,Avila,UNAM,E,Mexicana,Dir 32
5417,Martin,Flores,Campos,UAEM,P,Mexicana,Dir 961
5418,Rafael,Rojas,Vega,IPN,E,Mexicana,Dir 332
5419,Esteban,Dominguez,Valencia,UNAM,P,Mexicana,Dir 484
5420,Arturo,Aguilar,Espinoza,UNAM,P,Mexicana,Dir 289
5421,Carolina,Velazquez,Reyes,UTEZ,E,Mexicana,Dir 966
5422,Diana,Ortiz,Mendoza,ITZ,E,Mexicana,Dir 497
5423,Carlos,Perez,Castillo,UTEZ,E,Mexicana,Dir 876
5424,Jesus,Gonzalez,Castillo,UTEZ,P,Mexicana,Dir 554
5425,Alejandro,Paredes,Molina,UPMOR,E,Mexicana,Dir 937
5426,Oscar,Ruiz,Salazar,IPN,E,Mexicana,Dir 462
5427,Pedro,Herrera,Avila,UTEZ,E,Mexicana,Dir 26
5428,Victor,Soto,Paredes,UPMOR,E,Mexicana,Dir 637
5429,Natalia,Sanchez,Martinez,IPN,P,Mexicana,Dir 893
5430,Lucia,Valencia,Gomez,IPN,P,Mexicana,Dir 343
5431,Carolina,Silva,Vargas,UNAM,P,Mexicana,Dir 710
5432,Andrea,Chavez,Diaz,UNAM,P,Mexicana,Dir 336
5433,Veronica,Espinoza,Medina,ITZ,P,Mexicana,Dir 809
5434,Lucia,Diaz,Cabrera,UPMOR,P,Mexicana,Dir 488
5435,Silvia,Sanchez,Vega,ITZ,P,Mexicana,Dir 327
5436,Francisco,Rodriguez,Munoz,UTEZ,P,Mexicana,Dir 705
5437,Diego,Garza,Valencia,UAEM,E,Mexicana,Dir 495
5438,Javier,Cervantes,Rojas,UTEZ,E,Mexicana,Dir 330
5439,Gerardo,Guzman,Rojas,IPN,E,Mexicana,Dir 106
5440,Hector,Gonzalez,Cordova,ITZ,P,Mexicana,Dir 788
5441,Laura,Ramirez,Diaz,UTEZ,P,Mexicana,Dir 443
5442,Lorena,Valencia,Lara,ITZ,E,Mexicana,Dir 91
5443,Margarita,Reyes,Espinoza,ITZ,E,Mexicana,Dir 140
5444,Veronica,Vargas,Sanchez,IPN,E,Mexicana,Dir 523
5445,Paola,Cortes,Perez,UPMOR,E,Mexicana,Dir 774
5446,Pedro,Medina,Chavez,ITZ,E,Mexicana,Dir 248
5447,Gael,Romero,Castillo,UNAM,P,Mexicana,Dir 521
5448,Claudia,Espinoza,Mendez,UNAM,E,Mexicana,Dir 559
5449,Carlos,Avila,Perez,UAEM,P,Mexicana,Dir 522
5450,Gabriela,Aguilar,Salazar,UPMOR,E,Mexicana,Dir 478
5451,Elena,Escobar,Cordova,UNAM,E,Mexicana,Dir 76
5452,Valeria,Vargas,Cervantes,UAEM,P,Mexicana,Dir 411
5453,Gabriela,Perez,Guzman,UPMOR,E,Mexicana,Dir 919
5454,Carolina,Perez,Soto,ITZ,P,Mexicana,Dir 443
5455,Daniela,Reyes,Sosa,IPN,P,Mexicana,Dir 679
5456,Susana,Mendez,Herrera,UPMOR,P,Mexicana,Dir 620
5457,Elena,Perez,Maldonado,UPMOR,P,Mexicana,Dir 102
5458,Susana,Garcia,Mejia,UAEM,E,Mexicana,Dir 633
5459,Carmen,Soto,Romero,UTEZ,P,Mexicana,Dir 540
5460,Ricardo,Perez,Mejia,UNAM,P,Mexicana,Dir 250
5461,Roberto,Castillo,Ortiz,UPMOR,P,Mexicana,Dir 723
5462,Carlos,Escobar,Avila,ITZ,E,Mexicana,Dir 346
5463,Maria,Salazar,Cruz,UPMOR,E,Mexicana,Dir 66
5464,Andrea,Cruz,Paredes,UTEZ,P,Mexicana,Dir 533
5465,Jorge,Hernandez,Munoz,UAEM,P,Mexicana,Dir 806
5466,Jorge,Silva,Cruz,IPN,P,Mexicana,Dir 71
5467,Hugo,Rodriguez,Maldonado,ITZ,P,Mexicana,Dir 516
5468,Susana,Herrera,Hernandez,ITZ,E,Mexicana,Dir 415
5469,Esteban,Vargas,Medina,UAEM,E,Mexicana,Dir 980
5470,Patricia,Morales,Rodriguez,UPMOR,P,Mexicana,Dir 877
5471,Lorena,Velazquez,Molina,UAEM,P,Mexicana,Dir 863
5472,Roberto,Lopez,Sanchez,ITZ,E,Mexicana,Dir 30
5473,Carlos,Avila,Delgado,UTEZ,E,Mexicana,Dir 766
5474,Miguel,Mendoza,Aguilar,UTEZ,P,Mexicana,Dir 383
5475,Ruben,Medina,Ramirez,UTEZ,P,Mexicana,Dir 708
5476,Rumualdo,Mendoza,Cervantes,ITZ,E,Mexicana,Dir 238
5477,Martha,Soto,Martinez,ITZ,E,Mexicana,Dir 828
5478,Carmen,Garcia,Dominguez,UTEZ,P,Mexicana,Dir 791
5479,Ana,Morales,Lara,ITZ,P,Mexicana,Dir 722
5480,Laura,Dominguez,Dominguez,ITZ,P,Mexicana,Dir 204
5481,Carmen,Perez,Hernandez,UAEM,P,Mexicana,Dir 989
5482,Claudia,Lopez,Paredes,UNAM,E,Mexicana,Dir 133
5483,Carolina,Cruz,Garcia,UTEZ,P,Mexicana,Dir 153
5484,Julio,Hernandez,Morales,IPN,P,Mexicana,Dir 895
5485,Raul,Rodriguez,Delgado,UPMOR,E,Mexicana,Dir 852
5486,Maria,Soto,Munoz,ITZ,E,Mexicana,Dir 300
5487,Javier,Garza,Velazquez,UNAM,E,Mexicana,Dir 699
5488,Lorena,Sanchez,Gutierrez,ITZ,P,Mexicana,Dir 401
5489,Gael,Diaz,Chavez,UAEM,P,Mexicana,Dir 423
5490,Ricardo,Cabrera,Delgado,UAEM,E,Mexicana,Dir 106
5491,Patricia,Ortiz,Ruiz,UTEZ,P,Mexicana,Dir 408
5492,Teresa,Sanchez,Escobar,ITZ,P,Mexicana,Dir 122
5493,Gael,Mendoza,Avila,IPN,E,Mexicana,Dir 274
5494,Maria,Garza,Cervantes,ITZ,E,Mexicana,Dir 650
5495,Jose,Espinoza,Lara,IPN,P,Mexicana,Dir 286
5496,Elena,Velazquez,Hernandez,UTEZ,E,Mexicana,Dir 506
5497,Monica,Sanchez,Martinez,UPMOR,P,Mexicana,Dir 658
5498,Laura,Medina,Garcia,UPMOR,E,Mexicana,Dir 710
5499,Lucia,Gutierrez,Garza,ITZ,E,Mexicana,Dir 151
5500,Leticia,Hernandez,Chavez,IPN,P,Mexicana,Dir 181
5501,Rafael,Cabrera,Sosa,UAEM,E,Mexicana,Dir 880
5502,Adriana,Flores,Vega,IPN,P,Mexicana,Dir 4
5503,Manuel,Morales,Navarro,IPN,P,Mexicana,Dir 343
5504,Rafael,Delgado,Soto,ITZ,E,Mexicana,Dir 751
5505,Roberto,Mejia,Lara,ITZ,E,Mexicana,Dir 301
5506,Adriana,Romero,Reyes,UNAM,P,Mexicana,Dir 863
5507,Victor,Guzman,Morales,ITZ,E,Mexicana,Dir 650
5508,Martin,Hernandez,Chavez,IPN,P,Mexicana,Dir 984
5509,Antonio,Escobar,Mendoza,IPN,P,Mexicana,Dir 645
5510,Susana,Valencia,Aguilar,UNAM,P,Mexicana,Dir 819
5511,Carmen,Gomez,Flores,IPN,P,Mexicana,Dir 748
5512,Javier,Rios,Rios,UPMOR,P,Mexicana,Dir 239
5513,Beatriz,Herrera,Castro,IPN,E,Mexicana,Dir 171
5514,Julio,Castillo,Salazar,ITZ,E,Mexicana,Dir 564
5515,Margarita,Navarro,Morales,ITZ,P,Mexicana,Dir 372
5516,Pedro,Salazar,Medina,UPMOR,E,Mexicana,Dir 514
5517,Victor,Flores,Medina,IPN,E,Mexicana,Dir 944
5518,Manuel,Mendoza,Ramos,UNAM,E,Mexicana,Dir 337
5519,Diana,Ramos,Rodriguez,UPMOR,E,Mexicana,Dir 449
5520,Diego,Ortiz,Diaz,UNAM,E,Mexicana,Dir 127
5521,Margarita,Munoz,Morales,UTEZ,E,Mexicana,Dir 132
5522,Miguel,Mendez,Vargas,UAEM,P,Mexicana,Dir 546
5523,Daniela,Escobar,Lara,IPN,E,Mexicana,Dir 614
5524,Paola,Cabrera,Garcia,UNAM,E,Mexicana,Dir 301
5525,Luis,Cabrera,Garcia,UTEZ,E,Mexicana,Dir 963
5526,Teresa,Rojas,Ramirez,ITZ,E,Mexicana,Dir 177
5527,Paola,Sanchez,Sanchez,IPN,P,Mexicana,Dir 212
5528,Sofia,Ortiz,Diaz,UAEM,E,Mexicana,Dir 386
5529,Carlos,Hernandez,Gonzalez,UTEZ,E,Mexicana,Dir 356
5530,Teresa,Chavez,Gutierrez,UNAM,P,Mexicana,Dir 461
5531,Gabriela,Gomez,Cortes,IPN,P,Mexicana,Dir 21
5532,Victor,Ramirez,Lara,UTEZ,E,Mexicana,Dir 95
5533,Paola,Cervantes,Dominguez,UNAM,E,Mexicana,Dir 856
5534,Sofia,Ramirez,Garcia,UNAM,E,Mexicana,Dir 700
5535,Silvia,Mendez,Velazquez,ITZ,P,Mexicana,Dir 260
5536,Manuel,Cruz,Rios,UNAM,P,Mexicana,Dir 185
5537,Sofia,Vega,Hernandez,UPMOR,E,Mexicana,Dir 758
5538,Julio,Navarro,Garza,ITZ,E,Mexicana,Dir 313
5539,Ruben,Cordova,Ramirez,UPMOR,P,Mexicana,Dir 918
5540,Rafael,Cervantes,Valencia,UNAM,P,Mexicana,Dir 566
5541,Javier,Lara,Castro,IPN,E,Mexicana,Dir 719
5542,Adriana,Vargas,Escobar,UNAM,E,Mexicana,Dir 867
5543,Lorena,Flores,Ortiz,UNAM,P,Mexicana,Dir 302
5544,Esteban,Delgado,Soto,ITZ,P,Mexicana,Dir 267
5545,Teresa,Garcia,Gutierrez,ITZ,P,Mexicana,Dir 876
5546,Leticia,Castro,Sanchez,UNAM,E,Mexicana,Dir 954
5547,Gerardo,Garza,Soto,UNAM,E,Mexicana,Dir 495
5548,Rafael,Lara,Reyes,IPN,E,Mexicana,Dir 397
5549,Veronica,Martinez,Cabrera,UAEM,P,Mexicana,Dir 457
5550,Carlos,Sanchez,Navarro,UNAM,P,Mexicana,Dir 663
5551,Lucia,Castro,Rodriguez,UNAM,P,Mexicana,Dir 463
5552,Valeria,Dominguez,Ramos,UTEZ,P,Mexicana,Dir 644
5553,Manuel,Castillo,Castillo,UPMOR,P,Mexicana,Dir 904
5554,Patricia,Gutierrez,Paredes,UAEM,P,Mexicana,Dir 339
5555,Gabriela,Bautista,Delgado,UTEZ,P,Mexicana,Dir 236
5556,Ana,Munoz,Soto,UNAM,P,Mexicana,Dir 782
5557,Martha,Escobar,Cortes,UNAM,P,Mexicana,Dir 587
5558,Hugo,Gomez,Hernandez,UTEZ,P,Mexicana,Dir 298
5559,Ricardo,Paredes,Silva,IPN,P,Mexicana,Dir 672
5560,Rosa,Medina,Ortiz,UPMOR,E,Mexicana,Dir 425
5561,Hector,Munoz,Ramirez,ITZ,E,Mexicana,Dir 900
5562,Fernando,Lopez,Gomez,UNAM,E,Mexicana,Dir 359
5563,Alejandro,Guzman,Reyes,IPN,P,Mexicana,Dir 873
5564,Veronica,Mendez,Mejia,UPMOR,P,Mexicana,Dir 642
5565,Gabriela,Delgado,Ramos,ITZ,P,Mexicana,Dir 295
5566,Julio,Maldonado,Munoz,IPN,E,Mexicana,Dir 430
5567,Luis,Lopez,Cordova,UTEZ,P,Mexicana,Dir 321
5568,Javier,Sanchez,Aguilar,UAEM,P,Mexicana,Dir 322
5569,Miguel,Navarro,Cortes,UAEM,P,Mexicana,Dir 375
5570,Luis,Aguilar,Lara,UNAM,E,Mexicana,Dir 250
5571,Victor,Perez,Castro,IPN,E,Mexicana,Dir 410
5572,Martin,Rios,Mendez,UTEZ,P,Mexicana,Dir 239
5573,Carolina,Aguilar,Molina,UPMOR,P,Mexicana,Dir 383
5574,Teresa,Mendez,Gonzalez,UNAM,P,Mexicana,Dir 518
5575,Lucia,Espinoza,Garza,UNAM,E,Mexicana,Dir 435
5576,Miguel,Lara,Martinez,IPN,P,Mexicana,Dir 534
5577,Valeria,Ramirez,Vega,ITZ,E,Mexicana,Dir 547
5578,Hector,Cordova,Cervantes,IPN,E,Mexicana,Dir 522
5579,Esteban,Herrera,Flores,UAEM,E,Mexicana,Dir 447
5580,Pedro,Lara,Morales,ITZ,E,Mexicana,Dir 401
5581,Paola,Rios,Diaz,UNAM,E,Mexicana,Dir 926
5582,Lorena,Vega,Cervantes,IPN,P,Mexicana,Dir 107
5583,Monica,Navarro,Campos,UAEM,E,Mexicana,Dir 37
5584,Pedro,Silva,Cruz,UNAM,E,Mexicana,Dir 381
5585,Antonio,Rodriguez,Delgado,UAEM,P,Mexicana,Dir 268
5586,Raul,Martinez,Vargas,UTEZ,P,Mexicana,Dir 629
5587,Carlos,Rodriguez,Cervantes,UAEM,P,Mexicana,Dir 489
5588,Veronica,Rios,Sosa,UTEZ,P,Mexicana,Dir 747
5589,Alejandro,Ramirez,Salazar,UPMOR,E,Mexicana,Dir 156
5590,Ricardo,Guzman,Mendoza,UNAM,P,Mexicana,Dir 581
5591,Luis,Espinoza,Paredes,IPN,E,Mexicana,Dir 192
5592,Adriana,Romero,Gutierrez,ITZ,P,Mexicana,Dir 706
5593,Carmen,Garcia,Rojas,UPMOR,P,Mexicana,Dir 779
5594,Lucia,Mendoza,Sanchez,UNAM,P,Mexicana,Dir 908
5595,Ruben,Escobar,Soto,UTEZ,P,Mexicana,Dir 549
5596,Ruben,Rojas,Hernandez,IPN,P,Mexicana,Dir 722
5597,Antonio,Ruiz,Rojas,UNAM,E,Mexicana,Dir 805
5598,Luis,Vargas,Bautista,UPMOR,P,Mexicana,Dir 406
5599,Julio,Gonzalez,Rios,ITZ,P,Mexicana,Dir 95
5600,Elena,Garcia,Mejia,UTEZ,E,Mexicana,Dir 996
5601,Beatriz,Ortiz,Garza,UNAM,E,Mexicana,Dir 895
5602,Leticia,Aguilar,Gonzalez,ITZ,P,Mexicana,Dir 884
5603,Paola,Chavez,Campos,UPMOR,E,Mexicana,Dir 136
5604,Andrea,Chavez,Aguilar,IPN,E,Mexicana,Dir 421
5605,Monica,Escobar,Cruz,IPN,E,Mexicana,Dir 14
5606,Raul,Paredes,Velazquez,ITZ,P,Mexicana,Dir 881
5607,Gerardo,Maldonado,Gutierrez,UAEM,P,Mexicana,Dir 712
5608,Fernando,Gomez,Cabrera,UNAM,E,Mexicana,Dir 392
5609,Victor,Sanchez,Salazar,UAEM,E,Mexicana,Dir 970
5610,Laura,Navarro,Vargas,IPN,P,Mexicana,Dir 142
5611,Monica,Dominguez,Ortiz,IPN,E,Mexicana,Dir 931
5612,Adriana,Castillo,Espinoza,UPMOR,E,Mexicana,Dir 737
5613,Pedro,Cruz,Castro,UPMOR,P,Mexicana,Dir 767
5614,Leticia,Castro,Lopez,UNAM,E,Mexicana,Dir 600
5615,Manuel,Dominguez,Herrera,UPMOR,E,Mexicana,Dir 396
5616,Jose,Mendoza,Cruz,IPN,E,Mexicana,Dir 573
5617,Jesus,Sosa,Sanchez,UPMOR,P,Mexicana,Dir 538
5618,Hugo,Velazquez,Espinoza,UNAM,E,Mexicana,Dir 423
5619,Ruben,Dominguez,Castillo,UAEM,P,Mexicana,Dir 990
5620,Antonio,Mejia,Mejia,ITZ,P,Mexicana,Dir 853
5621,Gabriela,Hernandez,Delgado,ITZ,E,Mexicana,Dir 54
5622,Monica,Guzman,Medina,UNAM,P,Mexicana,Dir 788
5623,Antonio,Rojas,Campos,UTEZ,P,Mexicana,Dir 726
5624,Carlos,Delgado,Vega,UPMOR,P,Mexicana,Dir 139
5625,Raul,Romero,Mendez,UTEZ,P,Mexicana,Dir 333
5626,Julio,Rios,Castillo,UPMOR,P,Mexicana,Dir 641
5627,Manuel,Ortiz,Sosa,UNAM,P,Mexicana,Dir 161
5628,Laura,Flores,Cervantes,UAEM,P,Mexicana,Dir 402
5629,Maria,Mendoza,Romero,IPN,P,Mexicana,Dir 209
5630,Javier,Vega,Silva,UNAM,E,Mexicana,Dir 879
5631,Elena,Gutierrez,Ramos,UAEM,E,Mexicana,Dir 193
5632,Carlos,Aguilar,Mendez,UNAM,E,Mexicana,Dir 239
5633,Rosa,Gonzalez,Morales,UPMOR,P,Mexicana,Dir 982
5634,Gael,Salazar,Hernandez,IPN,E,Mexicana,Dir 990
5635,Pedro,Cabrera,Silva,IPN,E,Mexicana,Dir 781
5636,Claudia,Escobar,Sanchez,IPN,E,Mexicana,Dir 116
5637,Esteban,Paredes,Herrera,IPN,E,Mexicana,Dir 437
5638,Hugo,Martinez,Dominguez,UAEM,P,Mexicana,Dir 612
5639,Antonio,Castro,Gutierrez,ITZ,E,Mexicana,Dir 174
5640,Margarita,Gomez,Mendoza,UTEZ,P,Mexicana,Dir 77
5641,Carlos,Munoz,Soto,ITZ,P,Mexicana,Dir 633
5642,Luis,Cabrera,Castillo,IPN,P,Mexicana,Dir 347
5643,Alejandro,Cabrera,Flores,ITZ,P,Mexicana,Dir 875
5644,Ricardo,Lopez,Campos,UAEM,E,Mexicana,Dir 473
5645,Hugo,Guzman,Velazquez,ITZ,P,Mexicana,Dir 305
5646,Pedro,Hernandez,Morales,UPMOR,P,Mexicana,Dir 462
5647,Hugo,Lara,Campos,UPMOR,E,Mexicana,Dir 32
5648,Adriana,Guzman,Campos,UPMOR,E,Mexicana,Dir 398
5649,Andrea,Ramos,Garza,UPMOR,P,Mexicana,Dir 400
5650,Beatriz,Cruz,Gomez,ITZ,E,Mexicana,Dir 290
5651,Gabriela,Cabrera,Ramirez,ITZ,E,Mexicana,Dir 125
5652,Eduardo,Navarro,Herrera,IPN,E,Mexicana,Dir 166
5653,Victor,Chavez,Romero,ITZ,P,Mexicana,Dir 662
5654,Andrea,Cortes,Sanchez,UPMOR,P,Mexicana,Dir 94
5655,Raul,Perez,Reyes,ITZ,P,Mexicana,Dir 691
5656,Arturo,Mendoza,Flores,UPMOR,E,Mexicana,Dir 131
5657,Jose,Paredes,Paredes,IPN,E,Mexicana,Dir 138
5658,Laura,Campos,Ortiz,UNAM,E,Mexicana,Dir 107
5659,Fernando,Mendoza,Medina,IPN,P,Mexicana,Dir 629
5660,Antonio,Dominguez,Sanchez,UTEZ,E,Mexicana,Dir 297
5661,Gael,Dominguez,Diaz,UNAM,P,Mexicana,Dir 485
5662,Diana,Romero,Valencia,IPN,P,Mexicana,Dir 796
5663,Sofia,Castro,Vega,IPN,P,Mexicana,Dir 855
5664,Hugo,Bautista,Paredes,UPMOR,P,Mexicana,Dir 457
5665,Ana,Rodriguez,Campos,UAEM,E,Mexicana,Dir 378
5666,Gabriela,Garza,Rios,UPMOR,P,Mexicana,Dir 702
5667,Sofia,Reyes,Velazquez,UPMOR,E,Mexicana,Dir 752
5668,Julio,Reyes,Ramirez,UTEZ,P,Mexicana,Dir 6
5669,Sofia,Castro,Reyes,UTEZ,P,Mexicana,Dir 127
5670,Carmen,Castro,Campos,IPN,E,Mexicana,Dir 463
5671,Javier,Avila,Reyes,IPN,P,Mexicana,Dir 287
5672,Leticia,Escobar,Castillo,UPMOR,P,Mexicana,Dir 128
5673,Diana,Bautista,Sosa,ITZ,E,Mexicana,Dir 971
5674,Adriana,Aguilar,Rodriguez,UNAM,E,Mexicana,Dir 143
5675,Diego,Silva,Bautista,UTEZ,P,Mexicana,Dir 575
5676,Andrea,Maldonado,Mendez,IPN,E,Mexicana,Dir 55
5677,Diego,Soto,Reyes,IPN,P,Mexicana,Dir 38
5678,Jesus,Morales,Diaz,IPN,E,Mexicana,Dir 751
5679,Sofia,Herrera,Reyes,UPMOR,P,Mexicana,Dir 830
5680,Ana,Espinoza,Ramirez,UTEZ,P,Mexicana,Dir 110
5681,Patricia,Sosa,Silva,UPMOR,P,Mexicana,Dir 542
5682,Laura,Aguilar,Dominguez,ITZ,P,Mexicana,Dir 954
5683,Daniela,Gomez,Guzman,UAEM,P,Mexicana,Dir 586
5684,Jesus,Medina,Chavez,ITZ,P,Mexicana,Dir 259
5685,Jesus,Martinez,Maldonado,IPN,P,Mexicana,Dir 881
5686,Jesus,Gomez,Soto,UAEM,P,Mexicana,Dir 14
5687,Leticia,Castillo,Ortiz,UPMOR,E,Mexicana,Dir 163
5688,Paola,Salazar,Cabrera,UAEM,P,Mexicana,Dir 128
5689,Francisco,Diaz,Garcia,IPN,E,Mexicana,Dir 377
5690,Rumualdo,Escobar,Velazquez,ITZ,P,Mexicana,Dir 275
5691,Lucia,Silva,Vargas,UAEM,P,Mexicana,Dir 15
5692,Victor,Delgado,Rios,ITZ,P,Mexicana,Dir 856
5693,Esteban,Rios,Guzman,UTEZ,P,Mexicana,Dir 818
5694,Gerardo,Rojas,Mendez,UNAM,P,Mexicana,Dir 977
5695,Monica,Medina,Ortiz,UPMOR,E,Mexicana,Dir 202
5696,Beatriz,Mendoza,Vargas,UPMOR,P,Mexicana,Dir 974
5697,Luis,Garza,Lopez,UTEZ,P,Mexicana,Dir 619
5698,Carlos,Morales,Molina,ITZ,E,Mexicana,Dir 205
5699,Ruben,Valencia,Ruiz,IPN,P,Mexicana,Dir 535
5700,Ana,Romero,Cruz,IPN,P,Mexicana,Dir 450
5701,Jorge,Cordova,Cruz,IPN,E,Mexicana,Dir 689
5702,Adriana,Velazquez,Soto,UTEZ,E,Mexicana,Dir 648
5703,Valeria,Vega,Castro,UPMOR,P,Mexicana,Dir 169
5704,Oscar,Ramirez,Rodriguez,UAEM,P,Mexicana,Dir 926
5705,Sofia,Salazar,Reyes,IPN,P,Mexicana,Dir 948
5706,Beatriz,Rojas,Castro,UPMOR,E,Mexicana,Dir 797
5707,Esteban,Gutierrez,Gomez,ITZ,E,Mexicana,Dir 167
5708,Roberto,Sosa,Gonzalez,IPN,E,Mexicana,Dir 704
5709,Lorena,Avila,Aguilar,UAEM,P,Mexicana,Dir 400
5710,Valeria,Rodriguez,Guzman,UAEM,P,Mexicana,Dir 550
5711,Maria,Aguilar,Munoz,UTEZ,P,Mexicana,Dir 703
5712,Laura,Ortiz,Reyes,UNAM,E,Mexicana,Dir 761
5713,Carolina,Maldonado,Castillo,UPMOR,P,Mexicana,Dir 172
5714,Fernando,Campos,Munoz,UNAM,E,Mexicana,Dir 333
5715,Eduardo,Navarro,Garza,UPMOR,E,Mexicana,Dir 731
5716,Andrea,Flores,Romero,UAEM,P,Mexicana,Dir 49
5717,Diego,Mendoza,Reyes,UTEZ,P,Mexicana,Dir 290
5718,Paola,Cortes,Cordova,UTEZ,E,Mexicana,Dir 431
5719,Diana,Romero,Munoz,UNAM,P,Mexicana,Dir 454
5720,Ricardo,Munoz,Lopez,IPN,E,Mexicana,Dir 83
5721,Luis,Rojas,Vargas,UTEZ,P,Mexicana,Dir 725
5722,Hugo,Vargas,Lara,UNAM,P,Mexicana,Dir 504
5723,Carlos,Aguilar,Escobar,ITZ,P,Mexicana,Dir 994
5724,Rosa,Espinoza,Salazar,IPN,P,Mexicana,Dir 105
5725,Martin,Cortes,Cortes,UNAM,P,Mexicana,Dir 34
5726,Hugo,Paredes,Avila,ITZ,E,Mexicana,Dir 32
5727,Natalia,Velazquez,Rodriguez,UAEM,E,Mexicana,Dir 727
5728,Leticia,Dominguez,Paredes,UTEZ,E,Mexicana,Dir 261
5729,Diego,Garcia,Ramirez,UAEM,P,Mexicana,Dir 662
5730,Javier,Munoz,Diaz,UPMOR,E,Mexicana,Dir 149
5731,Veronica,Velazquez,Garza,UAEM,E,Mexicana,Dir 303
5732,Diego,Garza,Herrera,UAEM,E,Mexicana,Dir 346
5733,Eduardo,Cortes,Rojas,ITZ,P,Mexicana,Dir 482
5734,Martin,Sosa,Velazquez,UPMOR,P,Mexicana,Dir 6
5735,Diego,Sosa,Romero,UPMOR,E,Mexicana,Dir 129
5736,Julio,Delgado,Soto,ITZ,P,Mexicana,Dir 953
5737,Laura,Munoz,Morales,UNAM,P,Mexicana,Dir 827
5738,Teresa,Valencia,Lara,ITZ,P,Mexicana,Dir 849
5739,Javier,Hernandez,Mendoza,UTEZ,E,Mexicana,Dir 145
5740,Pedro,Salazar,Castro,IPN,P,Mexicana,Dir 942
5741,Carmen,Bautista,Lopez,UAEM,P,Mexicana,Dir 745
5742,Hector,Lopez,Ortiz,ITZ,P,Mexicana,Dir 175
5743,Beatriz,Garza,Sanchez,UAEM,P,Mexicana,Dir 135
5744,Jorge,Sanchez,Martinez,UNAM,P,Mexicana,Dir 637
5745,Beatriz,Rios,Guzman,UNAM,P,Mexicana,Dir 922
5746,Diego,Chavez,Vega,ITZ,E,Mexicana,Dir 202
5747,Manuel,Ramos,Rios,ITZ,P,Mexicana,Dir 516
5748,Eduardo,Perez,Guzman,UTEZ,E,Mexicana,Dir 627
5749,Leticia,Castro,Ramirez,UAEM,E,Mexicana,Dir 172
5750,Lorena,Herrera,Maldonado,UTEZ,P,Mexicana,Dir 106
5751,Luis,Garcia,Vargas,UTEZ,E,Mexicana,Dir 872
5752,Carolina,Silva,Rodriguez,UAEM,E,Mexicana,Dir 910
5753,Ricardo,Espinoza,Hernandez,UTEZ,P,Mexicana,Dir 846
5754,Antonio,Sanchez,Cabrera,UPMOR,E,Mexicana,Dir 525
5755,Rafael,Salazar,Perez,UPMOR,E,Mexicana,Dir 833
5756,Margarita,Chavez,Dominguez,UAEM,P,Mexicana,Dir 692
5757,Silvia,Rodriguez,Campos,UPMOR,E,Mexicana,Dir 57
5758,Rosa,Paredes,Molina,UTEZ,E,Mexicana,Dir 776
5759,Francisco,Sosa,Mendez,IPN,E,Mexicana,Dir 449
5760,Laura,Cortes,Munoz,IPN,E,Mexicana,Dir 770
5761,Elena,Campos,Velazquez,IPN,P,Mexicana,Dir 216
5762,Rafael,Guzman,Herrera,UNAM,E,Mexicana,Dir 70
5763,Valeria,Cortes,Velazquez,ITZ,P,Mexicana,Dir 209
5764,Jorge,Rios,Chavez,ITZ,P,Mexicana,Dir 312
5765,Veronica,Cruz,Rojas,UTEZ,E,Mexicana,Dir 601
5766,Gael,Ramirez,Ramos,UTEZ,E,Mexicana,Dir 521
5767,Maria,Velazquez,Cortes,ITZ,P,Mexicana,Dir 517
5768,Jorge,Reyes,Herrera,IPN,P,Mexicana,Dir 579
5769,Hector,Lara,Lara,IPN,E,Mexicana,Dir 730
5770,Veronica,Castro,Gomez,ITZ,P,Mexicana,Dir 138
5771,Carmen,Paredes,Martinez,UPMOR,P,Mexicana,Dir 930
5772,Rafael,Mejia,Reyes,ITZ,E,Mexicana,Dir 160
5773,Elena,Cortes,Martinez,UTEZ,P,Mexicana,Dir 510
5774,Martin,Mendez,Bautista,IPN,E,Mexicana,Dir 209
5775,Miguel,Rodriguez,Paredes,IPN,E,Mexicana,Dir 516
5776,Monica,Vega,Delgado,UAEM,E,Mexicana,Dir 395
5777,Natalia,Espinoza,Valencia,UPMOR,P,Mexicana,Dir 309
5778,Diego,Gonzalez,Ramos,UTEZ,P,Mexicana,Dir 222
5779,Miguel,Castillo,Espinoza,ITZ,P,Mexicana,Dir 23
5780,Silvia,Garcia,Cabrera,UPMOR,E,Mexicana,Dir 844
5781,Ana,Vega,Garcia,UNAM,E,Mexicana,Dir 957
5782,Jesus,Perez,Garza,ITZ,P,Mexicana,Dir 926
5783,Gael,Ruiz,Cervantes,IPN,E,Mexicana,Dir 437
5784,Claudia,Romero,Ramirez,IPN,E,Mexicana,Dir 340
5785,Eduardo,Espinoza,Mendez,UTEZ,P,Mexicana,Dir 268
5786,Gael,Romero,Ruiz,IPN,P,Mexicana,Dir 205
5787,Gael,Velazquez,Bautista,UPMOR,E,Mexicana,Dir 494
5788,Francisco,Cruz,Medina,ITZ,P,Mexicana,Dir 20
5789,Hector,Perez,Rojas,UAEM,P,Mexicana,Dir 649
5790,Daniela,Cortes,Cruz,ITZ,E,Mexicana,Dir 291
5791,Julio,Paredes,Castro,ITZ,E,Mexicana,Dir 97
5792,Esteban,Martinez,Soto,UNAM,E,Mexicana,Dir 439
5793,Teresa,Gonzalez,Garcia,IPN,E,Mexicana,Dir 609
5794,Francisco,Vega,Molina,UPMOR,E,Mexicana,Dir 8
5795,Gael,Avila,Mejia,UAEM,P,Mexicana,Dir 324
5796,Luis,Morales,Lara,UNAM,E,Mexicana,Dir 784
5797,Valeria,Mejia,Romero,ITZ,E,Mexicana,Dir 150
5798,Elena,Cabrera,Sanchez,UPMOR,P,Mexicana,Dir 228
5799,Beatriz,Sanchez,Morales,UAEM,P,Mexicana,Dir 50
5800,Jesus,Ramirez,Castillo,IPN,P,Mexicana,Dir 913
5801,Jorge,Ramirez,Maldonado,UPMOR,E,Mexicana,Dir 568
5802,Hector,Gonzalez,Perez,UNAM,P,Mexicana,Dir 413
5803,Jose,Reyes,Cordova,UAEM,P,Mexicana,Dir 389
5804,Martin,Bautista,Munoz,UNAM,P,Mexicana,Dir 861
5805,Sofia,Herrera,Reyes,UNAM,E,Mexicana,Dir 994
5806,Andrea,Garcia,Molina,UNAM,P,Mexicana,Dir 989
5807,Francisco,Aguilar,Perez,UNAM,P,Mexicana,Dir 485
5808,Lorena,Castro,Munoz,UPMOR,P,Mexicana,Dir 459
5809,Diana,Reyes,Martinez,UAEM,E,Mexicana,Dir 496
5810,Leticia,Ramos,Rojas,IPN,P,Mexicana,Dir 213
5811,Natalia,Cervantes,Lara,IPN,P,Mexicana,Dir 61
5812,Ana,Munoz,Castro,UPMOR,E,Mexicana,Dir 90
5813,Gabriela,Reyes,Romero,ITZ,E,Mexicana,Dir 680
5814,Rumualdo,Soto,Avila,IPN,P,Mexicana,Dir 919
5815,Miguel,Delgado,Flores,UPMOR,E,Mexicana,Dir 187
5816,Laura,Diaz,Munoz,UPMOR,P,Mexicana,Dir 964
5817,Martin,Bautista,Silva,UTEZ,E,Mexicana,Dir 493
5818,Ana,Aguilar,Reyes,ITZ,E,Mexicana,Dir 988
5819,Adriana,Cruz,Mejia,UPMOR,E,Mexicana,Dir 557
5820,Carmen,Lara,Bautista,UPMOR,P,Mexicana,Dir 312
5821,Rafael,Rojas,Perez,UAEM,P,Mexicana,Dir 653
5822,Elena,Silva,Cruz,UTEZ,P,Mexicana,Dir 920
5823,Rafael,Ortiz,Flores,ITZ,E,Mexicana,Dir 571
5824,Leticia,Sanchez,Munoz,IPN,E,Mexicana,Dir 910
5825,Antonio,Romero,Molina,UAEM,P,Mexicana,Dir 137
5826,Francisco,Rojas,Mendez,IPN,E,Mexicana,Dir 282
5827,Eduardo,Dominguez,Guzman,UTEZ,P,Mexicana,Dir 834
5828,Martin,Perez,Diaz,UAEM,E,Mexicana,Dir 360
5829,Raul,Vargas,Mendoza,IPN,E,Mexicana,Dir 743
5830,Esteban,Delgado,Garcia,ITZ,P,Mexicana,Dir 227
5831,Rafael,Ramos,Gomez,UNAM,E,Mexicana,Dir 624
5832,Hugo,Flores,Gonzalez,UPMOR,E,Mexicana,Dir 183
5833,Fernando,Navarro,Paredes,ITZ,E,Mexicana,Dir 432
5834,Alejandro,Gutierrez,Gonzalez,UTEZ,P,Mexicana,Dir 610
5835,Diego,Gomez,Gutierrez,UTEZ,E,Mexicana,Dir 35
5836,Beatriz,Herrera,Gonzalez,UAEM,E,Mexicana,Dir 425
5837,Arturo,Martinez,Valencia,UNAM,E,Mexicana,Dir 308
5838,Daniela,Salazar,Aguilar,UNAM,P,Mexicana,Dir 642
5839,Esteban,Cruz,Romero,IPN,P,Mexicana,Dir 160
5840,Maria,Espinoza,Salazar,UNAM,P,Mexicana,Dir 923
5841,Miguel,Castro,Guzman,UPMOR,P,Mexicana,Dir 551
5842,Raul,Garza,Sanchez,ITZ,E,Mexicana,Dir 191
5843,Veronica,Cabrera,Diaz,ITZ,P,Mexicana,Dir 329
5844,Adriana,Reyes,Diaz,UTEZ,E,Mexicana,Dir 599
5845,Andrea,Mendoza,Sosa,ITZ,P,Mexicana,Dir 908
5846,Jorge,Perez,Lara,UPMOR,P,Mexicana,Dir 387
5847,Teresa,Vega,Munoz,UAEM,P,Mexicana,Dir 897
5848,Valeria,Rojas,Rodriguez,UNAM,E,Mexicana,Dir 51
5849,Luis,Avila,Navarro,IPN,P,Mexicana,Dir 160
5850,Antonio,Perez,Cortes,UAEM,E,Mexicana,Dir 677
5851,Claudia,Ruiz,Paredes,UNAM,E,Mexicana,Dir 344
5852,Valeria,Gutierrez,Sosa,UNAM,P,Mexicana,Dir 904
5853,Claudia,Diaz,Cabrera,ITZ,E,Mexicana,Dir 493
5854,Susana,Martinez,Morales,ITZ,P,Mexicana,Dir 637
5855,Leticia,Gomez,Ramos,UTEZ,P,Mexicana,Dir 361
5856,Sofia,Dominguez,Chavez,ITZ,P,Mexicana,Dir 769
5857,Pedro,Diaz,Rodriguez,IPN,P,Mexicana,Dir 862
5858,Susana,Ortiz,Mendoza,IPN,P,Mexicana,Dir 967
5859,Oscar,Gutierrez,Gomez,IPN,P,Mexicana,Dir 401
5860,Rosa,Gonzalez,Guzman,UPMOR,P,Mexicana,Dir 164
5861,Andrea,Velazquez,Ortiz,UTEZ,P,Mexicana,Dir 599
5862,Diana,Mejia,Herrera,UTEZ,E,Mexicana,Dir 982
5863,Natalia,Lopez,Aguilar,IPN,P,Mexicana,Dir 655
5864,Javier,Flores,Silva,UTEZ,P,Mexicana,Dir 553
5865,Elena,Rojas,Dominguez,UNAM,P,Mexicana,Dir 862
5866,Rumualdo,Sanchez,Valencia,UTEZ,P,Mexicana,Dir 277
5867,Maria,Ruiz,Cortes,UNAM,P,Mexicana,Dir 986
5868,Miguel,Gonzalez,Rojas,UPMOR,P,Mexicana,Dir 210
5869,Teresa,Espinoza,Maldonado,UTEZ,P,Mexicana,Dir 703
5870,Carolina,Maldonado,Martinez,UPMOR,E,Mexicana,Dir 711
5871,Valeria,Soto,Romero,UTEZ,P,Mexicana,Dir 268
5872,Lorena,Campos,Cordova,UAEM,E,Mexicana,Dir 878
5873,Valeria,Rios,Ramirez,UTEZ,P,Mexicana,Dir 864
5874,Raul,Cruz,Lara,UAEM,P,Mexicana,Dir 458
5875,Gael,Lopez,Gutierrez,UNAM,P,Mexicana,Dir 98
5876,Elena,Sosa,Lara,UTEZ,P,Mexicana,Dir 579
5877,Sofia,Munoz,Dominguez,ITZ,P,Mexicana,Dir 731
5878,Roberto,Castro,Rios,ITZ,E,Mexicana,Dir 561
5879,Rafael,Velazquez,Mendoza,UAEM,E,Mexicana,Dir 75
5880,Jorge,Vega,Sanchez,UAEM,P,Mexicana,Dir 448
5881,Paola,Cabrera,Herrera,IPN,P,Mexicana,Dir 865
5882,Daniela,Garcia,Romero,UTEZ,E,Mexicana,Dir 567
5883,Silvia,Molina,Ortiz,UNAM,P,Mexicana,Dir 474
5884,Veronica,Valencia,Campos,UTEZ,E,Mexicana,Dir 361
5885,Paola,Cruz,Valencia,UPMOR,E,Mexicana,Dir 279
5886,Oscar,Diaz,Sanchez,ITZ,E,Mexicana,Dir 515
5887,Francisco,Lopez,Velazquez,UAEM,E,Mexicana,Dir 104
5888,Carolina,Rios,Escobar,UTEZ,E,Mexicana,Dir 744
5889,Daniela,Mejia,Cordova,ITZ,E,Mexicana,Dir 604
5890,Arturo,Cortes,Reyes,ITZ,E,Mexicana,Dir 227
5891,Beatriz,Medina,Medina,UNAM,P,Mexicana,Dir 546
5892,Susana,Escobar,Mejia,IPN,E,Mexicana,Dir 716
5893,Daniela,Ruiz,Ortiz,UNAM,P,Mexicana,Dir 170
5894,Carolina,Cortes,Mendoza,ITZ,P,Mexicana,Dir 974
5895,Lucia,Mejia,Molina,ITZ,E,Mexicana,Dir 759
5896,Ricardo,Cabrera,Martinez,UNAM,E,Mexicana,Dir 195
5897,Luis,Rios,Sosa,UAEM,P,Mexicana,Dir 950
5898,Ricardo,Ortiz,Gonzalez,UAEM,E,Mexicana,Dir 720
5899,Sofia,Flores,Valencia,IPN,P,Mexicana,Dir 726
5900,Diego,Munoz,Sanchez,UNAM,P,Mexicana,Dir 368
5901,Hugo,Gomez,Vargas,UAEM,E,Mexicana,Dir 85
5902,Margarita,Ramos,Castillo,UPMOR,P,Mexicana,Dir 915
5903,Luis,Paredes,Munoz,UTEZ,E,Mexicana,Dir 510
5904,Monica,Medina,Velazquez,IPN,E,Mexicana,Dir 388
5905,Victor,Salazar,Bautista,UPMOR,P,Mexicana,Dir 228
5906,Javier,Gonzalez,Campos,UAEM,E,Mexicana,Dir 531
5907,Claudia,Salazar,Ramirez,IPN,E,Mexicana,Dir 164
5908,Alejandro,Vargas,Vargas,UPMOR,E,Mexicana,Dir 95
5909,Jorge,Molina,Cervantes,UNAM,E,Mexicana,Dir 905
5910,Diana,Medina,Medina,IPN,P,Mexicana,Dir 959
5911,Beatriz,Cabrera,Escobar,ITZ,P,Mexicana,Dir 778
5912,Victor,Ramirez,Hernandez,ITZ,P,Mexicana,Dir 775
5913,Natalia,Espinoza,Cortes,ITZ,P,Mexicana,Dir 400
5914,Carolina,Cordova,Gomez,UPMOR,P,Mexicana,Dir 277
5915,Javier,Sosa,Paredes,ITZ,E,Mexicana,Dir 795
5916,Hector,Flores,Ruiz,UTEZ,E,Mexicana,Dir 959
5917,Claudia,Chavez,Avila,IPN,E,Mexicana,Dir 25
5918,Gerardo,Gomez,Molina,UAEM,E,Mexicana,Dir 978
5919,Victor,Gutierrez,Guzman,ITZ,P,Mexicana,Dir 240
5920,Teresa,Mendoza,Aguilar,ITZ,P,Mexicana,Dir 527
5921,Monica,Espinoza,Soto,ITZ,E,Mexicana,Dir 859
5922,Maria,Morales,Sanchez,UNAM,P,Mexicana,Dir 719
5923,Gabriela,Garza,Cordova,ITZ,E,Mexicana,Dir 652
5924,Sofia,Cortes,Reyes,UPMOR,E,Mexicana,Dir 19
5925,Martin,Dominguez,Avila,UNAM,E,Mexicana,Dir 64
5926,Rosa,Lara,Salazar,IPN,E,Mexicana,Dir 451
5927,Valeria,Herrera,Escobar,ITZ,P,Mexicana,Dir 823
5928,Rumualdo,Castillo,Rojas,UNAM,P,Mexicana,Dir 803
5929,Manuel,Castillo,Maldonado,ITZ,E,Mexicana,Dir 978
5930,Ricardo,Cordova,Medina,UTEZ,P,Mexicana,Dir 242
5931,Manuel,Bautista,Dominguez,UTEZ,P,Mexicana,Dir 621
5932,Margarita,Flores,Mendez,UTEZ,P,Mexicana,Dir 757
5933,Carmen,Bautista,Ramos,UTEZ,E,Mexicana,Dir 599
5934,Adriana,Campos,Gutierrez,UAEM,E,Mexicana,Dir 588
5935,Jose,Sosa,Escobar,IPN,E,Mexicana,Dir 962
5936,Beatriz,Silva,Lara,ITZ,P,Mexicana,Dir 518
5937,Natalia,Cortes,Vega,UTEZ,P,Mexicana,Dir 298
5938,Veronica,Munoz,Medina,UPMOR,P,Mexicana,Dir 649
5939,Daniela,Chavez,Bautista,UTEZ,E,Mexicana,Dir 659
5940,Silvia,Campos,Garcia,UPMOR,P,Mexicana,Dir 155
5941,Susana,Castro,Reyes,IPN,P,Mexicana,Dir 237
5942,Rumualdo,Aguilar,Gomez,IPN,P,Mexicana,Dir 526
5943,Gael,Aguilar,Sosa,UAEM,P,Mexicana,Dir 521
5944,Martha,Espinoza,Dominguez,UNAM,P,Mexicana,Dir 573
5945,Lucia,Castro,Rodriguez,ITZ,P,Mexicana,Dir 185
5946,Jorge,Vargas,Campos,UTEZ,E,Mexicana,Dir 803
5947,Ricardo,Aguilar,Paredes,ITZ,E,Mexicana,Dir 342
5948,Teresa,Vargas,Cabrera,UTEZ,P,Mexicana,Dir 185
5949,Daniela,Castillo,Paredes,IPN,E,Mexicana,Dir 612
5950,Alejandro,Morales,Cruz,UNAM,E,Mexicana,Dir 257
5951,Natalia,Hernandez,Campos,UPMOR,E,Mexicana,Dir 780
5952,Fernando,Sosa,Castro,UNAM,P,Mexicana,Dir 922
5953,Claudia,Cordova,Flores,UAEM,P,Mexicana,Dir 882
5954,Lucia,Delgado,Ramirez,IPN,P,Mexicana,Dir 905
5955,Jorge,Cruz,Maldonado,UTEZ,E,Mexicana,Dir 218
5956,Jesus,Salazar,Soto,UNAM,E,Mexicana,Dir 830
5957,Carlos,Salazar,Silva,UNAM,E,Mexicana,Dir 807
5958,Martin,Castro,Delgado,IPN,P,Mexicana,Dir 640
5959,Lucia,Perez,Campos,IPN,E,Mexicana,Dir 158
5960,Carolina,Cabrera,Garza,ITZ,E,Mexicana,Dir 529
5961,Gael,Lopez,Rios,UAEM,P,Mexicana,Dir 431
5962,Esteban,Medina,Velazquez,IPN,E,Mexicana,Dir 507
5963,Diana,Cordova,Gonzalez,ITZ,P,Mexicana,Dir 886
5964,Margarita,Avila,Ruiz,UNAM,P,Mexicana,Dir 395
5965,Ruben,Cervantes,Cruz,ITZ,E,Mexicana,Dir 711
5966,Rumualdo,Cruz,Gonzalez,IPN,P,Mexicana,Dir 413
5967,Sofia,Cortes,Escobar,UNAM,P,Mexicana,Dir 442
5968,Ruben,Dominguez,Cabrera,UNAM,E,Mexicana,Dir 276
5969,Lorena,Sanchez,Soto,ITZ,E,Mexicana,Dir 552
5970,Beatriz,Mendez,Herrera,UNAM,E,Mexicana,Dir 326
5971,Lorena,Reyes,Mendez,UNAM,P,Mexicana,Dir 905
5972,Jesus,Ramirez,Avila,UAEM,E,Mexicana,Dir 416
5973,Miguel,Castro,Garcia,ITZ,P,Mexicana,Dir 155
5974,Jesus,Reyes,Garcia,UAEM,E,Mexicana,Dir 938
5975,Rafael,Martinez,Gutierrez,UTEZ,P,Mexicana,Dir 170
5976,Jesus,Rios,Soto,UNAM,P,Mexicana,Dir 147
5977,Manuel,Campos,Avila,ITZ,E,Mexicana,Dir 788
5978,Claudia,Ramos,Mendoza,ITZ,P,Mexicana,Dir 705
5979,Daniela,Salazar,Morales,ITZ,E,Mexicana,Dir 127
5980,Rumualdo,Espinoza,Espinoza,IPN,E,Mexicana,Dir 95
5981,Lorena,Gonzalez,Munoz,IPN,P,Mexicana,Dir 772
5982,Julio,Flores,Romero,IPN,E,Mexicana,Dir 556
5983,Adriana,Hernandez,Sosa,UAEM,E,Mexicana,Dir 345
5984,Rosa,Paredes,Ruiz,UTEZ,P,Mexicana,Dir 109
5985,Raul,Reyes,Ramirez,UAEM,E,Mexicana,Dir 741
5986,Julio,Cruz,Cortes,UAEM,P,Mexicana,Dir 959
5987,Sofia,Sosa,Reyes,ITZ,P,Mexicana,Dir 963
5988,Luis,Sanchez,Gonzalez,IPN,P,Mexicana,Dir 429
5989,Esteban,Romero,Salazar,IPN,E,Mexicana,Dir 327
5990,Natalia,Ramirez,Ortiz,IPN,P,Mexicana,Dir 917
5991,Luis,Hernandez,Cortes,ITZ,P,Mexicana,Dir 482
5992,Gael,Ramos,Flores,ITZ,P,Mexicana,Dir 200
5993,Teresa,Campos,Reyes,UPMOR,P,Mexicana,Dir 788
5994,Daniela,Garza,Hernandez,IPN,E,Mexicana,Dir 599
5995,Jesus,Chavez,Reyes,UAEM,P,Mexicana,Dir 553
5996,Leticia,Gutierrez,Morales,UTEZ,P,Mexicana,Dir 130
5997,Oscar,Cruz,Herrera,UTEZ,P,Mexicana,Dir 853
5998,Diego,Rodriguez,Perez,UAEM,E,Mexicana,Dir 166
5999,Jose,Silva,Dominguez,UTEZ,E,Mexicana,Dir 760
6000,Daniela,Vega,Ruiz,UTEZ,P,Mexicana,Dir 10
6001,Carlos,Maldonado,Rios,IPN,P,Mexicana,Dir 212
6002,Diana,Navarro,Campos,UTEZ,P,Mexicana,Dir 392
6003,Esteban,Mendoza,Vargas,UTEZ,E,Mexicana,Dir 824
6004,Antonio,Maldonado,Martinez,IPN,P,Mexicana,Dir 203
6005,Carlos,Escobar,Cruz,IPN,P,Mexicana,Dir 504
6006,Miguel,Garcia,Rodriguez,UAEM,P,Mexicana,Dir 653
6007,Jorge,Soto,Diaz,ITZ,E,Mexicana,Dir 277
6008,Javier,Navarro,Avila,ITZ,P,Mexicana,Dir 720
6009,Carlos,Chavez,Mendoza,UTEZ,E,Mexicana,Dir 877
6010,Adriana,Valencia,Mendez,UTEZ,P,Mexicana,Dir 707
6011,Carmen,Martinez,Ruiz,ITZ,P,Mexicana,Dir 982
6012,Daniela,Bautista,Valencia,UAEM,P,Mexicana,Dir 198
6013,Diego,Lara,Castillo,IPN,P,Mexicana,Dir 51
6014,Sofia,Ruiz,Lopez,UPMOR,P,Mexicana,Dir 460
6015,Jose,Herrera,Lara,UNAM,P,Mexicana,Dir 161
6016,Teresa,Cruz,Ruiz,IPN,P,Mexicana,Dir 637
6017,Adriana,Lara,Munoz,ITZ,E,Mexicana,Dir 862
6018,Teresa,Cervantes,Sanchez,UPMOR,E,Mexicana,Dir 986
6019,Silvia,Mendoza,Sanchez,IPN,P,Mexicana,Dir 549
6020,Martin,Garza,Cordova,UPMOR,E,Mexicana,Dir 47
6021,Maria,Gomez,Dominguez,ITZ,E,Mexicana,Dir 60
6022,Silvia,Castillo,Salazar,UNAM,P,Mexicana,Dir 931
6023,Fernando,Gonzalez,Ramirez,UPMOR,E,Mexicana,Dir 903
6024,Oscar,Valencia,Sosa,UNAM,P,Mexicana,Dir 28
6025,Daniela,Soto,Gutierrez,UPMOR,E,Mexicana,Dir 789
6026,Beatriz,Guzman,Castillo,IPN,E,Mexicana,Dir 493
6027,Beatriz,Sosa,Bautista,UAEM,E,Mexicana,Dir 735
6028,Hugo,Rodriguez,Cabrera,UAEM,E,Mexicana,Dir 135
6029,Rumualdo,Garcia,Medina,IPN,E,Mexicana,Dir 720
6030,Roberto,Ortiz,Reyes,IPN,E,Mexicana,Dir 245
6031,Monica,Cordova,Ramirez,IPN,P,Mexicana,Dir 713
6032,Leticia,Rojas,Navarro,UTEZ,E,Mexicana,Dir 514
6033,Jorge,Avila,Diaz,UNAM,E,Mexicana,Dir 830
6034,Silvia,Escobar,Sosa,IPN,E,Mexicana,Dir 553
6035,Diego,Navarro,Molina,UPMOR,E,Mexicana,Dir 538
6036,Jorge,Rios,Aguilar,IPN,E,Mexicana,Dir 846
6037,Lucia,Morales,Martinez,UPMOR,E,Mexicana,Dir 65
6038,Lucia,Molina,Sanchez,IPN,E,Mexicana,Dir 619
6039,Ana,Campos,Gomez,UTEZ,E,Mexicana,Dir 328
6040,Javier,Medina,Mendoza,UAEM,E,Mexicana,Dir 40
6041,Jesus,Herrera,Garza,IPN,E,Mexicana,Dir 955
6042,Lorena,Cervantes,Ruiz,UNAM,P,Mexicana,Dir 159
6043,Jose,Valencia,Bautista,UNAM,E,Mexicana,Dir 688
6044,Monica,Rodriguez,Reyes,UPMOR,P,Mexicana,Dir 420
6045,Carolina,Vega,Rodriguez,UPMOR,P,Mexicana,Dir 313
6046,Fernando,Mejia,Rodriguez,IPN,E,Mexicana,Dir 518
6047,Diego,Medina,Ramos,UTEZ,P,Mexicana,Dir 425
6048,Rumualdo,Vargas,Espinoza,UTEZ,E,Mexicana,Dir 719
6049,Jose,Chavez,Rojas,UTEZ,P,Mexicana,Dir 989
6050,Manuel,Gonzalez,Chavez,IPN,E,Mexicana,Dir 763
6051,Rafael,Garcia,Chavez,UAEM,E,Mexicana,Dir 235
6052,Eduardo,Perez,Cordova,UTEZ,E,Mexicana,Dir 994
6053,Ana,Mendez,Mendoza,UAEM,P,Mexicana,Dir 594
6054,Diego,Cervantes,Avila,UNAM,E,Mexicana,Dir 64
6055,Fernando,Rodriguez,Cabrera,IPN,E,Mexicana,Dir 745
6056,Carmen,Castro,Mendoza,ITZ,E,Mexicana,Dir 976
6057,Monica,Gonzalez,Vega,UTEZ,P,Mexicana,Dir 347
6058,Antonio,Perez,Rojas,UAEM,E,Mexicana,Dir 497
6059,Manuel,Paredes,Mendez,ITZ,E,Mexicana,Dir 661
6060,Rosa,Cortes,Morales,ITZ,P,Mexicana,Dir 359
6061,Jesus,Espinoza,Perez,IPN,E,Mexicana,Dir 756
6062,Margarita,Romero,Munoz,UPMOR,P,Mexicana,Dir 296
6063,Carmen,Romero,Hernandez,IPN,P,Mexicana,Dir 485
6064,Victor,Mejia,Reyes,ITZ,P,Mexicana,Dir 434
6065,Raul,Paredes,Perez,UAEM,E,Mexicana,Dir 123
6066,Maria,Herrera,Medina,IPN,E,Mexicana,Dir 580
6067,Rumualdo,Cabrera,Espinoza,UAEM,P,Mexicana,Dir 575
6068,Hugo,Ramos,Salazar,UTEZ,E,Mexicana,Dir 522
6069,Carlos,Molina,Ramos,UNAM,P,Mexicana,Dir 352
6070,Raul,Sosa,Diaz,UTEZ,E,Mexicana,Dir 58
6071,Esteban,Gutierrez,Diaz,UNAM,P,Mexicana,Dir 108
6072,Rosa,Valencia,Castro,UPMOR,P,Mexicana,Dir 768
6073,Javier,Espinoza,Espinoza,UPMOR,P,Mexicana,Dir 877
6074,Esteban,Valencia,Paredes,UPMOR,P,Mexicana,Dir 609
6075,Sofia,Gonzalez,Castro,UNAM,E,Mexicana,Dir 549
6076,Lucia,Diaz,Navarro,UNAM,E,Mexicana,Dir 547
6077,Teresa,Cabrera,Guzman,UNAM,P,Mexicana,Dir 146
6078,Jose,Velazquez,Rojas,UNAM,E,Mexicana,Dir 278
6079,Roberto,Rodriguez,Navarro,IPN,E,Mexicana,Dir 451
6080,Rafael,Avila,Rodriguez,UAEM,P,Mexicana,Dir 214
6081,Lucia,Paredes,Valencia,UTEZ,E,Mexicana,Dir 79
6082,Beatriz,Cordova,Dominguez,UPMOR,E,Mexicana,Dir 575
6083,Eduardo,Cordova,Espinoza,IPN,P,Mexicana,Dir 1000
6084,Ricardo,Gutierrez,Delgado,UTEZ,P,Mexicana,Dir 15
6085,Margarita,Martinez,Ramirez,IPN,E,Mexicana,Dir 590
6086,Jesus,Soto,Diaz,ITZ,P,Mexicana,Dir 251
6087,Sofia,Cortes,Cabrera,ITZ,E,Mexicana,Dir 385
6088,Valeria,Silva,Garza,ITZ,E,Mexicana,Dir 520
6089,Rafael,Chavez,Espinoza,UTEZ,E,Mexicana,Dir 252
6090,Maria,Romero,Campos,UNAM,P,Mexicana,Dir 789
6091,Carmen,Ruiz,Flores,UTEZ,E,Mexicana,Dir 657
6092,Veronica,Valencia,Paredes,UAEM,E,Mexicana,Dir 123
6093,Paola,Castro,Mejia,UNAM,E,Mexicana,Dir 47
6094,Elena,Molina,Silva,UNAM,P,Mexicana,Dir 443
6095,Rumualdo,Rojas,Silva,UTEZ,P,Mexicana,Dir 947
6096,Susana,Perez,Hernandez,UNAM,E,Mexicana,Dir 929
6097,Carmen,Munoz,Vega,IPN,P,Mexicana,Dir 173
6098,Gael,Gomez,Herrera,ITZ,E,Mexicana,Dir 607
6099,Hector,Avila,Ortiz,UNAM,E,Mexicana,Dir 664
6100,Arturo,Herrera,Lara,UAEM,P,Mexicana,Dir 836
6101,Victor,Mejia,Cabrera,UTEZ,P,Mexicana,Dir 365
6102,Luis,Guzman,Sanchez,UPMOR,E,Mexicana,Dir 559
6103,Andrea,Gomez,Rojas,UNAM,P,Mexicana,Dir 156
6104,Carolina,Flores,Cortes,UAEM,P,Mexicana,Dir 412
6105,Leticia,Gonzalez,Dominguez,UPMOR,E,Mexicana,Dir 858
6106,Raul,Medina,Delgado,UTEZ,P,Mexicana,Dir 287
6107,Monica,Ruiz,Cabrera,UAEM,P,Mexicana,Dir 533
6108,Jesus,Rodriguez,Delgado,UAEM,E,Mexicana,Dir 575
6109,Susana,Guzman,Navarro,UPMOR,E,Mexicana,Dir 869
6110,Veronica,Gonzalez,Avila,UPMOR,P,Mexicana,Dir 803
6111,Jose,Ortiz,Garcia,UNAM,E,Mexicana,Dir 627
6112,Carlos,Flores,Cruz,ITZ,E,Mexicana,Dir 664
6113,Margarita,Mendez,Garza,IPN,E,Mexicana,Dir 556
6114,Ricardo,Mejia,Medina,UTEZ,P,Mexicana,Dir 4
6115,Ricardo,Aguilar,Gomez,UTEZ,P,Mexicana,Dir 899
6116,Manuel,Sosa,Morales,UTEZ,P,Mexicana,Dir 810
6117,Ricardo,Paredes,Rojas,UNAM,P,Mexicana,Dir 150
6118,Oscar,Mendez,Silva,ITZ,P,Mexicana,Dir 472
6119,Laura,Espinoza,Bautista,UNAM,E,Mexicana,Dir 723
6120,Lorena,Romero,Lara,UTEZ,E,Mexicana,Dir 60
6121,Lorena,Garza,Molina,UAEM,P,Mexicana,Dir 423
6122,Paola,Flores,Lara,UPMOR,E,Mexicana,Dir 27
6123,Patricia,Rojas,Chavez,UPMOR,P,Mexicana,Dir 902
6124,Susana,Cortes,Ortiz,UNAM,P,Mexicana,Dir 814
6125,Susana,Ramos,Herrera,UAEM,E,Mexicana,Dir 339
6126,Roberto,Ortiz,Ramos,UAEM,E,Mexicana,Dir 801
6127,Maria,Rios,Gomez,UNAM,P,Mexicana,Dir 927
6128,Jorge,Lopez,Cabrera,UAEM,P,Mexicana,Dir 893
6129,Manuel,Hernandez,Rios,UTEZ,E,Mexicana,Dir 477
6130,Adriana,Castro,Guzman,ITZ,P,Mexicana,Dir 150
6131,Raul,Maldonado,Rodriguez,UAEM,P,Mexicana,Dir 247
6132,Veronica,Herrera,Maldonado,UAEM,E,Mexicana,Dir 671
6133,Patricia,Rios,Vega,UTEZ,E,Mexicana,Dir 413
6134,Teresa,Morales,Mendoza,IPN,E,Mexicana,Dir 424
6135,Rosa,Medina,Hernandez,ITZ,E,Mexicana,Dir 274
6136,Elena,Mejia,Salazar,UPMOR,E,Mexicana,Dir 671
6137,Javier,Maldonado,Cortes,UNAM,E,Mexicana,Dir 204
6138,Carolina,Velazquez,Aguilar,UNAM,P,Mexicana,Dir 523
6139,Miguel,Romero,Silva,UAEM,P,Mexicana,Dir 657
6140,Hector,Castillo,Gomez,UAEM,P,Mexicana,Dir 457
6141,Manuel,Avila,Cabrera,UNAM,P,Mexicana,Dir 806
6142,Gabriela,Dominguez,Rojas,IPN,E,Mexicana,Dir 170
6143,Leticia,Lopez,Munoz,UTEZ,E,Mexicana,Dir 846
6144,Martha,Cervantes,Morales,IPN,P,Mexicana,Dir 313
6145,Beatriz,Avila,Cordova,UNAM,P,Mexicana,Dir 847
6146,Claudia,Castro,Navarro,UPMOR,E,Mexicana,Dir 973
6147,Julio,Castro,Sanchez,UAEM,E,Mexicana,Dir 536
6148,Rumualdo,Diaz,Rodriguez,UNAM,P,Mexicana,Dir 916
6149,Veronica,Lara,Medina,UTEZ,E,Mexicana,Dir 974
6150,Gael,Ortiz,Garza,UNAM,P,Mexicana,Dir 612
6151,Elena,Paredes,Valencia,IPN,P,Mexicana,Dir 158
6152,Patricia,Rios,Delgado,UAEM,E,Mexicana,Dir 361
6153,Rafael,Hernandez,Gutierrez,IPN,E,Mexicana,Dir 650
6154,Gerardo,Lopez,Chavez,UNAM,P,Mexicana,Dir 12
6155,Gerardo,Escobar,Castillo,UAEM,E,Mexicana,Dir 487
6156,Victor,Valencia,Salazar,UNAM,P,Mexicana,Dir 650
6157,Julio,Cordova,Gonzalez,ITZ,E,Mexicana,Dir 796
6158,Beatriz,Avila,Mendez,UTEZ,E,Mexicana,Dir 418
6159,Jesus,Mejia,Romero,UAEM,P,Mexicana,Dir 823
6160,Hector,Gomez,Silva,UTEZ,E,Mexicana,Dir 262
6161,Pedro,Dominguez,Gomez,UPMOR,P,Mexicana,Dir 192
6162,Antonio,Cabrera,Avila,UAEM,P,Mexicana,Dir 739
6163,Teresa,Navarro,Garcia,UTEZ,P,Mexicana,Dir 966
6164,Claudia,Hernandez,Sosa,ITZ,P,Mexicana,Dir 722
6165,Susana,Maldonado,Ramirez,UNAM,E,Mexicana,Dir 256
6166,Carolina,Escobar,Maldonado,UNAM,P,Mexicana,Dir 724
6167,Carlos,Perez,Hernandez,UNAM,E,Mexicana,Dir 668
6168,Antonio,Escobar,Munoz,ITZ,P,Mexicana,Dir 491
6169,Carolina,Gomez,Mendez,UTEZ,E,Mexicana,Dir 687
6170,Margarita,Navarro,Mejia,UNAM,P,Mexicana,Dir 196
6171,Hugo,Sosa,Cordova,ITZ,P,Mexicana,Dir 244
6172,Ricardo,Perez,Rios,UTEZ,P,Mexicana,Dir 360
6173,Maria,Morales,Ruiz,IPN,P,Mexicana,Dir 56
6174,Veronica,Navarro,Sanchez,UTEZ,P,Mexicana,Dir 336
6175,Roberto,Rojas,Reyes,UTEZ,P,Mexicana,Dir 175
6176,Susana,Garcia,Molina,UNAM,P,Mexicana,Dir 1
6177,Oscar,Espinoza,Herrera,IPN,P,Mexicana,Dir 55
6178,Valeria,Reyes,Dominguez,ITZ,P,Mexicana,Dir 658
6179,Jesus,Rojas,Lopez,UTEZ,E,Mexicana,Dir 142
6180,Manuel,Ortiz,Lara,UTEZ,P,Mexicana,Dir 774
6181,Carmen,Rios,Valencia,UPMOR,P,Mexicana,Dir 684
6182,Alejandro,Ruiz,Garcia,IPN,P,Mexicana,Dir 322
6183,Gael,Ramirez,Velazquez,UAEM,E,Mexicana,Dir 593
6184,Gerardo,Perez,Paredes,ITZ,E,Mexicana,Dir 454
6185,Carlos,Castro,Lopez,UPMOR,E,Mexicana,Dir 89
6186,Diego,Navarro,Rodriguez,ITZ,P,Mexicana,Dir 944
6187,Jesus,Garza,Velazquez,UAEM,P,Mexicana,Dir 362
6188,Veronica,Escobar,Delgado,IPN,E,Mexicana,Dir 639
6189,Sofia,Ortiz,Dominguez,UTEZ,E,Mexicana,Dir 843
6190,Monica,Romero,Salazar,UNAM,E,Mexicana,Dir 429
6191,Jesus,Bautista,Dominguez,IPN,P,Mexicana,Dir 47
6192,Rosa,Bautista,Mendez,UTEZ,P,Mexicana,Dir 268
6193,Rosa,Medina,Rios,UTEZ,E,Mexicana,Dir 969
6194,Adriana,Gonzalez,Bautista,IPN,P,Mexicana,Dir 259
6195,Gabriela,Campos,Aguilar,IPN,P,Mexicana,Dir 414
6196,Fernando,Campos,Campos,IPN,P,Mexicana,Dir 396
6197,Hugo,Bautista,Lopez,UAEM,E,Mexicana,Dir 283
6198,Andrea,Vargas,Cabrera,UNAM,E,Mexicana,Dir 928
6199,Victor,Ramirez,Mendoza,UNAM,P,Mexicana,Dir 444
6200,Raul,Navarro,Mejia,IPN,P,Mexicana,Dir 800
6201,Manuel,Perez,Aguilar,UTEZ,E,Mexicana,Dir 215
6202,Laura,Romero,Diaz,ITZ,E,Mexicana,Dir 635
6203,Ricardo,Ruiz,Ramirez,UAEM,E,Mexicana,Dir 739
6204,Miguel,Paredes,Cervantes,UAEM,P,Mexicana,Dir 158
6205,Diana,Ramirez,Romero,UAEM,P,Mexicana,Dir 19
6206,Manuel,Cruz,Avila,UAEM,P,Mexicana,Dir 667
6207,Pedro,Maldonado,Garcia,UAEM,E,Mexicana,Dir 623
6208,Patricia,Diaz,Mejia,UNAM,E,Mexicana,Dir 171
6209,Maria,Guzman,Soto,IPN,P,Mexicana,Dir 870
6210,Patricia,Campos,Gomez,ITZ,E,Mexicana,Dir 355
6211,Jose,Escobar,Lara,ITZ,P,Mexicana,Dir 696
6212,Beatriz,Soto,Diaz,IPN,P,Mexicana,Dir 381
6213,Elena,Ruiz,Rojas,UPMOR,P,Mexicana,Dir 725
6214,Fernando,Gutierrez,Silva,IPN,P,Mexicana,Dir 328
6215,Claudia,Valencia,Diaz,UAEM,E,Mexicana,Dir 69
6216,Lucia,Vargas,Ortiz,UTEZ,E,Mexicana,Dir 750
6217,Antonio,Velazquez,Rojas,IPN,P,Mexicana,Dir 963
6218,Esteban,Salazar,Mendez,IPN,P,Mexicana,Dir 334
6219,Esteban,Cortes,Perez,UNAM,P,Mexicana,Dir 321
6220,Francisco,Ramirez,Gomez,UAEM,P,Mexicana,Dir 628
6221,Lucia,Rios,Gonzalez,ITZ,P,Mexicana,Dir 827
6222,Julio,Ramirez,Guzman,IPN,P,Mexicana,Dir 400
6223,Francisco,Reyes,Cortes,IPN,P,Mexicana,Dir 225
6224,Valeria,Velazquez,Rodriguez,UPMOR,E,Mexicana,Dir 318
6225,Lucia,Maldonado,Ruiz,UTEZ,P,Mexicana,Dir 813
6226,Laura,Romero,Campos,IPN,E,Mexicana,Dir 792
6227,Lucia,Vargas,Flores,UAEM,P,Mexicana,Dir 873
6228,Silvia,Cabrera,Cabrera,IPN,P,Mexicana,Dir 748
6229,Sofia,Cabrera,Ramirez,UNAM,E,Mexicana,Dir 761
6230,Silvia,Gonzalez,Mejia,ITZ,E,Mexicana,Dir 829
6231,Miguel,Escobar,Mendez,ITZ,P,Mexicana,Dir 626
6232,Lucia,Navarro,Ruiz,UAEM,E,Mexicana,Dir 668
6233,Lucia,Dominguez,Vargas,IPN,E,Mexicana,Dir 922
6234,Margarita,Mejia,Velazquez,UAEM,P,Mexicana,Dir 949
6235,Carolina,Valencia,Romero,IPN,E,Mexicana,Dir 875
6236,Eduardo,Castillo,Mejia,UNAM,P,Mexicana,Dir 192
6237,Lorena,Aguilar,Espinoza,IPN,P,Mexicana,Dir 240
6238,Ricardo,Morales,Chavez,UNAM,P,Mexicana,Dir 601
6239,Claudia,Velazquez,Ramos,UNAM,E,Mexicana,Dir 611
6240,Gael,Gomez,Vega,ITZ,P,Mexicana,Dir 201
6241,Martha,Escobar,Herrera,UNAM,P,Mexicana,Dir 330
6242,Miguel,Paredes,Sosa,UNAM,P,Mexicana,Dir 317
6243,Roberto,Mejia,Cruz,UAEM,E,Mexicana,Dir 655
6244,Martin,Munoz,Valencia,UTEZ,E,Mexicana,Dir 941
6245,Natalia,Castro,Bautista,ITZ,E,Mexicana,Dir 903
6246,Gabriela,Flores,Bautista,UPMOR,P,Mexicana,Dir 262
6247,Javier,Aguilar,Ruiz,IPN,P,Mexicana,Dir 584
6248,Susana,Salazar,Diaz,IPN,E,Mexicana,Dir 764
6249,Rafael,Dominguez,Espinoza,UPMOR,P,Mexicana,Dir 664
6250,Monica,Navarro,Reyes,ITZ,P,Mexicana,Dir 79
6251,Jesus,Cortes,Bautista,UAEM,E,Mexicana,Dir 668
6252,Susana,Medina,Velazquez,UAEM,P,Mexicana,Dir 110
6253,Miguel,Sanchez,Paredes,UNAM,P,Mexicana,Dir 944
6254,Adriana,Vargas,Aguilar,UAEM,E,Mexicana,Dir 855
6255,Gael,Diaz,Soto,UNAM,P,Mexicana,Dir 523
6256,Jesus,Cortes,Aguilar,UPMOR,P,Mexicana,Dir 819
6257,Gael,Salazar,Vargas,IPN,P,Mexicana,Dir 584
6258,Jesus,Guzman,Valencia,UNAM,E,Mexicana,Dir 169
6259,Patricia,Herrera,Bautista,IPN,E,Mexicana,Dir 227
6260,Manuel,Aguilar,Navarro,ITZ,P,Mexicana,Dir 544
6261,Miguel,Flores,Rodriguez,IPN,E,Mexicana,Dir 667
6262,Ruben,Mejia,Rios,IPN,E,Mexicana,Dir 257
6263,Ruben,Chavez,Ramirez,UTEZ,E,Mexicana,Dir 511
6264,Daniela,Munoz,Escobar,ITZ,E,Mexicana,Dir 633
6265,Martin,Espinoza,Gomez,UPMOR,P,Mexicana,Dir 801
6266,Susana,Herrera,Guzman,UTEZ,P,Mexicana,Dir 532
6267,Gerardo,Martinez,Cabrera,UTEZ,E,Mexicana,Dir 209
6268,Susana,Ortiz,Vargas,UNAM,E,Mexicana,Dir 788
6269,Laura,Garza,Mendez,UAEM,P,Mexicana,Dir 118
6270,Pedro,Medina,Avila,UNAM,P,Mexicana,Dir 349
6271,Patricia,Vargas,Sosa,IPN,E,Mexicana,Dir 827
6272,Javier,Romero,Ramirez,IPN,E,Mexicana,Dir 92
6273,Pedro,Dominguez,Munoz,IPN,P,Mexicana,Dir 396
6274,Pedro,Ramirez,Reyes,UPMOR,E,Mexicana,Dir 932
6275,Gerardo,Escobar,Cabrera,UNAM,E,Mexicana,Dir 773
6276,Lucia,Ramirez,Maldonado,IPN,P,Mexicana,Dir 312
6277,Luis,Ramirez,Mejia,IPN,P,Mexicana,Dir 602
6278,Veronica,Mendez,Bautista,ITZ,E,Mexicana,Dir 43
6279,Gabriela,Delgado,Ramirez,UAEM,P,Mexicana,Dir 137
6280,Gael,Guzman,Escobar,IPN,P,Mexicana,Dir 675
6281,Sofia,Hernandez,Cabrera,UAEM,E,Mexicana,Dir 722
6282,Patricia,Garza,Velazquez,IPN,P,Mexicana,Dir 814
6283,Maria,Gonzalez,Garza,UTEZ,E,Mexicana,Dir 436
6284,Laura,Mendez,Rios,ITZ,P,Mexicana,Dir 135
6285,Rosa,Romero,Vargas,UNAM,E,Mexicana,Dir 999
6286,Lorena,Ruiz,Castillo,IPN,E,Mexicana,Dir 847
6287,Martha,Rojas,Castro,UPMOR,E,Mexicana,Dir 589
6288,Elena,Castro,Herrera,UTEZ,E,Mexicana,Dir 638
6289,Victor,Martinez,Cortes,UAEM,E,Mexicana,Dir 164
6290,Francisco,Ruiz,Gomez,ITZ,E,Mexicana,Dir 413
6291,Jesus,Navarro,Vega,ITZ,E,Mexicana,Dir 210
6292,Maria,Mendez,Avila,UTEZ,E,Mexicana,Dir 50
6293,Leticia,Castro,Cordova,UNAM,E,Mexicana,Dir 566
6294,Francisco,Mejia,Salazar,UAEM,E,Mexicana,Dir 928
6295,Martin,Valencia,Sanchez,UNAM,E,Mexicana,Dir 214
6296,Raul,Castro,Cervantes,IPN,E,Mexicana,Dir 520
6297,Andrea,Avila,Cortes,UNAM,P,Mexicana,Dir 972
6298,Susana,Molina,Ramos,UAEM,P,Mexicana,Dir 780
6299,Ricardo,Rojas,Rios,ITZ,P,Mexicana,Dir 47
6300,Maria,Castro,Sosa,ITZ,E,Mexicana,Dir 124
6301,Valeria,Chavez,Cervantes,IPN,E,Mexicana,Dir 9
6302,Patricia,Avila,Reyes,UAEM,P,Mexicana,Dir 724
6303,Pedro,Avila,Rojas,UTEZ,E,Mexicana,Dir 954
6304,Elena,Herrera,Castillo,ITZ,E,Mexicana,Dir 200
6305,Ana,Bautista,Vega,UAEM,E,Mexicana,Dir 764
6306,Diego,Aguilar,Sosa,IPN,P,Mexicana,Dir 57
6307,Ricardo,Rodriguez,Garcia,UNAM,E,Mexicana,Dir 397
6308,Martin,Vega,Guzman,UAEM,P,Mexicana,Dir 767
6309,Alejandro,Perez,Ortiz,ITZ,E,Mexicana,Dir 694
6310,Gabriela,Salazar,Silva,ITZ,E,Mexicana,Dir 50
6311,Rumualdo,Ramos,Diaz,UTEZ,E,Mexicana,Dir 175
6312,Rosa,Ruiz,Martinez,ITZ,E,Mexicana,Dir 290
6313,Martha,Cervantes,Espinoza,IPN,P,Mexicana,Dir 41
6314,Natalia,Sanchez,Reyes,IPN,E,Mexicana,Dir 220
6315,Carmen,Ruiz,Cortes,UTEZ,P,Mexicana,Dir 221
6316,Javier,Medina,Ortiz,IPN,E,Mexicana,Dir 766
6317,Francisco,Espinoza,Castillo,UPMOR,P,Mexicana,Dir 694
6318,Eduardo,Espinoza,Diaz,UTEZ,E,Mexicana,Dir 843
6319,Rumualdo,Diaz,Sanchez,UPMOR,P,Mexicana,Dir 817
6320,Oscar,Hernandez,Molina,IPN,P,Mexicana,Dir 283
6321,Adriana,Aguilar,Sosa,UPMOR,E,Mexicana,Dir 96
6322,Rafael,Munoz,Cortes,UPMOR,P,Mexicana,Dir 365
6323,Teresa,Lara,Diaz,UTEZ,E,Mexicana,Dir 152
6324,Maria,Garza,Velazquez,UPMOR,E,Mexicana,Dir 373
6325,Victor,Hernandez,Mejia,ITZ,P,Mexicana,Dir 474
6326,Alejandro,Soto,Aguilar,UNAM,E,Mexicana,Dir 26
6327,Adriana,Valencia,Cordova,UNAM,E,Mexicana,Dir 480
6328,Oscar,Martinez,Mendoza,UNAM,E,Mexicana,Dir 323
6329,Carlos,Lara,Navarro,UPMOR,E,Mexicana,Dir 301
6330,Diego,Maldonado,Salazar,UTEZ,P,Mexicana,Dir 618
6331,Margarita,Gutierrez,Paredes,UNAM,E,Mexicana,Dir 258
6332,Laura,Rodriguez,Sanchez,ITZ,P,Mexicana,Dir 304
6333,Gael,Molina,Medina,IPN,P,Mexicana,Dir 561
6334,Rumualdo,Campos,Aguilar,ITZ,P,Mexicana,Dir 475
6335,Carolina,Rodriguez,Espinoza,IPN,P,Mexicana,Dir 240
6336,Rosa,Ortiz,Ortiz,UNAM,E,Mexicana,Dir 560
6337,Martha,Cabrera,Sosa,UTEZ,P,Mexicana,Dir 391
6338,Sofia,Cruz,Gomez,UPMOR,P,Mexicana,Dir 286
6339,Ricardo,Garcia,Soto,UNAM,E,Mexicana,Dir 537
6340,Rumualdo,Lopez,Rodriguez,UTEZ,P,Mexicana,Dir 863
6341,Ana,Rios,Gomez,UAEM,P,Mexicana,Dir 254
6342,Adriana,Castro,Romero,IPN,E,Mexicana,Dir 208
6343,Ana,Romero,Rios,UAEM,P,Mexicana,Dir 900
6344,Jorge,Vega,Escobar,IPN,P,Mexicana,Dir 704
6345,Victor,Salazar,Castillo,IPN,P,Mexicana,Dir 175
6346,Martin,Navarro,Espinoza,UNAM,P,Mexicana,Dir 325
6347,Maria,Mendez,Lopez,IPN,E,Mexicana,Dir 595
6348,Martin,Munoz,Rodriguez,ITZ,P,Mexicana,Dir 547
6349,Ruben,Reyes,Sanchez,UAEM,P,Mexicana,Dir 548
6350,Jorge,Campos,Aguilar,UAEM,E,Mexicana,Dir 27
6351,Carlos,Cervantes,Diaz,UTEZ,E,Mexicana,Dir 163
6352,Silvia,Avila,Hernandez,ITZ,E,Mexicana,Dir 326
6353,Monica,Mejia,Garcia,UNAM,E,Mexicana,Dir 636
6354,Silvia,Cordova,Hernandez,UAEM,E,Mexicana,Dir 840
6355,Maria,Valencia,Silva,ITZ,P,Mexicana,Dir 493
6356,Javier,Morales,Castro,UNAM,P,Mexicana,Dir 859
6357,Beatriz,Delgado,Munoz,UPMOR,P,Mexicana,Dir 767
6358,Beatriz,Vega,Dominguez,ITZ,P,Mexicana,Dir 633
6359,Jesus,Vargas,Ramirez,UNAM,E,Mexicana,Dir 873
6360,Miguel,Sosa,Cabrera,ITZ,E,Mexicana,Dir 756
6361,Gabriela,Velazquez,Sanchez,IPN,E,Mexicana,Dir 303
6362,Martha,Gonzalez,Molina,IPN,P,Mexicana,Dir 63
6363,Teresa,Cruz,Gutierrez,IPN,E,Mexicana,Dir 866
6364,Javier,Molina,Paredes,UAEM,E,Mexicana,Dir 331
6365,Margarita,Espinoza,Gonzalez,UTEZ,E,Mexicana,Dir 397
6366,Margarita,Campos,Gonzalez,UPMOR,E,Mexicana,Dir 378
6367,Jose,Valencia,Perez,UPMOR,E,Mexicana,Dir 58
6368,Gabriela,Ramirez,Espinoza,UNAM,P,Mexicana,Dir 500
6369,Jorge,Cervantes,Escobar,UPMOR,E,Mexicana,Dir 129
6370,Oscar,Sosa,Maldonado,UNAM,P,Mexicana,Dir 3
6371,Beatriz,Lara,Morales,IPN,E,Mexicana,Dir 966
6372,Elena,Cordova,Maldonado,UPMOR,P,Mexicana,Dir 676
6373,Oscar,Munoz,Gomez,UNAM,P,Mexicana,Dir 203
6374,Laura,Diaz,Salazar,UPMOR,E,Mexicana,Dir 784
6375,Lorena,Garcia,Soto,UPMOR,P,Mexicana,Dir 659
6376,Luis,Garza,Escobar,ITZ,P,Mexicana,Dir 222
6377,Oscar,Romero,Cordova,UAEM,P,Mexicana,Dir 700
6378,Leticia,Salazar,Lara,UAEM,E,Mexicana,Dir 232
6379,Gerardo,Rojas,Garcia,UTEZ,P,Mexicana,Dir 830
6380,Carolina,Mendoza,Paredes,IPN,E,Mexicana,Dir 64
6381,Antonio,Garcia,Navarro,UTEZ,P,Mexicana,Dir 912
6382,Roberto,Rojas,Romero,UNAM,P,Mexicana,Dir 911
6383,Victor,Molina,Dominguez,UTEZ,E,Mexicana,Dir 868
6384,Antonio,Cordova,Molina,UPMOR,E,Mexicana,Dir 895
6385,Natalia,Munoz,Garza,UPMOR,P,Mexicana,Dir 625
6386,Antonio,Soto,Gutierrez,UTEZ,P,Mexicana,Dir 791
6387,Teresa,Mendoza,Rodriguez,UAEM,E,Mexicana,Dir 748
6388,Margarita,Morales,Ortiz,UNAM,E,Mexicana,Dir 117
6389,Oscar,Diaz,Escobar,UAEM,E,Mexicana,Dir 471
6390,Gerardo,Avila,Chavez,UNAM,E,Mexicana,Dir 672
6391,Maria,Cabrera,Bautista,IPN,E,Mexicana,Dir 483
6392,Lorena,Aguilar,Velazquez,UTEZ,P,Mexicana,Dir 993
6393,Gabriela,Vega,Ortiz,UAEM,P,Mexicana,Dir 862
6394,Eduardo,Campos,Cabrera,UTEZ,P,Mexicana,Dir 843
6395,Diana,Gonzalez,Cordova,UTEZ,E,Mexicana,Dir 102
6396,Hector,Campos,Molina,IPN,E,Mexicana,Dir 799
6397,Esteban,Sosa,Delgado,UTEZ,P,Mexicana,Dir 666
6398,Lucia,Munoz,Martinez,UNAM,E,Mexicana,Dir 474
6399,Fernando,Flores,Medina,UTEZ,E,Mexicana,Dir 228
6400,Monica,Castillo,Campos,UPMOR,P,Mexicana,Dir 178
6401,Jorge,Valencia,Mendez,UAEM,P,Mexicana,Dir 219
6402,Margarita,Escobar,Castro,IPN,E,Mexicana,Dir 40
6403,Javier,Cruz,Aguilar,UTEZ,P,Mexicana,Dir 459
6404,Valeria,Rodriguez,Mendez,UNAM,P,Mexicana,Dir 405
6405,Carolina,Flores,Rojas,UNAM,E,Mexicana,Dir 321
6406,Margarita,Paredes,Ortiz,IPN,P,Mexicana,Dir 629
6407,Natalia,Martinez,Mendoza,ITZ,E,Mexicana,Dir 360
6408,Jesus,Cordova,Delgado,ITZ,P,Mexicana,Dir 656
6409,Valeria,Rios,Garza,UAEM,E,Mexicana,Dir 672
6410,Valeria,Perez,Sanchez,UNAM,E,Mexicana,Dir 535
6411,Lucia,Medina,Paredes,UNAM,P,Mexicana,Dir 239
6412,Susana,Soto,Vega,UTEZ,E,Mexicana,Dir 232
6413,Valeria,Gonzalez,Munoz,UNAM,E,Mexicana,Dir 326
6414,Martha,Diaz,Paredes,IPN,P,Mexicana,Dir 286
6415,Susana,Rojas,Mejia,IPN,E,Mexicana,Dir 688
6416,Rumualdo,Lara,Campos,IPN,P,Mexicana,Dir 246
6417,Ruben,Morales,Maldonado,UTEZ,E,Mexicana,Dir 309
6418,Victor,Paredes,Molina,UTEZ,E,Mexicana,Dir 887
6419,Leticia,Sanchez,Gonzalez,ITZ,P,Mexicana,Dir 840
6420,Jorge,Campos,Munoz,UAEM,P,Mexicana,Dir 889
6421,Leticia,Campos,Avila,IPN,P,Mexicana,Dir 503
6422,Lucia,Munoz,Cordova,UPMOR,P,Mexicana,Dir 200
6423,Diego,Morales,Castro,UPMOR,E,Mexicana,Dir 436
6424,Sofia,Munoz,Bautista,ITZ,E,Mexicana,Dir 703
6425,Javier,Escobar,Avila,UPMOR,E,Mexicana,Dir 88
6426,Claudia,Perez,Guzman,ITZ,P,Mexicana,Dir 706
6427,Monica,Velazquez,Guzman,ITZ,P,Mexicana,Dir 744
6428,Gabriela,Vargas,Dominguez,UPMOR,E,Mexicana,Dir 335
6429,Patricia,Chavez,Mendoza,UAEM,P,Mexicana,Dir 938
6430,Carmen,Chavez,Valencia,IPN,E,Mexicana,Dir 544
6431,Andrea,Munoz,Rios,UAEM,E,Mexicana,Dir 968
6432,Miguel,Rodriguez,Soto,ITZ,P,Mexicana,Dir 504
6433,Leticia,Lopez,Ramos,UNAM,E,Mexicana,Dir 384
6434,Susana,Castillo,Reyes,ITZ,E,Mexicana,Dir 492
6435,Diego,Herrera,Mendez,UAEM,P,Mexicana,Dir 36
6436,Monica,Castro,Garcia,UNAM,E,Mexicana,Dir 879
6437,Carlos,Perez,Silva,ITZ,E,Mexicana,Dir 153
6438,Silvia,Escobar,Garcia,UAEM,P,Mexicana,Dir 260
6439,Francisco,Paredes,Garcia,IPN,E,Mexicana,Dir 348
6440,Veronica,Guzman,Aguilar,UAEM,P,Mexicana,Dir 386
6441,Daniela,Medina,Lopez,IPN,P,Mexicana,Dir 567
6442,Carolina,Cordova,Cordova,IPN,E,Mexicana,Dir 295
6443,Gabriela,Castro,Ramirez,UPMOR,P,Mexicana,Dir 617
6444,Lorena,Gutierrez,Ramos,IPN,E,Mexicana,Dir 686
6445,Rafael,Soto,Espinoza,ITZ,P,Mexicana,Dir 813
6446,Elena,Vargas,Castillo,UNAM,E,Mexicana,Dir 227
6447,Raul,Salazar,Molina,UAEM,E,Mexicana,Dir 813
6448,Arturo,Morales,Cordova,UTEZ,E,Mexicana,Dir 380
6449,Lorena,Hernandez,Molina,UPMOR,P,Mexicana,Dir 259
6450,Lorena,Cervantes,Mendoza,UTEZ,E,Mexicana,Dir 767
6451,Lucia,Mendoza,Martinez,UTEZ,P,Mexicana,Dir 308
6452,Raul,Gutierrez,Reyes,UNAM,P,Mexicana,Dir 161
6453,Maria,Rios,Rodriguez,UNAM,E,Mexicana,Dir 672
6454,Esteban,Ortiz,Sanchez,ITZ,P,Mexicana,Dir 124
6455,Laura,Cortes,Herrera,IPN,E,Mexicana,Dir 391
6456,Andrea,Mejia,Munoz,UAEM,P,Mexicana,Dir 718
6457,Javier,Sanchez,Escobar,UTEZ,E,Mexicana,Dir 859
6458,Natalia,Cervantes,Garza,IPN,E,Mexicana,Dir 865
6459,Julio,Molina,Velazquez,UAEM,E,Mexicana,Dir 724
6460,Natalia,Gomez,Aguilar,UTEZ,P,Mexicana,Dir 780
6461,Fernando,Lopez,Cabrera,UAEM,E,Mexicana,Dir 253
6462,Hugo,Ruiz,Romero,UNAM,E,Mexicana,Dir 126
6463,Hugo,Cortes,Guzman,UAEM,E,Mexicana,Dir 400
6464,Martha,Avila,Cortes,UAEM,E,Mexicana,Dir 817
6465,Martha,Gutierrez,Perez,UTEZ,E,Mexicana,Dir 475
6466,Gerardo,Diaz,Maldonado,UAEM,P,Mexicana,Dir 539
6467,Rafael,Delgado,Cabrera,IPN,E,Mexicana,Dir 858
6468,Silvia,Vega,Ortiz,UTEZ,E,Mexicana,Dir 717
6469,Victor,Rios,Rojas,IPN,P,Mexicana,Dir 225
6470,Natalia,Lopez,Ramirez,UNAM,P,Mexicana,Dir 975
6471,Leticia,Munoz,Diaz,ITZ,P,Mexicana,Dir 937
6472,Gerardo,Ruiz,Chavez,UAEM,E,Mexicana,Dir 645
6473,Jose,Silva,Ramirez,IPN,E,Mexicana,Dir 675
6474,Diana,Dominguez,Cervantes,IPN,P,Mexicana,Dir 79
6475,Carolina,Flores,Maldonado,IPN,P,Mexicana,Dir 309
6476,Natalia,Bautista,Cabrera,UPMOR,E,Mexicana,Dir 449
6477,Jose,Velazquez,Cervantes,UTEZ,P,Mexicana,Dir 334
6478,Arturo,Gomez,Herrera,UTEZ,P,Mexicana,Dir 294
6479,Leticia,Dominguez,Martinez,IPN,E,Mexicana,Dir 440
6480,Julio,Ortiz,Garcia,UAEM,E,Mexicana,Dir 478
6481,Julio,Cordova,Dominguez,UNAM,E,Mexicana,Dir 111
6482,Andrea,Hernandez,Lara,UNAM,P,Mexicana,Dir 937
6483,Teresa,Velazquez,Ramos,IPN,P,Mexicana,Dir 561
6484,Carlos,Herrera,Garza,UAEM,P,Mexicana,Dir 167
6485,Luis,Avila,Ramirez,UAEM,P,Mexicana,Dir 407
6486,Patricia,Maldonado,Sanchez,IPN,E,Mexicana,Dir 929
6487,Luis,Valencia,Soto,UNAM,E,Mexicana,Dir 74
6488,Victor,Garcia,Rodriguez,UNAM,P,Mexicana,Dir 978
6489,Carmen,Cervantes,Gomez,IPN,E,Mexicana,Dir 133
6490,Javier,Ramirez,Medina,UAEM,P,Mexicana,Dir 786
6491,Arturo,Romero,Munoz,UTEZ,E,Mexicana,Dir 459
6492,Sofia,Silva,Castro,UPMOR,E,Mexicana,Dir 907
6493,Jesus,Castillo,Cruz,UNAM,E,Mexicana,Dir 382
6494,Hector,Bautista,Flores,UPMOR,E,Mexicana,Dir 692
6495,Laura,Rojas,Campos,UAEM,P,Mexicana,Dir 8
6496,Hector,Cruz,Dominguez,ITZ,E,Mexicana,Dir 995
6497,Javier,Guzman,Valencia,UNAM,P,Mexicana,Dir 878
6498,Miguel,Cabrera,Mejia,UAEM,P,Mexicana,Dir 889
6499,Sofia,Martinez,Sanchez,UTEZ,P,Mexicana,Dir 728
6500,Francisco,Vargas,Guzman,IPN,P,Mexicana,Dir 620
6501,Susana,Mendoza,Ramos,ITZ,P,Mexicana,Dir 6
6502,Monica,Romero,Aguilar,UAEM,P,Mexicana,Dir 452
6503,Patricia,Sanchez,Cruz,UNAM,E,Mexicana,Dir 151
6504,Beatriz,Garza,Mejia,UNAM,P,Mexicana,Dir 567
6505,Paola,Ortiz,Castillo,IPN,P,Mexicana,Dir 495
6506,Hugo,Delgado,Perez,UNAM,E,Mexicana,Dir 475
6507,Pedro,Cervantes,Lara,UNAM,E,Mexicana,Dir 626
6508,Ricardo,Salazar,Ortiz,UAEM,P,Mexicana,Dir 2
6509,Elena,Avila,Sosa,UTEZ,P,Mexicana,Dir 815
6510,Oscar,Perez,Ruiz,ITZ,P,Mexicana,Dir 514
6511,Manuel,Sanchez,Martinez,ITZ,E,Mexicana,Dir 498
6512,Hector,Paredes,Salazar,ITZ,P,Mexicana,Dir 463
6513,Rumualdo,Rios,Romero,UNAM,E,Mexicana,Dir 547
6514,Valeria,Soto,Cruz,UNAM,E,Mexicana,Dir 617
6515,Rumualdo,Navarro,Ruiz,UAEM,P,Mexicana,Dir 468
6516,Hugo,Martinez,Silva,ITZ,P,Mexicana,Dir 286
6517,Roberto,Gomez,Gonzalez,UAEM,E,Mexicana,Dir 459
6518,Veronica,Gutierrez,Silva,UTEZ,P,Mexicana,Dir 615
6519,Claudia,Cervantes,Bautista,ITZ,P,Mexicana,Dir 675
6520,Oscar,Diaz,Espinoza,UNAM,P,Mexicana,Dir 288
6521,Veronica,Perez,Vega,UTEZ,P,Mexicana,Dir 419
6522,Francisco,Molina,Martinez,UTEZ,P,Mexicana,Dir 31
6523,Jesus,Gutierrez,Ortiz,UAEM,P,Mexicana,Dir 963
6524,Jose,Cortes,Diaz,ITZ,E,Mexicana,Dir 117
6525,Diana,Silva,Castro,UAEM,P,Mexicana,Dir 318
6526,Laura,Lopez,Lara,UPMOR,E,Mexicana,Dir 130
6527,Lorena,Soto,Hernandez,UNAM,P,Mexicana,Dir 130
6528,Hector,Romero,Valencia,UTEZ,P,Mexicana,Dir 917
6529,Patricia,Vargas,Rios,UPMOR,E,Mexicana,Dir 147
6530,Laura,Castro,Perez,UAEM,E,Mexicana,Dir 492
6531,Valeria,Soto,Hernandez,UPMOR,P,Mexicana,Dir 613
6532,Rosa,Castillo,Vargas,UAEM,P,Mexicana,Dir 305
6533,Leticia,Gomez,Vega,ITZ,E,Mexicana,Dir 934
6534,Margarita,Castillo,Cervantes,IPN,P,Mexicana,Dir 651
6535,Patricia,Lopez,Vega,ITZ,E,Mexicana,Dir 302
6536,Eduardo,Martinez,Valencia,UNAM,E,Mexicana,Dir 842
6537,Veronica,Dominguez,Morales,IPN,P,Mexicana,Dir 498
6538,Rosa,Paredes,Garza,IPN,E,Mexicana,Dir 899
6539,Gabriela,Rojas,Lara,IPN,P,Mexicana,Dir 288
6540,Martin,Aguilar,Lara,ITZ,P,Mexicana,Dir 12
6541,Carlos,Guzman,Espinoza,UTEZ,P,Mexicana,Dir 708
6542,Francisco,Cruz,Vega,UAEM,P,Mexicana,Dir 646
6543,Oscar,Mejia,Castillo,UTEZ,E,Mexicana,Dir 329
6544,Pedro,Ramirez,Mejia,UPMOR,E,Mexicana,Dir 357
6545,Monica,Soto,Salazar,UNAM,E,Mexicana,Dir 710
6546,Hugo,Salazar,Mendez,ITZ,P,Mexicana,Dir 158
6547,Adriana,Perez,Herrera,ITZ,P,Mexicana,Dir 766
6548,Rafael,Rios,Guzman,UPMOR,P,Mexicana,Dir 127
6549,Oscar,Vega,Diaz,UNAM,P,Mexicana,Dir 120
6550,Elena,Guzman,Garza,UTEZ,E,Mexicana,Dir 31
6551,Margarita,Gonzalez,Mejia,IPN,E,Mexicana,Dir 564
6552,Oscar,Gomez,Cervantes,IPN,E,Mexicana,Dir 838
6553,Ana,Dominguez,Cabrera,ITZ,P,Mexicana,Dir 111
6554,Hugo,Molina,Morales,IPN,E,Mexicana,Dir 478
6555,Arturo,Perez,Guzman,UPMOR,E,Mexicana,Dir 827
6556,Rafael,Mendoza,Dominguez,UPMOR,E,Mexicana,Dir 756
6557,Ana,Sosa,Flores,UAEM,P,Mexicana,Dir 213
6558,Sofia,Bautista,Bautista,UNAM,E,Mexicana,Dir 514
6559,Alejandro,Cortes,Delgado,UPMOR,E,Mexicana,Dir 793
6560,Javier,Perez,Diaz,UTEZ,E,Mexicana,Dir 399
6561,Beatriz,Garza,Mejia,UNAM,E,Mexicana,Dir 64
6562,Carolina,Maldonado,Paredes,UAEM,E,Mexicana,Dir 726
6563,Beatriz,Guzman,Sanchez,UAEM,E,Mexicana,Dir 91
6564,Claudia,Soto,Escobar,UNAM,E,Mexicana,Dir 95
6565,Oscar,Cordova,Mendoza,UPMOR,P,Mexicana,Dir 600
6566,Gerardo,Gonzalez,Cabrera,UNAM,E,Mexicana,Dir 634
6567,Paola,Vargas,Ramirez,UNAM,P,Mexicana,Dir 178
6568,Carolina,Ortiz,Maldonado,ITZ,E,Mexicana,Dir 221
6569,Margarita,Paredes,Castro,UTEZ,E,Mexicana,Dir 404
6570,Gabriela,Gomez,Valencia,UAEM,P,Mexicana,Dir 802
6571,Esteban,Romero,Paredes,UTEZ,E,Mexicana,Dir 945
6572,Maria,Rojas,Sosa,UAEM,P,Mexicana,Dir 809
6573,Jesus,Garza,Ramirez,UAEM,E,Mexicana,Dir 17
6574,Rafael,Velazquez,Martinez,UAEM,P,Mexicana,Dir 850
6575,Veronica,Velazquez,Perez,UTEZ,P,Mexicana,Dir 414
6576,Laura,Delgado,Vargas,UPMOR,P,Mexicana,Dir 92
6577,Claudia,Ruiz,Bautista,UTEZ,P,Mexicana,Dir 912
6578,Esteban,Sanchez,Cruz,UNAM,E,Mexicana,Dir 17
6579,Maria,Velazquez,Herrera,IPN,P,Mexicana,Dir 542
6580,Lorena,Rojas,Silva,IPN,E,Mexicana,Dir 864
6581,Fernando,Gomez,Delgado,UPMOR,E,Mexicana,Dir 118
6582,Antonio,Rios,Ortiz,IPN,P,Mexicana,Dir 300
6583,Andrea,Munoz,Aguilar,UAEM,P,Mexicana,Dir 49
6584,Luis,Morales,Sanchez,UNAM,E,Mexicana,Dir 447
6585,Carolina,Cabrera,Aguilar,UPMOR,E,Mexicana,Dir 178
6586,Martin,Chavez,Cordova,IPN,E,Mexicana,Dir 138
6587,Sofia,Bautista,Flores,UAEM,P,Mexicana,Dir 903
6588,Luis,Sanchez,Romero,ITZ,E,Mexicana,Dir 220
6589,Andrea,Castro,Sosa,UPMOR,E,Mexicana,Dir 250
6590,Andrea,Escobar,Ramos,UTEZ,E,Mexicana,Dir 754
6591,Monica,Ramos,Sanchez,UTEZ,P,Mexicana,Dir 391
6592,Natalia,Martinez,Cabrera,UNAM,P,Mexicana,Dir 823
6593,Fernando,Vega,Escobar,ITZ,E,Mexicana,Dir 57
6594,Margarita,Espinoza,Rodriguez,ITZ,P,Mexicana,Dir 865
6595,Eduardo,Lopez,Silva,UTEZ,P,Mexicana,Dir 670
6596,Laura,Rodriguez,Gonzalez,IPN,P,Mexicana,Dir 370
6597,Luis,Cervantes,Espinoza,UNAM,E,Mexicana,Dir 844
6598,Raul,Herrera,Chavez,UNAM,P,Mexicana,Dir 493
6599,Teresa,Dominguez,Diaz,UAEM,E,Mexicana,Dir 441
6600,Javier,Rojas,Lara,IPN,E,Mexicana,Dir 403
6601,Elena,Valencia,Cabrera,UNAM,P,Mexicana,Dir 656
6602,Gael,Diaz,Reyes,UTEZ,P,Mexicana,Dir 520
6603,Susana,Navarro,Martinez,IPN,E,Mexicana,Dir 311
6604,Valeria,Romero,Gonzalez,IPN,P,Mexicana,Dir 381
6605,Beatriz,Dominguez,Escobar,UAEM,E,Mexicana,Dir 495
6606,Fernando,Rios,Castro,UNAM,E,Mexicana,Dir 872
6607,Gerardo,Lopez,Reyes,ITZ,P,Mexicana,Dir 142
6608,Valeria,Guzman,Cruz,IPN,E,Mexicana,Dir 990
6609,Jorge,Mejia,Gonzalez,UNAM,E,Mexicana,Dir 629
6610,Valeria,Paredes,Delgado,UNAM,E,Mexicana,Dir 220
6611,Paola,Espinoza,Dominguez,UPMOR,P,Mexicana,Dir 94
6612,Silvia,Campos,Cervantes,UPMOR,P,Mexicana,Dir 810
6613,Gerardo,Cordova,Bautista,ITZ,E,Mexicana,Dir 130
6614,Antonio,Castro,Rodriguez,UPMOR,E,Mexicana,Dir 538
6615,Eduardo,Silva,Escobar,IPN,P,Mexicana,Dir 819
6616,Claudia,Avila,Castro,ITZ,E,Mexicana,Dir 230
6617,Maria,Lara,Dominguez,UTEZ,P,Mexicana,Dir 451
6618,Rosa,Soto,Rodriguez,UNAM,E,Mexicana,Dir 297
6619,Leticia,Salazar,Gonzalez,UNAM,P,Mexicana,Dir 986
6620,Elena,Espinoza,Gutierrez,UTEZ,P,Mexicana,Dir 47
6621,Gabriela,Delgado,Perez,UTEZ,P,Mexicana,Dir 732
6622,Jose,Valencia,Hernandez,ITZ,E,Mexicana,Dir 265
6623,Antonio,Ramos,Castro,UTEZ,E,Mexicana,Dir 385
6624,Teresa,Ruiz,Gutierrez,UAEM,P,Mexicana,Dir 674
6625,Eduardo,Cervantes,Cortes,ITZ,P,Mexicana,Dir 773
6626,Natalia,Garza,Salazar,ITZ,P,Mexicana,Dir 634
6627,Rafael,Aguilar,Maldonado,UPMOR,P,Mexicana,Dir 781
6628,Gael,Rios,Ortiz,UTEZ,E,Mexicana,Dir 70
6629,Jose,Bautista,Castillo,UAEM,P,Mexicana,Dir 320
6630,Sofia,Velazquez,Paredes,IPN,E,Mexicana,Dir 305
6631,Ricardo,Castillo,Bautista,UTEZ,P,Mexicana,Dir 30
6632,Carlos,Dominguez,Maldonado,UTEZ,E,Mexicana,Dir 700
6633,Patricia,Salazar,Ruiz,UAEM,P,Mexicana,Dir 651
6634,Eduardo,Vargas,Chavez,ITZ,P,Mexicana,Dir 995
6635,Laura,Cordova,Rios,UPMOR,P,Mexicana,Dir 713
6636,Fernando,Medina,Aguilar,UAEM,P,Mexicana,Dir 706
6637,Oscar,Espinoza,Vega,UPMOR,P,Mexicana,Dir 597
6638,Francisco,Campos,Ramirez,UNAM,E,Mexicana,Dir 939
6639,Fernando,Ramirez,Ramos,UAEM,E,Mexicana,Dir 893
6640,Miguel,Cordova,Valencia,UTEZ,P,Mexicana,Dir 814
6641,Victor,Paredes,Ramirez,UAEM,E,Mexicana,Dir 94
6642,Lorena,Ramos,Ruiz,UAEM,P,Mexicana,Dir 231
6643,Margarita,Flores,Dominguez,UPMOR,E,Mexicana,Dir 110
6644,Veronica,Cabrera,Lopez,UTEZ,E,Mexicana,Dir 715
6645,Leticia,Vega,Mendoza,UNAM,E,Mexicana,Dir 887
6646,Raul,Castillo,Aguilar,UAEM,E,Mexicana,Dir 540
6647,Julio,Gonzalez,Soto,UPMOR,E,Mexicana,Dir 445
6648,Teresa,Mendez,Perez,UNAM,P,Mexicana,Dir 977
6649,Elena,Mendoza,Cabrera,UNAM,E,Mexicana,Dir 634
6650,Veronica,Romero,Delgado,IPN,E,Mexicana,Dir 676
6651,Oscar,Rodriguez,Gonzalez,ITZ,E,Mexicana,Dir 794
6652,Hugo,Valencia,Maldonado,UNAM,P,Mexicana,Dir 615
6653,Francisco,Romero,Cortes,UPMOR,P,Mexicana,Dir 561
6654,Arturo,Dominguez,Garza,UPMOR,E,Mexicana,Dir 669
6655,Luis,Navarro,Gomez,UAEM,P,Mexicana,Dir 430
6656,Hector,Bautista,Castro,UTEZ,E,Mexicana,Dir 549
6657,Rosa,Bautista,Castro,UPMOR,P,Mexicana,Dir 841
6658,Ruben,Espinoza,Gomez,IPN,E,Mexicana,Dir 835
6659,Monica,Dominguez,Velazquez,UTEZ,P,Mexicana,Dir 97
6660,Antonio,Bautista,Diaz,UPMOR,P,Mexicana,Dir 151
6661,Daniela,Mejia,Gomez,UPMOR,P,Mexicana,Dir 307
6662,Valeria,Maldonado,Velazquez,UNAM,E,Mexicana,Dir 680
6663,Javier,Ruiz,Cortes,ITZ,P,Mexicana,Dir 259
6664,Rumualdo,Flores,Dominguez,UTEZ,E,Mexicana,Dir 456
6665,Pedro,Cordova,Dominguez,ITZ,P,Mexicana,Dir 631
6666,Elena,Rios,Soto,UAEM,E,Mexicana,Dir 552
6667,Maria,Castillo,Reyes,UNAM,P,Mexicana,Dir 256
6668,Ricardo,Rodriguez,Mendoza,UAEM,E,Mexicana,Dir 788
6669,Gael,Soto,Rios,UNAM,E,Mexicana,Dir 973
6670,Lorena,Castillo,Gutierrez,UTEZ,E,Mexicana,Dir 898
6671,Andrea,Chavez,Velazquez,UAEM,P,Mexicana,Dir 350
6672,Julio,Cortes,Herrera,ITZ,E,Mexicana,Dir 486
6673,Esteban,Morales,Silva,UAEM,P,Mexicana,Dir 487
6674,Susana,Mejia,Garza,UTEZ,E,Mexicana,Dir 448
6675,Lorena,Cabrera,Perez,IPN,P,Mexicana,Dir 690
6676,Hector,Molina,Perez,UTEZ,E,Mexicana,Dir 347
6677,Lucia,Munoz,Gonzalez,UNAM,E,Mexicana,Dir 838
6678,Veronica,Castillo,Valencia,UTEZ,P,Mexicana,Dir 131
6679,Carolina,Rios,Campos,ITZ,E,Mexicana,Dir 242
6680,Carlos,Sanchez,Paredes,IPN,P,Mexicana,Dir 133
6681,Beatriz,Maldonado,Cordova,IPN,P,Mexicana,Dir 507
6682,Susana,Campos,Guzman,UPMOR,E,Mexicana,Dir 358
6683,Antonio,Soto,Escobar,UPMOR,E,Mexicana,Dir 250
6684,Veronica,Valencia,Lara,UNAM,P,Mexicana,Dir 731
6685,Rosa,Salazar,Mendoza,UTEZ,E,Mexicana,Dir 635
6686,Hector,Garza,Ortiz,UAEM,P,Mexicana,Dir 799
6687,Jesus,Bautista,Campos,UAEM,E,Mexicana,Dir 182
6688,Rafael,Morales,Ramirez,UPMOR,E,Mexicana,Dir 757
6689,Patricia,Lara,Soto,UTEZ,P,Mexicana,Dir 690
6690,Esteban,Ortiz,Soto,UPMOR,E,Mexicana,Dir 291
6691,Susana,Delgado,Avila,UTEZ,P,Mexicana,Dir 324
6692,Gabriela,Romero,Guzman,IPN,P,Mexicana,Dir 492
6693,Fernando,Sosa,Chavez,UNAM,P,Mexicana,Dir 529
6694,Hugo,Dominguez,Salazar,UAEM,P,Mexicana,Dir 809
6695,Raul,Bautista,Dominguez,ITZ,P,Mexicana,Dir 788
6696,Patricia,Castro,Cortes,UAEM,E,Mexicana,Dir 137
6697,Diana,Sanchez,Silva,UPMOR,E,Mexicana,Dir 784
6698,Jorge,Soto,Ortiz,UNAM,E,Mexicana,Dir 821
6699,Gael,Vega,Dominguez,UNAM,P,Mexicana,Dir 639
6700,Esteban,Delgado,Hernandez,UNAM,P,Mexicana,Dir 712
6701,Fernando,Ramirez,Velazquez,ITZ,E,Mexicana,Dir 571
6702,Diana,Medina,Perez,UTEZ,P,Mexicana,Dir 947
6703,Eduardo,Garza,Ramirez,UAEM,P,Mexicana,Dir 391
6704,Julio,Lara,Sosa,UAEM,E,Mexicana,Dir 981
6705,Carmen,Paredes,Ramirez,UAEM,P,Mexicana,Dir 99
6706,Esteban,Gonzalez,Mendoza,UAEM,E,Mexicana,Dir 505
6707,Jorge,Cruz,Chavez,UPMOR,E,Mexicana,Dir 279
6708,Rosa,Lara,Sosa,ITZ,E,Mexicana,Dir 522
6709,Pedro,Romero,Cruz,UNAM,P,Mexicana,Dir 951
6710,Beatriz,Molina,Herrera,UAEM,P,Mexicana,Dir 558
6711,Alejandro,Cabrera,Salazar,UNAM,P,Mexicana,Dir 155
6712,Carolina,Reyes,Cortes,UTEZ,P,Mexicana,Dir 410
6713,Ruben,Perez,Medina,UNAM,E,Mexicana,Dir 799
6714,Veronica,Vega,Munoz,IPN,E,Mexicana,Dir 337
6715,Esteban,Velazquez,Maldonado,UAEM,E,Mexicana,Dir 195
6716,Monica,Vargas,Rojas,UAEM,E,Mexicana,Dir 453
6717,Adriana,Salazar,Flores,IPN,P,Mexicana,Dir 893
6718,Adriana,Garza,Guzman,UPMOR,E,Mexicana,Dir 454
6719,Hector,Cortes,Castillo,UTEZ,E,Mexicana,Dir 267
6720,Elena,Mendez,Ramirez,ITZ,P,Mexicana,Dir 385
6721,Pedro,Vega,Castro,UTEZ,E,Mexicana,Dir 378
6722,Julio,Reyes,Cervantes,UTEZ,E,Mexicana,Dir 986
6723,Daniela,Lopez,Cordova,IPN,P,Mexicana,Dir 541
6724,Margarita,Cordova,Paredes,IPN,E,Mexicana,Dir 70
6725,Ana,Gutierrez,Chavez,UAEM,E,Mexicana,Dir 313
6726,Leticia,Aguilar,Flores,UAEM,E,Mexicana,Dir 529
6727,Esteban,Cruz,Cortes,UPMOR,E,Mexicana,Dir 165
6728,Margarita,Herrera,Ramirez,UTEZ,E,Mexicana,Dir 398
6729,Elena,Castillo,Romero,UTEZ,E,Mexicana,Dir 143
6730,Claudia,Gutierrez,Ortiz,UNAM,P,Mexicana,Dir 948
6731,Jorge,Valencia,Medina,UNAM,E,Mexicana,Dir 595
6732,Pedro,Diaz,Castro,ITZ,E,Mexicana,Dir 316
6733,Veronica,Escobar,Soto,UTEZ,E,Mexicana,Dir 919
6734,Esteban,Campos,Bautista,UTEZ,P,Mexicana,Dir 180
6735,Francisco,Maldonado,Romero,UAEM,E,Mexicana,Dir 439
6736,Antonio,Mendez,Ramirez,IPN,E,Mexicana,Dir 961
6737,Eduardo,Garza,Delgado,UAEM,E,Mexicana,Dir 689
6738,Fernando,Cabrera,Cervantes,UNAM,P,Mexicana,Dir 738
6739,Rosa,Mendoza,Bautista,UAEM,P,Mexicana,Dir 965
6740,Rumualdo,Garcia,Sanchez,UTEZ,P,Mexicana,Dir 353
6741,Lorena,Molina,Romero,UAEM,P,Mexicana,Dir 784
6742,Hugo,Soto,Morales,IPN,P,Mexicana,Dir 888
6743,Adriana,Molina,Bautista,ITZ,P,Mexicana,Dir 686
6744,Ana,Garcia,Valencia,UTEZ,P,Mexicana,Dir 557
6745,Valeria,Vega,Maldonado,UTEZ,P,Mexicana,Dir 174
6746,Paola,Castro,Cortes,ITZ,E,Mexicana,Dir 17
6747,Esteban,Lara,Martinez,UNAM,E,Mexicana,Dir 590
6748,Laura,Navarro,Medina,UTEZ,P,Mexicana,Dir 674
6749,Luis,Salazar,Silva,UTEZ,E,Mexicana,Dir 529
6750,Ana,Castillo,Cabrera,ITZ,P,Mexicana,Dir 393
6751,Hector,Ramos,Mendez,UPMOR,P,Mexicana,Dir 101
6752,Adriana,Avila,Valencia,IPN,P,Mexicana,Dir 484
6753,Silvia,Romero,Cruz,IPN,P,Mexicana,Dir 276
6754,Andrea,Aguilar,Dominguez,IPN,P,Mexicana,Dir 440
6755,Eduardo,Garza,Salazar,IPN,P,Mexicana,Dir 137
6756,Fernando,Soto,Reyes,ITZ,E,Mexicana,Dir 39
6757,Laura,Paredes,Castro,UTEZ,P,Mexicana,Dir 335
6758,Eduardo,Vargas,Cordova,IPN,P,Mexicana,Dir 444
6759,Carlos,Escobar,Romero,UAEM,P,Mexicana,Dir 731
6760,Esteban,Gomez,Rodriguez,IPN,E,Mexicana,Dir 962
6761,Teresa,Vega,Chavez,UAEM,P,Mexicana,Dir 129
6762,Eduardo,Martinez,Gomez,IPN,E,Mexicana,Dir 640
6763,Gael,Cordova,Ramos,ITZ,E,Mexicana,Dir 237
6764,Victor,Rojas,Reyes,UAEM,E,Mexicana,Dir 103
6765,Susana,Velazquez,Cervantes,IPN,E,Mexicana,Dir 239
6766,Elena,Campos,Munoz,IPN,P,Mexicana,Dir 679
6767,Julio,Ruiz,Romero,ITZ,E,Mexicana,Dir 92
6768,Leticia,Soto,Navarro,UAEM,P,Mexicana,Dir 128
6769,Carmen,Ramirez,Escobar,UAEM,P,Mexicana,Dir 844
6770,Maria,Valencia,Lopez,UAEM,E,Mexicana,Dir 363
6771,Paola,Vargas,Herrera,IPN,P,Mexicana,Dir 328
6772,Victor,Cervantes,Mejia,IPN,P,Mexicana,Dir 334
6773,Rafael,Hernandez,Romero,UNAM,E,Mexicana,Dir 721
6774,Jesus,Medina,Silva,UAEM,P,Mexicana,Dir 623
6775,Silvia,Dominguez,Sanchez,UNAM,E,Mexicana,Dir 372
6776,Hector,Ramos,Delgado,UAEM,E,Mexicana,Dir 651
6777,Adriana,Lara,Bautista,UNAM,E,Mexicana,Dir 527
6778,Gael,Ramirez,Mendoza,UPMOR,E,Mexicana,Dir 271
6779,Ruben,Cervantes,Navarro,UPMOR,E,Mexicana,Dir 371
6780,Beatriz,Lopez,Ramos,UAEM,E,Mexicana,Dir 987
6781,Gerardo,Lopez,Guzman,UPMOR,P,Mexicana,Dir 472
6782,Beatriz,Reyes,Cortes,ITZ,P,Mexicana,Dir 606
6783,Jose,Ruiz,Soto,UNAM,P,Mexicana,Dir 137
6784,Diego,Cervantes,Garcia,IPN,E,Mexicana,Dir 349
6785,Hector,Hernandez,Herrera,UAEM,P,Mexicana,Dir 154
6786,Carolina,Flores,Munoz,UPMOR,P,Mexicana,Dir 446
6787,Oscar,Escobar,Paredes,ITZ,E,Mexicana,Dir 988
6788,Victor,Vargas,Lopez,UNAM,P,Mexicana,Dir 297
6789,Antonio,Chavez,Sanchez,IPN,E,Mexicana,Dir 758
6790,Maria,Gutierrez,Gutierrez,UAEM,P,Mexicana,Dir 122
6791,Diana,Flores,Espinoza,ITZ,E,Mexicana,Dir 44
6792,Ricardo,Garza,Cordova,UAEM,P,Mexicana,Dir 92
6793,Gael,Gutierrez,Avila,UPMOR,E,Mexicana,Dir 62
6794,Raul,Mendoza,Silva,IPN,E,Mexicana,Dir 456
6795,Laura,Cortes,Hernandez,UNAM,E,Mexicana,Dir 468
6796,Teresa,Ramos,Medina,ITZ,E,Mexicana,Dir 320
6797,Maria,Molina,Lara,UTEZ,P,Mexicana,Dir 774
6798,Maria,Rodriguez,Navarro,UTEZ,E,Mexicana,Dir 212
6799,Ana,Munoz,Avila,IPN,P,Mexicana,Dir 706
6800,Andrea,Paredes,Gonzalez,IPN,E,Mexicana,Dir 400
6801,Javier,Bautista,Vega,UNAM,E,Mexicana,Dir 92
6802,Hugo,Garza,Cordova,ITZ,E,Mexicana,Dir 702
6803,Diego,Valencia,Flores,UPMOR,E,Mexicana,Dir 918
6804,Sofia,Delgado,Diaz,UNAM,P,Mexicana,Dir 303
6805,Laura,Espinoza,Bautista,ITZ,E,Mexicana,Dir 530
6806,Gael,Ramirez,Vargas,IPN,P,Mexicana,Dir 29
6807,Sofia,Diaz,Ortiz,ITZ,P,Mexicana,Dir 871
6808,Oscar,Ortiz,Paredes,UPMOR,E,Mexicana,Dir 644
6809,Andrea,Cortes,Vega,UPMOR,P,Mexicana,Dir 883
6810,Andrea,Reyes,Aguilar,UAEM,P,Mexicana,Dir 210
6811,Raul,Bautista,Gonzalez,UTEZ,P,Mexicana,Dir 838
6812,Susana,Maldonado,Castro,UTEZ,P,Mexicana,Dir 547
6813,Diego,Lara,Hernandez,UNAM,P,Mexicana,Dir 299
6814,Rafael,Molina,Mejia,IPN,E,Mexicana,Dir 734
6815,Patricia,Ruiz,Gomez,UNAM,P,Mexicana,Dir 802
6816,Lucia,Munoz,Castillo,UAEM,P,Mexicana,Dir 943
6817,Ricardo,Valencia,Avila,UTEZ,E,Mexicana,Dir 64
6818,Carmen,Dominguez,Aguilar,UAEM,P,Mexicana,Dir 937
6819,Valeria,Castillo,Dominguez,ITZ,E,Mexicana,Dir 298
6820,Jose,Vargas,Escobar,UTEZ,E,Mexicana,Dir 248
6821,Hector,Dominguez,Vargas,IPN,P,Mexicana,Dir 446
6822,Javier,Rios,Cervantes,UTEZ,E,Mexicana,Dir 272
6823,Manuel,Avila,Sanchez,UPMOR,P,Mexicana,Dir 5
6824,Alejandro,Cortes,Ruiz,UPMOR,E,Mexicana,Dir 973
6825,Javier,Rojas,Diaz,UAEM,E,Mexicana,Dir 874
6826,Victor,Gonzalez,Vargas,IPN,P,Mexicana,Dir 952
6827,Gerardo,Ortiz,Cervantes,UNAM,E,Mexicana,Dir 378
6828,Carolina,Ruiz,Salazar,UPMOR,E,Mexicana,Dir 511
6829,Martha,Molina,Chavez,UNAM,P,Mexicana,Dir 695
6830,Andrea,Rodriguez,Cruz,ITZ,E,Mexicana,Dir 878
6831,Esteban,Romero,Cruz,UNAM,E,Mexicana,Dir 607
6832,Jorge,Cordova,Flores,UTEZ,E,Mexicana,Dir 141
6833,Natalia,Garcia,Rojas,IPN,E,Mexicana,Dir 336
6834,Andrea,Navarro,Cruz,ITZ,E,Mexicana,Dir 210
6835,Miguel,Espinoza,Vega,UPMOR,E,Mexicana,Dir 176
6836,Pedro,Cortes,Hernandez,ITZ,P,Mexicana,Dir 73
6837,Ana,Escobar,Rios,ITZ,P,Mexicana,Dir 149
6838,Pedro,Lara,Ortiz,UPMOR,E,Mexicana,Dir 325
6839,Pedro,Maldonado,Soto,UAEM,E,Mexicana,Dir 858
6840,Gabriela,Ortiz,Martinez,ITZ,P,Mexicana,Dir 316
6841,Diego,Mendez,Rodriguez,ITZ,P,Mexicana,Dir 45
6842,Gabriela,Molina,Garcia,ITZ,E,Mexicana,Dir 465
6843,Beatriz,Martinez,Cruz,UAEM,E,Mexicana,Dir 658
6844,Victor,Munoz,Ruiz,IPN,P,Mexicana,Dir 75
6845,Jorge,Romero,Rios,ITZ,E,Mexicana,Dir 897
6846,Patricia,Perez,Cordova,UPMOR,P,Mexicana,Dir 474
6847,Claudia,Avila,Cordova,UTEZ,P,Mexicana,Dir 102
6848,Hector,Rios,Avila,UNAM,E,Mexicana,Dir 210
6849,Veronica,Campos,Paredes,UNAM,E,Mexicana,Dir 510
6850,Hector,Garcia,Reyes,IPN,E,Mexicana,Dir 867
6851,Laura,Campos,Soto,IPN,P,Mexicana,Dir 128
6852,Rafael,Ruiz,Mejia,UNAM,P,Mexicana,Dir 550
6853,Martha,Munoz,Ramirez,ITZ,P,Mexicana,Dir 149
6854,Daniela,Lopez,Cervantes,UNAM,P,Mexicana,Dir 668
6855,Teresa,Sanchez,Flores,UPMOR,E,Mexicana,Dir 194
6856,Laura,Rodriguez,Rodriguez,ITZ,P,Mexicana,Dir 1
6857,Daniela,Escobar,Cortes,UAEM,P,Mexicana,Dir 884
6858,Carlos,Mendoza,Lopez,IPN,E,Mexicana,Dir 365
6859,Fernando,Salazar,Vega,UTEZ,P,Mexicana,Dir 753
6860,Oscar,Soto,Campos,UNAM,P,Mexicana,Dir 34
6861,Adriana,Navarro,Sosa,UTEZ,P,Mexicana,Dir 553
6862,Susana,Gonzalez,Bautista,UAEM,P,Mexicana,Dir 991
6863,Manuel,Valencia,Ortiz,ITZ,E,Mexicana,Dir 953
6864,Raul,Delgado,Garza,UNAM,P,Mexicana,Dir 474
6865,Carolina,Rojas,Vargas,UPMOR,E,Mexicana,Dir 639
6866,Ricardo,Espinoza,Garcia,IPN,P,Mexicana,Dir 719
6867,Ruben,Navarro,Velazquez,ITZ,E,Mexicana,Dir 532
6868,Francisco,Aguilar,Salazar,UAEM,P,Mexicana,Dir 563
6869,Carolina,Espinoza,Gonzalez,UPMOR,E,Mexicana,Dir 273
6870,Claudia,Navarro,Espinoza,ITZ,E,Mexicana,Dir 874
6871,Daniela,Cordova,Rojas,IPN,P,Mexicana,Dir 51
6872,Fernando,Campos,Salazar,IPN,P,Mexicana,Dir 654
6873,Rosa,Avila,Gutierrez,IPN,P,Mexicana,Dir 444
6874,Diana,Rodriguez,Lopez,UAEM,E,Mexicana,Dir 97
6875,Francisco,Munoz,Diaz,UNAM,E,Mexicana,Dir 578
6876,Rumualdo,Herrera,Garcia,ITZ,E,Mexicana,Dir 542
6877,Hugo,Flores,Chavez,UAEM,E,Mexicana,Dir 605
6878,Paola,Medina,Bautista,IPN,E,Mexicana,Dir 981
6879,Javier,Ramos,Paredes,UTEZ,E,Mexicana,Dir 73
6880,Hugo,Romero,Garcia,UAEM,P,Mexicana,Dir 224
6881,Ana,Castillo,Maldonado,ITZ,P,Mexicana,Dir 180
6882,Paola,Dominguez,Mendez,UNAM,P,Mexicana,Dir 301
6883,Leticia,Ramos,Maldonado,UAEM,E,Mexicana,Dir 403
6884,Gerardo,Bautista,Avila,UAEM,E,Mexicana,Dir 139
6885,Hector,Hernandez,Campos,UPMOR,P,Mexicana,Dir 760
6886,Martha,Ramos,Romero,ITZ,E,Mexicana,Dir 716
6887,Gabriela,Guzman,Perez,UNAM,E,Mexicana,Dir 785
6888,Susana,Velazquez,Bautista,IPN,P,Mexicana,Dir 229
6889,Maria,Mejia,Munoz,UPMOR,P,Mexicana,Dir 330
6890,Pedro,Garcia,Espinoza,UPMOR,E,Mexicana,Dir 23
6891,Natalia,Mendoza,Romero,UTEZ,P,Mexicana,Dir 448
6892,Rumualdo,Lara,Mejia,ITZ,P,Mexicana,Dir 911
6893,Leticia,Ruiz,Molina,UAEM,E,Mexicana,Dir 798
6894,Ruben,Medina,Sanchez,UPMOR,P,Mexicana,Dir 472
6895,Diana,Guzman,Vargas,IPN,P,Mexicana,Dir 534
6896,Paola,Cordova,Castro,IPN,E,Mexicana,Dir 280
6897,Margarita,Medina,Aguilar,ITZ,P,Mexicana,Dir 105
6898,Hector,Castro,Garcia,IPN,E,Mexicana,Dir 169
6899,Oscar,Vargas,Vega,UAEM,E,Mexicana,Dir 45
6900,Carmen,Dominguez,Cortes,UTEZ,P,Mexicana,Dir 623
6901,Arturo,Cervantes,Maldonado,UTEZ,E,Mexicana,Dir 551
6902,Rosa,Cortes,Bautista,IPN,P,Mexicana,Dir 767
6903,Rumualdo,Delgado,Diaz,UAEM,P,Mexicana,Dir 300
6904,Veronica,Cordova,Martinez,ITZ,P,Mexicana,Dir 320
6905,Diego,Escobar,Maldonado,UTEZ,E,Mexicana,Dir 854
6906,Gael,Cruz,Vargas,UPMOR,P,Mexicana,Dir 76
6907,Antonio,Mendoza,Gomez,UPMOR,P,Mexicana,Dir 932
6908,Javier,Morales,Cortes,IPN,P,Mexicana,Dir 710
6909,Hector,Sosa,Castillo,UPMOR,P,Mexicana,Dir 245
6910,Manuel,Silva,Bautista,IPN,E,Mexicana,Dir 914
6911,Adriana,Morales,Perez,UNAM,P,Mexicana,Dir 220
6912,Susana,Castro,Velazquez,UAEM,E,Mexicana,Dir 60
6913,Fernando,Chavez,Hernandez,UTEZ,P,Mexicana,Dir 771
6914,Jorge,Valencia,Herrera,IPN,P,Mexicana,Dir 873
6915,Gerardo,Mendez,Aguilar,UTEZ,P,Mexicana,Dir 443
6916,Gerardo,Chavez,Mejia,UAEM,P,Mexicana,Dir 795
6917,Esteban,Diaz,Avila,UNAM,E,Mexicana,Dir 612
6918,Ruben,Salazar,Garza,UPMOR,P,Mexicana,Dir 562
6919,Raul,Ruiz,Avila,IPN,E,Mexicana,Dir 76
6920,Ruben,Herrera,Rios,UNAM,P,Mexicana,Dir 760
6921,Monica,Aguilar,Paredes,ITZ,P,Mexicana,Dir 541
6922,Veronica,Aguilar,Gutierrez,ITZ,P,Mexicana,Dir 225
6923,Lorena,Vargas,Salazar,IPN,E,Mexicana,Dir 912
6924,Martha,Mendez,Flores,UNAM,E,Mexicana,Dir 642
6925,Laura,Cortes,Gonzalez,UNAM,P,Mexicana,Dir 654
6926,Rosa,Cabrera,Garza,IPN,E,Mexicana,Dir 868
6927,Eduardo,Paredes,Mejia,UTEZ,E,Mexicana,Dir 970
6928,Raul,Molina,Rios,ITZ,E,Mexicana,Dir 642
6929,Miguel,Valencia,Herrera,UTEZ,E,Mexicana,Dir 351
6930,Martin,Delgado,Castillo,IPN,P,Mexicana,Dir 62
6931,Pedro,Ortiz,Molina,UNAM,P,Mexicana,Dir 407
6932,Lucia,Herrera,Rodriguez,ITZ,E,Mexicana,Dir 516
6933,Oscar,Cordova,Castro,UNAM,E,Mexicana,Dir 17
6934,Ricardo,Cervantes,Perez,IPN,P,Mexicana,Dir 878
6935,Julio,Perez,Cruz,UNAM,E,Mexicana,Dir 113
6936,Hugo,Cabrera,Medina,UNAM,E,Mexicana,Dir 793
6937,Margarita,Cervantes,Salazar,UAEM,P,Mexicana,Dir 900
6938,Diego,Castillo,Mejia,UTEZ,P,Mexicana,Dir 132
6939,Manuel,Cruz,Garcia,UAEM,P,Mexicana,Dir 505
6940,Ruben,Martinez,Lopez,ITZ,P,Mexicana,Dir 453
6941,Javier,Gonzalez,Maldonado,ITZ,P,Mexicana,Dir 305
6942,Eduardo,Delgado,Navarro,UPMOR,E,Mexicana,Dir 263
6943,Alejandro,Ramos,Ruiz,UPMOR,E,Mexicana,Dir 115
6944,Ricardo,Morales,Maldonado,UPMOR,P,Mexicana,Dir 852
6945,Hector,Medina,Delgado,UTEZ,P,Mexicana,Dir 697
6946,Laura,Vargas,Gutierrez,UPMOR,E,Mexicana,Dir 374
6947,Susana,Maldonado,Silva,ITZ,E,Mexicana,Dir 325
6948,Carolina,Silva,Ruiz,ITZ,P,Mexicana,Dir 6
6949,Claudia,Molina,Rios,ITZ,E,Mexicana,Dir 665
6950,Roberto,Castro,Sosa,ITZ,P,Mexicana,Dir 207
6951,Manuel,Rios,Salazar,UAEM,P,Mexicana,Dir 683
6952,Sofia,Reyes,Espinoza,UTEZ,P,Mexicana,Dir 153
6953,Martha,Castro,Navarro,UAEM,P,Mexicana,Dir 547
6954,Adriana,Cruz,Paredes,UTEZ,P,Mexicana,Dir 629
6955,Oscar,Romero,Espinoza,UNAM,P,Mexicana,Dir 623
6956,Pedro,Navarro,Espinoza,UPMOR,E,Mexicana,Dir 319
6957,Carmen,Mendoza,Cordova,UTEZ,P,Mexicana,Dir 477
6958,Francisco,Silva,Cervantes,UPMOR,E,Mexicana,Dir 176
6959,Miguel,Escobar,Castillo,ITZ,P,Mexicana,Dir 799
6960,Sofia,Salazar,Guzman,UAEM,P,Mexicana,Dir 202
6961,Rosa,Valencia,Mejia,UPMOR,P,Mexicana,Dir 599
6962,Javier,Cruz,Cordova,UPMOR,E,Mexicana,Dir 957
6963,Adriana,Navarro,Paredes,UTEZ,P,Mexicana,Dir 327
6964,Rumualdo,Valencia,Morales,UAEM,P,Mexicana,Dir 290
6965,Manuel,Escobar,Morales,UTEZ,E,Mexicana,Dir 621
6966,Martin,Romero,Castro,UTEZ,E,Mexicana,Dir 837
6967,Roberto,Delgado,Campos,ITZ,E,Mexicana,Dir 235
6968,Ruben,Bautista,Mendez,IPN,P,Mexicana,Dir 737
6969,Esteban,Guzman,Guzman,IPN,E,Mexicana,Dir 592
6970,Luis,Paredes,Rodriguez,IPN,P,Mexicana,Dir 89
6971,Gael,Valencia,Garcia,UNAM,P,Mexicana,Dir 818
6972,Monica,Silva,Molina,UPMOR,E,Mexicana,Dir 831
6973,Roberto,Soto,Valencia,ITZ,P,Mexicana,Dir 159
6974,Victor,Martinez,Garcia,ITZ,E,Mexicana,Dir 187
6975,Francisco,Munoz,Cabrera,UPMOR,P,Mexicana,Dir 113
6976,Esteban,Diaz,Vargas,UAEM,P,Mexicana,Dir 136
6977,Jose,Gonzalez,Cervantes,UTEZ,P,Mexicana,Dir 650
6978,Adriana,Reyes,Vega,UTEZ,E,Mexicana,Dir 892
6979,Elena,Escobar,Mejia,UNAM,E,Mexicana,Dir 112
6980,Teresa,Dominguez,Cabrera,UPMOR,E,Mexicana,Dir 902
6981,Jose,Guzman,Mejia,IPN,P,Mexicana,Dir 254
6982,Valeria,Gutierrez,Vargas,UAEM,P,Mexicana,Dir 624
6983,Lucia,Diaz,Diaz,ITZ,E,Mexicana,Dir 560
6984,Maria,Lara,Cordova,UAEM,P,Mexicana,Dir 716
6985,Lucia,Morales,Sosa,UPMOR,E,Mexicana,Dir 410
6986,Raul,Guzman,Castillo,IPN,P,Mexicana,Dir 454
6987,Valeria,Campos,Mejia,UTEZ,E,Mexicana,Dir 169
6988,Silvia,Guzman,Ruiz,UPMOR,P,Mexicana,Dir 486
6989,Sofia,Medina,Flores,UAEM,E,Mexicana,Dir 519
6990,Lucia,Escobar,Guzman,UTEZ,P,Mexicana,Dir 784
6991,Natalia,Avila,Castro,IPN,E,Mexicana,Dir 817
6992,Raul,Reyes,Cordova,UNAM,E,Mexicana,Dir 807
6993,Elena,Sosa,Vargas,UTEZ,E,Mexicana,Dir 237
6994,Daniela,Herrera,Cruz,UNAM,E,Mexicana,Dir 923
6995,Paola,Perez,Herrera,UNAM,E,Mexicana,Dir 765
6996,Teresa,Sosa,Lara,UNAM,P,Mexicana,Dir 870
6997,Antonio,Cordova,Diaz,IPN,P,Mexicana,Dir 275
6998,Susana,Romero,Mejia,UTEZ,P,Mexicana,Dir 485
6999,Hugo,Martinez,Herrera,ITZ,P,Mexicana,Dir 799
7000,Silvia,Espinoza,Molina,UPMOR,E,Mexicana,Dir 881
7001,Rosa,Flores,Morales,UNAM,E,Mexicana,Dir 545
7002,Julio,Paredes,Velazquez,UAEM,E,Mexicana,Dir 643
7003,Esteban,Gonzalez,Vargas,UTEZ,E,Mexicana,Dir 853
7004,Paola,Soto,Dominguez,UPMOR,P,Mexicana,Dir 146
7005,Veronica,Lopez,Lopez,UTEZ,P,Mexicana,Dir 661
7006,Elena,Garcia,Aguilar,ITZ,P,Mexicana,Dir 909
7007,Esteban,Vargas,Mejia,UAEM,P,Mexicana,Dir 427
7008,Hector,Cordova,Avila,IPN,P,Mexicana,Dir 844
7009,Martin,Martinez,Hernandez,IPN,P,Mexicana,Dir 587
7010,Beatriz,Garza,Rojas,UTEZ,E,Mexicana,Dir 532
7011,Manuel,Reyes,Dominguez,UPMOR,P,Mexicana,Dir 934
7012,Rosa,Vargas,Paredes,UTEZ,P,Mexicana,Dir 65
7013,Leticia,Mendoza,Bautista,UNAM,E,Mexicana,Dir 954
7014,Pedro,Lara,Bautista,UNAM,P,Mexicana,Dir 549
7015,Natalia,Gonzalez,Avila,UTEZ,P,Mexicana,Dir 397
7016,Carmen,Mendoza,Ramirez,IPN,E,Mexicana,Dir 781
7017,Victor,Ramirez,Rios,UPMOR,P,Mexicana,Dir 222
7018,Hector,Mendez,Ramirez,UPMOR,P,Mexicana,Dir 528
7019,Hector,Lopez,Herrera,UPMOR,P,Mexicana,Dir 37
7020,Paola,Munoz,Romero,UAEM,P,Mexicana,Dir 428
7021,Roberto,Navarro,Lara,UAEM,E,Mexicana,Dir 844
7022,Natalia,Delgado,Hernandez,IPN,E,Mexicana,Dir 938
7023,Alejandro,Mendoza,Gonzalez,ITZ,P,Mexicana,Dir 600
7024,Manuel,Garcia,Romero,IPN,E,Mexicana,Dir 129
7025,Ricardo,Mendez,Valencia,UPMOR,E,Mexicana,Dir 37
7026,Miguel,Castro,Munoz,UTEZ,E,Mexicana,Dir 14
7027,Rosa,Maldonado,Herrera,UPMOR,P,Mexicana,Dir 679
7028,Manuel,Mejia,Rodriguez,UTEZ,P,Mexicana,Dir 806
7029,Diana,Chavez,Morales,IPN,P,Mexicana,Dir 475
7030,Carolina,Salazar,Perez,UAEM,E,Mexicana,Dir 166
7031,Beatriz,Cervantes,Rodriguez,UPMOR,E,Mexicana,Dir 864
7032,Jorge,Morales,Mendoza,UPMOR,P,Mexicana,Dir 390
7033,Paola,Valencia,Herrera,UPMOR,E,Mexicana,Dir 873
7034,Antonio,Velazquez,Cervantes,UPMOR,E,Mexicana,Dir 729
7035,Javier,Vargas,Ortiz,UNAM,E,Mexicana,Dir 611
7036,Miguel,Rojas,Vargas,ITZ,P,Mexicana,Dir 915
7037,Carmen,Salazar,Martinez,UAEM,E,Mexicana,Dir 561
7038,Roberto,Mendez,Cabrera,UTEZ,E,Mexicana,Dir 933
7039,Ricardo,Hernandez,Cabrera,UNAM,P,Mexicana,Dir 648
7040,Leticia,Rios,Munoz,UAEM,E,Mexicana,Dir 482
7041,Rosa,Perez,Gomez,ITZ,E,Mexicana,Dir 334
7042,Daniela,Martinez,Ramirez,UPMOR,E,Mexicana,Dir 296
7043,Pedro,Garza,Espinoza,UPMOR,E,Mexicana,Dir 471
7044,Andrea,Avila,Vargas,UAEM,P,Mexicana,Dir 178
7045,Pedro,Mendez,Soto,UPMOR,P,Mexicana,Dir 516
7046,Susana,Medina,Espinoza,UNAM,P,Mexicana,Dir 763
7047,Eduardo,Sanchez,Gomez,UPMOR,E,Mexicana,Dir 251
7048,Victor,Cervantes,Ramos,UPMOR,P,Mexicana,Dir 60
7049,Laura,Lara,Gomez,IPN,P,Mexicana,Dir 371
7050,Raul,Ortiz,Gomez,ITZ,P,Mexicana,Dir 423
7051,Veronica,Mejia,Escobar,UTEZ,E,Mexicana,Dir 122
7052,Lucia,Perez,Ortiz,UAEM,E,Mexicana,Dir 272
7053,Teresa,Rojas,Escobar,UNAM,E,Mexicana,Dir 444
7054,Natalia,Morales,Maldonado,UPMOR,P,Mexicana,Dir 868
7055,Pedro,Rodriguez,Hernandez,UNAM,E,Mexicana,Dir 84
7056,Ana,Cortes,Paredes,ITZ,E,Mexicana,Dir 199
7057,Laura,Ramos,Castillo,UTEZ,P,Mexicana,Dir 226
7058,Oscar,Garcia,Rojas,UAEM,E,Mexicana,Dir 495
7059,Luis,Herrera,Vargas,UTEZ,P,Mexicana,Dir 57
7060,Raul,Munoz,Rodriguez,UNAM,P,Mexicana,Dir 209
7061,Rosa,Rios,Lopez,UNAM,E,Mexicana,Dir 521
7062,Claudia,Ruiz,Munoz,UNAM,P,Mexicana,Dir 760
7063,Antonio,Paredes,Espinoza,IPN,P,Mexicana,Dir 360
7064,Diana,Rodriguez,Mejia,UTEZ,E,Mexicana,Dir 343
7065,Miguel,Lara,Escobar,UAEM,P,Mexicana,Dir 127
7066,Roberto,Guzman,Perez,UAEM,E,Mexicana,Dir 563
7067,Pedro,Garza,Munoz,UTEZ,P,Mexicana,Dir 62
7068,Paola,Soto,Silva,UNAM,P,Mexicana,Dir 712
7069,Carolina,Medina,Valencia,UAEM,P,Mexicana,Dir 600
7070,Gabriela,Silva,Rojas,UNAM,E,Mexicana,Dir 819
7071,Margarita,Medina,Garza,IPN,E,Mexicana,Dir 847
7072,Roberto,Sanchez,Morales,UTEZ,E,Mexicana,Dir 181
7073,Jose,Guzman,Rios,UTEZ,P,Mexicana,Dir 31
7074,Miguel,Romero,Munoz,UTEZ,P,Mexicana,Dir 29
7075,Arturo,Ramos,Gonzalez,UAEM,P,Mexicana,Dir 720
7076,Antonio,Velazquez,Mejia,ITZ,P,Mexicana,Dir 185
7077,Paola,Valencia,Cabrera,IPN,P,Mexicana,Dir 622
7078,Teresa,Munoz,Sosa,UPMOR,P,Mexicana,Dir 293
7079,Eduardo,Paredes,Reyes,UPMOR,E,Mexicana,Dir 326
7080,Ana,Castro,Garcia,ITZ,E,Mexicana,Dir 822
7081,Adriana,Hernandez,Mendez,ITZ,P,Mexicana,Dir 775
7082,Victor,Diaz,Lopez,ITZ,P,Mexicana,Dir 998
7083,Rafael,Diaz,Maldonado,IPN,E,Mexicana,Dir 323
7084,Daniela,Campos,Cordova,UTEZ,P,Mexicana,Dir 259
7085,Carmen,Espinoza,Rios,IPN,P,Mexicana,Dir 319
7086,Lucia,Mejia,Salazar,UAEM,P,Mexicana,Dir 98
7087,Carolina,Valencia,Velazquez,UPMOR,E,Mexicana,Dir 275
7088,Teresa,Chavez,Velazquez,UNAM,E,Mexicana,Dir 270
7089,Claudia,Dominguez,Munoz,UNAM,P,Mexicana,Dir 767
7090,Sofia,Hernandez,Gonzalez,IPN,E,Mexicana,Dir 389
7091,Valeria,Cruz,Mendoza,IPN,E,Mexicana,Dir 267
7092,Ana,Ramirez,Velazquez,UNAM,P,Mexicana,Dir 971
7093,Luis,Bautista,Cruz,UNAM,P,Mexicana,Dir 926
7094,Martin,Ruiz,Sosa,IPN,P,Mexicana,Dir 920
7095,Hector,Sanchez,Rodriguez,UNAM,E,Mexicana,Dir 689
7096,Silvia,Guzman,Paredes,UAEM,E,Mexicana,Dir 631
7097,Diana,Morales,Morales,IPN,E,Mexicana,Dir 636
7098,Ricardo,Herrera,Romero,UPMOR,E,Mexicana,Dir 167
7099,Alejandro,Garcia,Ortiz,UNAM,E,Mexicana,Dir 455
7100,Carolina,Silva,Morales,IPN,E,Mexicana,Dir 509
7101,Arturo,Mejia,Vargas,IPN,P,Mexicana,Dir 341
7102,Carmen,Sanchez,Mendez,UTEZ,P,Mexicana,Dir 480
7103,Claudia,Morales,Medina,UAEM,P,Mexicana,Dir 845
7104,Esteban,Cortes,Medina,UTEZ,P,Mexicana,Dir 391
7105,Silvia,Mendoza,Medina,UAEM,P,Mexicana,Dir 251
7106,Leticia,Espinoza,Salazar,IPN,P,Mexicana,Dir 944
7107,Patricia,Soto,Avila,UNAM,P,Mexicana,Dir 837
7108,Valeria,Diaz,Garcia,UNAM,P,Mexicana,Dir 906
7109,Victor,Medina,Perez,ITZ,E,Mexicana,Dir 50
7110,Beatriz,Cordova,Cortes,UAEM,E,Mexicana,Dir 346
7111,Hector,Velazquez,Medina,UAEM,P,Mexicana,Dir 36
7112,Susana,Ruiz,Morales,UTEZ,P,Mexicana,Dir 148
7113,Francisco,Cordova,Castro,UPMOR,E,Mexicana,Dir 588
7114,Gerardo,Soto,Mejia,UAEM,E,Mexicana,Dir 628
7115,Veronica,Mendoza,Dominguez,UTEZ,P,Mexicana,Dir 602
7116,Gerardo,Maldonado,Escobar,UAEM,P,Mexicana,Dir 378
7117,Fernando,Martinez,Cordova,UNAM,P,Mexicana,Dir 820
7118,Oscar,Mejia,Gonzalez,UAEM,E,Mexicana,Dir 798
7119,Valeria,Paredes,Cabrera,UAEM,P,Mexicana,Dir 524
7120,Valeria,Munoz,Diaz,IPN,P,Mexicana,Dir 391
7121,Beatriz,Hernandez,Gonzalez,UPMOR,E,Mexicana,Dir 165
7122,Ruben,Avila,Vega,UAEM,P,Mexicana,Dir 952
7123,Martha,Cortes,Hernandez,UPMOR,P,Mexicana,Dir 468
7124,Rosa,Hernandez,Lara,UTEZ,P,Mexicana,Dir 635
7125,Gabriela,Cordova,Diaz,ITZ,P,Mexicana,Dir 978
7126,Maria,Munoz,Sanchez,UNAM,E,Mexicana,Dir 470
7127,Rosa,Gonzalez,Herrera,UAEM,E,Mexicana,Dir 22
7128,Antonio,Vega,Aguilar,ITZ,E,Mexicana,Dir 232
7129,Monica,Chavez,Cervantes,UAEM,P,Mexicana,Dir 43
7130,Lucia,Gomez,Molina,UPMOR,E,Mexicana,Dir 607
7131,Miguel,Vega,Garza,UAEM,E,Mexicana,Dir 829
7132,Rumualdo,Dominguez,Gonzalez,UPMOR,P,Mexicana,Dir 499
7133,Martin,Herrera,Bautista,IPN,E,Mexicana,Dir 636
7134,Gabriela,Munoz,Gomez,UTEZ,P,Mexicana,Dir 206
7135,Carlos,Flores,Chavez,IPN,P,Mexicana,Dir 991
7136,Silvia,Bautista,Ramirez,UTEZ,P,Mexicana,Dir 53
7137,Rafael,Campos,Espinoza,IPN,P,Mexicana,Dir 182
7138,Maria,Diaz,Bautista,UNAM,P,Mexicana,Dir 361
7139,Javier,Mendoza,Chavez,ITZ,P,Mexicana,Dir 494
7140,Claudia,Avila,Avila,UNAM,P,Mexicana,Dir 186
7141,Valeria,Avila,Gutierrez,UPMOR,E,Mexicana,Dir 477
7142,Ruben,Sanchez,Gutierrez,UTEZ,P,Mexicana,Dir 596
7143,Rumualdo,Ruiz,Hernandez,UTEZ,P,Mexicana,Dir 79
7144,Ruben,Dominguez,Bautista,IPN,P,Mexicana,Dir 836
7145,Monica,Ramirez,Mendez,IPN,P,Mexicana,Dir 900
7146,Alejandro,Paredes,Mendoza,UAEM,P,Mexicana,Dir 292
7147,Ricardo,Chavez,Valencia,UNAM,P,Mexicana,Dir 964
7148,Pedro,Soto,Lopez,UPMOR,E,Mexicana,Dir 568
7149,Francisco,Ruiz,Sanchez,UPMOR,P,Mexicana,Dir 743
7150,Gael,Morales,Avila,UPMOR,E,Mexicana,Dir 501
7151,Lorena,Cortes,Medina,UAEM,E,Mexicana,Dir 736
7152,Paola,Salazar,Paredes,ITZ,P,Mexicana,Dir 652
7153,Raul,Espinoza,Soto,ITZ,P,Mexicana,Dir 299
7154,Margarita,Valencia,Mendez,UTEZ,P,Mexicana,Dir 15
7155,Gael,Velazquez,Vega,UNAM,E,Mexicana,Dir 737
7156,Silvia,Ruiz,Maldonado,UTEZ,E,Mexicana,Dir 733
7157,Lucia,Bautista,Vega,UAEM,E,Mexicana,Dir 166
7158,Antonio,Aguilar,Romero,IPN,P,Mexicana,Dir 498
7159,Rosa,Rojas,Aguilar,UTEZ,E,Mexicana,Dir 541
7160,Javier,Cruz,Silva,IPN,E,Mexicana,Dir 898
7161,Maria,Munoz,Lara,UNAM,P,Mexicana,Dir 339
7162,Eduardo,Chavez,Espinoza,UNAM,E,Mexicana,Dir 695
7163,Julio,Castro,Delgado,UAEM,P,Mexicana,Dir 255
7164,Carlos,Reyes,Diaz,UNAM,P,Mexicana,Dir 535
7165,Hugo,Guzman,Gonzalez,UPMOR,P,Mexicana,Dir 590
7166,Ruben,Garza,Rojas,UTEZ,P,Mexicana,Dir 738
7167,Antonio,Flores,Navarro,UPMOR,E,Mexicana,Dir 864
7168,Fernando,Silva,Guzman,UNAM,E,Mexicana,Dir 662
7169,Rosa,Ramos,Aguilar,IPN,P,Mexicana,Dir 299
7170,Teresa,Cordova,Mendoza,UNAM,P,Mexicana,Dir 133
7171,Miguel,Morales,Navarro,ITZ,P,Mexicana,Dir 77
7172,Rumualdo,Valencia,Cruz,UTEZ,E,Mexicana,Dir 782
7173,Laura,Rojas,Lara,UTEZ,P,Mexicana,Dir 621
7174,Diego,Valencia,Soto,ITZ,P,Mexicana,Dir 677
7175,Miguel,Hernandez,Navarro,UNAM,E,Mexicana,Dir 43
7176,Gabriela,Mendoza,Morales,UPMOR,P,Mexicana,Dir 589
7177,Laura,Valencia,Silva,ITZ,P,Mexicana,Dir 279
7178,Monica,Medina,Martinez,IPN,E,Mexicana,Dir 80
7179,Elena,Soto,Medina,UPMOR,E,Mexicana,Dir 964
7180,Jose,Gonzalez,Mendoza,UPMOR,P,Mexicana,Dir 934
7181,Gael,Sosa,Diaz,UTEZ,P,Mexicana,Dir 582
7182,Daniela,Hernandez,Ramirez,ITZ,E,Mexicana,Dir 694
7183,Jesus,Campos,Martinez,ITZ,P,Mexicana,Dir 314
7184,Oscar,Ruiz,Morales,IPN,E,Mexicana,Dir 506
7185,Esteban,Cordova,Hernandez,UNAM,P,Mexicana,Dir 554
7186,Paola,Delgado,Sosa,UPMOR,E,Mexicana,Dir 693
7187,Pedro,Castillo,Gonzalez,ITZ,E,Mexicana,Dir 85
7188,Hugo,Rojas,Ortiz,ITZ,P,Mexicana,Dir 296
7189,Ruben,Garcia,Cabrera,UAEM,P,Mexicana,Dir 551
7190,Eduardo,Perez,Cortes,UAEM,P,Mexicana,Dir 895
7191,Teresa,Molina,Ortiz,UTEZ,E,Mexicana,Dir 591
7192,Paola,Rojas,Ramirez,UPMOR,E,Mexicana,Dir 587
7193,Jose,Ramos,Cervantes,UTEZ,E,Mexicana,Dir 66
7194,Lucia,Garza,Delgado,UTEZ,P,Mexicana,Dir 167
7195,Teresa,Diaz,Gutierrez,UAEM,E,Mexicana,Dir 561
7196,Gael,Cordova,Salazar,UAEM,P,Mexicana,Dir 356
7197,Silvia,Campos,Perez,ITZ,P,Mexicana,Dir 859
7198,Maria,Silva,Rodriguez,UPMOR,P,Mexicana,Dir 598
7199,Daniela,Cruz,Martinez,UAEM,E,Mexicana,Dir 617
7200,Carolina,Bautista,Diaz,UNAM,E,Mexicana,Dir 639
7201,Victor,Castro,Cruz,UPMOR,E,Mexicana,Dir 786
7202,Lorena,Mendez,Garcia,UAEM,P,Mexicana,Dir 151
7203,Javier,Navarro,Cervantes,UTEZ,E,Mexicana,Dir 923
7204,Victor,Hernandez,Mejia,UNAM,E,Mexicana,Dir 688
7205,Gabriela,Flores,Diaz,UNAM,P,Mexicana,Dir 76
7206,Gael,Paredes,Cruz,ITZ,E,Mexicana,Dir 929
7207,Martin,Maldonado,Soto,UNAM,E,Mexicana,Dir 838
7208,Francisco,Maldonado,Medina,UPMOR,P,Mexicana,Dir 824
7209,Fernando,Gonzalez,Paredes,IPN,E,Mexicana,Dir 827
7210,Claudia,Dominguez,Mejia,UAEM,P,Mexicana,Dir 567
7211,Veronica,Morales,Escobar,UPMOR,P,Mexicana,Dir 728
7212,Rosa,Molina,Perez,UNAM,E,Mexicana,Dir 263
7213,Manuel,Martinez,Cortes,ITZ,P,Mexicana,Dir 185
7214,Manuel,Castillo,Romero,UNAM,P,Mexicana,Dir 746
7215,Martin,Hernandez,Aguilar,UNAM,E,Mexicana,Dir 569
7216,Arturo,Guzman,Rodriguez,UNAM,E,Mexicana,Dir 578
7217,Susana,Salazar,Paredes,UPMOR,P,Mexicana,Dir 276
7218,Julio,Perez,Gonzalez,UAEM,E,Mexicana,Dir 229
7219,Veronica,Romero,Dominguez,ITZ,E,Mexicana,Dir 266
7220,Monica,Munoz,Flores,IPN,P,Mexicana,Dir 970
7221,Silvia,Avila,Molina,UPMOR,P,Mexicana,Dir 340
7222,Jesus,Vega,Cordova,ITZ,P,Mexicana,Dir 670
7223,Rafael,Ramos,Cervantes,UTEZ,P,Mexicana,Dir 146
7224,Valeria,Escobar,Gonzalez,UAEM,E,Mexicana,Dir 32
7225,Patricia,Aguilar,Diaz,UNAM,P,Mexicana,Dir 7
7226,Valeria,Espinoza,Vargas,UPMOR,E,Mexicana,Dir 215
7227,Claudia,Silva,Castillo,UPMOR,P,Mexicana,Dir 869
7228,Lucia,Ramos,Reyes,IPN,E,Mexicana,Dir 462
7229,Roberto,Castillo,Medina,UPMOR,P,Mexicana,Dir 986
7230,Gabriela,Dominguez,Ramirez,UPMOR,P,Mexicana,Dir 418
7231,Patricia,Molina,Cabrera,ITZ,P,Mexicana,Dir 406
7232,Francisco,Lara,Mejia,ITZ,E,Mexicana,Dir 831
7233,Hector,Perez,Gutierrez,ITZ,P,Mexicana,Dir 403
7234,Jesus,Herrera,Gutierrez,ITZ,P,Mexicana,Dir 598
7235,Leticia,Rojas,Sosa,UPMOR,P,Mexicana,Dir 200
7236,Luis,Diaz,Valencia,UAEM,E,Mexicana,Dir 979
7237,Daniela,Hernandez,Aguilar,UPMOR,P,Mexicana,Dir 689
7238,Francisco,Gomez,Castro,UTEZ,P,Mexicana,Dir 437
7239,Roberto,Salazar,Bautista,UNAM,P,Mexicana,Dir 608
7240,Paola,Velazquez,Ramos,UTEZ,P,Mexicana,Dir 517
7241,Jorge,Morales,Lara,UPMOR,E,Mexicana,Dir 583
7242,Esteban,Ramirez,Vega,UTEZ,E,Mexicana,Dir 156
7243,Lucia,Castro,Hernandez,UAEM,E,Mexicana,Dir 209
7244,Fernando,Cervantes,Morales,ITZ,E,Mexicana,Dir 101
7245,Carmen,Salazar,Rodriguez,UTEZ,E,Mexicana,Dir 243
7246,Roberto,Valencia,Ortiz,UTEZ,P,Mexicana,Dir 30
7247,Lucia,Silva,Maldonado,ITZ,E,Mexicana,Dir 656
7248,Jesus,Hernandez,Vega,ITZ,P,Mexicana,Dir 566
7249,Valeria,Salazar,Lara,UNAM,E,Mexicana,Dir 802
7250,Silvia,Gomez,Hernandez,ITZ,P,Mexicana,Dir 98
7251,Gerardo,Diaz,Cruz,UTEZ,E,Mexicana,Dir 730
7252,Jesus,Molina,Molina,UAEM,P,Mexicana,Dir 508
7253,Alejandro,Vargas,Ramirez,UNAM,P,Mexicana,Dir 715
7254,Sofia,Rodriguez,Reyes,ITZ,E,Mexicana,Dir 248
7255,Beatriz,Navarro,Sosa,UTEZ,P,Mexicana,Dir 273
7256,Julio,Campos,Medina,UNAM,E,Mexicana,Dir 934
7257,Francisco,Chavez,Diaz,UNAM,E,Mexicana,Dir 580
7258,Valeria,Herrera,Gutierrez,IPN,E,Mexicana,Dir 946
7259,Natalia,Gutierrez,Hernandez,ITZ,E,Mexicana,Dir 422
7260,Veronica,Delgado,Cabrera,ITZ,P,Mexicana,Dir 773
7261,Elena,Navarro,Valencia,IPN,P,Mexicana,Dir 836
7262,Teresa,Ramirez,Lopez,UNAM,P,Mexicana,Dir 815
7263,Margarita,Lopez,Guzman,UNAM,P,Mexicana,Dir 384
7264,Natalia,Ramirez,Soto,ITZ,P,Mexicana,Dir 244
7265,Gael,Cervantes,Flores,IPN,E,Mexicana,Dir 14
7266,Julio,Sosa,Flores,ITZ,E,Mexicana,Dir 236
7267,Ana,Morales,Gonzalez,UPMOR,P,Mexicana,Dir 729
7268,Antonio,Delgado,Hernandez,UTEZ,P,Mexicana,Dir 752
7269,Lucia,Dominguez,Bautista,ITZ,E,Mexicana,Dir 976
7270,Natalia,Ramos,Espinoza,UTEZ,E,Mexicana,Dir 199
7271,Gerardo,Guzman,Perez,UPMOR,E,Mexicana,Dir 988
7272,Susana,Espinoza,Aguilar,UAEM,E,Mexicana,Dir 267
7273,Julio,Ramos,Reyes,UTEZ,E,Mexicana,Dir 226
7274,Jorge,Cervantes,Campos,UAEM,P,Mexicana,Dir 913
7275,Carlos,Velazquez,Hernandez,ITZ,E,Mexicana,Dir 927
7276,Susana,Ortiz,Martinez,UAEM,E,Mexicana,Dir 134
7277,Ruben,Rodriguez,Munoz,ITZ,P,Mexicana,Dir 338
7278,Arturo,Martinez,Cruz,UTEZ,E,Mexicana,Dir 8
7279,Ricardo,Delgado,Campos,UNAM,P,Mexicana,Dir 537
7280,Paola,Velazquez,Rojas,IPN,E,Mexicana,Dir 804
7281,Fernando,Rios,Cabrera,UPMOR,E,Mexicana,Dir 518
7282,Hugo,Ortiz,Castro,UPMOR,E,Mexicana,Dir 304
7283,Martin,Ramos,Herrera,UAEM,P,Mexicana,Dir 885
7284,Pedro,Valencia,Rojas,UAEM,P,Mexicana,Dir 102
7285,Silvia,Ruiz,Silva,UPMOR,E,Mexicana,Dir 481
7286,Beatriz,Paredes,Hernandez,UNAM,P,Mexicana,Dir 577
7287,Carlos,Munoz,Valencia,UTEZ,E,Mexicana,Dir 912
7288,Fernando,Garcia,Cordova,UNAM,E,Mexicana,Dir 906
7289,Diana,Ruiz,Mendoza,ITZ,E,Mexicana,Dir 360
7290,Martin,Garza,Campos,UTEZ,E,Mexicana,Dir 199
7291,Antonio,Munoz,Sanchez,UPMOR,E,Mexicana,Dir 42
7292,Carmen,Navarro,Salazar,UPMOR,P,Mexicana,Dir 573
7293,Carlos,Gutierrez,Ramirez,UAEM,P,Mexicana,Dir 353
7294,Francisco,Soto,Morales,UTEZ,E,Mexicana,Dir 608
7295,Patricia,Garza,Espinoza,UTEZ,P,Mexicana,Dir 62
7296,Carolina,Reyes,Maldonado,UTEZ,P,Mexicana,Dir 904
7297,Miguel,Rojas,Ruiz,UTEZ,E,Mexicana,Dir 117
7298,Alejandro,Escobar,Dominguez,UAEM,E,Mexicana,Dir 585
7299,Luis,Mendoza,Cervantes,UNAM,E,Mexicana,Dir 712
7300,Valeria,Martinez,Sosa,UNAM,P,Mexicana,Dir 137
7301,Gabriela,Medina,Ramirez,ITZ,E,Mexicana,Dir 347
7302,Raul,Ramos,Ruiz,UNAM,E,Mexicana,Dir 275
7303,Eduardo,Espinoza,Aguilar,UNAM,P,Mexicana,Dir 604
7304,Lucia,Rojas,Chavez,UNAM,E,Mexicana,Dir 754
7305,Margarita,Lopez,Sosa,UTEZ,E,Mexicana,Dir 655
7306,Valeria,Escobar,Dominguez,IPN,E,Mexicana,Dir 523
7307,Carlos,Campos,Flores,IPN,P,Mexicana,Dir 57
7308,Jesus,Cruz,Velazquez,UPMOR,P,Mexicana,Dir 800
7309,Valeria,Chavez,Vega,UPMOR,P,Mexicana,Dir 964
7310,Oscar,Espinoza,Medina,UAEM,P,Mexicana,Dir 559
7311,Leticia,Maldonado,Rojas,UNAM,E,Mexicana,Dir 735
7312,Oscar,Vargas,Gomez,UAEM,E,Mexicana,Dir 350
7313,Daniela,Garcia,Mendoza,UAEM,P,Mexicana,Dir 42
7314,Carlos,Campos,Ortiz,UTEZ,E,Mexicana,Dir 579
7315,Francisco,Navarro,Cortes,UAEM,P,Mexicana,Dir 417
7316,Oscar,Avila,Gutierrez,UTEZ,E,Mexicana,Dir 485
7317,Lorena,Lopez,Mendoza,ITZ,E,Mexicana,Dir 160
7318,Veronica,Mendoza,Mejia,ITZ,E,Mexicana,Dir 969
7319,Sofia,Cabrera,Castillo,ITZ,E,Mexicana,Dir 935
7320,Teresa,Medina,Avila,UNAM,E,Mexicana,Dir 748
7321,Alejandro,Cervantes,Cabrera,UAEM,E,Mexicana,Dir 556
7322,Lucia,Sanchez,Paredes,UNAM,P,Mexicana,Dir 587
7323,Hector,Garcia,Ruiz,IPN,P,Mexicana,Dir 149
7324,Hector,Ortiz,Dominguez,UTEZ,E,Mexicana,Dir 194
7325,Martin,Mejia,Cervantes,UNAM,E,Mexicana,Dir 23
7326,Ana,Chavez,Espinoza,IPN,P,Mexicana,Dir 561
7327,Ricardo,Escobar,Ramos,UNAM,P,Mexicana,Dir 919
7328,Rosa,Delgado,Escobar,UNAM,E,Mexicana,Dir 546
7329,Martin,Cervantes,Chavez,UTEZ,P,Mexicana,Dir 385
7330,Julio,Lopez,Guzman,UTEZ,E,Mexicana,Dir 913
7331,Maria,Martinez,Gutierrez,UNAM,P,Mexicana,Dir 373
7332,Ricardo,Salazar,Aguilar,ITZ,P,Mexicana,Dir 111
7333,Teresa,Delgado,Aguilar,ITZ,E,Mexicana,Dir 443
7334,Valeria,Ruiz,Gomez,UNAM,E,Mexicana,Dir 145
7335,Andrea,Vargas,Chavez,UPMOR,E,Mexicana,Dir 354
7336,Oscar,Sanchez,Garcia,ITZ,P,Mexicana,Dir 135
7337,Andrea,Campos,Garcia,UNAM,E,Mexicana,Dir 204
7338,Lorena,Avila,Gomez,UPMOR,P,Mexicana,Dir 828
7339,Teresa,Campos,Chavez,UTEZ,P,Mexicana,Dir 713
7340,Francisco,Ramirez,Navarro,UAEM,E,Mexicana,Dir 126
7341,Natalia,Espinoza,Maldonado,UTEZ,E,Mexicana,Dir 48
7342,Claudia,Cortes,Rojas,ITZ,P,Mexicana,Dir 614
7343,Daniela,Gomez,Rodriguez,UPMOR,P,Mexicana,Dir 732
7344,Esteban,Cortes,Ortiz,UTEZ,E,Mexicana,Dir 377
7345,Ana,Ramos,Perez,IPN,E,Mexicana,Dir 466
7346,Julio,Cortes,Ortiz,UNAM,E,Mexicana,Dir 669
7347,Rafael,Ruiz,Soto,UNAM,P,Mexicana,Dir 143
7348,Carlos,Ruiz,Navarro,IPN,E,Mexicana,Dir 710
7349,Teresa,Navarro,Ramirez,UAEM,P,Mexicana,Dir 625
7350,Hugo,Velazquez,Reyes,UTEZ,E,Mexicana,Dir 155
7351,Diana,Garza,Vargas,UNAM,P,Mexicana,Dir 133
7352,Rumualdo,Valencia,Valencia,IPN,E,Mexicana,Dir 29
7353,Rosa,Silva,Gutierrez,IPN,P,Mexicana,Dir 964
7354,Luis,Cortes,Ramos,UPMOR,P,Mexicana,Dir 265
7355,Diana,Escobar,Gomez,UAEM,P,Mexicana,Dir 506
7356,Pedro,Diaz,Gomez,UAEM,P,Mexicana,Dir 350
7357,Jesus,Paredes,Castro,ITZ,P,Mexicana,Dir 59
7358,Rumualdo,Salazar,Mejia,UNAM,P,Mexicana,Dir 127
7359,Fernando,Maldonado,Cabrera,UNAM,E,Mexicana,Dir 473
7360,Maria,Guzman,Mendez,UPMOR,E,Mexicana,Dir 820
7361,Claudia,Aguilar,Ortiz,UAEM,P,Mexicana,Dir 191
7362,Susana,Soto,Castillo,ITZ,P,Mexicana,Dir 591
7363,Silvia,Gonzalez,Romero,UAEM,P,Mexicana,Dir 154
7364,Arturo,Delgado,Ortiz,UNAM,E,Mexicana,Dir 579
7365,Valeria,Dominguez,Espinoza,UNAM,P,Mexicana,Dir 661
7366,Patricia,Medina,Lopez,ITZ,E,Mexicana,Dir 103
7367,Beatriz,Maldonado,Hernandez,UNAM,E,Mexicana,Dir 583
7368,Lucia,Herrera,Martinez,UTEZ,P,Mexicana,Dir 893
7369,Francisco,Mendez,Paredes,UPMOR,E,Mexicana,Dir 61
7370,Julio,Guzman,Cordova,UNAM,P,Mexicana,Dir 89
7371,Gerardo,Lopez,Mendoza,UAEM,P,Mexicana,Dir 450
7372,Monica,Mendoza,Lara,UAEM,E,Mexicana,Dir 331
7373,Martin,Cervantes,Dominguez,UNAM,E,Mexicana,Dir 771
7374,Hugo,Romero,Cabrera,UAEM,P,Mexicana,Dir 710
7375,Raul,Aguilar,Bautista,ITZ,E,Mexicana,Dir 966
7376,Natalia,Salazar,Gutierrez,UTEZ,E,Mexicana,Dir 955
7377,Paola,Flores,Bautista,UPMOR,E,Mexicana,Dir 155
7378,Paola,Munoz,Avila,UAEM,E,Mexicana,Dir 466
7379,Patricia,Espinoza,Cordova,UPMOR,E,Mexicana,Dir 533
7380,Carmen,Castro,Gomez,UNAM,E,Mexicana,Dir 489
7381,Gerardo,Cervantes,Cruz,UNAM,P,Mexicana,Dir 794
7382,Martin,Sosa,Mendoza,ITZ,E,Mexicana,Dir 513
7383,Javier,Ruiz,Flores,ITZ,E,Mexicana,Dir 193
7384,Eduardo,Perez,Avila,UTEZ,E,Mexicana,Dir 345
7385,Hugo,Sosa,Gonzalez,IPN,P,Mexicana,Dir 244
7386,Carolina,Cervantes,Castillo,UTEZ,P,Mexicana,Dir 646
7387,Jorge,Campos,Ruiz,UTEZ,E,Mexicana,Dir 614
7388,Leticia,Campos,Bautista,UTEZ,P,Mexicana,Dir 849
7389,Luis,Ramirez,Lopez,UPMOR,E,Mexicana,Dir 528
7390,Gael,Rojas,Bautista,UTEZ,P,Mexicana,Dir 482
7391,Carmen,Hernandez,Morales,UNAM,E,Mexicana,Dir 738
7392,Patricia,Aguilar,Vega,UNAM,P,Mexicana,Dir 318
7393,Eduardo,Delgado,Diaz,UNAM,P,Mexicana,Dir 323
7394,Pedro,Soto,Navarro,UAEM,E,Mexicana,Dir 40
7395,Carolina,Cervantes,Ortiz,UAEM,E,Mexicana,Dir 951
7396,Daniela,Cordova,Ortiz,IPN,E,Mexicana,Dir 445
7397,Rafael,Mejia,Salazar,UNAM,P,Mexicana,Dir 780
7398,Manuel,Ramirez,Lara,UPMOR,E,Mexicana,Dir 851
7399,Monica,Mejia,Chavez,UAEM,E,Mexicana,Dir 280
7400,Adriana,Munoz,Vargas,UNAM,P,Mexicana,Dir 104
7401,Sofia,Romero,Ruiz,ITZ,P,Mexicana,Dir 671
7402,Arturo,Ortiz,Castillo,ITZ,E,Mexicana,Dir 528
7403,Manuel,Munoz,Vega,IPN,P,Mexicana,Dir 287
7404,Antonio,Chavez,Valencia,ITZ,E,Mexicana,Dir 463
7405,Eduardo,Silva,Gutierrez,UNAM,P,Mexicana,Dir 678
7406,Veronica,Cruz,Mendoza,UAEM,E,Mexicana,Dir 142
7407,Monica,Herrera,Mendez,UNAM,E,Mexicana,Dir 205
7408,Paola,Herrera,Rojas,UNAM,P,Mexicana,Dir 167
7409,Elena,Escobar,Campos,UTEZ,P,Mexicana,Dir 818
7410,Elena,Vega,Hernandez,UTEZ,P,Mexicana,Dir 365
7411,Javier,Medina,Garcia,UPMOR,E,Mexicana,Dir 440
7412,Raul,Garza,Gutierrez,ITZ,E,Mexicana,Dir 303
7413,Leticia,Cordova,Maldonado,UNAM,E,Mexicana,Dir 490
7414,Manuel,Delgado,Perez,UPMOR,P,Mexicana,Dir 408
7415,Paola,Silva,Lara,UPMOR,P,Mexicana,Dir 337
7416,Elena,Garza,Lara,UPMOR,E,Mexicana,Dir 40
7417,Rumualdo,Medina,Velazquez,ITZ,P,Mexicana,Dir 303
7418,Martin,Cabrera,Ramos,UNAM,P,Mexicana,Dir 285
7419,Jorge,Herrera,Vega,UTEZ,E,Mexicana,Dir 389
7420,Arturo,Espinoza,Paredes,UTEZ,P,Mexicana,Dir 918
7421,Luis,Cervantes,Martinez,UNAM,E,Mexicana,Dir 837
7422,Ana,Martinez,Ortiz,ITZ,E,Mexicana,Dir 585
7423,Lucia,Medina,Mendez,ITZ,E,Mexicana,Dir 724
7424,Victor,Escobar,Mendoza,UPMOR,P,Mexicana,Dir 406
7425,Andrea,Diaz,Castillo,UTEZ,P,Mexicana,Dir 776
7426,Elena,Lara,Sanchez,IPN,P,Mexicana,Dir 241
7427,Diego,Castro,Silva,IPN,E,Mexicana,Dir 910
7428,Rafael,Flores,Soto,UNAM,E,Mexicana,Dir 190
7429,Fernando,Espinoza,Maldonado,UAEM,P,Mexicana,Dir 63
7430,Diana,Medina,Martinez,UNAM,E,Mexicana,Dir 820
7431,Veronica,Munoz,Sanchez,UNAM,E,Mexicana,Dir 978
7432,Esteban,Sanchez,Gonzalez,UTEZ,P,Mexicana,Dir 510
7433,Martin,Romero,Salazar,UTEZ,P,Mexicana,Dir 64
7434,Carmen,Valencia,Mejia,IPN,P,Mexicana,Dir 713
7435,Gerardo,Sanchez,Mejia,UTEZ,E,Mexicana,Dir 378
7436,Gerardo,Castillo,Lara,UPMOR,E,Mexicana,Dir 766
7437,Rumualdo,Delgado,Flores,UPMOR,E,Mexicana,Dir 999
7438,Monica,Reyes,Avila,UAEM,E,Mexicana,Dir 124
7439,Lucia,Valencia,Valencia,UAEM,P,Mexicana,Dir 439
7440,Valeria,Cortes,Mendez,UNAM,E,Mexicana,Dir 562
7441,Diego,Navarro,Cabrera,UAEM,E,Mexicana,Dir 402
7442,Martin,Garza,Romero,IPN,P,Mexicana,Dir 412
7443,Beatriz,Gonzalez,Molina,ITZ,P,Mexicana,Dir 318
7444,Rosa,Flores,Vargas,IPN,E,Mexicana,Dir 701
7445,Antonio,Munoz,Velazquez,UAEM,P,Mexicana,Dir 69
7446,Luis,Perez,Castro,IPN,P,Mexicana,Dir 135
7447,Maria,Dominguez,Munoz,UPMOR,P,Mexicana,Dir 132
7448,Manuel,Gomez,Ramirez,UNAM,E,Mexicana,Dir 616
7449,Roberto,Chavez,Mendez,UTEZ,E,Mexicana,Dir 744
7450,Francisco,Mendez,Garcia,UTEZ,P,Mexicana,Dir 716
7451,Claudia,Vega,Gonzalez,IPN,E,Mexicana,Dir 804
7452,Carlos,Molina,Sosa,UPMOR,P,Mexicana,Dir 856
7453,Sofia,Maldonado,Perez,ITZ,P,Mexicana,Dir 625
7454,Gerardo,Avila,Munoz,UTEZ,P,Mexicana,Dir 804
7455,Oscar,Castillo,Guzman,UAEM,P,Mexicana,Dir 319
7456,Fernando,Ortiz,Lopez,UPMOR,E,Mexicana,Dir 569
7457,Antonio,Munoz,Sanchez,UAEM,P,Mexicana,Dir 232
7458,Jorge,Espinoza,Gonzalez,ITZ,P,Mexicana,Dir 599
7459,Carmen,Rios,Reyes,UPMOR,E,Mexicana,Dir 87
7460,Silvia,Garcia,Cervantes,UPMOR,E,Mexicana,Dir 722
7461,Leticia,Romero,Aguilar,UTEZ,E,Mexicana,Dir 159
7462,Margarita,Hernandez,Ruiz,UPMOR,P,Mexicana,Dir 78
7463,Julio,Romero,Vargas,UTEZ,P,Mexicana,Dir 440
7464,Jose,Mendoza,Paredes,UAEM,P,Mexicana,Dir 545
7465,Roberto,Morales,Hernandez,UTEZ,P,Mexicana,Dir 220
7466,Sofia,Soto,Guzman,UPMOR,E,Mexicana,Dir 121
7467,Natalia,Gutierrez,Espinoza,UNAM,E,Mexicana,Dir 954
7468,Alejandro,Vega,Sanchez,UAEM,E,Mexicana,Dir 655
7469,Gerardo,Espinoza,Avila,UTEZ,E,Mexicana,Dir 59
7470,Oscar,Salazar,Espinoza,UAEM,P,Mexicana,Dir 135
7471,Susana,Delgado,Delgado,UNAM,E,Mexicana,Dir 455
7472,Gerardo,Gutierrez,Molina,UNAM,E,Mexicana,Dir 599
7473,Adriana,Mendoza,Romero,UPMOR,P,Mexicana,Dir 277
7474,Veronica,Dominguez,Rodriguez,ITZ,P,Mexicana,Dir 326
7475,Oscar,Navarro,Vega,UPMOR,E,Mexicana,Dir 546
7476,Adriana,Sanchez,Rodriguez,UAEM,P,Mexicana,Dir 954
7477,Martin,Castillo,Mejia,UNAM,E,Mexicana,Dir 679
7478,Daniela,Hernandez,Garza,UPMOR,P,Mexicana,Dir 961
7479,Paola,Mendoza,Ramirez,ITZ,E,Mexicana,Dir 263
7480,Elena,Vega,Reyes,ITZ,E,Mexicana,Dir 608
7481,Elena,Maldonado,Rodriguez,UAEM,E,Mexicana,Dir 830
7482,Veronica,Sanchez,Vargas,UTEZ,E,Mexicana,Dir 133
7483,Diego,Gonzalez,Cruz,IPN,P,Mexicana,Dir 969
7484,Javier,Mendez,Ruiz,ITZ,P,Mexicana,Dir 296
7485,Jose,Diaz,Gomez,UNAM,E,Mexicana,Dir 937
7486,Valeria,Aguilar,Maldonado,UPMOR,P,Mexicana,Dir 121
7487,Silvia,Sanchez,Morales,IPN,E,Mexicana,Dir 680
7488,Julio,Rojas,Vargas,UAEM,E,Mexicana,Dir 868
7489,Andrea,Munoz,Romero,UNAM,E,Mexicana,Dir 850
7490,Lucia,Aguilar,Espinoza,UNAM,E,Mexicana,Dir 852
7491,Julio,Ramos,Lara,UPMOR,P,Mexicana,Dir 391
7492,Lucia,Mendoza,Morales,ITZ,P,Mexicana,Dir 585
7493,Esteban,Lopez,Romero,UAEM,P,Mexicana,Dir 133
7494,Raul,Hernandez,Garcia,UPMOR,P,Mexicana,Dir 190
7495,Laura,Gutierrez,Dominguez,UAEM,E,Mexicana,Dir 632
7496,Silvia,Paredes,Ramos,UTEZ,P,Mexicana,Dir 940
7497,Fernando,Garcia,Ramirez,UNAM,E,Mexicana,Dir 158
7498,Jesus,Castro,Medina,ITZ,P,Mexicana,Dir 752
7499,Laura,Mejia,Molina,UPMOR,P,Mexicana,Dir 918
7500,Valeria,Navarro,Flores,UTEZ,P,Mexicana,Dir 968
7501,Valeria,Cruz,Ortiz,ITZ,E,Mexicana,Dir 183
7502,Eduardo,Medina,Aguilar,UPMOR,P,Mexicana,Dir 220
7503,Esteban,Mejia,Gomez,UTEZ,E,Mexicana,Dir 252
7504,Miguel,Medina,Herrera,UAEM,P,Mexicana,Dir 673
7505,Miguel,Mejia,Aguilar,UTEZ,P,Mexicana,Dir 787
7506,Martin,Cervantes,Perez,UNAM,E,Mexicana,Dir 789
7507,Lucia,Dominguez,Molina,IPN,P,Mexicana,Dir 582
7508,Ruben,Garcia,Vargas,ITZ,E,Mexicana,Dir 966
7509,Hugo,Aguilar,Castillo,UPMOR,E,Mexicana,Dir 11
7510,Antonio,Reyes,Delgado,IPN,E,Mexicana,Dir 28
7511,Luis,Cordova,Guzman,IPN,E,Mexicana,Dir 251
7512,Ruben,Cordova,Navarro,UNAM,P,Mexicana,Dir 30
7513,Luis,Romero,Cruz,ITZ,P,Mexicana,Dir 599
7514,Esteban,Aguilar,Castro,UPMOR,P,Mexicana,Dir 687
7515,Diana,Campos,Avila,UNAM,P,Mexicana,Dir 397
7516,Gerardo,Herrera,Hernandez,UPMOR,P,Mexicana,Dir 814
7517,Natalia,Garza,Cortes,ITZ,E,Mexicana,Dir 9
7518,Rosa,Guzman,Gomez,UAEM,P,Mexicana,Dir 687
7519,Antonio,Cervantes,Navarro,UAEM,E,Mexicana,Dir 256
7520,Valeria,Delgado,Hernandez,UTEZ,E,Mexicana,Dir 895
7521,Natalia,Ramos,Espinoza,IPN,P,Mexicana,Dir 488
7522,Silvia,Gutierrez,Rios,ITZ,E,Mexicana,Dir 701
7523,Julio,Chavez,Perez,IPN,E,Mexicana,Dir 404
7524,Gerardo,Lara,Dominguez,UNAM,E,Mexicana,Dir 842
7525,Diego,Chavez,Diaz,IPN,P,Mexicana,Dir 237
7526,Martha,Garcia,Ramos,ITZ,P,Mexicana,Dir 53
7527,Adriana,Gomez,Martinez,IPN,P,Mexicana,Dir 87
7528,Eduardo,Avila,Salazar,UAEM,P,Mexicana,Dir 692
7529,Jorge,Cervantes,Cruz,ITZ,E,Mexicana,Dir 419
7530,Veronica,Campos,Bautista,UAEM,E,Mexicana,Dir 504
7531,Carlos,Cervantes,Vega,UAEM,E,Mexicana,Dir 695
7532,Hugo,Lopez,Rios,ITZ,P,Mexicana,Dir 782
7533,Diana,Garza,Ortiz,UPMOR,E,Mexicana,Dir 578
7534,Hugo,Ramos,Dominguez,UAEM,P,Mexicana,Dir 367
7535,Oscar,Paredes,Soto,UAEM,P,Mexicana,Dir 525
7536,Carolina,Mendez,Ramos,ITZ,P,Mexicana,Dir 450
7537,Gerardo,Valencia,Garcia,UNAM,E,Mexicana,Dir 492
7538,Silvia,Cabrera,Reyes,UPMOR,E,Mexicana,Dir 68
7539,Elena,Castro,Bautista,UNAM,E,Mexicana,Dir 943
7540,Diana,Rodriguez,Molina,UPMOR,E,Mexicana,Dir 81
7541,Jorge,Cordova,Molina,UNAM,E,Mexicana,Dir 43
7542,Gael,Diaz,Velazquez,UTEZ,E,Mexicana,Dir 33
7543,Elena,Paredes,Campos,UPMOR,P,Mexicana,Dir 306
7544,Leticia,Valencia,Perez,UTEZ,E,Mexicana,Dir 438
7545,Ana,Morales,Chavez,IPN,E,Mexicana,Dir 860
7546,Valeria,Navarro,Vega,UPMOR,P,Mexicana,Dir 619
7547,Natalia,Rojas,Cabrera,UPMOR,P,Mexicana,Dir 352
7548,Valeria,Rojas,Avila,UPMOR,P,Mexicana,Dir 969
7549,Diego,Medina,Hernandez,UPMOR,P,Mexicana,Dir 837
7550,Rafael,Ortiz,Velazquez,UNAM,E,Mexicana,Dir 197
7551,Andrea,Paredes,Reyes,ITZ,P,Mexicana,Dir 173
7552,Raul,Rios,Delgado,UAEM,P,Mexicana,Dir 227
7553,Ricardo,Rodriguez,Velazquez,ITZ,E,Mexicana,Dir 369
7554,Francisco,Silva,Aguilar,UAEM,P,Mexicana,Dir 47
7555,Silvia,Garza,Navarro,ITZ,E,Mexicana,Dir 353
7556,Natalia,Cortes,Cortes,UNAM,E,Mexicana,Dir 299
7557,Carmen,Herrera,Castillo,IPN,E,Mexicana,Dir 78
7558,Jose,Molina,Mejia,UPMOR,P,Mexicana,Dir 987
7559,Lucia,Garza,Ortiz,UPMOR,E,Mexicana,Dir 538
7560,Patricia,Paredes,Castro,IPN,P,Mexicana,Dir 219
7561,Gael,Ortiz,Ortiz,UTEZ,E,Mexicana,Dir 485
7562,Carmen,Cabrera,Mendez,UPMOR,P,Mexicana,Dir 672
7563,Oscar,Herrera,Escobar,UNAM,P,Mexicana,Dir 167
7564,Veronica,Martinez,Castro,UNAM,E,Mexicana,Dir 381
7565,Andrea,Molina,Diaz,UNAM,E,Mexicana,Dir 497
7566,Arturo,Flores,Gomez,IPN,E,Mexicana,Dir 467
7567,Rafael,Garcia,Cruz,UAEM,P,Mexicana,Dir 505
7568,Jose,Perez,Lopez,ITZ,P,Mexicana,Dir 837
7569,Luis,Campos,Mendez,UPMOR,P,Mexicana,Dir 447
7570,Rafael,Vargas,Molina,UTEZ,E,Mexicana,Dir 72
7571,Carmen,Cortes,Salazar,UTEZ,P,Mexicana,Dir 640
7572,Patricia,Delgado,Cervantes,IPN,P,Mexicana,Dir 479
7573,Julio,Gomez,Medina,UAEM,E,Mexicana,Dir 779
7574,Valeria,Mendoza,Ramirez,IPN,E,Mexicana,Dir 739
7575,Maria,Dominguez,Guzman,UPMOR,E,Mexicana,Dir 368
7576,Jesus,Perez,Guzman,UTEZ,E,Mexicana,Dir 306
7577,Hector,Munoz,Garza,IPN,P,Mexicana,Dir 320
7578,Margarita,Cruz,Cruz,UPMOR,P,Mexicana,Dir 287
7579,Roberto,Gomez,Molina,UNAM,P,Mexicana,Dir 155
7580,Jose,Rodriguez,Ramos,ITZ,E,Mexicana,Dir 979
7581,Patricia,Campos,Martinez,UAEM,E,Mexicana,Dir 68
7582,Ricardo,Mejia,Cabrera,ITZ,P,Mexicana,Dir 687
7583,Paola,Morales,Velazquez,UPMOR,P,Mexicana,Dir 938
7584,Claudia,Vargas,Castro,UAEM,P,Mexicana,Dir 834
7585,Elena,Espinoza,Rodriguez,IPN,E,Mexicana,Dir 311
7586,Antonio,Navarro,Ortiz,UNAM,P,Mexicana,Dir 629
7587,Eduardo,Cervantes,Ortiz,UAEM,P,Mexicana,Dir 781
7588,Monica,Delgado,Sanchez,IPN,P,Mexicana,Dir 565
7589,Elena,Perez,Lara,UTEZ,E,Mexicana,Dir 817
7590,Pedro,Vargas,Castillo,UNAM,P,Mexicana,Dir 170
7591,Natalia,Hernandez,Cordova,ITZ,P,Mexicana,Dir 370
7592,Laura,Gutierrez,Bautista,UPMOR,P,Mexicana,Dir 91
7593,Laura,Molina,Mejia,IPN,P,Mexicana,Dir 56
7594,Sofia,Garcia,Chavez,UAEM,P,Mexicana,Dir 541
7595,Paola,Castro,Castillo,UTEZ,E,Mexicana,Dir 70
7596,Andrea,Vega,Cabrera,IPN,P,Mexicana,Dir 570
7597,Victor,Bautista,Delgado,UPMOR,E,Mexicana,Dir 672
7598,Maria,Medina,Castillo,IPN,E,Mexicana,Dir 359
7599,Rumualdo,Ramos,Cruz,IPN,P,Mexicana,Dir 134
7600,Valeria,Castro,Bautista,UPMOR,E,Mexicana,Dir 575
7601,Carmen,Flores,Reyes,IPN,E,Mexicana,Dir 993
7602,Esteban,Ramirez,Perez,UNAM,E,Mexicana,Dir 734
7603,Valeria,Silva,Navarro,ITZ,E,Mexicana,Dir 981
7604,Martin,Medina,Soto,UPMOR,E,Mexicana,Dir 742
7605,Victor,Valencia,Silva,ITZ,P,Mexicana,Dir 426
7606,Diego,Perez,Morales,UTEZ,E,Mexicana,Dir 879
7607,Victor,Dominguez,Ramos,UPMOR,E,Mexicana,Dir 97
7608,Carlos,Mejia,Bautista,IPN,E,Mexicana,Dir 552
7609,Natalia,Soto,Herrera,IPN,E,Mexicana,Dir 516
7610,Claudia,Ruiz,Chavez,UTEZ,P,Mexicana,Dir 971
7611,Ricardo,Ruiz,Castro,IPN,P,Mexicana,Dir 865
7612,Laura,Salazar,Cruz,UPMOR,P,Mexicana,Dir 519
7613,Victor,Avila,Silva,UAEM,P,Mexicana,Dir 505
7614,Jorge,Campos,Gutierrez,IPN,E,Mexicana,Dir 776
7615,Oscar,Cabrera,Cabrera,UPMOR,P,Mexicana,Dir 129
7616,Javier,Garza,Munoz,UPMOR,P,Mexicana,Dir 850
7617,Andrea,Rios,Sosa,ITZ,E,Mexicana,Dir 514
7618,Adriana,Escobar,Bautista,ITZ,P,Mexicana,Dir 151
7619,Gerardo,Vargas,Avila,IPN,P,Mexicana,Dir 261
7620,Oscar,Navarro,Ortiz,ITZ,E,Mexicana,Dir 59
7621,Luis,Sanchez,Cabrera,IPN,P,Mexicana,Dir 289
7622,Diego,Cordova,Perez,UPMOR,E,Mexicana,Dir 465
7623,Carlos,Rojas,Guzman,UNAM,E,Mexicana,Dir 912
7624,Ana,Bautista,Cortes,UAEM,P,Mexicana,Dir 149
7625,Martin,Herrera,Romero,ITZ,E,Mexicana,Dir 42
7626,Sofia,Martinez,Escobar,UPMOR,E,Mexicana,Dir 47
7627,Patricia,Velazquez,Garcia,IPN,P,Mexicana,Dir 388
7628,Fernando,Rios,Vargas,IPN,E,Mexicana,Dir 535
7629,Eduardo,Sanchez,Ruiz,UAEM,E,Mexicana,Dir 400
7630,Ana,Espinoza,Gutierrez,UNAM,E,Mexicana,Dir 85
7631,Javier,Escobar,Delgado,ITZ,E,Mexicana,Dir 199
7632,Oscar,Soto,Silva,UPMOR,E,Mexicana,Dir 654
7633,Lucia,Valencia,Navarro,UTEZ,P,Mexicana,Dir 162
7634,Veronica,Perez,Molina,IPN,E,Mexicana,Dir 827
7635,Valeria,Dominguez,Rodriguez,ITZ,P,Mexicana,Dir 233
7636,Jorge,Gonzalez,Cervantes,UNAM,E,Mexicana,Dir 358
7637,Oscar,Bautista,Campos,IPN,P,Mexicana,Dir 930
7638,Fernando,Cruz,Cruz,IPN,E,Mexicana,Dir 819
7639,Daniela,Espinoza,Cortes,IPN,P,Mexicana,Dir 288
7640,Antonio,Perez,Mejia,ITZ,E,Mexicana,Dir 607
7641,Victor,Molina,Cordova,UNAM,E,Mexicana,Dir 184
7642,Raul,Perez,Gonzalez,UPMOR,P,Mexicana,Dir 385
7643,Patricia,Gomez,Valencia,UAEM,P,Mexicana,Dir 589
7644,Gabriela,Ramos,Mejia,UPMOR,P,Mexicana,Dir 412
7645,Esteban,Ortiz,Ramirez,UAEM,E,Mexicana,Dir 16
7646,Veronica,Vargas,Gomez,ITZ,P,Mexicana,Dir 685
7647,Julio,Molina,Vargas,UTEZ,P,Mexicana,Dir 468
7648,Sofia,Valencia,Hernandez,UNAM,E,Mexicana,Dir 578
7649,Carmen,Vega,Cortes,IPN,E,Mexicana,Dir 331
7650,Fernando,Velazquez,Mendez,ITZ,E,Mexicana,Dir 52
7651,Jorge,Soto,Garcia,UTEZ,E,Mexicana,Dir 795
7652,Adriana,Vargas,Sosa,UAEM,P,Mexicana,Dir 564
7653,Hugo,Perez,Mejia,ITZ,E,Mexicana,Dir 722
7654,Lorena,Rodriguez,Castillo,UTEZ,P,Mexicana,Dir 211
7655,Fernando,Perez,Guzman,ITZ,E,Mexicana,Dir 612
7656,Ana,Mendoza,Cervantes,IPN,E,Mexicana,Dir 206
7657,Monica,Medina,Herrera,UPMOR,P,Mexicana,Dir 898
7658,Laura,Espinoza,Valencia,UTEZ,E,Mexicana,Dir 325
7659,Rumualdo,Campos,Munoz,IPN,E,Mexicana,Dir 131
7660,Alejandro,Dominguez,Escobar,UAEM,P,Mexicana,Dir 742
7661,Eduardo,Diaz,Garza,UPMOR,P,Mexicana,Dir 153
7662,Julio,Avila,Vega,ITZ,P,Mexicana,Dir 737
7663,Sofia,Morales,Gonzalez,UAEM,P,Mexicana,Dir 649
7664,Antonio,Aguilar,Garcia,UTEZ,P,Mexicana,Dir 430
7665,Patricia,Navarro,Salazar,IPN,P,Mexicana,Dir 620
7666,Teresa,Velazquez,Gomez,UTEZ,P,Mexicana,Dir 412
7667,Beatriz,Cervantes,Gomez,ITZ,E,Mexicana,Dir 434
7668,Martin,Soto,Mendoza,UTEZ,P,Mexicana,Dir 903
7669,Manuel,Espinoza,Flores,UPMOR,P,Mexicana,Dir 392
7670,Jose,Ruiz,Gomez,UNAM,E,Mexicana,Dir 403
7671,Julio,Medina,Cordova,ITZ,P,Mexicana,Dir 830
7672,Roberto,Herrera,Soto,UAEM,E,Mexicana,Dir 653
7673,Javier,Ortiz,Ortiz,UNAM,E,Mexicana,Dir 787
7674,Diego,Rodriguez,Gomez,UTEZ,E,Mexicana,Dir 923
7675,Natalia,Maldonado,Chavez,IPN,P,Mexicana,Dir 167
7676,Julio,Sosa,Lopez,UAEM,P,Mexicana,Dir 778
7677,Oscar,Medina,Campos,UPMOR,P,Mexicana,Dir 767
7678,Jose,Rojas,Hernandez,UTEZ,P,Mexicana,Dir 236
7679,Hugo,Delgado,Perez,UTEZ,E,Mexicana,Dir 174
7680,Pedro,Cruz,Rios,UNAM,E,Mexicana,Dir 810
7681,Andrea,Ramos,Maldonado,IPN,P,Mexicana,Dir 632
7682,Lucia,Paredes,Castillo,ITZ,P,Mexicana,Dir 105
7683,Hugo,Gutierrez,Morales,UAEM,P,Mexicana,Dir 1000
7684,Javier,Vega,Gomez,UPMOR,P,Mexicana,Dir 95
7685,Raul,Cruz,Reyes,UAEM,E,Mexicana,Dir 601
7686,Adriana,Campos,Castillo,IPN,E,Mexicana,Dir 186
7687,Luis,Avila,Sanchez,UAEM,P,Mexicana,Dir 837
7688,Jorge,Valencia,Martinez,UPMOR,E,Mexicana,Dir 172
7689,Oscar,Gomez,Garza,UAEM,P,Mexicana,Dir 365
7690,Carolina,Espinoza,Avila,UTEZ,E,Mexicana,Dir 92
7691,Eduardo,Rodriguez,Castro,IPN,P,Mexicana,Dir 441
7692,Arturo,Ruiz,Sanchez,UNAM,E,Mexicana,Dir 905
7693,Elena,Perez,Ramos,UPMOR,E,Mexicana,Dir 278
7694,Antonio,Ortiz,Cordova,UAEM,P,Mexicana,Dir 766
7695,Carlos,Campos,Castillo,ITZ,E,Mexicana,Dir 874
7696,Javier,Soto,Cervantes,UAEM,E,Mexicana,Dir 720
7697,Sofia,Mendez,Rios,UAEM,P,Mexicana,Dir 785
7698,Victor,Aguilar,Soto,ITZ,E,Mexicana,Dir 990
7699,Jose,Dominguez,Salazar,IPN,E,Mexicana,Dir 53
7700,Diego,Sanchez,Mejia,UTEZ,P,Mexicana,Dir 91
7701,Esteban,Guzman,Escobar,IPN,P,Mexicana,Dir 765
7702,Eduardo,Lara,Castro,UAEM,E,Mexicana,Dir 645
7703,Miguel,Mendez,Mendoza,UPMOR,E,Mexicana,Dir 853
7704,Carolina,Mendez,Romero,IPN,P,Mexicana,Dir 510
7705,Margarita,Lara,Ruiz,UNAM,P,Mexicana,Dir 321
7706,Rumualdo,Sanchez,Mendez,UPMOR,P,Mexicana,Dir 203
7707,Julio,Morales,Dominguez,UPMOR,P,Mexicana,Dir 788
7708,Arturo,Reyes,Mejia,UTEZ,P,Mexicana,Dir 492
7709,Roberto,Mendoza,Castillo,UTEZ,E,Mexicana,Dir 413
7710,Silvia,Cervantes,Gomez,UNAM,E,Mexicana,Dir 542
7711,Jose,Silva,Salazar,ITZ,E,Mexicana,Dir 170
7712,Rafael,Salazar,Ortiz,UPMOR,E,Mexicana,Dir 207
7713,Carmen,Bautista,Castro,UPMOR,E,Mexicana,Dir 213
7714,Arturo,Martinez,Vega,ITZ,E,Mexicana,Dir 791
7715,Lorena,Lara,Castillo,UTEZ,E,Mexicana,Dir 78
7716,Hugo,Gutierrez,Ruiz,UAEM,P,Mexicana,Dir 521
7717,Margarita,Delgado,Vega,UTEZ,P,Mexicana,Dir 705
7718,Raul,Reyes,Gomez,UPMOR,P,Mexicana,Dir 776
7719,Carlos,Molina,Dominguez,UAEM,P,Mexicana,Dir 88
7720,Gerardo,Lopez,Maldonado,UAEM,P,Mexicana,Dir 363
7721,Diego,Flores,Rojas,UTEZ,P,Mexicana,Dir 529
7722,Susana,Silva,Lara,UNAM,P,Mexicana,Dir 17
7723,Antonio,Mendoza,Avila,UNAM,E,Mexicana,Dir 992
7724,Silvia,Cabrera,Lopez,UAEM,E,Mexicana,Dir 250
7725,Margarita,Lara,Espinoza,ITZ,E,Mexicana,Dir 515
7726,Veronica,Martinez,Morales,ITZ,P,Mexicana,Dir 561
7727,Monica,Lopez,Gonzalez,ITZ,P,Mexicana,Dir 291
7728,Veronica,Medina,Rios,UPMOR,P,Mexicana,Dir 605
7729,Eduardo,Paredes,Gomez,UPMOR,E,Mexicana,Dir 463
7730,Natalia,Hernandez,Munoz,IPN,P,Mexicana,Dir 745
7731,Jorge,Reyes,Molina,ITZ,E,Mexicana,Dir 68
7732,Jesus,Ruiz,Lara,UPMOR,E,Mexicana,Dir 647
7733,Miguel,Castro,Ramirez,UTEZ,E,Mexicana,Dir 278
7734,Francisco,Mendez,Gonzalez,UPMOR,P,Mexicana,Dir 184
7735,Raul,Aguilar,Cordova,UNAM,P,Mexicana,Dir 654
7736,Carlos,Castro,Mejia,UTEZ,P,Mexicana,Dir 899
7737,Ricardo,Vega,Molina,UPMOR,E,Mexicana,Dir 973
7738,Lorena,Bautista,Sosa,UAEM,P,Mexicana,Dir 831
7739,Esteban,Gomez,Morales,UPMOR,P,Mexicana,Dir 394
7740,Rafael,Romero,Flores,UPMOR,E,Mexicana,Dir 500
7741,Natalia,Lara,Flores,ITZ,P,Mexicana,Dir 175
7742,Gerardo,Perez,Maldonado,UTEZ,P,Mexicana,Dir 817
7743,Francisco,Ruiz,Vega,UAEM,P,Mexicana,Dir 180
7744,Silvia,Salazar,Rios,UPMOR,E,Mexicana,Dir 119
7745,Patricia,Castro,Garcia,IPN,P,Mexicana,Dir 357
7746,Oscar,Mejia,Hernandez,UAEM,E,Mexicana,Dir 426
7747,Lucia,Flores,Espinoza,UTEZ,P,Mexicana,Dir 376
7748,Gabriela,Avila,Romero,UPMOR,E,Mexicana,Dir 289
7749,Ana,Ramos,Rojas,ITZ,P,Mexicana,Dir 664
7750,Victor,Vega,Herrera,UPMOR,E,Mexicana,Dir 586
7751,Miguel,Avila,Gonzalez,UTEZ,E,Mexicana,Dir 14
7752,Raul,Escobar,Espinoza,ITZ,E,Mexicana,Dir 567
7753,Victor,Gutierrez,Maldonado,IPN,P,Mexicana,Dir 270
7754,Eduardo,Valencia,Aguilar,UAEM,E,Mexicana,Dir 5
7755,Gabriela,Mejia,Mendez,UTEZ,E,Mexicana,Dir 488
7756,Elena,Velazquez,Garza,UNAM,P,Mexicana,Dir 686
7757,Alejandro,Cabrera,Dominguez,ITZ,E,Mexicana,Dir 399
7758,Jorge,Aguilar,Perez,UTEZ,E,Mexicana,Dir 848
7759,Teresa,Valencia,Mendez,UPMOR,P,Mexicana,Dir 316
7760,Monica,Cordova,Campos,UAEM,E,Mexicana,Dir 810
7761,Francisco,Sanchez,Silva,UTEZ,P,Mexicana,Dir 684
7762,Antonio,Cabrera,Garza,ITZ,E,Mexicana,Dir 736
7763,Silvia,Paredes,Perez,UPMOR,P,Mexicana,Dir 343
7764,Martha,Silva,Chavez,UPMOR,E,Mexicana,Dir 766
7765,Beatriz,Sosa,Bautista,IPN,E,Mexicana,Dir 990
7766,Ruben,Medina,Reyes,UAEM,E,Mexicana,Dir 819
7767,Diego,Castillo,Rodriguez,UPMOR,P,Mexicana,Dir 123
7768,Laura,Molina,Navarro,UTEZ,P,Mexicana,Dir 22
7769,Martha,Mendoza,Campos,ITZ,P,Mexicana,Dir 547
7770,Rafael,Lopez,Lara,IPN,P,Mexicana,Dir 989
7771,Patricia,Reyes,Herrera,ITZ,P,Mexicana,Dir 473
7772,Victor,Molina,Morales,UPMOR,P,Mexicana,Dir 152
7773,Gael,Velazquez,Delgado,UTEZ,E,Mexicana,Dir 561
7774,Elena,Gomez,Ramirez,UPMOR,E,Mexicana,Dir 161
7775,Carolina,Chavez,Vargas,UPMOR,E,Mexicana,Dir 640
7776,Roberto,Velazquez,Ramos,ITZ,P,Mexicana,Dir 130
7777,Adriana,Navarro,Ramos,UPMOR,E,Mexicana,Dir 156
7778,Hugo,Reyes,Navarro,ITZ,E,Mexicana,Dir 142
7779,Ricardo,Vargas,Reyes,UAEM,P,Mexicana,Dir 378
7780,Hugo,Sanchez,Escobar,ITZ,E,Mexicana,Dir 173
7781,Miguel,Ramirez,Vega,ITZ,P,Mexicana,Dir 14
7782,Andrea,Salazar,Dominguez,UNAM,E,Mexicana,Dir 503
7783,Julio,Campos,Garza,UTEZ,P,Mexicana,Dir 681
7784,Susana,Mejia,Rodriguez,IPN,E,Mexicana,Dir 103
7785,Veronica,Perez,Velazquez,IPN,P,Mexicana,Dir 514
7786,Diego,Velazquez,Martinez,ITZ,P,Mexicana,Dir 262
7787,Margarita,Mejia,Munoz,IPN,E,Mexicana,Dir 976
7788,Francisco,Cortes,Maldonado,ITZ,E,Mexicana,Dir 242
7789,Patricia,Cruz,Valencia,UTEZ,P,Mexicana,Dir 465
7790,Luis,Garcia,Flores,UAEM,P,Mexicana,Dir 8
7791,Daniela,Espinoza,Herrera,IPN,P,Mexicana,Dir 112
7792,Beatriz,Gutierrez,Rios,UAEM,P,Mexicana,Dir 789
7793,Miguel,Velazquez,Guzman,UAEM,E,Mexicana,Dir 493
7794,Claudia,Bautista,Guzman,UPMOR,E,Mexicana,Dir 826
7795,Diego,Guzman,Ramos,ITZ,E,Mexicana,Dir 733
7796,Adriana,Ramirez,Vega,UTEZ,P,Mexicana,Dir 51
7797,Carlos,Paredes,Campos,UPMOR,E,Mexicana,Dir 570
7798,Sofia,Medina,Sanchez,UNAM,P,Mexicana,Dir 487
7799,Esteban,Soto,Maldonado,UPMOR,E,Mexicana,Dir 317
7800,Andrea,Garza,Aguilar,UPMOR,E,Mexicana,Dir 801
7801,Ruben,Castillo,Rodriguez,UPMOR,E,Mexicana,Dir 358
7802,Leticia,Vargas,Romero,UAEM,E,Mexicana,Dir 934
7803,Rumualdo,Molina,Cortes,UAEM,E,Mexicana,Dir 881
7804,Patricia,Molina,Mejia,ITZ,E,Mexicana,Dir 218
7805,Roberto,Navarro,Garza,UAEM,E,Mexicana,Dir 339
7806,Miguel,Bautista,Guzman,UPMOR,E,Mexicana,Dir 448
7807,Patricia,Mejia,Perez,UNAM,P,Mexicana,Dir 401
7808,Ruben,Bautista,Gutierrez,UPMOR,P,Mexicana,Dir 212
7809,Rosa,Maldonado,Paredes,UNAM,E,Mexicana,Dir 777
7810,Carolina,Castillo,Maldonado,UTEZ,P,Mexicana,Dir 916
7811,Esteban,Garza,Soto,UTEZ,P,Mexicana,Dir 546
7812,Hector,Castro,Ruiz,UAEM,E,Mexicana,Dir 52
7813,Luis,Lopez,Romero,ITZ,E,Mexicana,Dir 372
7814,Diego,Vargas,Morales,UAEM,P,Mexicana,Dir 155
7815,Elena,Paredes,Dominguez,UPMOR,E,Mexicana,Dir 842
7816,Antonio,Chavez,Munoz,UNAM,E,Mexicana,Dir 659
7817,Luis,Cervantes,Guzman,UNAM,E,Mexicana,Dir 553
7818,Carmen,Morales,Maldonado,UTEZ,P,Mexicana,Dir 676
7819,Beatriz,Castillo,Mendez,UPMOR,P,Mexicana,Dir 690
7820,Jesus,Salazar,Gutierrez,UAEM,P,Mexicana,Dir 947
7821,Natalia,Chavez,Avila,ITZ,P,Mexicana,Dir 157
7822,Natalia,Morales,Guzman,IPN,P,Mexicana,Dir 405
7823,Monica,Bautista,Gonzalez,UAEM,E,Mexicana,Dir 749
7824,Monica,Lopez,Hernandez,IPN,P,Mexicana,Dir 902
7825,Ruben,Salazar,Garza,UAEM,E,Mexicana,Dir 641
7826,Rafael,Vargas,Aguilar,UNAM,E,Mexicana,Dir 336
7827,Raul,Rojas,Cruz,UPMOR,E,Mexicana,Dir 833
7828,Paola,Ramos,Vargas,UPMOR,P,Mexicana,Dir 168
7829,Leticia,Morales,Campos,UPMOR,E,Mexicana,Dir 513
7830,Roberto,Cruz,Vargas,UTEZ,P,Mexicana,Dir 875
7831,Carmen,Morales,Cruz,UTEZ,P,Mexicana,Dir 476
7832,Hugo,Vega,Gomez,ITZ,E,Mexicana,Dir 536
7833,Raul,Ruiz,Dominguez,UTEZ,P,Mexicana,Dir 85
7834,Rumualdo,Lopez,Chavez,IPN,E,Mexicana,Dir 553
7835,Natalia,Garza,Rojas,UAEM,E,Mexicana,Dir 310
7836,Lucia,Maldonado,Perez,UTEZ,E,Mexicana,Dir 348
7837,Jesus,Sanchez,Escobar,UPMOR,E,Mexicana,Dir 642
7838,Susana,Lara,Cortes,UNAM,E,Mexicana,Dir 312
7839,Julio,Sosa,Cervantes,IPN,P,Mexicana,Dir 222
7840,Hector,Ortiz,Vargas,UNAM,E,Mexicana,Dir 921
7841,Maria,Medina,Hernandez,UNAM,E,Mexicana,Dir 758
7842,Rafael,Garza,Munoz,ITZ,P,Mexicana,Dir 984
7843,Natalia,Soto,Sanchez,UTEZ,P,Mexicana,Dir 577
7844,Miguel,Morales,Ramos,UTEZ,P,Mexicana,Dir 628
7845,Luis,Gonzalez,Guzman,IPN,P,Mexicana,Dir 703
7846,Andrea,Campos,Cortes,UPMOR,P,Mexicana,Dir 581
7847,Leticia,Ruiz,Cortes,UTEZ,P,Mexicana,Dir 615
7848,Diana,Guzman,Campos,IPN,E,Mexicana,Dir 66
7849,Esteban,Gonzalez,Gomez,UTEZ,P,Mexicana,Dir 18
7850,Francisco,Cabrera,Avila,UTEZ,P,Mexicana,Dir 64
7851,Martha,Gonzalez,Dominguez,UPMOR,P,Mexicana,Dir 44
7852,Gabriela,Cruz,Velazquez,UTEZ,E,Mexicana,Dir 373
7853,Luis,Morales,Rodriguez,IPN,P,Mexicana,Dir 910
7854,Rumualdo,Rodriguez,Sanchez,IPN,P,Mexicana,Dir 997
7855,Claudia,Cordova,Garza,UPMOR,E,Mexicana,Dir 825
7856,Leticia,Martinez,Gomez,UAEM,E,Mexicana,Dir 539
7857,Julio,Castro,Lara,IPN,P,Mexicana,Dir 551
7858,Gerardo,Mejia,Gomez,UTEZ,E,Mexicana,Dir 935
7859,Carmen,Silva,Ortiz,IPN,E,Mexicana,Dir 634
7860,Javier,Gomez,Garza,IPN,E,Mexicana,Dir 60
7861,Gerardo,Vega,Cruz,UNAM,P,Mexicana,Dir 283
7862,Jesus,Cruz,Perez,IPN,E,Mexicana,Dir 896
7863,Lucia,Ramos,Garcia,IPN,P,Mexicana,Dir 122
7864,Ana,Espinoza,Morales,UPMOR,E,Mexicana,Dir 77
7865,Adriana,Mendez,Medina,IPN,E,Mexicana,Dir 353
7866,Beatriz,Lara,Aguilar,ITZ,E,Mexicana,Dir 464
7867,Carmen,Ramos,Rodriguez,UTEZ,E,Mexicana,Dir 121
7868,Lorena,Mejia,Bautista,UAEM,E,Mexicana,Dir 89
7869,Gerardo,Campos,Ruiz,UPMOR,E,Mexicana,Dir 852
7870,Pedro,Cruz,Campos,UPMOR,E,Mexicana,Dir 930
7871,Roberto,Soto,Delgado,UPMOR,E,Mexicana,Dir 47
7872,Patricia,Dominguez,Rios,IPN,P,Mexicana,Dir 339
7873,Andrea,Herrera,Garcia,IPN,P,Mexicana,Dir 358
7874,Esteban,Delgado,Gonzalez,IPN,P,Mexicana,Dir 530
7875,Claudia,Romero,Velazquez,UPMOR,E,Mexicana,Dir 494
7876,Fernando,Escobar,Dominguez,IPN,P,Mexicana,Dir 416
7877,Eduardo,Mejia,Lara,UTEZ,E,Mexicana,Dir 49
7878,Javier,Lopez,Sanchez,ITZ,P,Mexicana,Dir 303
7879,Antonio,Rodriguez,Guzman,UNAM,P,Mexicana,Dir 804
7880,Gabriela,Molina,Vargas,UAEM,P,Mexicana,Dir 704
7881,Sofia,Navarro,Cordova,UAEM,P,Mexicana,Dir 537
7882,Elena,Martinez,Rojas,UAEM,E,Mexicana,Dir 825
7883,Teresa,Gutierrez,Diaz,UTEZ,P,Mexicana,Dir 797
7884,Manuel,Gutierrez,Ramirez,UPMOR,P,Mexicana,Dir 219
7885,Paola,Martinez,Ortiz,UPMOR,P,Mexicana,Dir 972
7886,Elena,Dominguez,Gomez,UPMOR,E,Mexicana,Dir 482
7887,Ruben,Valencia,Delgado,UTEZ,E,Mexicana,Dir 623
7888,Hugo,Vargas,Gutierrez,UPMOR,E,Mexicana,Dir 685
7889,Natalia,Garcia,Paredes,UNAM,E,Mexicana,Dir 178
7890,Veronica,Valencia,Salazar,ITZ,P,Mexicana,Dir 62
7891,Ruben,Gutierrez,Herrera,UNAM,E,Mexicana,Dir 442
7892,Ruben,Gutierrez,Garza,UPMOR,P,Mexicana,Dir 929
7893,Luis,Morales,Vega,UNAM,P,Mexicana,Dir 290
7894,Fernando,Morales,Ortiz,UPMOR,E,Mexicana,Dir 1
7895,Jorge,Cordova,Molina,UNAM,P,Mexicana,Dir 13
7896,Roberto,Cabrera,Cruz,UAEM,E,Mexicana,Dir 236
7897,Diana,Medina,Cordova,UNAM,P,Mexicana,Dir 369
7898,Julio,Cortes,Romero,UTEZ,E,Mexicana,Dir 270
7899,Andrea,Romero,Valencia,UAEM,P,Mexicana,Dir 231
7900,Claudia,Ruiz,Vargas,UNAM,P,Mexicana,Dir 599
7901,Patricia,Valencia,Vega,UPMOR,E,Mexicana,Dir 363
7902,Monica,Medina,Sosa,UNAM,E,Mexicana,Dir 611
7903,Jorge,Escobar,Castro,UPMOR,P,Mexicana,Dir 32
7904,Laura,Cortes,Morales,UAEM,E,Mexicana,Dir 70
7905,Susana,Ramirez,Avila,ITZ,E,Mexicana,Dir 310
7906,Ricardo,Espinoza,Rojas,IPN,E,Mexicana,Dir 534
7907,Rosa,Gonzalez,Silva,UPMOR,P,Mexicana,Dir 633
7908,Ana,Vargas,Hernandez,UTEZ,E,Mexicana,Dir 106
7909,Gabriela,Paredes,Dominguez,UTEZ,E,Mexicana,Dir 234
7910,Raul,Ramos,Velazquez,UAEM,P,Mexicana,Dir 226
7911,Eduardo,Sosa,Cruz,UPMOR,E,Mexicana,Dir 800
7912,Gael,Garcia,Maldonado,IPN,P,Mexicana,Dir 438
7913,Adriana,Rios,Guzman,IPN,P,Mexicana,Dir 613
7914,Ruben,Silva,Cervantes,UPMOR,P,Mexicana,Dir 670
7915,Maria,Garcia,Bautista,ITZ,E,Mexicana,Dir 9
7916,Monica,Cruz,Salazar,UAEM,E,Mexicana,Dir 816
7917,Beatriz,Reyes,Campos,UAEM,E,Mexicana,Dir 974
7918,Victor,Ramirez,Perez,ITZ,E,Mexicana,Dir 934
7919,Alejandro,Molina,Dominguez,UPMOR,P,Mexicana,Dir 935
7920,Arturo,Ruiz,Salazar,UPMOR,E,Mexicana,Dir 49
7921,Margarita,Dominguez,Soto,ITZ,P,Mexicana,Dir 221
7922,Javier,Valencia,Delgado,UTEZ,P,Mexicana,Dir 184
7923,Jose,Lopez,Ramirez,UAEM,E,Mexicana,Dir 4
7924,Eduardo,Aguilar,Medina,UAEM,E,Mexicana,Dir 624
7925,Arturo,Espinoza,Medina,UNAM,E,Mexicana,Dir 59
7926,Jesus,Herrera,Ramirez,ITZ,E,Mexicana,Dir 4
7927,Margarita,Escobar,Paredes,UPMOR,E,Mexicana,Dir 289
7928,Esteban,Delgado,Delgado,UAEM,E,Mexicana,Dir 929
7929,Diego,Chavez,Lopez,IPN,P,Mexicana,Dir 431
7930,Susana,Soto,Herrera,IPN,P,Mexicana,Dir 431
7931,Martin,Soto,Rodriguez,UPMOR,E,Mexicana,Dir 126
7932,Manuel,Maldonado,Rojas,UTEZ,E,Mexicana,Dir 53
7933,Rosa,Campos,Soto,UNAM,E,Mexicana,Dir 58
7934,Lucia,Sosa,Dominguez,UPMOR,E,Mexicana,Dir 318
7935,Andrea,Romero,Vargas,IPN,P,Mexicana,Dir 234
7936,Alejandro,Gonzalez,Garcia,UAEM,P,Mexicana,Dir 633
7937,Maria,Chavez,Lara,IPN,E,Mexicana,Dir 355
7938,Miguel,Ortiz,Garza,UAEM,P,Mexicana,Dir 550
7939,Manuel,Cervantes,Espinoza,ITZ,P,Mexicana,Dir 573
7940,Leticia,Soto,Reyes,IPN,E,Mexicana,Dir 802
7941,Susana,Escobar,Espinoza,UAEM,E,Mexicana,Dir 72
7942,Beatriz,Paredes,Aguilar,IPN,E,Mexicana,Dir 42
7943,Martin,Aguilar,Aguilar,UAEM,P,Mexicana,Dir 283
7944,Fernando,Aguilar,Reyes,UPMOR,P,Mexicana,Dir 240
7945,Fernando,Molina,Gutierrez,UAEM,P,Mexicana,Dir 776
7946,Eduardo,Velazquez,Perez,UNAM,P,Mexicana,Dir 676
7947,Pedro,Cortes,Bautista,UTEZ,P,Mexicana,Dir 506
7948,Francisco,Castro,Bautista,IPN,E,Mexicana,Dir 833
7949,Ricardo,Ramos,Bautista,UNAM,P,Mexicana,Dir 975
7950,Francisco,Lopez,Morales,UAEM,E,Mexicana,Dir 903
7951,Ruben,Mendoza,Cruz,UAEM,E,Mexicana,Dir 618
7952,Oscar,Valencia,Garcia,UAEM,E,Mexicana,Dir 313
7953,Raul,Garcia,Rojas,ITZ,P,Mexicana,Dir 868
7954,Adriana,Diaz,Castro,UTEZ,P,Mexicana,Dir 664
7955,Margarita,Castro,Ortiz,UAEM,P,Mexicana,Dir 329
7956,Daniela,Cruz,Maldonado,UPMOR,E,Mexicana,Dir 289
7957,Esteban,Aguilar,Ramirez,UTEZ,P,Mexicana,Dir 974
7958,Carolina,Mendoza,Vega,UPMOR,E,Mexicana,Dir 992
7959,Paola,Guzman,Sanchez,UAEM,P,Mexicana,Dir 774
7960,Laura,Rodriguez,Diaz,IPN,P,Mexicana,Dir 321
7961,Antonio,Valencia,Avila,UNAM,P,Mexicana,Dir 772
7962,Gabriela,Avila,Aguilar,UPMOR,E,Mexicana,Dir 952
7963,Rafael,Herrera,Ramos,UPMOR,E,Mexicana,Dir 645
7964,Roberto,Vargas,Bautista,UPMOR,E,Mexicana,Dir 460
7965,Jose,Campos,Navarro,UPMOR,P,Mexicana,Dir 690
7966,Silvia,Martinez,Vargas,UNAM,E,Mexicana,Dir 543
7967,Martha,Navarro,Cortes,UAEM,P,Mexicana,Dir 222
7968,Diana,Ruiz,Hernandez,UPMOR,P,Mexicana,Dir 697
7969,Ricardo,Silva,Sanchez,IPN,P,Mexicana,Dir 725
7970,Arturo,Sosa,Ramirez,UAEM,E,Mexicana,Dir 952
7971,Hugo,Herrera,Garcia,UPMOR,E,Mexicana,Dir 330
7972,Adriana,Ortiz,Munoz,UNAM,P,Mexicana,Dir 211
7973,Rumualdo,Espinoza,Herrera,IPN,E,Mexicana,Dir 452
7974,Susana,Velazquez,Chavez,UTEZ,P,Mexicana,Dir 863
7975,Luis,Castillo,Lopez,UAEM,P,Mexicana,Dir 801
7976,Arturo,Diaz,Vega,UNAM,E,Mexicana,Dir 124
7977,Ana,Ortiz,Sosa,UTEZ,E,Mexicana,Dir 683
7978,Victor,Velazquez,Garza,UPMOR,E,Mexicana,Dir 902
7979,Gael,Munoz,Gomez,UNAM,E,Mexicana,Dir 275
7980,Gael,Aguilar,Bautista,ITZ,E,Mexicana,Dir 182
7981,Patricia,Mendez,Cruz,UAEM,P,Mexicana,Dir 222
7982,Martin,Gutierrez,Sosa,UPMOR,E,Mexicana,Dir 453
7983,Jesus,Gutierrez,Gonzalez,IPN,E,Mexicana,Dir 503
7984,Gael,Ramos,Silva,UTEZ,E,Mexicana,Dir 614
7985,Miguel,Campos,Gutierrez,UNAM,P,Mexicana,Dir 579
7986,Jesus,Rojas,Garcia,UTEZ,P,Mexicana,Dir 853
7987,Rosa,Velazquez,Ruiz,UAEM,E,Mexicana,Dir 11
7988,Rosa,Valencia,Cabrera,UPMOR,P,Mexicana,Dir 158
7989,Martin,Mejia,Reyes,UAEM,E,Mexicana,Dir 330
7990,Jorge,Cervantes,Campos,ITZ,P,Mexicana,Dir 381
7991,Paola,Dominguez,Cordova,UPMOR,E,Mexicana,Dir 608
7992,Gael,Flores,Valencia,UPMOR,P,Mexicana,Dir 389
7993,Esteban,Martinez,Romero,ITZ,E,Mexicana,Dir 364
7994,Rumualdo,Lopez,Ortiz,UTEZ,P,Mexicana,Dir 155
7995,Susana,Campos,Martinez,UPMOR,P,Mexicana,Dir 345
7996,Maria,Morales,Delgado,UNAM,P,Mexicana,Dir 607
7997,Daniela,Campos,Navarro,UAEM,P,Mexicana,Dir 115
7998,Carolina,Ramos,Bautista,UTEZ,E,Mexicana,Dir 274
7999,Hector,Rojas,Ortiz,IPN,P,Mexicana,Dir 796
8000,Veronica,Valencia,Campos,ITZ,P,Mexicana,Dir 533
8001,Lorena,Lara,Sosa,UAEM,P,Mexicana,Dir 495
8002,Ana,Vargas,Salazar,UTEZ,P,Mexicana,Dir 624
8003,Ruben,Velazquez,Navarro,ITZ,P,Mexicana,Dir 976
8004,Miguel,Gomez,Perez,UNAM,E,Mexicana,Dir 281
8005,Miguel,Herrera,Reyes,UNAM,E,Mexicana,Dir 522
8006,Elena,Munoz,Ramirez,UPMOR,E,Mexicana,Dir 252
8007,Carlos,Vargas,Soto,IPN,E,Mexicana,Dir 580
8008,Teresa,Rojas,Lara,UTEZ,E,Mexicana,Dir 22
8009,Ana,Chavez,Campos,UPMOR,E,Mexicana,Dir 757
8010,Manuel,Cordova,Avila,IPN,P,Mexicana,Dir 42
8011,Laura,Ruiz,Soto,UAEM,E,Mexicana,Dir 66
8012,Victor,Escobar,Ramos,IPN,P,Mexicana,Dir 181
8013,Lucia,Lopez,Rodriguez,UTEZ,P,Mexicana,Dir 280
8014,Ruben,Romero,Cruz,UAEM,P,Mexicana,Dir 512
8015,Arturo,Garcia,Cabrera,UPMOR,E,Mexicana,Dir 546
8016,Raul,Rojas,Diaz,UAEM,E,Mexicana,Dir 78
8017,Ana,Rios,Gutierrez,UNAM,P,Mexicana,Dir 650
8018,Carolina,Salazar,Perez,UAEM,P,Mexicana,Dir 526
8019,Andrea,Silva,Cruz,IPN,P,Mexicana,Dir 146
8020,Eduardo,Cordova,Campos,UAEM,E,Mexicana,Dir 684
8021,Claudia,Molina,Paredes,UAEM,P,Mexicana,Dir 242
8022,Ana,Guzman,Cabrera,ITZ,E,Mexicana,Dir 429
8023,Ruben,Valencia,Chavez,ITZ,P,Mexicana,Dir 440
8024,Susana,Campos,Perez,ITZ,P,Mexicana,Dir 911
8025,Gabriela,Aguilar,Valencia,UTEZ,P,Mexicana,Dir 28
8026,Patricia,Paredes,Medina,UTEZ,P,Mexicana,Dir 360
8027,Ruben,Delgado,Navarro,UTEZ,E,Mexicana,Dir 410
8028,Natalia,Molina,Garcia,UPMOR,P,Mexicana,Dir 986
8029,Margarita,Munoz,Martinez,UNAM,E,Mexicana,Dir 137
8030,Rumualdo,Navarro,Sosa,UTEZ,P,Mexicana,Dir 482
8031,Rafael,Morales,Velazquez,UTEZ,P,Mexicana,Dir 259
8032,Carolina,Morales,Silva,UPMOR,E,Mexicana,Dir 130
8033,Diego,Navarro,Vega,UAEM,E,Mexicana,Dir 152
8034,Jorge,Vargas,Gonzalez,UPMOR,E,Mexicana,Dir 277
8035,Carolina,Velazquez,Rojas,UTEZ,P,Mexicana,Dir 42
8036,Lorena,Garza,Silva,UNAM,P,Mexicana,Dir 847
8037,Laura,Bautista,Guzman,UNAM,E,Mexicana,Dir 822
8038,Carolina,Flores,Campos,IPN,E,Mexicana,Dir 143
8039,Sofia,Maldonado,Campos,UPMOR,P,Mexicana,Dir 832
8040,Carolina,Guzman,Garcia,UTEZ,E,Mexicana,Dir 390
8041,Silvia,Valencia,Gutierrez,IPN,P,Mexicana,Dir 605
8042,Jose,Molina,Escobar,UNAM,P,Mexicana,Dir 630
8043,Maria,Sosa,Sanchez,UNAM,E,Mexicana,Dir 979
8044,Ruben,Rojas,Herrera,IPN,P,Mexicana,Dir 807
8045,Jesus,Navarro,Cervantes,IPN,E,Mexicana,Dir 570
8046,Ruben,Campos,Romero,IPN,E,Mexicana,Dir 231
8047,Natalia,Garza,Garza,UPMOR,P,Mexicana,Dir 172
8048,Teresa,Flores,Chavez,UPMOR,P,Mexicana,Dir 553
8049,Claudia,Lopez,Medina,UNAM,P,Mexicana,Dir 449
8050,Paola,Morales,Hernandez,UNAM,E,Mexicana,Dir 270
8051,Gael,Cordova,Cortes,UNAM,E,Mexicana,Dir 921
8052,Hugo,Escobar,Rojas,UTEZ,P,Mexicana,Dir 648
8053,Luis,Ramirez,Campos,UAEM,E,Mexicana,Dir 651
8054,Patricia,Delgado,Maldonado,UTEZ,E,Mexicana,Dir 459
8055,Carlos,Ramirez,Aguilar,UPMOR,E,Mexicana,Dir 656
8056,Jose,Ramos,Perez,UAEM,E,Mexicana,Dir 687
8057,Leticia,Aguilar,Sosa,UPMOR,E,Mexicana,Dir 64
8058,Carlos,Paredes,Reyes,UPMOR,P,Mexicana,Dir 711
8059,Hector,Gonzalez,Sosa,IPN,E,Mexicana,Dir 123
8060,Monica,Sanchez,Cervantes,UPMOR,P,Mexicana,Dir 170
8061,Laura,Avila,Ruiz,UNAM,P,Mexicana,Dir 810
8062,Laura,Garza,Garcia,ITZ,P,Mexicana,Dir 294
8063,Jose,Diaz,Mendoza,UAEM,P,Mexicana,Dir 727
8064,Gabriela,Garcia,Romero,ITZ,E,Mexicana,Dir 274
8065,Lucia,Espinoza,Castillo,UAEM,P,Mexicana,Dir 741
8066,Diego,Sosa,Herrera,UNAM,E,Mexicana,Dir 428
8067,Valeria,Lara,Romero,UTEZ,E,Mexicana,Dir 833
8068,Carmen,Ruiz,Campos,UTEZ,E,Mexicana,Dir 88
8069,Raul,Castillo,Perez,UAEM,P,Mexicana,Dir 293
8070,Jesus,Lara,Maldonado,UAEM,P,Mexicana,Dir 386
8071,Victor,Chavez,Mendez,ITZ,E,Mexicana,Dir 254
8072,Fernando,Gutierrez,Gutierrez,UTEZ,E,Mexicana,Dir 516
8073,Jorge,Herrera,Campos,IPN,E,Mexicana,Dir 234
8074,Carlos,Mendez,Lara,ITZ,E,Mexicana,Dir 225
8075,Diana,Velazquez,Molina,UAEM,E,Mexicana,Dir 3
8076,Andrea,Avila,Herrera,UPMOR,E,Mexicana,Dir 199
8077,Teresa,Mendez,Martinez,UPMOR,P,Mexicana,Dir 880
8078,Valeria,Gomez,Vargas,ITZ,P,Mexicana,Dir 281
8079,Lorena,Salazar,Dominguez,UPMOR,E,Mexicana,Dir 313
8080,Julio,Vargas,Perez,UPMOR,P,Mexicana,Dir 224
8081,Leticia,Rios,Paredes,UNAM,E,Mexicana,Dir 17
8082,Claudia,Hernandez,Bautista,UNAM,E,Mexicana,Dir 802
8083,Paola,Medina,Garcia,UNAM,P,Mexicana,Dir 958
8084,Javier,Castillo,Castro,IPN,E,Mexicana,Dir 644
8085,Manuel,Cordova,Delgado,ITZ,P,Mexicana,Dir 906
8086,Manuel,Espinoza,Escobar,UNAM,P,Mexicana,Dir 274
8087,Gael,Guzman,Campos,UTEZ,P,Mexicana,Dir 455
8088,Carmen,Ramos,Bautista,IPN,P,Mexicana,Dir 227
8089,Miguel,Sosa,Sanchez,UTEZ,P,Mexicana,Dir 954
8090,Gerardo,Herrera,Cervantes,ITZ,E,Mexicana,Dir 259
8091,Antonio,Flores,Maldonado,UNAM,E,Mexicana,Dir 286
8092,Lorena,Mendez,Delgado,IPN,P,Mexicana,Dir 182
8093,Veronica,Velazquez,Vega,UTEZ,E,Mexicana,Dir 869
8094,Leticia,Herrera,Aguilar,IPN,P,Mexicana,Dir 618
8095,Victor,Ramirez,Campos,ITZ,P,Mexicana,Dir 811
8096,Daniela,Ortiz,Rojas,UAEM,E,Mexicana,Dir 40
8097,Julio,Cabrera,Paredes,UAEM,P,Mexicana,Dir 671
8098,Diana,Delgado,Rojas,IPN,P,Mexicana,Dir 419
8099,Ricardo,Morales,Aguilar,UPMOR,E,Mexicana,Dir 929
8100,Hector,Delgado,Valencia,ITZ,P,Mexicana,Dir 429
8101,Gabriela,Velazquez,Rios,ITZ,E,Mexicana,Dir 139
8102,Lorena,Sosa,Romero,UTEZ,P,Mexicana,Dir 496
8103,Raul,Hernandez,Rios,ITZ,E,Mexicana,Dir 913
8104,Esteban,Diaz,Mendoza,UNAM,E,Mexicana,Dir 791
8105,Fernando,Salazar,Mendez,UPMOR,P,Mexicana,Dir 776
8106,Monica,Valencia,Romero,UAEM,P,Mexicana,Dir 30
8107,Maria,Diaz,Rojas,UAEM,E,Mexicana,Dir 579
8108,Pedro,Salazar,Espinoza,UTEZ,E,Mexicana,Dir 487
8109,Fernando,Perez,Vargas,UAEM,E,Mexicana,Dir 126
8110,Laura,Valencia,Castro,UNAM,P,Mexicana,Dir 946
8111,Laura,Garza,Gomez,UAEM,E,Mexicana,Dir 367
8112,Margarita,Valencia,Sosa,UTEZ,E,Mexicana,Dir 240
8113,Susana,Rojas,Avila,UPMOR,P,Mexicana,Dir 775
8114,Diego,Munoz,Gutierrez,UPMOR,P,Mexicana,Dir 942
8115,Patricia,Paredes,Ramirez,UTEZ,P,Mexicana,Dir 230
8116,Manuel,Rios,Flores,IPN,E,Mexicana,Dir 362
8117,Roberto,Salazar,Gutierrez,UTEZ,P,Mexicana,Dir 793
8118,Paola,Espinoza,Munoz,UTEZ,E,Mexicana,Dir 258
8119,Natalia,Bautista,Lara,IPN,E,Mexicana,Dir 603
8120,Jose,Mendoza,Cabrera,UPMOR,E,Mexicana,Dir 425
8121,Veronica,Soto,Silva,IPN,E,Mexicana,Dir 559
8122,Monica,Salazar,Chavez,UNAM,P,Mexicana,Dir 294
8123,Teresa,Sosa,Cabrera,IPN,E,Mexicana,Dir 233
8124,Julio,Guzman,Romero,UTEZ,P,Mexicana,Dir 534
8125,Susana,Mendez,Cordova,UNAM,P,Mexicana,Dir 450
8126,Lucia,Morales,Paredes,UAEM,P,Mexicana,Dir 684
8127,Andrea,Munoz,Cabrera,UAEM,P,Mexicana,Dir 238
8128,Sofia,Molina,Dominguez,UNAM,E,Mexicana,Dir 241
8129,Elena,Espinoza,Salazar,IPN,P,Mexicana,Dir 811
8130,Antonio,Mendez,Bautista,UAEM,E,Mexicana,Dir 676
8131,Jesus,Valencia,Guzman,UNAM,P,Mexicana,Dir 963
8132,Julio,Aguilar,Escobar,UTEZ,E,Mexicana,Dir 1000
8133,Beatriz,Paredes,Silva,ITZ,P,Mexicana,Dir 935
8134,Pedro,Espinoza,Guzman,UNAM,P,Mexicana,Dir 96
8135,Teresa,Mejia,Garcia,UTEZ,E,Mexicana,Dir 617
8136,Patricia,Morales,Soto,UPMOR,P,Mexicana,Dir 570
8137,Daniela,Ramirez,Castillo,ITZ,E,Mexicana,Dir 672
8138,Rosa,Bautista,Garcia,UPMOR,E,Mexicana,Dir 43
8139,Silvia,Garza,Lara,ITZ,P,Mexicana,Dir 974
8140,Raul,Ortiz,Rios,IPN,P,Mexicana,Dir 154
8141,Elena,Guzman,Perez,UPMOR,E,Mexicana,Dir 932
8142,Hugo,Chavez,Garcia,UTEZ,E,Mexicana,Dir 591
8143,Natalia,Medina,Lara,UAEM,E,Mexicana,Dir 56
8144,Jorge,Sosa,Ortiz,UPMOR,E,Mexicana,Dir 779
8145,Julio,Cervantes,Flores,UTEZ,E,Mexicana,Dir 135
8146,Jose,Espinoza,Maldonado,UNAM,P,Mexicana,Dir 733
8147,Hector,Soto,Ortiz,IPN,E,Mexicana,Dir 877
8148,Veronica,Cervantes,Cabrera,UNAM,E,Mexicana,Dir 420
8149,Susana,Castro,Cordova,IPN,P,Mexicana,Dir 927
8150,Maria,Aguilar,Reyes,UTEZ,P,Mexicana,Dir 503
8151,Susana,Ruiz,Morales,ITZ,E,Mexicana,Dir 198
8152,Ruben,Valencia,Ortiz,UNAM,P,Mexicana,Dir 246
8153,Teresa,Mendez,Silva,UTEZ,E,Mexicana,Dir 569
8154,Leticia,Rodriguez,Gutierrez,UPMOR,E,Mexicana,Dir 9
8155,Monica,Cruz,Escobar,UAEM,P,Mexicana,Dir 146
8156,Jorge,Campos,Reyes,IPN,P,Mexicana,Dir 430
8157,Daniela,Salazar,Castillo,UAEM,P,Mexicana,Dir 365
8158,Susana,Herrera,Dominguez,UPMOR,E,Mexicana,Dir 312
8159,Lorena,Sosa,Castro,ITZ,P,Mexicana,Dir 634
8160,Veronica,Garza,Cervantes,UPMOR,P,Mexicana,Dir 418
8161,Martha,Maldonado,Hernandez,UPMOR,P,Mexicana,Dir 132
8162,Hector,Delgado,Valencia,UNAM,E,Mexicana,Dir 258
8163,Martin,Escobar,Delgado,UAEM,E,Mexicana,Dir 306
8164,Miguel,Garza,Vega,UTEZ,E,Mexicana,Dir 186
8165,Manuel,Munoz,Avila,UNAM,E,Mexicana,Dir 696
8166,Victor,Ortiz,Gonzalez,UTEZ,E,Mexicana,Dir 927
8167,Manuel,Campos,Bautista,UAEM,P,Mexicana,Dir 534
8168,Martha,Medina,Chavez,UNAM,E,Mexicana,Dir 554
8169,Hugo,Rojas,Ortiz,UAEM,P,Mexicana,Dir 861
8170,Martha,Bautista,Martinez,IPN,E,Mexicana,Dir 510
8171,Laura,Mendez,Rodriguez,IPN,P,Mexicana,Dir 384
8172,Gael,Rodriguez,Lopez,UNAM,P,Mexicana,Dir 682
8173,Ruben,Paredes,Rios,UPMOR,E,Mexicana,Dir 351
8174,Rumualdo,Mejia,Morales,IPN,E,Mexicana,Dir 888
8175,Carolina,Mendoza,Rodriguez,UTEZ,P,Mexicana,Dir 608
8176,Claudia,Perez,Espinoza,UNAM,E,Mexicana,Dir 106
8177,Carlos,Morales,Bautista,UPMOR,E,Mexicana,Dir 742
8178,Luis,Cabrera,Paredes,ITZ,E,Mexicana,Dir 493
8179,Daniela,Aguilar,Cordova,UPMOR,P,Mexicana,Dir 765
8180,Francisco,Mendoza,Molina,ITZ,E,Mexicana,Dir 642
8181,Veronica,Gonzalez,Paredes,UPMOR,P,Mexicana,Dir 597
8182,Esteban,Vega,Ruiz,UPMOR,P,Mexicana,Dir 208
8183,Pedro,Soto,Escobar,UAEM,E,Mexicana,Dir 296
8184,Adriana,Munoz,Salazar,UNAM,P,Mexicana,Dir 307
8185,Eduardo,Campos,Bautista,UNAM,P,Mexicana,Dir 269
8186,Martin,Diaz,Munoz,UAEM,P,Mexicana,Dir 181
8187,Gabriela,Rojas,Cruz,UNAM,P,Mexicana,Dir 834
8188,Natalia,Lopez,Cortes,IPN,E,Mexicana,Dir 805
8189,Miguel,Castillo,Martinez,UPMOR,E,Mexicana,Dir 825
8190,Alejandro,Guzman,Espinoza,UTEZ,P,Mexicana,Dir 866
8191,Veronica,Chavez,Vargas,UTEZ,P,Mexicana,Dir 676
8192,Francisco,Cervantes,Ramos,ITZ,P,Mexicana,Dir 920
8193,Diana,Diaz,Cortes,UPMOR,P,Mexicana,Dir 278
8194,Elena,Paredes,Sosa,UAEM,E,Mexicana,Dir 249
8195,Jesus,Herrera,Mendez,UNAM,E,Mexicana,Dir 96
8196,Gael,Espinoza,Aguilar,UAEM,E,Mexicana,Dir 273
8197,Jose,Guzman,Cervantes,ITZ,P,Mexicana,Dir 732
8198,Rafael,Espinoza,Aguilar,UNAM,P,Mexicana,Dir 700
8199,Victor,Vargas,Gomez,UNAM,P,Mexicana,Dir 821
8200,Daniela,Vega,Aguilar,UPMOR,E,Mexicana,Dir 403
8201,Laura,Salazar,Cabrera,UTEZ,P,Mexicana,Dir 461
8202,Ana,Sosa,Cordova,UAEM,P,Mexicana,Dir 756
8203,Gabriela,Cabrera,Sanchez,ITZ,E,Mexicana,Dir 898
8204,Laura,Garcia,Gonzalez,ITZ,P,Mexicana,Dir 800
8205,Luis,Herrera,Flores,UTEZ,P,Mexicana,Dir 65
8206,Daniela,Vargas,Gutierrez,UTEZ,E,Mexicana,Dir 690
8207,Raul,Navarro,Valencia,UTEZ,E,Mexicana,Dir 414
8208,Susana,Gutierrez,Guzman,ITZ,P,Mexicana,Dir 124
8209,Monica,Ortiz,Guzman,UNAM,P,Mexicana,Dir 377
8210,Andrea,Romero,Sosa,UNAM,P,Mexicana,Dir 512
8211,Lorena,Cordova,Sosa,UPMOR,E,Mexicana,Dir 382
8212,Monica,Gutierrez,Vega,IPN,P,Mexicana,Dir 53
8213,Carolina,Dominguez,Chavez,UNAM,E,Mexicana,Dir 257
8214,Esteban,Vega,Molina,IPN,P,Mexicana,Dir 408
8215,Adriana,Chavez,Vega,ITZ,P,Mexicana,Dir 341
8216,Diana,Gomez,Silva,ITZ,E,Mexicana,Dir 303
8217,Julio,Sanchez,Garcia,ITZ,E,Mexicana,Dir 579
8218,Paola,Rodriguez,Reyes,UPMOR,E,Mexicana,Dir 689
8219,Hector,Lopez,Molina,UPMOR,E,Mexicana,Dir 210
8220,Sofia,Dominguez,Hernandez,ITZ,E,Mexicana,Dir 238
8221,Ricardo,Sosa,Ramos,UPMOR,E,Mexicana,Dir 914
8222,Raul,Cordova,Guzman,UNAM,E,Mexicana,Dir 275
8223,Rafael,Lopez,Garza,ITZ,P,Mexicana,Dir 920
8224,Gael,Romero,Gomez,UPMOR,E,Mexicana,Dir 929
8225,Gabriela,Flores,Espinoza,ITZ,P,Mexicana,Dir 343
8226,Leticia,Bautista,Diaz,UPMOR,P,Mexicana,Dir 742
8227,Hugo,Navarro,Escobar,UNAM,E,Mexicana,Dir 203
8228,Lorena,Cordova,Cervantes,UTEZ,E,Mexicana,Dir 284
8229,Diego,Cruz,Cortes,UAEM,E,Mexicana,Dir 50
8230,Carolina,Valencia,Vega,ITZ,P,Mexicana,Dir 617
8231,Beatriz,Perez,Delgado,ITZ,P,Mexicana,Dir 362
8232,Paola,Ruiz,Flores,UTEZ,E,Mexicana,Dir 207
8233,Hugo,Morales,Vargas,UNAM,P,Mexicana,Dir 891
8234,Patricia,Castillo,Munoz,IPN,P,Mexicana,Dir 641
8235,Daniela,Salazar,Cortes,UPMOR,P,Mexicana,Dir 626
8236,Sofia,Navarro,Gutierrez,UTEZ,P,Mexicana,Dir 625
8237,Oscar,Cabrera,Garza,UTEZ,E,Mexicana,Dir 53
8238,Ruben,Vargas,Salazar,UPMOR,E,Mexicana,Dir 487
8239,Ana,Ruiz,Ramirez,UNAM,E,Mexicana,Dir 395
8240,Martin,Navarro,Cortes,IPN,E,Mexicana,Dir 310
8241,Adriana,Lopez,Silva,IPN,E,Mexicana,Dir 662
8242,Jorge,Morales,Castro,UAEM,P,Mexicana,Dir 281
8243,Diana,Gonzalez,Escobar,UPMOR,P,Mexicana,Dir 333
8244,Antonio,Ramos,Mendez,UAEM,P,Mexicana,Dir 521
8245,Valeria,Romero,Castro,ITZ,E,Mexicana,Dir 750
8246,Gabriela,Ortiz,Flores,IPN,E,Mexicana,Dir 877
8247,Esteban,Romero,Vega,UPMOR,P,Mexicana,Dir 605
8248,Lucia,Ramirez,Bautista,ITZ,P,Mexicana,Dir 861
8249,Leticia,Morales,Navarro,ITZ,E,Mexicana,Dir 571
8250,Luis,Vargas,Mendez,IPN,P,Mexicana,Dir 926
8251,Valeria,Cabrera,Morales,IPN,P,Mexicana,Dir 236
8252,Arturo,Campos,Vargas,ITZ,P,Mexicana,Dir 589
8253,Oscar,Perez,Lopez,UPMOR,E,Mexicana,Dir 127
8254,Daniela,Soto,Lopez,UAEM,P,Mexicana,Dir 914
8255,Sofia,Cervantes,Chavez,IPN,E,Mexicana,Dir 334
8256,Esteban,Bautista,Cortes,ITZ,P,Mexicana,Dir 584
8257,Arturo,Ruiz,Gomez,UNAM,E,Mexicana,Dir 138
8258,Veronica,Herrera,Cruz,UNAM,E,Mexicana,Dir 747
8259,Ricardo,Dominguez,Chavez,UNAM,P,Mexicana,Dir 210
8260,Gael,Valencia,Soto,UTEZ,P,Mexicana,Dir 263
8261,Veronica,Sosa,Cruz,UNAM,P,Mexicana,Dir 903
8262,Pedro,Ortiz,Cabrera,UAEM,P,Mexicana,Dir 784
8263,Alejandro,Soto,Mejia,UPMOR,P,Mexicana,Dir 834
8264,Rumualdo,Flores,Maldonado,ITZ,P,Mexicana,Dir 886
8265,Rumualdo,Martinez,Mendez,UTEZ,E,Mexicana,Dir 159
8266,Claudia,Hernandez,Delgado,UTEZ,P,Mexicana,Dir 242
8267,Monica,Perez,Reyes,ITZ,E,Mexicana,Dir 983
8268,Veronica,Romero,Sanchez,IPN,E,Mexicana,Dir 135
8269,Elena,Cordova,Morales,ITZ,E,Mexicana,Dir 591
8270,Jose,Ramirez,Escobar,IPN,E,Mexicana,Dir 557
8271,Rafael,Valencia,Molina,UAEM,P,Mexicana,Dir 778
8272,Rosa,Romero,Rojas,IPN,P,Mexicana,Dir 847
8273,Alejandro,Mejia,Martinez,UPMOR,E,Mexicana,Dir 822
8274,Carmen,Gutierrez,Escobar,UAEM,P,Mexicana,Dir 161
8275,Esteban,Mendoza,Bautista,UTEZ,E,Mexicana,Dir 459
8276,Rumualdo,Herrera,Maldonado,UAEM,P,Mexicana,Dir 872
8277,Rafael,Martinez,Ramirez,UAEM,E,Mexicana,Dir 555
8278,Julio,Escobar,Cordova,UTEZ,E,Mexicana,Dir 806
8279,Luis,Navarro,Cortes,UAEM,E,Mexicana,Dir 358
8280,Carlos,Velazquez,Paredes,UPMOR,P,Mexicana,Dir 136
8281,Susana,Cordova,Paredes,UPMOR,E,Mexicana,Dir 763
8282,Monica,Mendez,Dominguez,UNAM,P,Mexicana,Dir 272
8283,Victor,Valencia,Maldonado,IPN,E,Mexicana,Dir 582
8284,Martin,Cabrera,Lopez,UTEZ,P,Mexicana,Dir 603
8285,Victor,Castro,Diaz,IPN,E,Mexicana,Dir 383
8286,Pedro,Martinez,Martinez,IPN,E,Mexicana,Dir 668
8287,Patricia,Gomez,Cruz,IPN,E,Mexicana,Dir 387
8288,Patricia,Chavez,Campos,UAEM,E,Mexicana,Dir 138
8289,Carmen,Guzman,Escobar,UTEZ,P,Mexicana,Dir 151
8290,Pedro,Dominguez,Soto,IPN,P,Mexicana,Dir 572
8291,Raul,Herrera,Campos,UPMOR,P,Mexicana,Dir 691
8292,Paola,Cortes,Valencia,UPMOR,E,Mexicana,Dir 504
8293,Rafael,Garcia,Diaz,UNAM,E,Mexicana,Dir 193
8294,Eduardo,Vargas,Valencia,UAEM,P,Mexicana,Dir 613
8295,Martin,Bautista,Bautista,UAEM,P,Mexicana,Dir 65
8296,Eduardo,Molina,Paredes,UAEM,P,Mexicana,Dir 940
8297,Patricia,Ramirez,Chavez,UNAM,E,Mexicana,Dir 349
8298,Miguel,Rodriguez,Cabrera,UAEM,P,Mexicana,Dir 202
8299,Ricardo,Bautista,Hernandez,ITZ,P,Mexicana,Dir 6
8300,Silvia,Flores,Castro,UNAM,P,Mexicana,Dir 480
8301,Alejandro,Espinoza,Lara,UTEZ,E,Mexicana,Dir 407
8302,Gabriela,Garza,Valencia,IPN,P,Mexicana,Dir 264
8303,Rosa,Herrera,Garza,UAEM,P,Mexicana,Dir 322
8304,Carolina,Mendez,Aguilar,UNAM,P,Mexicana,Dir 525
8305,Ricardo,Gonzalez,Gomez,ITZ,P,Mexicana,Dir 861
8306,Martha,Mendez,Lara,UAEM,P,Mexicana,Dir 245
8307,Ricardo,Dominguez,Garza,UTEZ,P,Mexicana,Dir 841
8308,Natalia,Rios,Martinez,UTEZ,P,Mexicana,Dir 884
8309,Antonio,Ramirez,Garza,UTEZ,P,Mexicana,Dir 713
8310,Rafael,Cabrera,Avila,ITZ,E,Mexicana,Dir 673
8311,Beatriz,Romero,Lara,IPN,E,Mexicana,Dir 547
8312,Ana,Cruz,Valencia,UAEM,E,Mexicana,Dir 258
8313,Luis,Munoz,Lara,UNAM,E,Mexicana,Dir 234
8314,Lorena,Munoz,Velazquez,IPN,E,Mexicana,Dir 46
8315,Rosa,Gonzalez,Rios,UAEM,P,Mexicana,Dir 692
8316,Monica,Cruz,Rodriguez,UAEM,E,Mexicana,Dir 239
8317,Lucia,Soto,Vargas,UPMOR,E,Mexicana,Dir 927
8318,Hector,Chavez,Garcia,UTEZ,E,Mexicana,Dir 688
8319,Ana,Munoz,Velazquez,UNAM,E,Mexicana,Dir 330
8320,Manuel,Herrera,Reyes,UNAM,E,Mexicana,Dir 137
8321,Daniela,Cortes,Chavez,UPMOR,P,Mexicana,Dir 685
8322,Jorge,Rojas,Sanchez,UTEZ,E,Mexicana,Dir 875
8323,Eduardo,Velazquez,Mendez,ITZ,E,Mexicana,Dir 198
8324,Silvia,Campos,Mejia,UNAM,P,Mexicana,Dir 69
8325,Silvia,Garcia,Sanchez,UAEM,P,Mexicana,Dir 359
8326,Margarita,Silva,Gomez,UPMOR,P,Mexicana,Dir 285
8327,Eduardo,Delgado,Diaz,UPMOR,E,Mexicana,Dir 387
8328,Teresa,Sosa,Escobar,UTEZ,E,Mexicana,Dir 346
8329,Diego,Rodriguez,Guzman,UNAM,E,Mexicana,Dir 558
8330,Gael,Diaz,Herrera,UPMOR,P,Mexicana,Dir 681
8331,Eduardo,Martinez,Mejia,ITZ,P,Mexicana,Dir 380
8332,Susana,Martinez,Bautista,UPMOR,P,Mexicana,Dir 330
8333,Laura,Navarro,Ortiz,IPN,E,Mexicana,Dir 561
8334,Martha,Sanchez,Bautista,UPMOR,P,Mexicana,Dir 282
8335,Martin,Lara,Lopez,UNAM,P,Mexicana,Dir 197
8336,Carolina,Garcia,Espinoza,UAEM,P,Mexicana,Dir 684
8337,Gerardo,Mejia,Diaz,ITZ,E,Mexicana,Dir 173
8338,Raul,Mendez,Gonzalez,IPN,E,Mexicana,Dir 28
8339,Ruben,Flores,Garcia,ITZ,E,Mexicana,Dir 151
8340,Diego,Vargas,Garza,IPN,P,Mexicana,Dir 580
8341,Arturo,Mejia,Perez,UPMOR,E,Mexicana,Dir 599
8342,Carmen,Avila,Vargas,UTEZ,P,Mexicana,Dir 630
8343,Gabriela,Munoz,Bautista,ITZ,E,Mexicana,Dir 422
8344,Oscar,Hernandez,Martinez,IPN,P,Mexicana,Dir 165
8345,Luis,Mendoza,Ruiz,ITZ,E,Mexicana,Dir 607
8346,Elena,Avila,Escobar,ITZ,E,Mexicana,Dir 184
8347,Gael,Rojas,Cervantes,IPN,E,Mexicana,Dir 619
8348,Diana,Espinoza,Herrera,ITZ,P,Mexicana,Dir 592
8349,Javier,Vega,Garza,UPMOR,P,Mexicana,Dir 693
8350,Daniela,Vega,Cervantes,UNAM,E,Mexicana,Dir 223
8351,Carolina,Chavez,Castillo,UTEZ,E,Mexicana,Dir 563
8352,Francisco,Mejia,Cordova,IPN,E,Mexicana,Dir 836
8353,Beatriz,Salazar,Ortiz,UTEZ,E,Mexicana,Dir 84
8354,Roberto,Rios,Rios,UNAM,E,Mexicana,Dir 663
8355,Margarita,Gonzalez,Bautista,UTEZ,P,Mexicana,Dir 734
8356,Ricardo,Velazquez,Campos,UNAM,P,Mexicana,Dir 479
8357,Alejandro,Hernandez,Velazquez,IPN,P,Mexicana,Dir 53
8358,Margarita,Medina,Espinoza,UNAM,P,Mexicana,Dir 973
8359,Miguel,Aguilar,Cabrera,IPN,E,Mexicana,Dir 62
8360,Hugo,Gomez,Escobar,UTEZ,E,Mexicana,Dir 476
8361,Julio,Soto,Cordova,UPMOR,P,Mexicana,Dir 876
8362,Antonio,Maldonado,Munoz,UNAM,E,Mexicana,Dir 906
8363,Roberto,Vargas,Salazar,UTEZ,E,Mexicana,Dir 717
8364,Miguel,Lara,Sanchez,IPN,E,Mexicana,Dir 896
8365,Carmen,Castillo,Dominguez,UAEM,E,Mexicana,Dir 954
8366,Leticia,Medina,Maldonado,UAEM,P,Mexicana,Dir 4
8367,Andrea,Ramos,Morales,UTEZ,P,Mexicana,Dir 182
8368,Manuel,Rios,Delgado,IPN,P,Mexicana,Dir 178
8369,Martha,Mendez,Perez,IPN,E,Mexicana,Dir 596
8370,Alejandro,Guzman,Ramirez,UAEM,P,Mexicana,Dir 131
8371,Paola,Cabrera,Bautista,UPMOR,P,Mexicana,Dir 224
8372,Teresa,Mejia,Mendoza,UNAM,E,Mexicana,Dir 410
8373,Silvia,Velazquez,Flores,UNAM,E,Mexicana,Dir 892
8374,Jose,Castro,Rios,ITZ,E,Mexicana,Dir 320
8375,Gabriela,Escobar,Valencia,ITZ,P,Mexicana,Dir 367
8376,Miguel,Campos,Silva,ITZ,P,Mexicana,Dir 285
8377,Gabriela,Vargas,Soto,UPMOR,P,Mexicana,Dir 550
8378,Andrea,Lopez,Velazquez,UNAM,P,Mexicana,Dir 939
8379,Victor,Salazar,Castro,IPN,P,Mexicana,Dir 182
8380,Gerardo,Maldonado,Medina,UAEM,P,Mexicana,Dir 711
8381,Adriana,Bautista,Velazquez,UPMOR,P,Mexicana,Dir 371
8382,Luis,Herrera,Navarro,UAEM,E,Mexicana,Dir 195
8383,Patricia,Avila,Castillo,UPMOR,E,Mexicana,Dir 795
8384,Diana,Medina,Paredes,IPN,P,Mexicana,Dir 419
8385,Javier,Silva,Cordova,IPN,E,Mexicana,Dir 293
8386,Lucia,Gonzalez,Aguilar,UAEM,E,Mexicana,Dir 889
8387,Antonio,Herrera,Molina,UTEZ,E,Mexicana,Dir 685
8388,Martha,Reyes,Cervantes,UNAM,E,Mexicana,Dir 711
8389,Diego,Vargas,Ramos,UAEM,E,Mexicana,Dir 418
8390,Rafael,Paredes,Bautista,ITZ,E,Mexicana,Dir 616
8391,Lucia,Hernandez,Medina,ITZ,E,Mexicana,Dir 711
8392,Rafael,Rodriguez,Soto,IPN,P,Mexicana,Dir 278
8393,Francisco,Vega,Velazquez,UNAM,P,Mexicana,Dir 731
8394,Rafael,Lopez,Lara,ITZ,E,Mexicana,Dir 911
8395,Silvia,Garcia,Rios,UPMOR,P,Mexicana,Dir 671
8396,Pedro,Molina,Bautista,UPMOR,P,Mexicana,Dir 247
8397,Manuel,Delgado,Flores,IPN,E,Mexicana,Dir 515
8398,Ricardo,Sosa,Silva,UAEM,E,Mexicana,Dir 371
8399,Gerardo,Cordova,Delgado,UPMOR,P,Mexicana,Dir 391
8400,Teresa,Guzman,Salazar,IPN,E,Mexicana,Dir 106
8401,Valeria,Espinoza,Velazquez,ITZ,P,Mexicana,Dir 670
8402,Veronica,Medina,Aguilar,IPN,P,Mexicana,Dir 779
8403,Teresa,Cordova,Ruiz,UAEM,P,Mexicana,Dir 264
8404,Julio,Gomez,Ramirez,IPN,E,Mexicana,Dir 851
8405,Martha,Mendez,Diaz,UAEM,P,Mexicana,Dir 490
8406,Silvia,Sanchez,Ortiz,IPN,P,Mexicana,Dir 353
8407,Carlos,Guzman,Paredes,ITZ,P,Mexicana,Dir 928
8408,Jesus,Cruz,Herrera,UPMOR,P,Mexicana,Dir 513
8409,Victor,Gomez,Rodriguez,UPMOR,P,Mexicana,Dir 392
8410,Maria,Castillo,Romero,UNAM,E,Mexicana,Dir 241
8411,Hugo,Salazar,Lara,IPN,E,Mexicana,Dir 178
8412,Manuel,Navarro,Rodriguez,ITZ,E,Mexicana,Dir 889
8413,Rafael,Mendez,Molina,ITZ,E,Mexicana,Dir 527
8414,Adriana,Garcia,Castillo,UAEM,E,Mexicana,Dir 858
8415,Lucia,Castro,Romero,UPMOR,P,Mexicana,Dir 230
8416,Ruben,Gonzalez,Aguilar,UNAM,E,Mexicana,Dir 83
8417,Diana,Soto,Ortiz,ITZ,E,Mexicana,Dir 800
8418,Ruben,Mendoza,Lopez,IPN,P,Mexicana,Dir 553
8419,Veronica,Perez,Martinez,UPMOR,P,Mexicana,Dir 840
8420,Beatriz,Flores,Aguilar,UTEZ,P,Mexicana,Dir 57
8421,Rumualdo,Aguilar,Munoz,UTEZ,P,Mexicana,Dir 691
8422,Martha,Castillo,Escobar,ITZ,P,Mexicana,Dir 772
8423,Fernando,Cordova,Rios,IPN,P,Mexicana,Dir 976
8424,Eduardo,Bautista,Sosa,UNAM,P,Mexicana,Dir 582
8425,Oscar,Avila,Valencia,UPMOR,E,Mexicana,Dir 59
8426,Margarita,Gonzalez,Diaz,UTEZ,P,Mexicana,Dir 705
8427,Jesus,Lopez,Mendoza,UNAM,E,Mexicana,Dir 210
8428,Roberto,Bautista,Sosa,ITZ,P,Mexicana,Dir 309
8429,Martha,Reyes,Rodriguez,UTEZ,P,Mexicana,Dir 290
8430,Margarita,Silva,Morales,UAEM,P,Mexicana,Dir 548
8431,Jose,Soto,Munoz,UPMOR,E,Mexicana,Dir 751
8432,Jose,Romero,Ramos,UTEZ,E,Mexicana,Dir 843
8433,Elena,Silva,Lopez,UPMOR,E,Mexicana,Dir 590
8434,Alejandro,Navarro,Campos,UTEZ,E,Mexicana,Dir 532
8435,Antonio,Aguilar,Romero,UNAM,E,Mexicana,Dir 62
8436,Carlos,Sanchez,Lopez,UNAM,P,Mexicana,Dir 7
8437,Julio,Munoz,Martinez,IPN,P,Mexicana,Dir 591
8438,Silvia,Rodriguez,Rios,UAEM,P,Mexicana,Dir 571
8439,Patricia,Perez,Munoz,UNAM,P,Mexicana,Dir 73
8440,Rosa,Munoz,Maldonado,UAEM,E,Mexicana,Dir 760
8441,Roberto,Romero,Castillo,UPMOR,E,Mexicana,Dir 792
8442,Beatriz,Silva,Cortes,UTEZ,E,Mexicana,Dir 602
8443,Arturo,Mendoza,Lopez,UTEZ,P,Mexicana,Dir 415
8444,Daniela,Reyes,Mejia,IPN,E,Mexicana,Dir 292
8445,Luis,Mejia,Vega,UTEZ,E,Mexicana,Dir 375
8446,Jorge,Silva,Medina,UNAM,P,Mexicana,Dir 253
8447,Ruben,Hernandez,Valencia,UPMOR,P,Mexicana,Dir 859
8448,Jesus,Mendoza,Morales,UAEM,E,Mexicana,Dir 95
8449,Gael,Dominguez,Perez,IPN,P,Mexicana,Dir 329
8450,Luis,Cervantes,Velazquez,UNAM,P,Mexicana,Dir 922
8451,Eduardo,Salazar,Aguilar,UAEM,P,Mexicana,Dir 78
8452,Diego,Mendoza,Munoz,UAEM,E,Mexicana,Dir 683
8453,Diana,Diaz,Espinoza,IPN,E,Mexicana,Dir 419
8454,Silvia,Cordova,Campos,UAEM,P,Mexicana,Dir 795
8455,Martin,Rojas,Cervantes,UNAM,E,Mexicana,Dir 918
8456,Antonio,Morales,Romero,UPMOR,E,Mexicana,Dir 404
8457,Pedro,Valencia,Dominguez,UNAM,E,Mexicana,Dir 162
8458,Martha,Avila,Rojas,ITZ,P,Mexicana,Dir 73
8459,Jorge,Silva,Bautista,UPMOR,E,Mexicana,Dir 358
8460,Fernando,Cortes,Medina,UTEZ,P,Mexicana,Dir 930
8461,Oscar,Ruiz,Vega,UTEZ,P,Mexicana,Dir 486
8462,Ana,Ramos,Velazquez,IPN,P,Mexicana,Dir 734
8463,Jesus,Romero,Avila,ITZ,P,Mexicana,Dir 200
8464,Pedro,Mendoza,Gonzalez,IPN,P,Mexicana,Dir 417
8465,Veronica,Perez,Reyes,UNAM,E,Mexicana,Dir 729
8466,Hector,Sosa,Lopez,UAEM,P,Mexicana,Dir 249
8467,Sofia,Mejia,Diaz,IPN,P,Mexicana,Dir 73
8468,Silvia,Lara,Paredes,IPN,P,Mexicana,Dir 874
8469,Beatriz,Sosa,Garcia,UNAM,P,Mexicana,Dir 151
8470,Ruben,Velazquez,Gutierrez,UTEZ,P,Mexicana,Dir 735
8471,Daniela,Maldonado,Salazar,UPMOR,P,Mexicana,Dir 256
8472,Veronica,Chavez,Salazar,IPN,E,Mexicana,Dir 219
8473,Margarita,Hernandez,Diaz,UTEZ,P,Mexicana,Dir 597
8474,Martha,Aguilar,Castillo,UNAM,E,Mexicana,Dir 895
8475,Patricia,Lara,Velazquez,UPMOR,E,Mexicana,Dir 776
8476,Oscar,Salazar,Castillo,UTEZ,P,Mexicana,Dir 889
8477,Luis,Diaz,Rodriguez,UAEM,P,Mexicana,Dir 184
8478,Rumualdo,Mendez,Romero,UAEM,P,Mexicana,Dir 721
8479,Ana,Velazquez,Escobar,UPMOR,P,Mexicana,Dir 348
8480,Maria,Romero,Cruz,ITZ,E,Mexicana,Dir 869
8481,Fernando,Sosa,Diaz,UTEZ,E,Mexicana,Dir 171
8482,Antonio,Vega,Flores,UNAM,P,Mexicana,Dir 492
8483,Claudia,Cortes,Campos,UAEM,P,Mexicana,Dir 803
8484,Adriana,Lara,Lara,IPN,P,Mexicana,Dir 141
8485,Natalia,Vargas,Chavez,ITZ,P,Mexicana,Dir 579
8486,Beatriz,Garza,Mendoza,UNAM,E,Mexicana,Dir 902
8487,Diego,Gomez,Delgado,UNAM,P,Mexicana,Dir 302
8488,Fernando,Ramirez,Mejia,UAEM,P,Mexicana,Dir 979
8489,Ana,Campos,Castillo,UAEM,P,Mexicana,Dir 622
8490,Carmen,Lara,Chavez,UNAM,E,Mexicana,Dir 718
8491,Veronica,Gutierrez,Castro,IPN,P,Mexicana,Dir 281
8492,Arturo,Garza,Cortes,IPN,E,Mexicana,Dir 864
8493,Arturo,Velazquez,Munoz,IPN,P,Mexicana,Dir 367
8494,Silvia,Gonzalez,Escobar,UPMOR,E,Mexicana,Dir 796
8495,Adriana,Gutierrez,Espinoza,UTEZ,P,Mexicana,Dir 665
8496,Teresa,Sanchez,Morales,ITZ,P,Mexicana,Dir 4
8497,Paola,Gomez,Romero,ITZ,P,Mexicana,Dir 116
8498,Roberto,Cortes,Cordova,UAEM,E,Mexicana,Dir 188
8499,Natalia,Gutierrez,Valencia,ITZ,P,Mexicana,Dir 149
8500,Leticia,Cabrera,Martinez,UNAM,E,Mexicana,Dir 728
8501,Javier,Flores,Sosa,ITZ,P,Mexicana,Dir 348
8502,Fernando,Castillo,Cervantes,IPN,E,Mexicana,Dir 155
8503,Jesus,Valencia,Reyes,IPN,E,Mexicana,Dir 824
8504,Ana,Dominguez,Velazquez,UAEM,E,Mexicana,Dir 240
8505,Esteban,Gutierrez,Rodriguez,UPMOR,P,Mexicana,Dir 98
8506,Manuel,Navarro,Gonzalez,UPMOR,E,Mexicana,Dir 768
8507,Pedro,Avila,Espinoza,IPN,P,Mexicana,Dir 450
8508,Diego,Ortiz,Gutierrez,UTEZ,E,Mexicana,Dir 785
8509,Francisco,Garcia,Paredes,IPN,E,Mexicana,Dir 809
8510,Elena,Diaz,Castro,UTEZ,P,Mexicana,Dir 906
8511,Francisco,Avila,Herrera,IPN,P,Mexicana,Dir 674
8512,Alejandro,Perez,Avila,IPN,P,Mexicana,Dir 732
8513,Gabriela,Mejia,Sanchez,UAEM,E,Mexicana,Dir 470
8514,Margarita,Vargas,Avila,IPN,E,Mexicana,Dir 618
8515,Pedro,Delgado,Delgado,UPMOR,P,Mexicana,Dir 890
8516,Paola,Cervantes,Castillo,UNAM,E,Mexicana,Dir 804
8517,Lucia,Soto,Ramirez,UNAM,P,Mexicana,Dir 712
8518,Jesus,Hernandez,Valencia,IPN,E,Mexicana,Dir 465
8519,Ana,Espinoza,Espinoza,UPMOR,P,Mexicana,Dir 908
8520,Natalia,Munoz,Garza,UPMOR,E,Mexicana,Dir 114
8521,Ruben,Rojas,Rios,ITZ,E,Mexicana,Dir 196
8522,Paola,Cordova,Soto,UTEZ,P,Mexicana,Dir 709
8523,Carlos,Ramirez,Paredes,UNAM,E,Mexicana,Dir 412
8524,Gael,Cortes,Vargas,ITZ,P,Mexicana,Dir 345
8525,Gabriela,Silva,Romero,IPN,E,Mexicana,Dir 555
8526,Paola,Sosa,Cruz,UPMOR,E,Mexicana,Dir 902
8527,Leticia,Dominguez,Maldonado,UAEM,E,Mexicana,Dir 498
8528,Hugo,Maldonado,Flores,UAEM,P,Mexicana,Dir 822
8529,Lucia,Aguilar,Hernandez,UPMOR,E,Mexicana,Dir 710
8530,Rafael,Rios,Valencia,ITZ,E,Mexicana,Dir 231
8531,Jorge,Soto,Ruiz,UNAM,E,Mexicana,Dir 362
8532,Rosa,Sanchez,Ruiz,UPMOR,P,Mexicana,Dir 112
8533,Gerardo,Mejia,Sosa,ITZ,E,Mexicana,Dir 639
8534,Martin,Ruiz,Vargas,IPN,P,Mexicana,Dir 880
8535,Roberto,Ramos,Escobar,IPN,E,Mexicana,Dir 89
8536,Arturo,Gomez,Vega,ITZ,P,Mexicana,Dir 734
8537,Paola,Delgado,Guzman,ITZ,E,Mexicana,Dir 953
8538,Ana,Garza,Rodriguez,UTEZ,E,Mexicana,Dir 751
8539,Patricia,Gonzalez,Cabrera,UTEZ,E,Mexicana,Dir 377
8540,Julio,Espinoza,Campos,UPMOR,E,Mexicana,Dir 198
8541,Ricardo,Cervantes,Soto,ITZ,E,Mexicana,Dir 121
8542,Teresa,Navarro,Lara,IPN,E,Mexicana,Dir 554
8543,Diego,Soto,Espinoza,UNAM,P,Mexicana,Dir 330
8544,Pedro,Silva,Escobar,IPN,E,Mexicana,Dir 667
8545,Teresa,Silva,Dominguez,UPMOR,E,Mexicana,Dir 307
8546,Luis,Morales,Gonzalez,UPMOR,P,Mexicana,Dir 539
8547,Rafael,Gomez,Gutierrez,UTEZ,E,Mexicana,Dir 694
8548,Martha,Paredes,Salazar,UTEZ,P,Mexicana,Dir 449
8549,Beatriz,Avila,Velazquez,ITZ,E,Mexicana,Dir 413
8550,Oscar,Dominguez,Medina,UTEZ,P,Mexicana,Dir 896
8551,Valeria,Rios,Silva,UNAM,P,Mexicana,Dir 760
8552,Carlos,Martinez,Sanchez,UNAM,P,Mexicana,Dir 904
8553,Pedro,Gutierrez,Garza,UNAM,E,Mexicana,Dir 806
8554,Roberto,Salazar,Morales,UTEZ,E,Mexicana,Dir 296
8555,Julio,Sosa,Perez,UNAM,P,Mexicana,Dir 974
8556,Maria,Ruiz,Cervantes,ITZ,P,Mexicana,Dir 549
8557,Sofia,Castillo,Salazar,UTEZ,E,Mexicana,Dir 822
8558,Laura,Delgado,Rodriguez,UPMOR,E,Mexicana,Dir 543
8559,Valeria,Flores,Ortiz,UPMOR,E,Mexicana,Dir 421
8560,Eduardo,Garcia,Sosa,UTEZ,P,Mexicana,Dir 511
8561,Laura,Diaz,Ortiz,UPMOR,E,Mexicana,Dir 856
8562,Rafael,Medina,Ramos,IPN,P,Mexicana,Dir 596
8563,Silvia,Martinez,Ramos,UAEM,P,Mexicana,Dir 904
8564,Veronica,Cordova,Campos,UAEM,E,Mexicana,Dir 727
8565,Monica,Vargas,Perez,UTEZ,P,Mexicana,Dir 986
8566,Elena,Ruiz,Castillo,UNAM,E,Mexicana,Dir 80
8567,Ana,Escobar,Morales,ITZ,E,Mexicana,Dir 292
8568,Andrea,Rojas,Reyes,UTEZ,E,Mexicana,Dir 606
8569,Gerardo,Maldonado,Cruz,ITZ,P,Mexicana,Dir 374
8570,Lucia,Castillo,Diaz,IPN,P,Mexicana,Dir 304
8571,Fernando,Flores,Herrera,UPMOR,P,Mexicana,Dir 764
8572,Antonio,Castillo,Gutierrez,ITZ,P,Mexicana,Dir 664
8573,Hector,Diaz,Mendoza,UTEZ,E,Mexicana,Dir 366
8574,Martin,Guzman,Rodriguez,UPMOR,P,Mexicana,Dir 616
8575,Carmen,Maldonado,Vargas,UNAM,P,Mexicana,Dir 593
8576,Leticia,Garza,Castillo,UNAM,E,Mexicana,Dir 618
8577,Javier,Bautista,Garza,ITZ,E,Mexicana,Dir 608
8578,Patricia,Cruz,Cruz,UNAM,P,Mexicana,Dir 259
8579,Miguel,Avila,Rios,UAEM,E,Mexicana,Dir 483
8580,Jorge,Sosa,Campos,UNAM,E,Mexicana,Dir 460
8581,Oscar,Gutierrez,Cruz,ITZ,P,Mexicana,Dir 60
8582,Daniela,Salazar,Cortes,UTEZ,P,Mexicana,Dir 868
8583,Elena,Castillo,Velazquez,UTEZ,E,Mexicana,Dir 309
8584,Pedro,Silva,Ramos,IPN,P,Mexicana,Dir 88
8585,Paola,Gomez,Aguilar,UTEZ,P,Mexicana,Dir 369
8586,Victor,Silva,Gonzalez,UAEM,P,Mexicana,Dir 601
8587,Alejandro,Hernandez,Morales,ITZ,P,Mexicana,Dir 99
8588,Julio,Ortiz,Rios,UNAM,E,Mexicana,Dir 568
8589,Maria,Espinoza,Ramos,UNAM,E,Mexicana,Dir 206
8590,Hector,Chavez,Hernandez,UPMOR,P,Mexicana,Dir 87
8591,Rosa,Cortes,Sanchez,UPMOR,P,Mexicana,Dir 62
8592,Hector,Flores,Martinez,ITZ,P,Mexicana,Dir 853
8593,Lucia,Paredes,Cabrera,IPN,E,Mexicana,Dir 717
8594,Victor,Silva,Campos,IPN,P,Mexicana,Dir 840
8595,Raul,Silva,Escobar,IPN,E,Mexicana,Dir 73
8596,Leticia,Rios,Avila,UTEZ,E,Mexicana,Dir 291
8597,Raul,Flores,Velazquez,UAEM,E,Mexicana,Dir 735
8598,Ana,Paredes,Cruz,ITZ,P,Mexicana,Dir 382
8599,Antonio,Silva,Soto,UNAM,P,Mexicana,Dir 183
8600,Adriana,Cabrera,Valencia,UPMOR,E,Mexicana,Dir 772
8601,Hector,Gomez,Cruz,UPMOR,E,Mexicana,Dir 712
8602,Martha,Delgado,Sosa,IPN,E,Mexicana,Dir 396
8603,Miguel,Hernandez,Ortiz,ITZ,P,Mexicana,Dir 245
8604,Sofia,Perez,Chavez,UNAM,E,Mexicana,Dir 825
8605,Miguel,Escobar,Cortes,UPMOR,E,Mexicana,Dir 873
8606,Adriana,Medina,Martinez,UPMOR,E,Mexicana,Dir 601
8607,Maria,Ramos,Valencia,IPN,P,Mexicana,Dir 97
8608,Susana,Sanchez,Cervantes,IPN,E,Mexicana,Dir 195
8609,Manuel,Avila,Medina,UPMOR,P,Mexicana,Dir 233
8610,Antonio,Lopez,Ruiz,UTEZ,P,Mexicana,Dir 803
8611,Ana,Ramirez,Gonzalez,ITZ,E,Mexicana,Dir 1
8612,Hector,Guzman,Ramirez,UTEZ,P,Mexicana,Dir 396
8613,Gerardo,Molina,Perez,UTEZ,E,Mexicana,Dir 842
8614,Beatriz,Gutierrez,Aguilar,ITZ,P,Mexicana,Dir 891
8615,Susana,Garza,Silva,UTEZ,E,Mexicana,Dir 254
8616,Monica,Ortiz,Ruiz,UNAM,E,Mexicana,Dir 884
8617,Jorge,Gomez,Valencia,UPMOR,E,Mexicana,Dir 381
8618,Andrea,Romero,Ruiz,ITZ,P,Mexicana,Dir 765
8619,Adriana,Gonzalez,Garcia,UAEM,P,Mexicana,Dir 401
8620,Beatriz,Velazquez,Martinez,UTEZ,P,Mexicana,Dir 649
8621,Claudia,Rios,Garza,IPN,P,Mexicana,Dir 594
8622,Carolina,Ruiz,Morales,UTEZ,E,Mexicana,Dir 211
8623,Martin,Garza,Reyes,IPN,P,Mexicana,Dir 548
8624,Sofia,Escobar,Paredes,ITZ,E,Mexicana,Dir 748
8625,Martha,Delgado,Aguilar,ITZ,P,Mexicana,Dir 568
8626,Antonio,Lopez,Perez,UPMOR,E,Mexicana,Dir 604
8627,Adriana,Navarro,Vargas,UTEZ,E,Mexicana,Dir 238
8628,Raul,Castro,Garza,UAEM,E,Mexicana,Dir 986
8629,Ana,Ramirez,Soto,IPN,P,Mexicana,Dir 234
8630,Margarita,Silva,Martinez,UTEZ,P,Mexicana,Dir 820
8631,Ana,Soto,Gonzalez,IPN,E,Mexicana,Dir 389
8632,Jesus,Mejia,Garza,IPN,P,Mexicana,Dir 413
8633,Adriana,Molina,Perez,UPMOR,E,Mexicana,Dir 522
8634,Patricia,Garcia,Rojas,UAEM,P,Mexicana,Dir 713
8635,Daniela,Silva,Sanchez,UTEZ,P,Mexicana,Dir 214
8636,Veronica,Rios,Delgado,UPMOR,P,Mexicana,Dir 589
8637,Valeria,Hernandez,Diaz,UAEM,P,Mexicana,Dir 706
8638,Paola,Molina,Martinez,IPN,P,Mexicana,Dir 698
8639,Silvia,Escobar,Chavez,UPMOR,E,Mexicana,Dir 940
8640,Teresa,Perez,Morales,UPMOR,P,Mexicana,Dir 280
8641,Gabriela,Delgado,Garza,ITZ,P,Mexicana,Dir 645
8642,Javier,Gomez,Aguilar,IPN,E,Mexicana,Dir 131
8643,Carlos,Silva,Mejia,ITZ,P,Mexicana,Dir 170
8644,Martin,Lara,Mendoza,UPMOR,E,Mexicana,Dir 600
8645,Eduardo,Campos,Vega,UPMOR,E,Mexicana,Dir 778
8646,Hector,Cordova,Ortiz,UAEM,E,Mexicana,Dir 737
8647,Rumualdo,Lopez,Flores,ITZ,P,Mexicana,Dir 207
8648,Oscar,Cruz,Rios,UTEZ,E,Mexicana,Dir 854
8649,Lucia,Ruiz,Cervantes,IPN,E,Mexicana,Dir 207
8650,Adriana,Hernandez,Ramirez,UTEZ,E,Mexicana,Dir 770
8651,Ricardo,Maldonado,Hernandez,UAEM,E,Mexicana,Dir 564
8652,Margarita,Morales,Garza,UPMOR,P,Mexicana,Dir 251
8653,Pedro,Morales,Vega,UAEM,P,Mexicana,Dir 785
8654,Victor,Cabrera,Navarro,IPN,E,Mexicana,Dir 598
8655,Javier,Sosa,Chavez,UAEM,P,Mexicana,Dir 900
8656,Jorge,Paredes,Espinoza,IPN,E,Mexicana,Dir 658
8657,Ana,Ramirez,Dominguez,UNAM,E,Mexicana,Dir 694
8658,Julio,Aguilar,Navarro,IPN,P,Mexicana,Dir 740
8659,Carmen,Cruz,Cervantes,UPMOR,E,Mexicana,Dir 847
8660,Andrea,Gomez,Escobar,UAEM,E,Mexicana,Dir 267
8661,Hugo,Velazquez,Sosa,ITZ,P,Mexicana,Dir 60
8662,Carmen,Gomez,Gutierrez,IPN,E,Mexicana,Dir 598
8663,Elena,Rios,Medina,IPN,E,Mexicana,Dir 56
8664,Daniela,Avila,Maldonado,UTEZ,E,Mexicana,Dir 569
8665,Sofia,Cervantes,Mendez,ITZ,E,Mexicana,Dir 181
8666,Teresa,Ramos,Cabrera,UPMOR,P,Mexicana,Dir 573
8667,Paola,Mejia,Navarro,IPN,P,Mexicana,Dir 417
8668,Veronica,Herrera,Cabrera,UTEZ,E,Mexicana,Dir 308
8669,Andrea,Aguilar,Rios,UTEZ,E,Mexicana,Dir 637
8670,Susana,Lopez,Chavez,UAEM,P,Mexicana,Dir 382
8671,Beatriz,Ruiz,Navarro,UNAM,E,Mexicana,Dir 6
8672,Ana,Paredes,Mendoza,UTEZ,P,Mexicana,Dir 462
8673,Rafael,Valencia,Martinez,UAEM,P,Mexicana,Dir 791
8674,Jose,Cortes,Campos,ITZ,P,Mexicana,Dir 171
8675,Elena,Gutierrez,Guzman,UPMOR,E,Mexicana,Dir 479
8676,Rumualdo,Vargas,Guzman,UPMOR,E,Mexicana,Dir 261
8677,Ruben,Cruz,Maldonado,UTEZ,P,Mexicana,Dir 793
8678,Martha,Cabrera,Cervantes,ITZ,P,Mexicana,Dir 464
8679,Ricardo,Velazquez,Reyes,ITZ,P,Mexicana,Dir 960
8680,Gael,Ortiz,Martinez,UAEM,E,Mexicana,Dir 242
8681,Martha,Castillo,Romero,UAEM,P,Mexicana,Dir 78
8682,Roberto,Perez,Cordova,ITZ,E,Mexicana,Dir 673
8683,Gael,Cabrera,Herrera,UNAM,P,Mexicana,Dir 882
8684,Laura,Velazquez,Diaz,UNAM,E,Mexicana,Dir 462
8685,Rafael,Rodriguez,Rodriguez,UTEZ,P,Mexicana,Dir 118
8686,Natalia,Molina,Vargas,ITZ,P,Mexicana,Dir 179
8687,Miguel,Bautista,Romero,UTEZ,E,Mexicana,Dir 841
8688,Carmen,Vega,Lopez,UPMOR,E,Mexicana,Dir 994
8689,Pedro,Cruz,Silva,IPN,E,Mexicana,Dir 666
8690,Laura,Castro,Perez,UTEZ,P,Mexicana,Dir 212
8691,Paola,Sosa,Chavez,UAEM,E,Mexicana,Dir 603
8692,Carolina,Castillo,Velazquez,UTEZ,E,Mexicana,Dir 813
8693,Carolina,Reyes,Vargas,UAEM,E,Mexicana,Dir 158
8694,Rosa,Delgado,Garcia,UTEZ,P,Mexicana,Dir 551
8695,Rumualdo,Vega,Velazquez,UAEM,P,Mexicana,Dir 425
8696,Fernando,Herrera,Rojas,UPMOR,P,Mexicana,Dir 708
8697,Veronica,Romero,Castillo,UNAM,P,Mexicana,Dir 25
8698,Luis,Dominguez,Sanchez,UNAM,E,Mexicana,Dir 784
8699,Jose,Munoz,Ramos,UTEZ,P,Mexicana,Dir 391
8700,Antonio,Guzman,Flores,UPMOR,E,Mexicana,Dir 131
8701,Diego,Bautista,Silva,IPN,P,Mexicana,Dir 470
8702,Martin,Sosa,Cordova,UPMOR,E,Mexicana,Dir 387
8703,Diego,Dominguez,Cordova,UTEZ,P,Mexicana,Dir 380
8704,Carmen,Castro,Paredes,UNAM,E,Mexicana,Dir 679
8705,Carolina,Avila,Flores,IPN,P,Mexicana,Dir 608
8706,Javier,Rodriguez,Guzman,UTEZ,P,Mexicana,Dir 156
8707,Gabriela,Cabrera,Cordova,UNAM,E,Mexicana,Dir 114
8708,Alejandro,Velazquez,Soto,ITZ,P,Mexicana,Dir 343
8709,Diego,Reyes,Herrera,IPN,P,Mexicana,Dir 238
8710,Eduardo,Maldonado,Gonzalez,IPN,E,Mexicana,Dir 106
8711,Gerardo,Delgado,Dominguez,UTEZ,E,Mexicana,Dir 695
8712,Miguel,Espinoza,Guzman,ITZ,E,Mexicana,Dir 759
8713,Antonio,Diaz,Munoz,UNAM,E,Mexicana,Dir 237
8714,Javier,Escobar,Espinoza,UNAM,E,Mexicana,Dir 429
8715,Jesus,Vega,Garza,UAEM,E,Mexicana,Dir 126
8716,Javier,Soto,Lopez,UTEZ,P,Mexicana,Dir 134
8717,Diana,Escobar,Valencia,UAEM,P,Mexicana,Dir 366
8718,Hugo,Sanchez,Flores,UNAM,E,Mexicana,Dir 490
8719,Pedro,Martinez,Castillo,IPN,E,Mexicana,Dir 298
8720,Antonio,Gutierrez,Dominguez,UNAM,P,Mexicana,Dir 791
8721,Susana,Diaz,Ortiz,ITZ,P,Mexicana,Dir 354
8722,Ricardo,Molina,Garcia,ITZ,E,Mexicana,Dir 200
8723,Jesus,Gonzalez,Paredes,UAEM,P,Mexicana,Dir 94
8724,Ricardo,Escobar,Rodriguez,UPMOR,P,Mexicana,Dir 830
8725,Antonio,Cruz,Mendez,UTEZ,P,Mexicana,Dir 226
8726,Martin,Mendez,Gutierrez,UTEZ,E,Mexicana,Dir 369
8727,Sofia,Lara,Espinoza,UPMOR,E,Mexicana,Dir 676
8728,Hugo,Castillo,Gomez,UNAM,P,Mexicana,Dir 754
8729,Alejandro,Hernandez,Velazquez,ITZ,E,Mexicana,Dir 460
8730,Arturo,Medina,Campos,UPMOR,P,Mexicana,Dir 461
8731,Antonio,Ramirez,Vega,UNAM,P,Mexicana,Dir 417
8732,Silvia,Herrera,Valencia,UTEZ,E,Mexicana,Dir 695
8733,Manuel,Ruiz,Garcia,UAEM,P,Mexicana,Dir 650
8734,Oscar,Molina,Sosa,IPN,P,Mexicana,Dir 4
8735,Diego,Maldonado,Castillo,UNAM,E,Mexicana,Dir 389
8736,Oscar,Rojas,Medina,UAEM,E,Mexicana,Dir 583
8737,Fernando,Castillo,Sosa,UAEM,P,Mexicana,Dir 333
8738,Luis,Castro,Cruz,UAEM,P,Mexicana,Dir 965
8739,Daniela,Ramirez,Medina,IPN,E,Mexicana,Dir 996
8740,Francisco,Hernandez,Sosa,UPMOR,E,Mexicana,Dir 127
8741,Jesus,Molina,Vega,UAEM,E,Mexicana,Dir 190
8742,Leticia,Mendez,Bautista,IPN,E,Mexicana,Dir 249
8743,Gerardo,Cervantes,Martinez,UNAM,P,Mexicana,Dir 598
8744,Luis,Cervantes,Reyes,ITZ,E,Mexicana,Dir 4
8745,Jorge,Rios,Romero,UTEZ,P,Mexicana,Dir 848
8746,Alejandro,Chavez,Vega,UPMOR,P,Mexicana,Dir 768
8747,Andrea,Medina,Velazquez,UTEZ,P,Mexicana,Dir 504
8748,Eduardo,Munoz,Reyes,ITZ,E,Mexicana,Dir 181
8749,Gael,Chavez,Romero,UTEZ,E,Mexicana,Dir 808
8750,Diego,Lopez,Castro,ITZ,P,Mexicana,Dir 853
8751,Beatriz,Ruiz,Bautista,ITZ,P,Mexicana,Dir 686
8752,Julio,Paredes,Avila,UAEM,E,Mexicana,Dir 988
8753,Claudia,Paredes,Castro,UPMOR,E,Mexicana,Dir 943
8754,Carlos,Sanchez,Vega,UPMOR,P,Mexicana,Dir 599
8755,Lucia,Cruz,Castillo,UAEM,P,Mexicana,Dir 132
8756,Ruben,Ramirez,Silva,ITZ,E,Mexicana,Dir 355
8757,Jorge,Diaz,Dominguez,UAEM,P,Mexicana,Dir 793
8758,Paola,Rojas,Diaz,UPMOR,P,Mexicana,Dir 815
8759,Francisco,Escobar,Avila,IPN,P,Mexicana,Dir 911
8760,Beatriz,Dominguez,Gutierrez,UPMOR,E,Mexicana,Dir 483
8761,Luis,Ramirez,Dominguez,IPN,E,Mexicana,Dir 931
8762,Andrea,Sosa,Cordova,UNAM,E,Mexicana,Dir 854
8763,Eduardo,Guzman,Paredes,UPMOR,P,Mexicana,Dir 450
8764,Paola,Martinez,Castillo,UAEM,P,Mexicana,Dir 674
8765,Maria,Chavez,Salazar,UPMOR,P,Mexicana,Dir 102
8766,Julio,Velazquez,Paredes,UAEM,P,Mexicana,Dir 816
8767,Oscar,Chavez,Mendoza,UAEM,E,Mexicana,Dir 140
8768,Sofia,Morales,Morales,UTEZ,E,Mexicana,Dir 322
8769,Gael,Aguilar,Mejia,ITZ,E,Mexicana,Dir 102
8770,Susana,Escobar,Ramirez,UTEZ,P,Mexicana,Dir 269
8771,Lorena,Herrera,Mendez,UNAM,P,Mexicana,Dir 95
8772,Diego,Navarro,Campos,UAEM,P,Mexicana,Dir 781
8773,Hector,Mejia,Rodriguez,UTEZ,E,Mexicana,Dir 190
8774,Laura,Castillo,Valencia,ITZ,E,Mexicana,Dir 6
8775,Veronica,Cordova,Navarro,IPN,P,Mexicana,Dir 165
8776,Hector,Cortes,Romero,UTEZ,P,Mexicana,Dir 364
8777,Maria,Soto,Sosa,UTEZ,P,Mexicana,Dir 955
8778,Natalia,Guzman,Romero,UPMOR,E,Mexicana,Dir 683
8779,Paola,Lara,Salazar,IPN,E,Mexicana,Dir 694
8780,Diego,Ruiz,Cruz,UPMOR,E,Mexicana,Dir 668
8781,Hugo,Paredes,Rios,UNAM,P,Mexicana,Dir 865
8782,Rosa,Ortiz,Campos,UTEZ,E,Mexicana,Dir 246
8783,Julio,Castro,Ruiz,UPMOR,E,Mexicana,Dir 918
8784,Elena,Romero,Rojas,UTEZ,E,Mexicana,Dir 562
8785,Alejandro,Flores,Rodriguez,UPMOR,E,Mexicana,Dir 455
8786,Carmen,Castro,Silva,UNAM,E,Mexicana,Dir 501
8787,Rosa,Soto,Cervantes,IPN,E,Mexicana,Dir 541
8788,Roberto,Delgado,Morales,UNAM,E,Mexicana,Dir 850
8789,Veronica,Paredes,Martinez,IPN,P,Mexicana,Dir 12
8790,Silvia,Castillo,Ramirez,ITZ,E,Mexicana,Dir 318
8791,Claudia,Munoz,Soto,UAEM,P,Mexicana,Dir 17
8792,Daniela,Vargas,Paredes,UPMOR,E,Mexicana,Dir 713
8793,Hector,Herrera,Perez,UPMOR,E,Mexicana,Dir 983
8794,Victor,Mendez,Morales,ITZ,E,Mexicana,Dir 171
8795,Paola,Perez,Valencia,UTEZ,E,Mexicana,Dir 90
8796,Adriana,Vega,Mejia,UPMOR,E,Mexicana,Dir 819
8797,Raul,Valencia,Vega,UTEZ,P,Mexicana,Dir 752
8798,Jose,Paredes,Mendez,UPMOR,P,Mexicana,Dir 53
8799,Roberto,Lopez,Herrera,IPN,E,Mexicana,Dir 914
8800,Ana,Ramirez,Medina,UAEM,P,Mexicana,Dir 970
8801,Maria,Castillo,Rodriguez,IPN,P,Mexicana,Dir 479
8802,Luis,Soto,Sosa,ITZ,P,Mexicana,Dir 645
8803,Gabriela,Navarro,Escobar,UNAM,P,Mexicana,Dir 790
8804,Gerardo,Salazar,Cortes,UPMOR,E,Mexicana,Dir 858
8805,Elena,Salazar,Garcia,IPN,E,Mexicana,Dir 35
8806,Diego,Valencia,Lopez,IPN,P,Mexicana,Dir 215
8807,Ana,Romero,Sosa,UNAM,P,Mexicana,Dir 917
8808,Monica,Vargas,Campos,UNAM,P,Mexicana,Dir 404
8809,Martha,Campos,Perez,IPN,E,Mexicana,Dir 39
8810,Rumualdo,Sanchez,Flores,UNAM,E,Mexicana,Dir 869
8811,Manuel,Dominguez,Bautista,UPMOR,P,Mexicana,Dir 323
8812,Miguel,Rojas,Morales,IPN,E,Mexicana,Dir 887
8813,Elena,Rojas,Morales,UNAM,P,Mexicana,Dir 711
8814,Eduardo,Cabrera,Maldonado,IPN,P,Mexicana,Dir 420
8815,Miguel,Gonzalez,Castillo,IPN,E,Mexicana,Dir 10
8816,Julio,Paredes,Ortiz,UTEZ,P,Mexicana,Dir 387
8817,Carolina,Romero,Espinoza,IPN,E,Mexicana,Dir 815
8818,Pedro,Espinoza,Lopez,UNAM,P,Mexicana,Dir 151
8819,Raul,Rodriguez,Herrera,ITZ,P,Mexicana,Dir 475
8820,Leticia,Mendez,Cordova,UAEM,P,Mexicana,Dir 821
8821,Carlos,Medina,Sosa,IPN,E,Mexicana,Dir 653
8822,Margarita,Campos,Sanchez,UPMOR,E,Mexicana,Dir 459
8823,Roberto,Cabrera,Castro,IPN,P,Mexicana,Dir 317
8824,Carmen,Cruz,Paredes,ITZ,P,Mexicana,Dir 886
8825,Ruben,Flores,Aguilar,UNAM,P,Mexicana,Dir 429
8826,Manuel,Avila,Lopez,UNAM,E,Mexicana,Dir 90
8827,Victor,Cortes,Mendez,IPN,P,Mexicana,Dir 212
8828,Jose,Perez,Aguilar,UPMOR,E,Mexicana,Dir 754
8829,Martha,Vargas,Velazquez,IPN,P,Mexicana,Dir 697
8830,Gael,Ortiz,Salazar,UNAM,E,Mexicana,Dir 552
8831,Luis,Garcia,Lara,IPN,E,Mexicana,Dir 851
8832,Pedro,Mendoza,Medina,IPN,E,Mexicana,Dir 894
8833,Maria,Perez,Velazquez,IPN,P,Mexicana,Dir 884
8834,Jose,Lopez,Martinez,UNAM,E,Mexicana,Dir 297
8835,Rafael,Ramirez,Mendoza,UNAM,P,Mexicana,Dir 347
8836,Sofia,Dominguez,Espinoza,ITZ,E,Mexicana,Dir 992
8837,Patricia,Valencia,Hernandez,IPN,P,Mexicana,Dir 939
8838,Lorena,Garcia,Rodriguez,UNAM,E,Mexicana,Dir 536
8839,Teresa,Garcia,Morales,UPMOR,P,Mexicana,Dir 300
8840,Diana,Lopez,Vega,UPMOR,P,Mexicana,Dir 668
8841,Maria,Maldonado,Castillo,UPMOR,E,Mexicana,Dir 571
8842,Martha,Guzman,Castillo,UNAM,E,Mexicana,Dir 123
8843,Sofia,Cortes,Delgado,UNAM,P,Mexicana,Dir 280
8844,Carolina,Ortiz,Cortes,UPMOR,P,Mexicana,Dir 958
8845,Martha,Flores,Guzman,UAEM,P,Mexicana,Dir 603
8846,Elena,Avila,Mendez,UNAM,P,Mexicana,Dir 557
8847,Roberto,Paredes,Rojas,UAEM,E,Mexicana,Dir 506
8848,Teresa,Cortes,Gonzalez,UAEM,E,Mexicana,Dir 128
8849,Carolina,Flores,Rodriguez,UTEZ,E,Mexicana,Dir 529
8850,Luis,Cervantes,Morales,ITZ,E,Mexicana,Dir 419
8851,Oscar,Cruz,Mejia,UPMOR,E,Mexicana,Dir 386
8852,Diana,Hernandez,Ramirez,UAEM,P,Mexicana,Dir 243
8853,Claudia,Velazquez,Gonzalez,IPN,E,Mexicana,Dir 876
8854,Rosa,Rodriguez,Romero,IPN,P,Mexicana,Dir 890
8855,Lorena,Cordova,Campos,IPN,E,Mexicana,Dir 242
8856,Daniela,Dominguez,Velazquez,UAEM,P,Mexicana,Dir 288
8857,Lucia,Hernandez,Gomez,UPMOR,P,Mexicana,Dir 18
8858,Laura,Garcia,Dominguez,UTEZ,P,Mexicana,Dir 473
8859,Gael,Cortes,Gomez,UPMOR,P,Mexicana,Dir 378
8860,Martin,Dominguez,Avila,IPN,P,Mexicana,Dir 942
8861,Susana,Gomez,Morales,UPMOR,P,Mexicana,Dir 424
8862,Martha,Escobar,Flores,ITZ,P,Mexicana,Dir 232
8863,Beatriz,Paredes,Sosa,UTEZ,E,Mexicana,Dir 381
8864,Eduardo,Vega,Rios,UAEM,P,Mexicana,Dir 406
8865,Margarita,Avila,Avila,UTEZ,P,Mexicana,Dir 570
8866,Lucia,Morales,Silva,UNAM,E,Mexicana,Dir 258
8867,Roberto,Gomez,Paredes,UTEZ,P,Mexicana,Dir 441
8868,Martha,Dominguez,Lopez,UPMOR,P,Mexicana,Dir 98
8869,Margarita,Cabrera,Espinoza,ITZ,P,Mexicana,Dir 350
8870,Esteban,Morales,Ramirez,IPN,P,Mexicana,Dir 346
8871,Adriana,Campos,Morales,IPN,E,Mexicana,Dir 217
8872,Ana,Mejia,Cortes,UAEM,P,Mexicana,Dir 239
8873,Margarita,Diaz,Velazquez,ITZ,E,Mexicana,Dir 358
8874,Carlos,Perez,Chavez,UNAM,P,Mexicana,Dir 587
8875,Alejandro,Cabrera,Molina,UPMOR,P,Mexicana,Dir 328
8876,Gerardo,Ramos,Espinoza,UAEM,P,Mexicana,Dir 461
8877,Ricardo,Reyes,Navarro,IPN,E,Mexicana,Dir 498
8878,Jorge,Rodriguez,Hernandez,UTEZ,E,Mexicana,Dir 15
8879,Diego,Escobar,Vega,ITZ,E,Mexicana,Dir 352
8880,Daniela,Rojas,Gomez,ITZ,P,Mexicana,Dir 90
8881,Paola,Paredes,Mendez,UPMOR,E,Mexicana,Dir 648
8882,Victor,Maldonado,Rojas,UTEZ,E,Mexicana,Dir 242
8883,Julio,Sosa,Bautista,UNAM,P,Mexicana,Dir 567
8884,Susana,Campos,Perez,UPMOR,P,Mexicana,Dir 327
8885,Diana,Cervantes,Diaz,UTEZ,E,Mexicana,Dir 492
8886,Luis,Ortiz,Lara,UAEM,E,Mexicana,Dir 580
8887,Jose,Medina,Salazar,ITZ,P,Mexicana,Dir 129
8888,Esteban,Avila,Vega,UAEM,E,Mexicana,Dir 317
8889,Carlos,Soto,Rios,ITZ,E,Mexicana,Dir 867
8890,Julio,Romero,Gutierrez,IPN,E,Mexicana,Dir 164
8891,Antonio,Navarro,Diaz,UTEZ,P,Mexicana,Dir 898
8892,Paola,Soto,Paredes,IPN,P,Mexicana,Dir 133
8893,Manuel,Velazquez,Rodriguez,UAEM,E,Mexicana,Dir 595
8894,Manuel,Ruiz,Gonzalez,IPN,P,Mexicana,Dir 282
8895,Fernando,Mendez,Avila,IPN,E,Mexicana,Dir 427
8896,Javier,Soto,Escobar,UPMOR,E,Mexicana,Dir 28
8897,Adriana,Ruiz,Molina,UTEZ,P,Mexicana,Dir 697
8898,Daniela,Silva,Navarro,UTEZ,P,Mexicana,Dir 825
8899,Jose,Silva,Vega,UAEM,P,Mexicana,Dir 789
8900,Ricardo,Avila,Vega,UPMOR,E,Mexicana,Dir 198
8901,Valeria,Rojas,Sanchez,ITZ,E,Mexicana,Dir 867
8902,Gerardo,Campos,Lara,UNAM,E,Mexicana,Dir 864
8903,Raul,Ramirez,Cruz,IPN,P,Mexicana,Dir 441
8904,Oscar,Castro,Chavez,UPMOR,P,Mexicana,Dir 765
8905,Jose,Gutierrez,Garza,UNAM,P,Mexicana,Dir 732
8906,Margarita,Silva,Cortes,UPMOR,E,Mexicana,Dir 590
8907,Sofia,Aguilar,Diaz,UTEZ,P,Mexicana,Dir 369
8908,Hector,Hernandez,Salazar,UNAM,P,Mexicana,Dir 726
8909,Manuel,Perez,Mendoza,ITZ,P,Mexicana,Dir 628
8910,Carlos,Reyes,Aguilar,UPMOR,E,Mexicana,Dir 669
8911,Daniela,Garza,Sanchez,UNAM,P,Mexicana,Dir 117
8912,Silvia,Vargas,Bautista,ITZ,E,Mexicana,Dir 940
8913,Leticia,Ortiz,Espinoza,IPN,E,Mexicana,Dir 517
8914,Raul,Gomez,Avila,UAEM,P,Mexicana,Dir 865
8915,Laura,Gomez,Munoz,UTEZ,E,Mexicana,Dir 681
8916,Ricardo,Flores,Hernandez,UAEM,E,Mexicana,Dir 367
8917,Veronica,Herrera,Gonzalez,IPN,P,Mexicana,Dir 986
8918,Jesus,Paredes,Mejia,ITZ,E,Mexicana,Dir 117
8919,Luis,Avila,Escobar,UAEM,P,Mexicana,Dir 890
8920,Claudia,Soto,Paredes,UNAM,P,Mexicana,Dir 613
8921,Adriana,Gonzalez,Delgado,UNAM,E,Mexicana,Dir 371
8922,Raul,Garza,Garcia,UAEM,P,Mexicana,Dir 130
8923,Rosa,Hernandez,Munoz,IPN,E,Mexicana,Dir 119
8924,Victor,Gomez,Mendoza,UNAM,P,Mexicana,Dir 849
8925,Lorena,Campos,Maldonado,ITZ,E,Mexicana,Dir 206
8926,Hugo,Maldonado,Ruiz,UAEM,E,Mexicana,Dir 386
8927,Ricardo,Diaz,Rojas,UTEZ,E,Mexicana,Dir 139
8928,Hugo,Mendez,Guzman,UNAM,P,Mexicana,Dir 322
8929,Monica,Sosa,Velazquez,UTEZ,P,Mexicana,Dir 388
8930,Carmen,Rojas,Munoz,UNAM,P,Mexicana,Dir 424
8931,Francisco,Herrera,Flores,IPN,P,Mexicana,Dir 102
8932,Diego,Bautista,Munoz,UTEZ,P,Mexicana,Dir 839
8933,Fernando,Ramirez,Navarro,UNAM,E,Mexicana,Dir 614
8934,Martin,Rojas,Mendoza,UPMOR,E,Mexicana,Dir 810
8935,Antonio,Molina,Cabrera,ITZ,E,Mexicana,Dir 444
8936,Monica,Cruz,Silva,ITZ,P,Mexicana,Dir 40
8937,Jesus,Garcia,Silva,UNAM,P,Mexicana,Dir 784
8938,Diana,Cortes,Martinez,UTEZ,P,Mexicana,Dir 133
8939,Diana,Chavez,Gomez,UAEM,P,Mexicana,Dir 868
8940,Rafael,Diaz,Castro,UAEM,E,Mexicana,Dir 420
8941,Sofia,Salazar,Campos,UAEM,P,Mexicana,Dir 548
8942,Susana,Paredes,Guzman,UPMOR,P,Mexicana,Dir 143
8943,Diana,Silva,Espinoza,UAEM,E,Mexicana,Dir 134
8944,Manuel,Castro,Perez,IPN,E,Mexicana,Dir 248
8945,Ruben,Cortes,Cruz,UNAM,E,Mexicana,Dir 401
8946,Javier,Salazar,Cordova,ITZ,E,Mexicana,Dir 937
8947,Sofia,Chavez,Lopez,IPN,E,Mexicana,Dir 813
8948,Margarita,Velazquez,Vargas,UAEM,E,Mexicana,Dir 39
8949,Manuel,Lopez,Maldonado,UNAM,P,Mexicana,Dir 814
8950,Esteban,Flores,Valencia,UPMOR,E,Mexicana,Dir 647
8951,Laura,Morales,Hernandez,ITZ,E,Mexicana,Dir 941
8952,Gerardo,Munoz,Soto,UAEM,P,Mexicana,Dir 595
8953,Esteban,Lara,Bautista,UPMOR,E,Mexicana,Dir 984
8954,Susana,Dominguez,Cortes,UPMOR,E,Mexicana,Dir 405
8955,Martin,Molina,Velazquez,ITZ,E,Mexicana,Dir 533
8956,Gabriela,Flores,Soto,UTEZ,P,Mexicana,Dir 397
8957,Martha,Velazquez,Castillo,UNAM,P,Mexicana,Dir 341
8958,Silvia,Sosa,Chavez,ITZ,P,Mexicana,Dir 922
8959,Carlos,Chavez,Ruiz,UAEM,P,Mexicana,Dir 393
8960,Oscar,Rios,Salazar,UPMOR,E,Mexicana,Dir 78
8961,Antonio,Sanchez,Aguilar,UTEZ,P,Mexicana,Dir 293
8962,Jose,Rios,Avila,ITZ,E,Mexicana,Dir 23
8963,Ruben,Aguilar,Escobar,UTEZ,E,Mexicana,Dir 810
8964,Roberto,Navarro,Mendez,IPN,E,Mexicana,Dir 668
8965,Carmen,Guzman,Mendoza,UPMOR,E,Mexicana,Dir 149
8966,Roberto,Cruz,Martinez,UPMOR,P,Mexicana,Dir 733
8967,Carlos,Vega,Mendoza,UNAM,E,Mexicana,Dir 472
8968,Natalia,Dominguez,Martinez,ITZ,P,Mexicana,Dir 50
8969,Adriana,Chavez,Diaz,IPN,E,Mexicana,Dir 636
8970,Diego,Flores,Cruz,UAEM,P,Mexicana,Dir 943
8971,Oscar,Cordova,Espinoza,UNAM,E,Mexicana,Dir 186
8972,Veronica,Espinoza,Salazar,UTEZ,E,Mexicana,Dir 376
8973,Carmen,Ortiz,Chavez,ITZ,E,Mexicana,Dir 840
8974,Miguel,Morales,Silva,UTEZ,P,Mexicana,Dir 264
8975,Claudia,Delgado,Garcia,UNAM,E,Mexicana,Dir 237
8976,Susana,Castro,Vega,UAEM,E,Mexicana,Dir 241
8977,Arturo,Garza,Chavez,UNAM,P,Mexicana,Dir 381
8978,Lorena,Gutierrez,Lara,IPN,P,Mexicana,Dir 741
8979,Daniela,Salazar,Garza,IPN,E,Mexicana,Dir 198
8980,Beatriz,Mendoza,Hernandez,UPMOR,P,Mexicana,Dir 761
8981,Elena,Martinez,Munoz,UTEZ,E,Mexicana,Dir 275
8982,Eduardo,Bautista,Espinoza,UNAM,P,Mexicana,Dir 450
8983,Jorge,Ortiz,Mendez,UNAM,P,Mexicana,Dir 28
8984,Veronica,Vega,Munoz,UTEZ,P,Mexicana,Dir 212
8985,Eduardo,Flores,Garcia,IPN,E,Mexicana,Dir 599
8986,Alejandro,Mejia,Bautista,UNAM,P,Mexicana,Dir 181
8987,Beatriz,Gonzalez,Silva,UTEZ,E,Mexicana,Dir 795
8988,Victor,Soto,Aguilar,IPN,E,Mexicana,Dir 937
8989,Beatriz,Cortes,Ramos,UPMOR,E,Mexicana,Dir 769
8990,Raul,Lara,Garcia,UNAM,P,Mexicana,Dir 352
8991,Gabriela,Vega,Gutierrez,IPN,E,Mexicana,Dir 559
8992,Antonio,Cortes,Dominguez,UAEM,E,Mexicana,Dir 466
8993,Ricardo,Garza,Ramirez,UNAM,E,Mexicana,Dir 368
8994,Esteban,Gutierrez,Perez,UPMOR,P,Mexicana,Dir 252
8995,Luis,Escobar,Perez,UNAM,E,Mexicana,Dir 736
8996,Margarita,Hernandez,Rodriguez,UNAM,P,Mexicana,Dir 204
8997,Monica,Navarro,Navarro,UPMOR,E,Mexicana,Dir 293
8998,Susana,Garza,Salazar,UNAM,E,Mexicana,Dir 614
8999,Jose,Herrera,Gomez,IPN,P,Mexicana,Dir 417
9000,Beatriz,Ramos,Perez,IPN,P,Mexicana,Dir 568
9001,Martin,Lopez,Maldonado,UAEM,E,Mexicana,Dir 237
9002,Javier,Campos,Aguilar,UPMOR,E,Mexicana,Dir 359
9003,Susana,Maldonado,Gomez,IPN,E,Mexicana,Dir 450
9004,Miguel,Velazquez,Dominguez,UAEM,E,Mexicana,Dir 71
9005,Francisco,Valencia,Martinez,UAEM,P,Mexicana,Dir 708
9006,Diana,Rodriguez,Gomez,ITZ,E,Mexicana,Dir 928
9007,Jorge,Ramirez,Rios,UNAM,E,Mexicana,Dir 12
9008,Hugo,Ortiz,Gonzalez,UPMOR,P,Mexicana,Dir 829
9009,Jose,Garza,Hernandez,UPMOR,P,Mexicana,Dir 951
9010,Jorge,Aguilar,Velazquez,IPN,E,Mexicana,Dir 57
9011,Maria,Dominguez,Sanchez,UNAM,E,Mexicana,Dir 977
9012,Antonio,Ortiz,Mendoza,UTEZ,E,Mexicana,Dir 952
9013,Jose,Cabrera,Rios,IPN,P,Mexicana,Dir 448
9014,Margarita,Gutierrez,Cortes,UAEM,E,Mexicana,Dir 307
9015,Lucia,Lara,Molina,UTEZ,P,Mexicana,Dir 382
9016,Hector,Lopez,Navarro,UAEM,P,Mexicana,Dir 808
9017,Jorge,Delgado,Vargas,IPN,E,Mexicana,Dir 178
9018,Hector,Guzman,Bautista,UAEM,P,Mexicana,Dir 787
9019,Victor,Campos,Sanchez,UPMOR,E,Mexicana,Dir 964
9020,Maria,Reyes,Gomez,UPMOR,P,Mexicana,Dir 344
9021,Laura,Hernandez,Cabrera,UAEM,P,Mexicana,Dir 287
9022,Antonio,Molina,Hernandez,UTEZ,E,Mexicana,Dir 996
9023,Rafael,Velazquez,Rios,IPN,P,Mexicana,Dir 511
9024,Claudia,Ramirez,Morales,UPMOR,E,Mexicana,Dir 899
9025,Carlos,Garza,Vargas,IPN,E,Mexicana,Dir 215
9026,Ricardo,Vega,Cruz,UPMOR,E,Mexicana,Dir 581
9027,Miguel,Vargas,Rodriguez,ITZ,E,Mexicana,Dir 564
9028,Teresa,Cortes,Munoz,UPMOR,E,Mexicana,Dir 104
9029,Diana,Bautista,Garcia,UNAM,E,Mexicana,Dir 48
9030,Patricia,Cruz,Campos,IPN,P,Mexicana,Dir 950
9031,Antonio,Bautista,Garcia,UTEZ,P,Mexicana,Dir 524
9032,Rumualdo,Escobar,Medina,UPMOR,P,Mexicana,Dir 920
9033,Eduardo,Soto,Gomez,ITZ,E,Mexicana,Dir 569
9034,Claudia,Paredes,Lara,IPN,E,Mexicana,Dir 579
9035,Carolina,Aguilar,Flores,UPMOR,E,Mexicana,Dir 39
9036,Patricia,Vargas,Garza,UPMOR,P,Mexicana,Dir 53
9037,Leticia,Cabrera,Romero,UTEZ,P,Mexicana,Dir 697
9038,Martin,Cervantes,Garza,UTEZ,P,Mexicana,Dir 166
9039,Pedro,Salazar,Mendez,UAEM,E,Mexicana,Dir 583
9040,Diego,Delgado,Rodriguez,IPN,P,Mexicana,Dir 560
9041,Carolina,Avila,Chavez,UNAM,P,Mexicana,Dir 803
9042,Lorena,Navarro,Dominguez,UPMOR,E,Mexicana,Dir 820
9043,Jose,Cabrera,Ruiz,UNAM,E,Mexicana,Dir 51
9044,Diego,Soto,Sanchez,UAEM,E,Mexicana,Dir 894
9045,Jorge,Rios,Perez,IPN,E,Mexicana,Dir 948
9046,Martha,Munoz,Espinoza,UPMOR,E,Mexicana,Dir 705
9047,Ricardo,Maldonado,Vega,IPN,E,Mexicana,Dir 876
9048,Raul,Gomez,Flores,ITZ,P,Mexicana,Dir 24
9049,Lucia,Lopez,Mejia,IPN,E,Mexicana,Dir 479
9050,Patricia,Salazar,Martinez,IPN,P,Mexicana,Dir 67
9051,Miguel,Castillo,Silva,UTEZ,E,Mexicana,Dir 98
9052,Pedro,Castillo,Hernandez,ITZ,E,Mexicana,Dir 999
9053,Rafael,Gonzalez,Hernandez,UNAM,P,Mexicana,Dir 468
9054,Fernando,Cruz,Ramirez,IPN,P,Mexicana,Dir 302
9055,Margarita,Perez,Sanchez,UTEZ,P,Mexicana,Dir 487
9056,Paola,Salazar,Bautista,UAEM,E,Mexicana,Dir 72
9057,Ana,Vega,Mendoza,UPMOR,P,Mexicana,Dir 35
9058,Carmen,Silva,Lopez,UPMOR,E,Mexicana,Dir 666
9059,Andrea,Gonzalez,Mendez,UAEM,P,Mexicana,Dir 733
9060,Claudia,Hernandez,Herrera,ITZ,E,Mexicana,Dir 827
9061,Alejandro,Cervantes,Vargas,UTEZ,P,Mexicana,Dir 377
9062,Esteban,Maldonado,Delgado,UAEM,E,Mexicana,Dir 994
9063,Natalia,Ruiz,Escobar,UNAM,E,Mexicana,Dir 907
9064,Gabriela,Bautista,Castillo,UPMOR,P,Mexicana,Dir 813
9065,Fernando,Vargas,Rios,UPMOR,E,Mexicana,Dir 992
9066,Lorena,Dominguez,Mendez,ITZ,E,Mexicana,Dir 720
9067,Esteban,Soto,Cordova,UNAM,P,Mexicana,Dir 106
9068,Patricia,Ortiz,Castro,UAEM,P,Mexicana,Dir 139
9069,Martha,Avila,Cordova,UNAM,P,Mexicana,Dir 767
9070,Claudia,Rojas,Ruiz,ITZ,E,Mexicana,Dir 964
9071,Roberto,Espinoza,Silva,ITZ,E,Mexicana,Dir 113
9072,Diana,Escobar,Garcia,UTEZ,P,Mexicana,Dir 678
9073,Beatriz,Diaz,Silva,IPN,P,Mexicana,Dir 571
9074,Miguel,Soto,Aguilar,UAEM,E,Mexicana,Dir 294
9075,Adriana,Romero,Maldonado,UAEM,E,Mexicana,Dir 29
9076,Carolina,Sosa,Guzman,IPN,E,Mexicana,Dir 188
9077,Francisco,Ramos,Vargas,UTEZ,E,Mexicana,Dir 40
9078,Manuel,Sanchez,Rojas,IPN,P,Mexicana,Dir 416
9079,Daniela,Avila,Vega,IPN,P,Mexicana,Dir 330
9080,Eduardo,Mendez,Vargas,UTEZ,E,Mexicana,Dir 258
9081,Luis,Valencia,Sosa,UNAM,P,Mexicana,Dir 987
9082,Eduardo,Perez,Martinez,UPMOR,P,Mexicana,Dir 437
9083,Raul,Morales,Castro,UPMOR,E,Mexicana,Dir 518
9084,Martin,Gomez,Flores,IPN,P,Mexicana,Dir 27
9085,Pedro,Castillo,Garcia,UAEM,E,Mexicana,Dir 548
9086,Gael,Rios,Vargas,UTEZ,P,Mexicana,Dir 90
9087,Ana,Ortiz,Morales,UTEZ,P,Mexicana,Dir 488
9088,Martin,Valencia,Perez,IPN,P,Mexicana,Dir 120
9089,Manuel,Maldonado,Lopez,UPMOR,E,Mexicana,Dir 703
9090,Teresa,Maldonado,Espinoza,UNAM,P,Mexicana,Dir 496
9091,Carmen,Gomez,Romero,ITZ,P,Mexicana,Dir 800
9092,Alejandro,Delgado,Aguilar,ITZ,E,Mexicana,Dir 235
9093,Carolina,Morales,Sanchez,UNAM,E,Mexicana,Dir 842
9094,Jesus,Ramirez,Gonzalez,ITZ,E,Mexicana,Dir 550
9095,Gabriela,Bautista,Diaz,UPMOR,E,Mexicana,Dir 887
9096,Paola,Guzman,Gomez,UAEM,P,Mexicana,Dir 13
9097,Hector,Salazar,Vega,UNAM,P,Mexicana,Dir 212
9098,Carmen,Campos,Vargas,UNAM,E,Mexicana,Dir 635
9099,Ricardo,Castro,Rodriguez,UTEZ,P,Mexicana,Dir 301
9100,Jose,Avila,Avila,ITZ,E,Mexicana,Dir 266
9101,Teresa,Garza,Bautista,UAEM,E,Mexicana,Dir 698
9102,Alejandro,Mejia,Salazar,ITZ,E,Mexicana,Dir 478
9103,Julio,Ruiz,Ramirez,IPN,P,Mexicana,Dir 16
9104,Jorge,Garcia,Martinez,UAEM,P,Mexicana,Dir 348
9105,Hector,Cervantes,Guzman,UAEM,P,Mexicana,Dir 83
9106,Martin,Campos,Guzman,UPMOR,P,Mexicana,Dir 824
9107,Jesus,Cordova,Gutierrez,UPMOR,E,Mexicana,Dir 428
9108,Valeria,Bautista,Flores,ITZ,E,Mexicana,Dir 954
9109,Daniela,Martinez,Salazar,ITZ,P,Mexicana,Dir 445
9110,Manuel,Soto,Hernandez,UAEM,E,Mexicana,Dir 304
9111,Ana,Mejia,Hernandez,IPN,E,Mexicana,Dir 597
9112,Carmen,Martinez,Guzman,UPMOR,P,Mexicana,Dir 188
9113,Elena,Ramos,Cervantes,IPN,P,Mexicana,Dir 266
9114,Jose,Navarro,Espinoza,UAEM,P,Mexicana,Dir 870
9115,Carolina,Ramos,Mejia,UPMOR,E,Mexicana,Dir 716
9116,Fernando,Cervantes,Velazquez,UPMOR,E,Mexicana,Dir 396
9117,Adriana,Aguilar,Mendoza,UNAM,P,Mexicana,Dir 870
9118,Rosa,Rios,Campos,UTEZ,E,Mexicana,Dir 355
9119,Hugo,Cruz,Cervantes,UTEZ,P,Mexicana,Dir 417
9120,Rumualdo,Medina,Cabrera,UPMOR,E,Mexicana,Dir 69
9121,Jesus,Silva,Herrera,UAEM,P,Mexicana,Dir 560
9122,Martha,Ramos,Navarro,IPN,E,Mexicana,Dir 123
9123,Miguel,Flores,Rojas,IPN,P,Mexicana,Dir 682
9124,Lucia,Soto,Mendez,ITZ,E,Mexicana,Dir 719
9125,Natalia,Ramos,Escobar,UAEM,E,Mexicana,Dir 113
9126,Ana,Espinoza,Garcia,UNAM,P,Mexicana,Dir 195
9127,Fernando,Hernandez,Cervantes,ITZ,E,Mexicana,Dir 717
9128,Julio,Campos,Garcia,UNAM,E,Mexicana,Dir 86
9129,Hugo,Silva,Sosa,UAEM,E,Mexicana,Dir 502
9130,Eduardo,Mendoza,Perez,UPMOR,E,Mexicana,Dir 955
9131,Natalia,Vega,Maldonado,UTEZ,E,Mexicana,Dir 546
9132,Martin,Ramirez,Gutierrez,UTEZ,E,Mexicana,Dir 143
9133,Rosa,Romero,Sanchez,ITZ,E,Mexicana,Dir 691
9134,Miguel,Navarro,Cruz,UTEZ,E,Mexicana,Dir 922
9135,Victor,Castro,Perez,UAEM,E,Mexicana,Dir 705
9136,Roberto,Soto,Gomez,ITZ,P,Mexicana,Dir 690
9137,Alejandro,Escobar,Mejia,UNAM,E,Mexicana,Dir 633
9138,Silvia,Cortes,Castro,IPN,E,Mexicana,Dir 858
9139,Carmen,Munoz,Escobar,UAEM,P,Mexicana,Dir 503
9140,Susana,Ortiz,Velazquez,UTEZ,P,Mexicana,Dir 296
9141,Antonio,Mendez,Rios,UPMOR,P,Mexicana,Dir 749
9142,Jose,Espinoza,Guzman,ITZ,E,Mexicana,Dir 208
9143,Beatriz,Valencia,Valencia,IPN,E,Mexicana,Dir 865
9144,Beatriz,Cordova,Mendez,IPN,P,Mexicana,Dir 325
9145,Monica,Navarro,Rios,UNAM,E,Mexicana,Dir 531
9146,Hector,Dominguez,Ramos,ITZ,E,Mexicana,Dir 229
9147,Francisco,Guzman,Navarro,IPN,E,Mexicana,Dir 444
9148,Laura,Paredes,Vargas,UNAM,P,Mexicana,Dir 834
9149,Daniela,Bautista,Cordova,ITZ,P,Mexicana,Dir 885
9150,Natalia,Navarro,Munoz,ITZ,E,Mexicana,Dir 831
9151,Carlos,Garcia,Mendez,UTEZ,P,Mexicana,Dir 890
9152,Monica,Bautista,Bautista,UPMOR,P,Mexicana,Dir 410
9153,Raul,Cortes,Espinoza,ITZ,E,Mexicana,Dir 960
9154,Claudia,Vargas,Cordova,ITZ,P,Mexicana,Dir 675
9155,Jorge,Campos,Cruz,UAEM,P,Mexicana,Dir 830
9156,Jorge,Castro,Castro,IPN,E,Mexicana,Dir 703
9157,Daniela,Salazar,Lara,UPMOR,P,Mexicana,Dir 825
9158,Esteban,Espinoza,Sosa,UNAM,E,Mexicana,Dir 101
9159,Leticia,Martinez,Campos,IPN,P,Mexicana,Dir 648
9160,Gabriela,Morales,Vargas,UNAM,E,Mexicana,Dir 297
9161,Carlos,Vega,Herrera,UPMOR,E,Mexicana,Dir 509
9162,Patricia,Rodriguez,Navarro,UNAM,E,Mexicana,Dir 645
9163,Beatriz,Gomez,Diaz,IPN,E,Mexicana,Dir 793
9164,Eduardo,Sosa,Ruiz,ITZ,E,Mexicana,Dir 864
9165,Julio,Aguilar,Reyes,UNAM,E,Mexicana,Dir 416
9166,Alejandro,Cruz,Chavez,UTEZ,P,Mexicana,Dir 581
9167,Margarita,Bautista,Valencia,UPMOR,E,Mexicana,Dir 864
9168,Martin,Espinoza,Vargas,ITZ,E,Mexicana,Dir 411
9169,Laura,Perez,Garcia,UPMOR,E,Mexicana,Dir 93
9170,Raul,Chavez,Gutierrez,IPN,P,Mexicana,Dir 411
9171,Carolina,Ruiz,Avila,UNAM,E,Mexicana,Dir 828
9172,Gael,Dominguez,Castillo,UPMOR,P,Mexicana,Dir 231
9173,Jose,Avila,Diaz,UNAM,P,Mexicana,Dir 609
9174,Laura,Aguilar,Munoz,IPN,E,Mexicana,Dir 396
9175,Lucia,Castillo,Velazquez,ITZ,E,Mexicana,Dir 399
9176,Rafael,Vargas,Guzman,UAEM,E,Mexicana,Dir 456
9177,Arturo,Molina,Sanchez,UTEZ,P,Mexicana,Dir 783
9178,Jorge,Perez,Ramos,ITZ,P,Mexicana,Dir 471
9179,Francisco,Diaz,Castro,IPN,E,Mexicana,Dir 227
9180,Gael,Cervantes,Gomez,UAEM,P,Mexicana,Dir 783
9181,Alejandro,Lopez,Navarro,UPMOR,E,Mexicana,Dir 805
9182,Rafael,Mendez,Flores,UAEM,P,Mexicana,Dir 884
9183,Monica,Aguilar,Mejia,UPMOR,E,Mexicana,Dir 755
9184,Gael,Cordova,Munoz,UAEM,P,Mexicana,Dir 375
9185,Jose,Garza,Perez,UAEM,E,Mexicana,Dir 622
9186,Martha,Gonzalez,Paredes,UNAM,P,Mexicana,Dir 220
9187,Andrea,Valencia,Ramos,UTEZ,E,Mexicana,Dir 772
9188,Paola,Cortes,Vega,UNAM,E,Mexicana,Dir 820
9189,Sofia,Ortiz,Ramos,UTEZ,P,Mexicana,Dir 173
9190,Margarita,Perez,Diaz,UAEM,P,Mexicana,Dir 701
9191,Miguel,Rodriguez,Avila,UNAM,E,Mexicana,Dir 604
9192,Martha,Diaz,Munoz,IPN,E,Mexicana,Dir 660
9193,Daniela,Guzman,Castillo,UPMOR,E,Mexicana,Dir 572
9194,Jose,Garcia,Silva,UNAM,P,Mexicana,Dir 456
9195,Lorena,Campos,Molina,UAEM,P,Mexicana,Dir 394
9196,Jorge,Maldonado,Garcia,ITZ,E,Mexicana,Dir 557
9197,Leticia,Garcia,Herrera,IPN,E,Mexicana,Dir 275
9198,Hugo,Vargas,Guzman,UTEZ,E,Mexicana,Dir 399
9199,Rafael,Rodriguez,Vega,ITZ,P,Mexicana,Dir 810
9200,Oscar,Martinez,Gonzalez,ITZ,P,Mexicana,Dir 861
9201,Natalia,Paredes,Romero,UPMOR,E,Mexicana,Dir 823
9202,Alejandro,Guzman,Garcia,UNAM,E,Mexicana,Dir 656
9203,Diana,Bautista,Castro,UNAM,P,Mexicana,Dir 663
9204,Roberto,Paredes,Cruz,UTEZ,P,Mexicana,Dir 647
9205,Diego,Silva,Cervantes,UAEM,E,Mexicana,Dir 306
9206,Jorge,Aguilar,Ramirez,ITZ,P,Mexicana,Dir 317
9207,Victor,Delgado,Campos,UAEM,P,Mexicana,Dir 367
9208,Margarita,Paredes,Cortes,UTEZ,P,Mexicana,Dir 64
9209,Hector,Flores,Ortiz,UAEM,P,Mexicana,Dir 920
9210,Javier,Bautista,Silva,ITZ,E,Mexicana,Dir 41
9211,Margarita,Medina,Gonzalez,UNAM,E,Mexicana,Dir 477
9212,Monica,Flores,Rios,UAEM,P,Mexicana,Dir 239
9213,Ricardo,Bautista,Aguilar,IPN,P,Mexicana,Dir 55
9214,Manuel,Garza,Gonzalez,UAEM,P,Mexicana,Dir 457
9215,Leticia,Molina,Paredes,UNAM,E,Mexicana,Dir 12
9216,Teresa,Gomez,Flores,UAEM,P,Mexicana,Dir 364
9217,Claudia,Avila,Garcia,ITZ,P,Mexicana,Dir 312
9218,Julio,Cervantes,Salazar,UAEM,E,Mexicana,Dir 949
9219,Lorena,Hernandez,Diaz,IPN,P,Mexicana,Dir 456
9220,Elena,Ramirez,Sosa,ITZ,P,Mexicana,Dir 270
9221,Adriana,Ramirez,Salazar,ITZ,E,Mexicana,Dir 675
9222,Adriana,Gomez,Morales,UTEZ,P,Mexicana,Dir 316
9223,Carlos,Paredes,Rojas,UTEZ,E,Mexicana,Dir 493
9224,Adriana,Ruiz,Garcia,UAEM,P,Mexicana,Dir 608
9225,Claudia,Cordova,Navarro,UAEM,P,Mexicana,Dir 768
9226,Patricia,Mendez,Chavez,IPN,P,Mexicana,Dir 133
9227,Gael,Gonzalez,Mendoza,UPMOR,P,Mexicana,Dir 823
9228,Paola,Rios,Castro,ITZ,E,Mexicana,Dir 114
9229,Miguel,Velazquez,Mendez,UAEM,E,Mexicana,Dir 233
9230,Antonio,Cervantes,Castillo,ITZ,E,Mexicana,Dir 229
9231,Martha,Gonzalez,Cruz,UTEZ,P,Mexicana,Dir 792
9232,Gabriela,Mendez,Mendez,UAEM,P,Mexicana,Dir 761
9233,Oscar,Soto,Vargas,ITZ,E,Mexicana,Dir 76
9234,Carolina,Morales,Gomez,IPN,P,Mexicana,Dir 995
9235,Rumualdo,Maldonado,Cervantes,UTEZ,P,Mexicana,Dir 691
9236,Diego,Morales,Ruiz,IPN,E,Mexicana,Dir 108
9237,Laura,Rios,Cervantes,IPN,P,Mexicana,Dir 327
9238,Daniela,Diaz,Soto,UTEZ,P,Mexicana,Dir 468
9239,Ruben,Rojas,Silva,ITZ,P,Mexicana,Dir 856
9240,Silvia,Vargas,Cortes,ITZ,P,Mexicana,Dir 770
9241,Laura,Maldonado,Delgado,UTEZ,P,Mexicana,Dir 83
9242,Gabriela,Bautista,Salazar,ITZ,E,Mexicana,Dir 255
9243,Elena,Garza,Navarro,IPN,P,Mexicana,Dir 987
9244,Patricia,Mendoza,Dominguez,UTEZ,E,Mexicana,Dir 614
9245,Andrea,Castro,Salazar,ITZ,E,Mexicana,Dir 436
9246,Gabriela,Hernandez,Romero,UPMOR,P,Mexicana,Dir 256
9247,Lorena,Escobar,Mendoza,UAEM,E,Mexicana,Dir 161
9248,Diego,Perez,Avila,IPN,P,Mexicana,Dir 634
9249,Lorena,Flores,Cordova,IPN,E,Mexicana,Dir 759
9250,Lorena,Martinez,Avila,UTEZ,E,Mexicana,Dir 936
9251,Julio,Lara,Castro,UPMOR,P,Mexicana,Dir 754
9252,Paola,Cortes,Romero,UAEM,E,Mexicana,Dir 423
9253,Diana,Soto,Gonzalez,ITZ,P,Mexicana,Dir 814
9254,Claudia,Avila,Cabrera,IPN,E,Mexicana,Dir 275
9255,Miguel,Lara,Ruiz,ITZ,P,Mexicana,Dir 487
9256,Veronica,Cabrera,Hernandez,ITZ,P,Mexicana,Dir 553
9257,Gabriela,Mendez,Velazquez,UPMOR,P,Mexicana,Dir 25
9258,Luis,Castillo,Bautista,UNAM,E,Mexicana,Dir 535
9259,Diana,Cordova,Chavez,ITZ,P,Mexicana,Dir 655
9260,Fernando,Garcia,Maldonado,UAEM,E,Mexicana,Dir 358
9261,Paola,Guzman,Medina,UAEM,E,Mexicana,Dir 199
9262,Carolina,Gomez,Romero,UPMOR,E,Mexicana,Dir 147
9263,Rosa,Sanchez,Lopez,UPMOR,P,Mexicana,Dir 395
9264,Ricardo,Morales,Soto,UAEM,P,Mexicana,Dir 54
9265,Victor,Navarro,Aguilar,UAEM,E,Mexicana,Dir 780
9266,Ana,Ruiz,Romero,UNAM,E,Mexicana,Dir 250
9267,Laura,Delgado,Rios,IPN,P,Mexicana,Dir 644
9268,Margarita,Delgado,Perez,UAEM,E,Mexicana,Dir 219
9269,Manuel,Valencia,Martinez,UPMOR,P,Mexicana,Dir 803
9270,Hugo,Romero,Martinez,UNAM,P,Mexicana,Dir 383
9271,Fernando,Vega,Rojas,UTEZ,E,Mexicana,Dir 704
9272,Roberto,Herrera,Diaz,UPMOR,E,Mexicana,Dir 30
9273,Gabriela,Morales,Castillo,ITZ,P,Mexicana,Dir 141
9274,Gael,Molina,Cortes,IPN,E,Mexicana,Dir 18
9275,Roberto,Vega,Paredes,UTEZ,E,Mexicana,Dir 857
9276,Margarita,Maldonado,Ruiz,UNAM,P,Mexicana,Dir 905
9277,Margarita,Lopez,Castro,ITZ,E,Mexicana,Dir 583
9278,Diana,Perez,Mejia,ITZ,P,Mexicana,Dir 934
9279,Martin,Salazar,Soto,ITZ,E,Mexicana,Dir 879
9280,Miguel,Gonzalez,Herrera,IPN,P,Mexicana,Dir 123
9281,Ricardo,Martinez,Martinez,UTEZ,P,Mexicana,Dir 104
9282,Laura,Escobar,Mejia,IPN,P,Mexicana,Dir 924
9283,Ricardo,Rios,Cruz,UTEZ,P,Mexicana,Dir 431
9284,Victor,Cruz,Cordova,ITZ,P,Mexicana,Dir 327
9285,Beatriz,Vargas,Herrera,IPN,P,Mexicana,Dir 997
9286,Veronica,Cordova,Mejia,UTEZ,P,Mexicana,Dir 338
9287,Elena,Maldonado,Perez,UNAM,E,Mexicana,Dir 603
9288,Claudia,Mejia,Castro,UNAM,P,Mexicana,Dir 382
9289,Lorena,Molina,Cortes,UNAM,E,Mexicana,Dir 822
9290,Natalia,Mendoza,Cervantes,UPMOR,E,Mexicana,Dir 327
9291,Jose,Bautista,Gutierrez,UNAM,P,Mexicana,Dir 613
9292,Martha,Paredes,Espinoza,UAEM,E,Mexicana,Dir 265
9293,Andrea,Morales,Ramos,ITZ,P,Mexicana,Dir 487
9294,Oscar,Vargas,Ruiz,UAEM,P,Mexicana,Dir 541
9295,Fernando,Chavez,Cortes,UNAM,E,Mexicana,Dir 467
9296,Rumualdo,Espinoza,Dominguez,UNAM,E,Mexicana,Dir 87
9297,Elena,Avila,Cabrera,UPMOR,P,Mexicana,Dir 167
9298,Jesus,Aguilar,Cortes,ITZ,E,Mexicana,Dir 788
9299,Lucia,Gonzalez,Hernandez,IPN,E,Mexicana,Dir 415
9300,Susana,Martinez,Morales,UAEM,P,Mexicana,Dir 536
9301,Ruben,Gomez,Flores,IPN,E,Mexicana,Dir 554
9302,Beatriz,Rios,Ruiz,UNAM,P,Mexicana,Dir 989
9303,Pedro,Hernandez,Delgado,IPN,E,Mexicana,Dir 299
9304,Miguel,Gonzalez,Ramirez,UNAM,P,Mexicana,Dir 261
9305,Leticia,Cervantes,Gutierrez,UNAM,E,Mexicana,Dir 114
9306,Teresa,Campos,Cervantes,ITZ,E,Mexicana,Dir 653
9307,Andrea,Munoz,Mendoza,UNAM,E,Mexicana,Dir 284
9308,Fernando,Soto,Mendoza,ITZ,E,Mexicana,Dir 515
9309,Martha,Valencia,Dominguez,UTEZ,E,Mexicana,Dir 488
9310,Valeria,Gomez,Castillo,UAEM,E,Mexicana,Dir 414
9311,Monica,Aguilar,Ruiz,UAEM,E,Mexicana,Dir 378
9312,Rosa,Bautista,Garcia,UTEZ,E,Mexicana,Dir 330
9313,Ruben,Garza,Castro,UAEM,P,Mexicana,Dir 762
9314,Gerardo,Sosa,Escobar,ITZ,P,Mexicana,Dir 590
9315,Gerardo,Martinez,Cervantes,IPN,E,Mexicana,Dir 308
9316,Hugo,Bautista,Munoz,UPMOR,E,Mexicana,Dir 982
9317,Elena,Rios,Gonzalez,UNAM,P,Mexicana,Dir 698
9318,Carolina,Cabrera,Silva,UNAM,P,Mexicana,Dir 534
9319,Roberto,Ramirez,Romero,UTEZ,E,Mexicana,Dir 811
9320,Daniela,Lopez,Dominguez,UAEM,E,Mexicana,Dir 456
9321,Leticia,Valencia,Soto,UPMOR,E,Mexicana,Dir 646
9322,Esteban,Chavez,Medina,IPN,E,Mexicana,Dir 46
9323,Carmen,Avila,Lara,ITZ,P,Mexicana,Dir 53
9324,Claudia,Gomez,Soto,UAEM,P,Mexicana,Dir 840
9325,Alejandro,Rios,Ruiz,UTEZ,E,Mexicana,Dir 844
9326,Diego,Castillo,Soto,IPN,P,Mexicana,Dir 101
9327,Miguel,Mejia,Paredes,UAEM,E,Mexicana,Dir 401
9328,Beatriz,Herrera,Diaz,UPMOR,E,Mexicana,Dir 897
9329,Claudia,Chavez,Medina,IPN,E,Mexicana,Dir 756
9330,Eduardo,Mendez,Garcia,IPN,P,Mexicana,Dir 40
9331,Diana,Ramirez,Hernandez,UPMOR,P,Mexicana,Dir 514
9332,Adriana,Sanchez,Lara,ITZ,P,Mexicana,Dir 212
9333,Beatriz,Gomez,Castillo,UTEZ,E,Mexicana,Dir 336
9334,Eduardo,Rojas,Paredes,UAEM,P,Mexicana,Dir 546
9335,Jose,Reyes,Reyes,UNAM,E,Mexicana,Dir 87
9336,Jesus,Escobar,Delgado,UPMOR,P,Mexicana,Dir 545
9337,Ana,Campos,Rios,IPN,P,Mexicana,Dir 655
9338,Adriana,Cabrera,Espinoza,UNAM,P,Mexicana,Dir 322
9339,Jose,Ruiz,Vargas,ITZ,P,Mexicana,Dir 187
9340,Diego,Gutierrez,Flores,UAEM,E,Mexicana,Dir 195
9341,Natalia,Ortiz,Cordova,ITZ,P,Mexicana,Dir 429
9342,Valeria,Herrera,Gutierrez,UPMOR,E,Mexicana,Dir 390
9343,Fernando,Rios,Mendez,UPMOR,E,Mexicana,Dir 759
9344,Roberto,Sosa,Rodriguez,UTEZ,E,Mexicana,Dir 73
9345,Daniela,Salazar,Hernandez,UNAM,P,Mexicana,Dir 380
9346,Valeria,Martinez,Munoz,UNAM,E,Mexicana,Dir 269
9347,Monica,Castillo,Lara,UTEZ,E,Mexicana,Dir 609
9348,Rosa,Salazar,Aguilar,UTEZ,E,Mexicana,Dir 356
9349,Elena,Herrera,Ortiz,UTEZ,P,Mexicana,Dir 64
9350,Hugo,Avila,Rios,UPMOR,E,Mexicana,Dir 419
9351,Gerardo,Ramos,Cervantes,IPN,E,Mexicana,Dir 608
9352,Veronica,Chavez,Cervantes,UNAM,E,Mexicana,Dir 58
9353,Arturo,Garcia,Guzman,UAEM,E,Mexicana,Dir 770
9354,Carmen,Delgado,Ramos,UNAM,P,Mexicana,Dir 378
9355,Carlos,Munoz,Delgado,IPN,E,Mexicana,Dir 75
9356,Veronica,Castillo,Cervantes,IPN,P,Mexicana,Dir 608
9357,Alejandro,Sosa,Maldonado,IPN,P,Mexicana,Dir 19
9358,Veronica,Sosa,Castillo,UAEM,P,Mexicana,Dir 263
9359,Luis,Morales,Dominguez,IPN,E,Mexicana,Dir 18
9360,Claudia,Campos,Flores,UNAM,P,Mexicana,Dir 780
9361,Patricia,Lopez,Gonzalez,IPN,P,Mexicana,Dir 490
9362,Leticia,Mendez,Dominguez,UAEM,P,Mexicana,Dir 159
9363,Margarita,Cortes,Garza,UPMOR,E,Mexicana,Dir 594
9364,Hector,Sosa,Valencia,UTEZ,P,Mexicana,Dir 828
9365,Carlos,Chavez,Cervantes,UNAM,P,Mexicana,Dir 771
9366,Alejandro,Morales,Perez,ITZ,E,Mexicana,Dir 107
9367,Roberto,Silva,Cabrera,ITZ,P,Mexicana,Dir 514
9368,Fernando,Gutierrez,Castillo,UTEZ,P,Mexicana,Dir 391
9369,Jorge,Mendez,Castro,UTEZ,P,Mexicana,Dir 684
9370,Gerardo,Mendoza,Cervantes,IPN,E,Mexicana,Dir 408
9371,Lorena,Dominguez,Bautista,ITZ,P,Mexicana,Dir 135
9372,Gael,Gomez,Mejia,UNAM,E,Mexicana,Dir 97
9373,Diana,Delgado,Campos,ITZ,P,Mexicana,Dir 507
9374,Adriana,Gonzalez,Rodriguez,UAEM,P,Mexicana,Dir 63
9375,Beatriz,Morales,Cruz,UAEM,P,Mexicana,Dir 984
9376,Ana,Hernandez,Sosa,IPN,E,Mexicana,Dir 651
9377,Silvia,Diaz,Morales,UAEM,P,Mexicana,Dir 624
9378,Jesus,Vargas,Mejia,UPMOR,E,Mexicana,Dir 372
9379,Jorge,Mendoza,Cordova,UTEZ,P,Mexicana,Dir 341
9380,Oscar,Cordova,Flores,IPN,E,Mexicana,Dir 882
9381,Elena,Maldonado,Delgado,IPN,P,Mexicana,Dir 923
9382,Miguel,Chavez,Delgado,ITZ,E,Mexicana,Dir 6
9383,Luis,Aguilar,Garza,UNAM,E,Mexicana,Dir 307
9384,Elena,Avila,Cortes,UTEZ,P,Mexicana,Dir 148
9385,Martin,Silva,Gonzalez,ITZ,E,Mexicana,Dir 745
9386,Daniela,Aguilar,Ramirez,IPN,E,Mexicana,Dir 493
9387,Antonio,Medina,Munoz,UNAM,E,Mexicana,Dir 20
9388,Claudia,Reyes,Silva,UNAM,P,Mexicana,Dir 691
9389,Roberto,Cruz,Ruiz,ITZ,E,Mexicana,Dir 247
9390,Esteban,Hernandez,Ortiz,UAEM,E,Mexicana,Dir 111
9391,Roberto,Reyes,Cordova,UAEM,E,Mexicana,Dir 500
9392,Hector,Ramirez,Hernandez,UPMOR,P,Mexicana,Dir 281
9393,Diego,Munoz,Silva,ITZ,P,Mexicana,Dir 908
9394,Alejandro,Campos,Maldonado,IPN,E,Mexicana,Dir 123
9395,Pedro,Silva,Herrera,UPMOR,P,Mexicana,Dir 499
9396,Esteban,Salazar,Navarro,UTEZ,E,Mexicana,Dir 549
9397,Gabriela,Garza,Sosa,ITZ,P,Mexicana,Dir 303
9398,Diana,Navarro,Guzman,IPN,E,Mexicana,Dir 832
9399,Silvia,Aguilar,Escobar,UPMOR,E,Mexicana,Dir 435
9400,Eduardo,Munoz,Rios,IPN,E,Mexicana,Dir 887
9401,Ana,Flores,Maldonado,UTEZ,P,Mexicana,Dir 509
9402,Laura,Mendez,Diaz,IPN,E,Mexicana,Dir 35
9403,Eduardo,Mendez,Cordova,ITZ,P,Mexicana,Dir 390
9404,Maria,Garza,Vega,UTEZ,E,Mexicana,Dir 549
9405,Carolina,Escobar,Lara,IPN,E,Mexicana,Dir 80
9406,Ruben,Martinez,Martinez,UPMOR,E,Mexicana,Dir 965
9407,Veronica,Ortiz,Herrera,ITZ,P,Mexicana,Dir 481
9408,Silvia,Vargas,Paredes,UPMOR,E,Mexicana,Dir 116
9409,Martin,Sosa,Ramos,IPN,P,Mexicana,Dir 55
9410,Veronica,Soto,Perez,UNAM,E,Mexicana,Dir 114
9411,Victor,Herrera,Diaz,ITZ,P,Mexicana,Dir 384
9412,Carmen,Rodriguez,Cruz,UPMOR,P,Mexicana,Dir 731
9413,Daniela,Paredes,Rios,UTEZ,E,Mexicana,Dir 616
9414,Sofia,Velazquez,Mendez,ITZ,P,Mexicana,Dir 855
9415,Adriana,Castro,Gonzalez,ITZ,P,Mexicana,Dir 770
9416,Elena,Lara,Garza,UTEZ,P,Mexicana,Dir 360
9417,Javier,Garcia,Ramos,IPN,P,Mexicana,Dir 444
9418,Julio,Bautista,Espinoza,UTEZ,P,Mexicana,Dir 651
9419,Arturo,Vargas,Reyes,UPMOR,E,Mexicana,Dir 336
9420,Silvia,Gomez,Morales,UPMOR,P,Mexicana,Dir 805
9421,Manuel,Flores,Morales,ITZ,P,Mexicana,Dir 846
9422,Laura,Garza,Gutierrez,UAEM,P,Mexicana,Dir 643
9423,Andrea,Mejia,Ruiz,UTEZ,P,Mexicana,Dir 279
9424,Susana,Campos,Castro,UNAM,P,Mexicana,Dir 236
9425,Laura,Gutierrez,Guzman,UNAM,E,Mexicana,Dir 50
9426,Hector,Aguilar,Romero,UTEZ,E,Mexicana,Dir 460
9427,Eduardo,Hernandez,Soto,UAEM,P,Mexicana,Dir 265
9428,Carmen,Espinoza,Vargas,UAEM,P,Mexicana,Dir 54
9429,Diana,Rios,Rios,UPMOR,E,Mexicana,Dir 498
9430,Teresa,Espinoza,Maldonado,UNAM,E,Mexicana,Dir 994
9431,Carmen,Ramirez,Mendoza,UTEZ,P,Mexicana,Dir 703
9432,Lucia,Rojas,Rojas,IPN,P,Mexicana,Dir 610
9433,Ana,Sosa,Gutierrez,ITZ,E,Mexicana,Dir 970
9434,Elena,Garza,Avila,UAEM,P,Mexicana,Dir 8
9435,Lorena,Molina,Cruz,UAEM,P,Mexicana,Dir 565
9436,Ruben,Paredes,Garcia,UAEM,E,Mexicana,Dir 383
9437,Diana,Diaz,Perez,UAEM,E,Mexicana,Dir 253
9438,Rumualdo,Garcia,Garza,UTEZ,E,Mexicana,Dir 729
9439,Laura,Reyes,Rios,UTEZ,P,Mexicana,Dir 848
9440,Jorge,Soto,Castillo,UPMOR,P,Mexicana,Dir 259
9441,Roberto,Flores,Sosa,UTEZ,P,Mexicana,Dir 300
9442,Carlos,Aguilar,Escobar,UNAM,P,Mexicana,Dir 80
9443,Raul,Campos,Flores,UAEM,E,Mexicana,Dir 684
9444,Elena,Herrera,Rios,IPN,E,Mexicana,Dir 751
9445,Hugo,Perez,Gonzalez,IPN,P,Mexicana,Dir 665
9446,Susana,Morales,Soto,UNAM,E,Mexicana,Dir 156
9447,Alejandro,Diaz,Dominguez,UAEM,E,Mexicana,Dir 546
9448,Jorge,Sanchez,Garcia,UTEZ,P,Mexicana,Dir 115
9449,Luis,Vargas,Cruz,UAEM,P,Mexicana,Dir 879
9450,Elena,Salazar,Perez,UNAM,E,Mexicana,Dir 814
9451,Esteban,Aguilar,Herrera,IPN,P,Mexicana,Dir 988
9452,Carlos,Vega,Bautista,ITZ,P,Mexicana,Dir 45
9453,Miguel,Cabrera,Dominguez,UNAM,P,Mexicana,Dir 143
9454,Arturo,Gutierrez,Espinoza,UAEM,E,Mexicana,Dir 748
9455,Ana,Lara,Cabrera,UNAM,E,Mexicana,Dir 66
9456,Silvia,Cortes,Dominguez,UPMOR,E,Mexicana,Dir 29
9457,Jose,Lopez,Romero,IPN,E,Mexicana,Dir 718
9458,Lorena,Cabrera,Silva,UNAM,E,Mexicana,Dir 834
9459,Julio,Vargas,Martinez,UNAM,P,Mexicana,Dir 493
9460,Roberto,Salazar,Soto,UAEM,E,Mexicana,Dir 80
9461,Ruben,Medina,Bautista,ITZ,E,Mexicana,Dir 363
9462,Alejandro,Mendoza,Lara,IPN,P,Mexicana,Dir 660
9463,Rafael,Gutierrez,Ortiz,UAEM,P,Mexicana,Dir 338
9464,Carlos,Soto,Silva,UTEZ,E,Mexicana,Dir 714
9465,Alejandro,Sosa,Dominguez,UAEM,P,Mexicana,Dir 669
9466,Luis,Bautista,Guzman,UPMOR,E,Mexicana,Dir 178
9467,Miguel,Mejia,Gomez,IPN,P,Mexicana,Dir 145
9468,Ricardo,Campos,Rios,UAEM,P,Mexicana,Dir 38
9469,Lorena,Maldonado,Valencia,ITZ,E,Mexicana,Dir 819
9470,Ruben,Lopez,Dominguez,IPN,P,Mexicana,Dir 937
9471,Carmen,Cordova,Cabrera,UPMOR,P,Mexicana,Dir 792
9472,Hugo,Lopez,Cortes,UAEM,P,Mexicana,Dir 309
9473,Teresa,Ruiz,Mendoza,UPMOR,P,Mexicana,Dir 549
9474,Arturo,Soto,Rios,UTEZ,E,Mexicana,Dir 874
9475,Jesus,Paredes,Mejia,UAEM,E,Mexicana,Dir 49
9476,Miguel,Cervantes,Dominguez,ITZ,E,Mexicana,Dir 333
9477,Victor,Maldonado,Navarro,ITZ,P,Mexicana,Dir 153
9478,Leticia,Mendez,Lara,UPMOR,P,Mexicana,Dir 903
9479,Claudia,Morales,Gutierrez,UAEM,P,Mexicana,Dir 516
9480,Oscar,Aguilar,Hernandez,UPMOR,E,Mexicana,Dir 435
9481,Claudia,Garza,Ramos,UNAM,E,Mexicana,Dir 878
9482,Javier,Delgado,Cordova,UAEM,P,Mexicana,Dir 689
9483,Fernando,Escobar,Campos,UTEZ,E,Mexicana,Dir 54
9484,Hector,Ramirez,Avila,IPN,P,Mexicana,Dir 155
9485,Ruben,Ramos,Gutierrez,UNAM,P,Mexicana,Dir 491
9486,Patricia,Rodriguez,Hernandez,UTEZ,E,Mexicana,Dir 319
9487,Antonio,Lopez,Ramirez,UPMOR,E,Mexicana,Dir 647
9488,Jorge,Escobar,Paredes,UTEZ,E,Mexicana,Dir 293
9489,Rafael,Vega,Lara,UNAM,P,Mexicana,Dir 783
9490,Gerardo,Lopez,Munoz,UNAM,E,Mexicana,Dir 506
9491,Lucia,Dominguez,Maldonado,UPMOR,P,Mexicana,Dir 312
9492,Sofia,Cruz,Castro,UTEZ,E,Mexicana,Dir 239
9493,Carmen,Gomez,Sanchez,UAEM,E,Mexicana,Dir 611
9494,Daniela,Cruz,Mendez,UAEM,E,Mexicana,Dir 138
9495,Rafael,Ramirez,Cruz,ITZ,P,Mexicana,Dir 792
9496,Rosa,Vega,Velazquez,ITZ,P,Mexicana,Dir 50
9497,Adriana,Lopez,Rodriguez,IPN,E,Mexicana,Dir 900
9498,Miguel,Ramos,Garcia,UAEM,P,Mexicana,Dir 438
9499,Margarita,Paredes,Cortes,UAEM,E,Mexicana,Dir 84
9500,Natalia,Paredes,Ruiz,UAEM,P,Mexicana,Dir 195
9501,Susana,Diaz,Cabrera,IPN,E,Mexicana,Dir 365
9502,Gael,Velazquez,Romero,UTEZ,P,Mexicana,Dir 501
9503,Gael,Chavez,Lara,UNAM,E,Mexicana,Dir 464
9504,Gabriela,Flores,Paredes,IPN,P,Mexicana,Dir 888
9505,Diana,Escobar,Rios,UNAM,E,Mexicana,Dir 681
9506,Julio,Hernandez,Campos,ITZ,E,Mexicana,Dir 925
9507,Elena,Espinoza,Medina,UAEM,P,Mexicana,Dir 252
9508,Elena,Rios,Vargas,ITZ,E,Mexicana,Dir 904
9509,Veronica,Medina,Ortiz,UTEZ,P,Mexicana,Dir 482
9510,Jorge,Sosa,Mejia,ITZ,E,Mexicana,Dir 51
9511,Beatriz,Mendoza,Diaz,IPN,P,Mexicana,Dir 565
9512,Martha,Romero,Romero,UTEZ,P,Mexicana,Dir 313
9513,Natalia,Gomez,Rodriguez,UAEM,E,Mexicana,Dir 6
9514,Ana,Gonzalez,Cabrera,ITZ,P,Mexicana,Dir 180
9515,Ruben,Ruiz,Escobar,UPMOR,E,Mexicana,Dir 809
9516,Javier,Mejia,Cordova,UPMOR,E,Mexicana,Dir 143
9517,Laura,Romero,Guzman,UTEZ,E,Mexicana,Dir 139
9518,Rafael,Rojas,Delgado,UAEM,P,Mexicana,Dir 13
9519,Beatriz,Munoz,Cortes,IPN,E,Mexicana,Dir 61
9520,Victor,Gutierrez,Mendez,IPN,P,Mexicana,Dir 759
9521,Roberto,Medina,Munoz,IPN,P,Mexicana,Dir 100
9522,Gabriela,Garza,Mendez,ITZ,E,Mexicana,Dir 514
9523,Fernando,Romero,Gomez,UAEM,E,Mexicana,Dir 138
9524,Valeria,Rodriguez,Garza,IPN,P,Mexicana,Dir 813
9525,Daniela,Navarro,Cruz,UAEM,E,Mexicana,Dir 98
9526,Monica,Paredes,Vega,UTEZ,E,Mexicana,Dir 632
9527,Rumualdo,Maldonado,Perez,UPMOR,P,Mexicana,Dir 207
9528,Rafael,Escobar,Mendez,UTEZ,E,Mexicana,Dir 692
9529,Francisco,Mejia,Maldonado,UPMOR,E,Mexicana,Dir 416
9530,Ricardo,Espinoza,Cervantes,UNAM,P,Mexicana,Dir 950
9531,Martin,Avila,Martinez,IPN,E,Mexicana,Dir 694
9532,Rumualdo,Dominguez,Medina,IPN,E,Mexicana,Dir 500
9533,Julio,Cervantes,Sosa,UNAM,P,Mexicana,Dir 846
9534,Pedro,Mejia,Castillo,ITZ,P,Mexicana,Dir 304
9535,Adriana,Castillo,Gutierrez,UAEM,P,Mexicana,Dir 327
9536,Adriana,Garcia,Velazquez,UNAM,P,Mexicana,Dir 952
9537,Eduardo,Velazquez,Rios,UTEZ,P,Mexicana,Dir 278
9538,Antonio,Vargas,Reyes,UAEM,P,Mexicana,Dir 830
9539,Eduardo,Valencia,Reyes,UTEZ,E,Mexicana,Dir 135
9540,Francisco,Morales,Munoz,UPMOR,P,Mexicana,Dir 14
9541,Miguel,Herrera,Guzman,UTEZ,E,Mexicana,Dir 329
9542,Oscar,Lopez,Cabrera,UNAM,P,Mexicana,Dir 595
9543,Carlos,Espinoza,Munoz,UNAM,P,Mexicana,Dir 549
9544,Gael,Rojas,Morales,UPMOR,E,Mexicana,Dir 647
9545,Paola,Cabrera,Soto,UAEM,E,Mexicana,Dir 327
9546,Rosa,Dominguez,Mejia,ITZ,P,Mexicana,Dir 999
9547,Martin,Escobar,Morales,UAEM,P,Mexicana,Dir 203
9548,Sofia,Garza,Escobar,UNAM,P,Mexicana,Dir 620
9549,Diana,Navarro,Valencia,UAEM,E,Mexicana,Dir 739
9550,Hector,Avila,Lopez,UTEZ,E,Mexicana,Dir 756
9551,Andrea,Sosa,Guzman,UNAM,E,Mexicana,Dir 385
9552,Eduardo,Medina,Cabrera,UPMOR,E,Mexicana,Dir 671
9553,Oscar,Mendez,Silva,UTEZ,E,Mexicana,Dir 301
9554,Victor,Cruz,Ruiz,UTEZ,P,Mexicana,Dir 314
9555,Gerardo,Munoz,Silva,UTEZ,E,Mexicana,Dir 23
9556,Margarita,Rios,Escobar,ITZ,P,Mexicana,Dir 931
9557,Fernando,Velazquez,Bautista,ITZ,P,Mexicana,Dir 631
9558,Javier,Lara,Cordova,IPN,E,Mexicana,Dir 326
9559,Carolina,Avila,Escobar,UAEM,E,Mexicana,Dir 838
9560,Roberto,Silva,Sosa,UAEM,E,Mexicana,Dir 405
9561,Susana,Sanchez,Bautista,UTEZ,P,Mexicana,Dir 477
9562,Hector,Ramirez,Morales,UNAM,P,Mexicana,Dir 146
9563,Carmen,Avila,Romero,UTEZ,P,Mexicana,Dir 811
9564,Diana,Mejia,Delgado,UPMOR,E,Mexicana,Dir 561
9565,Martin,Mejia,Castro,UTEZ,E,Mexicana,Dir 44
9566,Silvia,Valencia,Vega,UNAM,E,Mexicana,Dir 250
9567,Antonio,Sanchez,Garza,UAEM,P,Mexicana,Dir 867
9568,Hector,Herrera,Herrera,UNAM,P,Mexicana,Dir 586
9569,Leticia,Vega,Castillo,UTEZ,P,Mexicana,Dir 898
9570,Daniela,Silva,Cabrera,UTEZ,P,Mexicana,Dir 52
9571,Lucia,Garcia,Dominguez,UAEM,E,Mexicana,Dir 786
9572,Diego,Espinoza,Valencia,ITZ,P,Mexicana,Dir 126
9573,Victor,Lara,Dominguez,UTEZ,E,Mexicana,Dir 724
9574,Claudia,Perez,Perez,UTEZ,E,Mexicana,Dir 817
9575,Lorena,Paredes,Aguilar,UNAM,P,Mexicana,Dir 113
9576,Paola,Avila,Garcia,IPN,E,Mexicana,Dir 218
9577,Rafael,Cruz,Ruiz,UNAM,E,Mexicana,Dir 106
9578,Esteban,Gomez,Cervantes,UNAM,E,Mexicana,Dir 381
9579,Leticia,Gonzalez,Romero,UTEZ,E,Mexicana,Dir 870
9580,Jorge,Munoz,Delgado,UNAM,P,Mexicana,Dir 991
9581,Susana,Silva,Paredes,UNAM,E,Mexicana,Dir 283
9582,Maria,Gonzalez,Vega,UAEM,P,Mexicana,Dir 741
9583,Roberto,Mendez,Diaz,ITZ,E,Mexicana,Dir 375
9584,Daniela,Avila,Avila,ITZ,E,Mexicana,Dir 386
9585,Lucia,Sanchez,Garcia,ITZ,E,Mexicana,Dir 120
9586,Diego,Rojas,Valencia,ITZ,E,Mexicana,Dir 645
9587,Javier,Mendez,Garza,UPMOR,E,Mexicana,Dir 592
9588,Gerardo,Castro,Castro,UAEM,P,Mexicana,Dir 896
9589,Jesus,Paredes,Delgado,UPMOR,P,Mexicana,Dir 46
9590,Hugo,Garcia,Cortes,UNAM,E,Mexicana,Dir 857
9591,Jesus,Gomez,Valencia,UTEZ,E,Mexicana,Dir 243
9592,Beatriz,Herrera,Herrera,UTEZ,P,Mexicana,Dir 585
9593,Luis,Escobar,Hernandez,UAEM,P,Mexicana,Dir 116
9594,Luis,Mendez,Soto,ITZ,E,Mexicana,Dir 841
9595,Gabriela,Castillo,Romero,UPMOR,E,Mexicana,Dir 205
9596,Javier,Ramos,Navarro,UAEM,E,Mexicana,Dir 163
9597,Beatriz,Cervantes,Dominguez,ITZ,E,Mexicana,Dir 448
9598,Claudia,Guzman,Reyes,ITZ,P,Mexicana,Dir 929
9599,Carolina,Delgado,Perez,UAEM,P,Mexicana,Dir 639
9600,Rosa,Vargas,Mendez,UTEZ,P,Mexicana,Dir 368
9601,Raul,Velazquez,Sosa,IPN,E,Mexicana,Dir 182
9602,Raul,Romero,Cortes,UAEM,P,Mexicana,Dir 193
9603,Arturo,Garza,Diaz,UTEZ,P,Mexicana,Dir 291
9604,Gabriela,Vega,Avila,UPMOR,P,Mexicana,Dir 791
9605,Gael,Mendoza,Silva,IPN,E,Mexicana,Dir 166
9606,Martha,Castro,Lopez,UNAM,E,Mexicana,Dir 921
9607,Hector,Chavez,Cruz,UPMOR,P,Mexicana,Dir 564
9608,Diana,Reyes,Romero,UAEM,P,Mexicana,Dir 606
9609,Jose,Martinez,Navarro,UPMOR,E,Mexicana,Dir 753
9610,Rumualdo,Vargas,Diaz,IPN,P,Mexicana,Dir 911
9611,Paola,Morales,Lara,UTEZ,E,Mexicana,Dir 237
9612,Rafael,Delgado,Herrera,ITZ,P,Mexicana,Dir 328
9613,Ruben,Navarro,Paredes,UAEM,P,Mexicana,Dir 608
9614,Paola,Cortes,Soto,IPN,E,Mexicana,Dir 625
9615,Rafael,Espinoza,Rodriguez,IPN,E,Mexicana,Dir 942
9616,Raul,Mejia,Soto,UTEZ,E,Mexicana,Dir 975
9617,Beatriz,Gutierrez,Gomez,ITZ,P,Mexicana,Dir 885
9618,Raul,Vega,Munoz,ITZ,E,Mexicana,Dir 214
9619,Adriana,Salazar,Cabrera,UTEZ,E,Mexicana,Dir 986
9620,Teresa,Cordova,Cervantes,UTEZ,P,Mexicana,Dir 804
9621,Oscar,Castillo,Rojas,ITZ,P,Mexicana,Dir 324
9622,Fernando,Navarro,Navarro,UAEM,P,Mexicana,Dir 800
9623,Natalia,Cortes,Sanchez,ITZ,E,Mexicana,Dir 133
9624,Francisco,Flores,Gutierrez,UNAM,P,Mexicana,Dir 253
9625,Luis,Gonzalez,Martinez,UPMOR,P,Mexicana,Dir 373
9626,Maria,Gonzalez,Lara,ITZ,E,Mexicana,Dir 662
9627,Arturo,Aguilar,Guzman,UPMOR,E,Mexicana,Dir 730
9628,Gael,Cortes,Ortiz,UTEZ,P,Mexicana,Dir 558
9629,Luis,Cruz,Maldonado,UTEZ,E,Mexicana,Dir 268
9630,Diana,Cordova,Paredes,UPMOR,P,Mexicana,Dir 794
9631,Rosa,Gutierrez,Aguilar,UPMOR,E,Mexicana,Dir 37
9632,Elena,Munoz,Campos,UNAM,E,Mexicana,Dir 970
9633,Luis,Flores,Hernandez,IPN,E,Mexicana,Dir 233
9634,Daniela,Cabrera,Diaz,IPN,E,Mexicana,Dir 925
9635,Margarita,Espinoza,Vargas,UAEM,E,Mexicana,Dir 643
9636,Carmen,Dominguez,Munoz,UAEM,E,Mexicana,Dir 953
9637,Gabriela,Reyes,Ramirez,UAEM,P,Mexicana,Dir 711
9638,Teresa,Cordova,Espinoza,UTEZ,E,Mexicana,Dir 454
9639,Raul,Ruiz,Garza,UTEZ,P,Mexicana,Dir 116
9640,Maria,Valencia,Vega,UAEM,P,Mexicana,Dir 716
9641,Carmen,Sanchez,Medina,UAEM,E,Mexicana,Dir 565
9642,Javier,Avila,Garcia,UPMOR,E,Mexicana,Dir 623
9643,Hugo,Hernandez,Cervantes,UNAM,P,Mexicana,Dir 886
9644,Leticia,Cortes,Lopez,UAEM,E,Mexicana,Dir 15
9645,Daniela,Rios,Maldonado,IPN,E,Mexicana,Dir 827
9646,Silvia,Castillo,Soto,IPN,P,Mexicana,Dir 194
9647,Sofia,Silva,Flores,UNAM,E,Mexicana,Dir 6
9648,Julio,Perez,Gutierrez,ITZ,P,Mexicana,Dir 204
9649,Veronica,Sosa,Castillo,UPMOR,E,Mexicana,Dir 581
9650,Paola,Garza,Rios,UAEM,P,Mexicana,Dir 29
9651,Raul,Paredes,Delgado,UAEM,E,Mexicana,Dir 271
9652,Jose,Salazar,Delgado,UAEM,E,Mexicana,Dir 578
9653,Patricia,Velazquez,Gonzalez,IPN,E,Mexicana,Dir 868
9654,Leticia,Lopez,Campos,UAEM,E,Mexicana,Dir 162
9655,Sofia,Castillo,Salazar,IPN,P,Mexicana,Dir 519
9656,Martin,Mendoza,Morales,UAEM,P,Mexicana,Dir 584
9657,Leticia,Escobar,Cabrera,ITZ,E,Mexicana,Dir 579
9658,Adriana,Guzman,Garcia,IPN,P,Mexicana,Dir 204
9659,Manuel,Bautista,Lara,ITZ,E,Mexicana,Dir 522
9660,Jose,Reyes,Castillo,UTEZ,E,Mexicana,Dir 917
9661,Maria,Espinoza,Cervantes,UNAM,E,Mexicana,Dir 63
9662,Jesus,Guzman,Perez,ITZ,P,Mexicana,Dir 541
9663,Laura,Martinez,Gutierrez,UPMOR,P,Mexicana,Dir 354
9664,Arturo,Gomez,Campos,UTEZ,E,Mexicana,Dir 786
9665,Carlos,Campos,Herrera,UPMOR,E,Mexicana,Dir 516
9666,Rumualdo,Cordova,Sosa,IPN,P,Mexicana,Dir 268
9667,Elena,Sosa,Espinoza,UTEZ,P,Mexicana,Dir 995
9668,Gael,Garza,Diaz,UPMOR,P,Mexicana,Dir 311
9669,Ricardo,Ortiz,Cortes,UNAM,E,Mexicana,Dir 678
9670,Gerardo,Gonzalez,Delgado,ITZ,E,Mexicana,Dir 458
9671,Jesus,Gomez,Cabrera,UPMOR,E,Mexicana,Dir 333
9672,Jose,Paredes,Bautista,UPMOR,P,Mexicana,Dir 666
9673,Teresa,Herrera,Garcia,ITZ,P,Mexicana,Dir 920
9674,Claudia,Gonzalez,Chavez,UPMOR,P,Mexicana,Dir 468
9675,Diana,Romero,Ramirez,UAEM,P,Mexicana,Dir 470
9676,Lorena,Aguilar,Bautista,UNAM,P,Mexicana,Dir 759
9677,Margarita,Medina,Garza,UPMOR,E,Mexicana,Dir 308
9678,Jorge,Morales,Cruz,UAEM,P,Mexicana,Dir 968
9679,Silvia,Ruiz,Bautista,IPN,P,Mexicana,Dir 410
9680,Carlos,Castro,Reyes,UPMOR,E,Mexicana,Dir 168
9681,Martin,Cruz,Flores,ITZ,P,Mexicana,Dir 153
9682,Lorena,Dominguez,Gutierrez,IPN,P,Mexicana,Dir 704
9683,Claudia,Garza,Rojas,UTEZ,P,Mexicana,Dir 793
9684,Diego,Chavez,Campos,UTEZ,P,Mexicana,Dir 381
9685,Sofia,Cervantes,Gutierrez,ITZ,P,Mexicana,Dir 327
9686,Raul,Martinez,Soto,UNAM,E,Mexicana,Dir 797
9687,Jorge,Soto,Rodriguez,UTEZ,P,Mexicana,Dir 171
9688,Paola,Ortiz,Lopez,UTEZ,E,Mexicana,Dir 579
9689,Andrea,Velazquez,Ramos,IPN,P,Mexicana,Dir 595
9690,Paola,Cervantes,Gutierrez,UNAM,E,Mexicana,Dir 604
9691,Hugo,Cabrera,Cervantes,UTEZ,P,Mexicana,Dir 347
9692,Gabriela,Mendoza,Munoz,IPN,P,Mexicana,Dir 841
9693,Martha,Perez,Ramos,ITZ,E,Mexicana,Dir 453
9694,Jorge,Vega,Navarro,UPMOR,P,Mexicana,Dir 162
9695,Leticia,Lara,Diaz,UPMOR,P,Mexicana,Dir 853
9696,Ana,Soto,Cervantes,ITZ,E,Mexicana,Dir 418
9697,Javier,Herrera,Lopez,UNAM,P,Mexicana,Dir 170
9698,Martha,Reyes,Guzman,UTEZ,P,Mexicana,Dir 28
9699,Ana,Aguilar,Silva,UPMOR,E,Mexicana,Dir 41
9700,Natalia,Reyes,Bautista,UTEZ,P,Mexicana,Dir 278
9701,Elena,Dominguez,Mendez,ITZ,P,Mexicana,Dir 550
9702,Carlos,Valencia,Cervantes,UAEM,P,Mexicana,Dir 686
9703,Diana,Garza,Hernandez,ITZ,E,Mexicana,Dir 390
9704,Francisco,Chavez,Mendoza,ITZ,E,Mexicana,Dir 457
9705,Manuel,Cabrera,Hernandez,UPMOR,P,Mexicana,Dir 952
9706,Paola,Silva,Ramos,UNAM,E,Mexicana,Dir 332
9707,Rumualdo,Martinez,Velazquez,UTEZ,P,Mexicana,Dir 382
9708,Patricia,Cervantes,Lara,UNAM,P,Mexicana,Dir 297
9709,Sofia,Maldonado,Medina,UTEZ,P,Mexicana,Dir 780
9710,Miguel,Mendoza,Ruiz,UPMOR,E,Mexicana,Dir 769
9711,Valeria,Guzman,Munoz,UTEZ,P,Mexicana,Dir 180
9712,Margarita,Bautista,Rodriguez,IPN,P,Mexicana,Dir 551
9713,Hector,Mendoza,Rios,ITZ,E,Mexicana,Dir 591
9714,Daniela,Navarro,Lara,ITZ,P,Mexicana,Dir 889
9715,Gerardo,Mejia,Castro,ITZ,P,Mexicana,Dir 318
9716,Hugo,Cordova,Mendez,UTEZ,P,Mexicana,Dir 210
9717,Gerardo,Gomez,Avila,UAEM,E,Mexicana,Dir 345
9718,Carolina,Campos,Mendez,UNAM,E,Mexicana,Dir 754
9719,Ana,Gutierrez,Munoz,ITZ,E,Mexicana,Dir 906
9720,Ricardo,Reyes,Martinez,UNAM,P,Mexicana,Dir 853
9721,Martin,Garcia,Gutierrez,UNAM,P,Mexicana,Dir 149
9722,Eduardo,Diaz,Mendez,ITZ,E,Mexicana,Dir 560
9723,Martin,Morales,Castro,UTEZ,P,Mexicana,Dir 945
9724,Raul,Cordova,Cabrera,UPMOR,E,Mexicana,Dir 117
9725,Raul,Garza,Sanchez,UPMOR,E,Mexicana,Dir 229
9726,Patricia,Flores,Velazquez,UPMOR,E,Mexicana,Dir 334
9727,Adriana,Campos,Molina,ITZ,P,Mexicana,Dir 56
9728,Ana,Lopez,Rios,UPMOR,P,Mexicana,Dir 230
9729,Teresa,Avila,Castillo,ITZ,P,Mexicana,Dir 780
9730,Jesus,Ortiz,Dominguez,UTEZ,P,Mexicana,Dir 114
9731,Rosa,Rios,Garcia,UPMOR,E,Mexicana,Dir 11
9732,Natalia,Mendoza,Mejia,UNAM,E,Mexicana,Dir 693
9733,Oscar,Vega,Valencia,UTEZ,E,Mexicana,Dir 999
9734,Manuel,Gomez,Chavez,UPMOR,P,Mexicana,Dir 818
9735,Esteban,Ruiz,Castillo,UAEM,P,Mexicana,Dir 101
9736,Carlos,Ramos,Ortiz,UTEZ,P,Mexicana,Dir 124
9737,Francisco,Rojas,Gonzalez,UPMOR,E,Mexicana,Dir 175
9738,Margarita,Rios,Espinoza,ITZ,P,Mexicana,Dir 17
9739,Rafael,Chavez,Escobar,UTEZ,P,Mexicana,Dir 784
9740,Fernando,Vega,Guzman,ITZ,E,Mexicana,Dir 1
9741,Margarita,Gonzalez,Perez,UPMOR,P,Mexicana,Dir 624
9742,Andrea,Rojas,Herrera,UPMOR,P,Mexicana,Dir 524
9743,Natalia,Ruiz,Castillo,IPN,E,Mexicana,Dir 631
9744,Javier,Mendoza,Ortiz,UTEZ,E,Mexicana,Dir 662
9745,Silvia,Garza,Herrera,IPN,E,Mexicana,Dir 588
9746,Margarita,Velazquez,Mendez,IPN,P,Mexicana,Dir 847
9747,Sofia,Perez,Lopez,IPN,E,Mexicana,Dir 74
9748,Carlos,Munoz,Munoz,IPN,P,Mexicana,Dir 755
9749,Claudia,Cordova,Vega,UTEZ,P,Mexicana,Dir 168
9750,Carolina,Rios,Cortes,UTEZ,E,Mexicana,Dir 855
9751,Patricia,Hernandez,Valencia,UAEM,P,Mexicana,Dir 947
9752,Diego,Garza,Mejia,UTEZ,E,Mexicana,Dir 72
9753,Roberto,Valencia,Mendez,UPMOR,P,Mexicana,Dir 578
9754,Martin,Munoz,Cortes,UNAM,E,Mexicana,Dir 764
9755,Luis,Martinez,Ortiz,UNAM,P,Mexicana,Dir 120
9756,Jorge,Guzman,Espinoza,UPMOR,P,Mexicana,Dir 93
9757,Miguel,Rojas,Vega,UPMOR,P,Mexicana,Dir 899
9758,Oscar,Ramos,Munoz,UPMOR,E,Mexicana,Dir 800
9759,Sofia,Delgado,Gomez,UPMOR,P,Mexicana,Dir 55
9760,Leticia,Lopez,Campos,UNAM,E,Mexicana,Dir 971
9761,Martin,Lopez,Mendez,UNAM,P,Mexicana,Dir 342
9762,Miguel,Guzman,Campos,UAEM,E,Mexicana,Dir 61
9763,Beatriz,Lopez,Cabrera,IPN,E,Mexicana,Dir 252
9764,Martha,Chavez,Garza,ITZ,E,Mexicana,Dir 894
9765,Lorena,Rios,Rojas,UAEM,E,Mexicana,Dir 360
9766,Elena,Chavez,Escobar,IPN,P,Mexicana,Dir 280
9767,Francisco,Aguilar,Vega,UAEM,P,Mexicana,Dir 20
9768,Carolina,Delgado,Salazar,UAEM,E,Mexicana,Dir 246
9769,Leticia,Gomez,Silva,UPMOR,P,Mexicana,Dir 960
9770,Manuel,Lopez,Campos,ITZ,P,Mexicana,Dir 110
9771,Eduardo,Vargas,Silva,UNAM,P,Mexicana,Dir 370
9772,Susana,Gutierrez,Cervantes,UAEM,P,Mexicana,Dir 81
9773,Victor,Cervantes,Ramos,ITZ,P,Mexicana,Dir 200
9774,Raul,Espinoza,Vega,UAEM,E,Mexicana,Dir 931
9775,Lucia,Romero,Hernandez,IPN,P,Mexicana,Dir 345
9776,Claudia,Cabrera,Dominguez,UTEZ,P,Mexicana,Dir 596
9777,Luis,Rojas,Morales,UNAM,P,Mexicana,Dir 997
9778,Raul,Maldonado,Ramos,UPMOR,E,Mexicana,Dir 376
9779,Susana,Cervantes,Vega,UPMOR,P,Mexicana,Dir 50
9780,Javier,Garcia,Vargas,ITZ,E,Mexicana,Dir 978
9781,Roberto,Navarro,Lara,IPN,E,Mexicana,Dir 749
9782,Elena,Rojas,Valencia,ITZ,P,Mexicana,Dir 657
9783,Victor,Cervantes,Ramirez,IPN,P,Mexicana,Dir 821
9784,Rosa,Gutierrez,Ortiz,UNAM,P,Mexicana,Dir 798
9785,Rumualdo,Escobar,Sanchez,UPMOR,P,Mexicana,Dir 554
9786,Adriana,Velazquez,Salazar,UNAM,E,Mexicana,Dir 812
9787,Elena,Mejia,Mendoza,UAEM,E,Mexicana,Dir 420
9788,Adriana,Castro,Castillo,IPN,P,Mexicana,Dir 667
9789,Rafael,Velazquez,Cervantes,ITZ,P,Mexicana,Dir 669
9790,Alejandro,Vargas,Reyes,UAEM,E,Mexicana,Dir 720
9791,Raul,Vargas,Garza,ITZ,E,Mexicana,Dir 202
9792,Gerardo,Morales,Reyes,UNAM,E,Mexicana,Dir 535
9793,Victor,Cervantes,Dominguez,UTEZ,P,Mexicana,Dir 638
9794,Margarita,Perez,Rodriguez,IPN,E,Mexicana,Dir 551
9795,Leticia,Rojas,Gonzalez,ITZ,E,Mexicana,Dir 788
9796,Lorena,Navarro,Aguilar,UNAM,P,Mexicana,Dir 818
9797,Carmen,Cruz,Bautista,ITZ,E,Mexicana,Dir 307
9798,Carmen,Sosa,Valencia,UPMOR,P,Mexicana,Dir 966
9799,Lucia,Mejia,Garza,UAEM,E,Mexicana,Dir 447
9800,Rumualdo,Munoz,Herrera,ITZ,E,Mexicana,Dir 420
9801,Victor,Herrera,Munoz,UAEM,P,Mexicana,Dir 266
9802,Rumualdo,Dominguez,Dominguez,IPN,P,Mexicana,Dir 307
9803,Valeria,Bautista,Bautista,UAEM,P,Mexicana,Dir 851
9804,Valeria,Ruiz,Aguilar,UNAM,E,Mexicana,Dir 336
9805,Miguel,Castro,Chavez,ITZ,P,Mexicana,Dir 114
9806,Eduardo,Gonzalez,Velazquez,UTEZ,P,Mexicana,Dir 299
9807,Martin,Gonzalez,Cordova,UNAM,E,Mexicana,Dir 599
9808,Laura,Molina,Avila,UAEM,P,Mexicana,Dir 853
9809,Sofia,Morales,Castro,UTEZ,E,Mexicana,Dir 725
9810,Elena,Cabrera,Mendoza,IPN,E,Mexicana,Dir 629
9811,Jorge,Molina,Aguilar,UTEZ,E,Mexicana,Dir 605
9812,Monica,Guzman,Escobar,UTEZ,P,Mexicana,Dir 945
9813,Elena,Espinoza,Garcia,UNAM,E,Mexicana,Dir 100
9814,Patricia,Cabrera,Rojas,UTEZ,E,Mexicana,Dir 693
9815,Beatriz,Sosa,Navarro,UPMOR,P,Mexicana,Dir 958
9816,Carlos,Ortiz,Mejia,UAEM,P,Mexicana,Dir 65
9817,Sofia,Gonzalez,Lopez,UNAM,P,Mexicana,Dir 303
9818,Rumualdo,Romero,Garza,UAEM,E,Mexicana,Dir 269
9819,Gabriela,Delgado,Mejia,UNAM,P,Mexicana,Dir 22
9820,Manuel,Cortes,Avila,UAEM,E,Mexicana,Dir 905
9821,Gael,Garza,Cruz,IPN,E,Mexicana,Dir 858
9822,Manuel,Morales,Lopez,UPMOR,E,Mexicana,Dir 200
9823,Natalia,Perez,Dominguez,UTEZ,P,Mexicana,Dir 519
9824,Alejandro,Silva,Gonzalez,UTEZ,E,Mexicana,Dir 138
9825,Margarita,Perez,Gomez,UPMOR,E,Mexicana,Dir 777
9826,Teresa,Soto,Sanchez,ITZ,P,Mexicana,Dir 375
9827,Roberto,Rodriguez,Mejia,ITZ,P,Mexicana,Dir 164
9828,Diana,Mendoza,Martinez,UAEM,E,Mexicana,Dir 446
9829,Diego,Campos,Castro,UAEM,P,Mexicana,Dir 701
9830,Ricardo,Guzman,Cortes,UNAM,P,Mexicana,Dir 515
9831,Eduardo,Lopez,Romero,UPMOR,E,Mexicana,Dir 506
9832,Valeria,Romero,Herrera,IPN,E,Mexicana,Dir 175
9833,Javier,Castro,Guzman,IPN,P,Mexicana,Dir 657
9834,Teresa,Maldonado,Cordova,UTEZ,P,Mexicana,Dir 361
9835,Miguel,Hernandez,Aguilar,UTEZ,P,Mexicana,Dir 961
9836,Leticia,Castillo,Mejia,UTEZ,E,Mexicana,Dir 461
9837,Gabriela,Mendez,Cortes,ITZ,P,Mexicana,Dir 93
9838,Teresa,Garza,Cruz,IPN,P,Mexicana,Dir 654
9839,Paola,Chavez,Medina,IPN,P,Mexicana,Dir 368
9840,Beatriz,Reyes,Castillo,IPN,P,Mexicana,Dir 803
9841,Rosa,Mendez,Morales,IPN,E,Mexicana,Dir 511
9842,Gerardo,Lara,Espinoza,UAEM,P,Mexicana,Dir 589
9843,Gabriela,Rios,Silva,UNAM,P,Mexicana,Dir 732
9844,Daniela,Paredes,Delgado,UNAM,P,Mexicana,Dir 166
9845,Carlos,Martinez,Chavez,UNAM,E,Mexicana,Dir 430
9846,Natalia,Salazar,Gomez,UAEM,P,Mexicana,Dir 373
9847,Ruben,Hernandez,Castillo,UPMOR,P,Mexicana,Dir 369
9848,Natalia,Castro,Rojas,UNAM,E,Mexicana,Dir 699
9849,Hector,Gutierrez,Romero,ITZ,P,Mexicana,Dir 744
9850,Elena,Mendez,Rodriguez,UPMOR,P,Mexicana,Dir 610
9851,Roberto,Chavez,Chavez,UTEZ,P,Mexicana,Dir 135
9852,Paola,Molina,Rodriguez,IPN,E,Mexicana,Dir 614
9853,Hector,Reyes,Garza,UAEM,E,Mexicana,Dir 535
9854,Carolina,Delgado,Mendez,ITZ,P,Mexicana,Dir 851
9855,Eduardo,Campos,Reyes,ITZ,P,Mexicana,Dir 416
9856,Jose,Soto,Gomez,UNAM,E,Mexicana,Dir 242
9857,Monica,Valencia,Rios,IPN,P,Mexicana,Dir 496
9858,Claudia,Reyes,Navarro,ITZ,E,Mexicana,Dir 424
9859,Teresa,Molina,Escobar,UTEZ,E,Mexicana,Dir 295
9860,Monica,Navarro,Gutierrez,IPN,E,Mexicana,Dir 36
9861,Susana,Gutierrez,Avila,UNAM,P,Mexicana,Dir 500
9862,Laura,Reyes,Gutierrez,UPMOR,E,Mexicana,Dir 103
9863,Paola,Garcia,Ruiz,ITZ,E,Mexicana,Dir 499
9864,Javier,Guzman,Bautista,UTEZ,P,Mexicana,Dir 139
9865,Monica,Gomez,Rodriguez,UPMOR,E,Mexicana,Dir 425
9866,Diego,Reyes,Lopez,IPN,E,Mexicana,Dir 726
9867,Miguel,Rios,Cervantes,UAEM,E,Mexicana,Dir 577
9868,Diego,Garcia,Herrera,UPMOR,E,Mexicana,Dir 737
9869,Natalia,Garza,Garza,UAEM,E,Mexicana,Dir 551
9870,Ricardo,Sanchez,Aguilar,UAEM,E,Mexicana,Dir 887
9871,Gerardo,Hernandez,Molina,UAEM,P,Mexicana,Dir 949
9872,Patricia,Mejia,Hernandez,UNAM,P,Mexicana,Dir 768
9873,Monica,Ruiz,Mejia,IPN,E,Mexicana,Dir 201
9874,Natalia,Gutierrez,Guzman,UTEZ,P,Mexicana,Dir 315
9875,Jesus,Molina,Avila,UPMOR,P,Mexicana,Dir 131
9876,Valeria,Avila,Avila,UAEM,P,Mexicana,Dir 873
9877,Carolina,Sanchez,Campos,UTEZ,E,Mexicana,Dir 738
9878,Andrea,Cortes,Lopez,UNAM,P,Mexicana,Dir 177
9879,Javier,Vega,Cruz,UNAM,E,Mexicana,Dir 165
9880,Paola,Guzman,Vargas,UTEZ,P,Mexicana,Dir 915
9881,Martin,Munoz,Velazquez,UTEZ,E,Mexicana,Dir 782
9882,Oscar,Gutierrez,Escobar,UNAM,E,Mexicana,Dir 233
9883,Maria,Diaz,Mendoza,IPN,P,Mexicana,Dir 166
9884,Silvia,Ortiz,Navarro,ITZ,E,Mexicana,Dir 128
9885,Daniela,Cervantes,Cabrera,UNAM,P,Mexicana,Dir 178
9886,Eduardo,Martinez,Herrera,UPMOR,P,Mexicana,Dir 781
9887,Gerardo,Soto,Aguilar,ITZ,P,Mexicana,Dir 344
9888,Patricia,Paredes,Avila,UTEZ,E,Mexicana,Dir 187
9889,Beatriz,Mendoza,Romero,IPN,P,Mexicana,Dir 232
9890,Beatriz,Lara,Munoz,UAEM,E,Mexicana,Dir 648
9891,Carmen,Bautista,Munoz,UAEM,E,Mexicana,Dir 323
9892,Lorena,Molina,Aguilar,UTEZ,E,Mexicana,Dir 832
9893,Luis,Delgado,Salazar,UNAM,P,Mexicana,Dir 898
9894,Carlos,Cordova,Aguilar,UPMOR,E,Mexicana,Dir 109
9895,Veronica,Lopez,Espinoza,UTEZ,P,Mexicana,Dir 394
9896,Daniela,Gomez,Garza,UTEZ,E,Mexicana,Dir 639
9897,Beatriz,Espinoza,Cervantes,ITZ,E,Mexicana,Dir 277
9898,Rosa,Soto,Maldonado,UAEM,P,Mexicana,Dir 220
9899,Rumualdo,Cordova,Medina,ITZ,P,Mexicana,Dir 874
9900,Diego,Castro,Flores,UTEZ,E,Mexicana,Dir 140
9901,Francisco,Vargas,Garza,UPMOR,P,Mexicana,Dir 903
9902,Monica,Gomez,Flores,ITZ,P,Mexicana,Dir 817
9903,Rosa,Ramirez,Castro,UNAM,E,Mexicana,Dir 538
9904,Adriana,Ramos,Castillo,UPMOR,P,Mexicana,Dir 229
9905,Maria,Medina,Castillo,UPMOR,P,Mexicana,Dir 37
9906,Manuel,Sosa,Aguilar,ITZ,P,Mexicana,Dir 668
9907,Martha,Herrera,Bautista,UAEM,P,Mexicana,Dir 860
9908,Ruben,Guzman,Hernandez,IPN,P,Mexicana,Dir 893
9909,Susana,Morales,Campos,UTEZ,P,Mexicana,Dir 568
9910,Roberto,Castillo,Herrera,ITZ,E,Mexicana,Dir 1000
9911,Martin,Morales,Molina,ITZ,E,Mexicana,Dir 929
9912,Diego,Rios,Hernandez,UNAM,P,Mexicana,Dir 193
9913,Lorena,Mendez,Cortes,IPN,E,Mexicana,Dir 609
9914,Natalia,Flores,Lara,UNAM,P,Mexicana,Dir 226
9915,Luis,Munoz,Cortes,ITZ,P,Mexicana,Dir 571
9916,Rafael,Gonzalez,Rodriguez,UPMOR,E,Mexicana,Dir 946
9917,Rosa,Munoz,Herrera,IPN,P,Mexicana,Dir 638
9918,Alejandro,Castro,Guzman,UAEM,P,Mexicana,Dir 637
9919,Ruben,Mejia,Cervantes,UPMOR,P,Mexicana,Dir 58
9920,Monica,Navarro,Silva,UNAM,E,Mexicana,Dir 669
9921,Rumualdo,Garza,Sosa,UTEZ,P,Mexicana,Dir 440
9922,Teresa,Sanchez,Guzman,UPMOR,E,Mexicana,Dir 72
9923,Manuel,Martinez,Ramirez,UTEZ,E,Mexicana,Dir 374
9924,Monica,Rodriguez,Garza,IPN,P,Mexicana,Dir 696
9925,Natalia,Mejia,Perez,IPN,P,Mexicana,Dir 934
9926,Pedro,Navarro,Gomez,UPMOR,E,Mexicana,Dir 282
9927,Teresa,Vargas,Aguilar,IPN,P,Mexicana,Dir 110
9928,Fernando,Aguilar,Cortes,UPMOR,E,Mexicana,Dir 120
9929,Laura,Ramos,Rojas,ITZ,E,Mexicana,Dir 288
9930,Martin,Guzman,Mendoza,UAEM,E,Mexicana,Dir 405
9931,Monica,Sosa,Maldonado,UPMOR,P,Mexicana,Dir 972
9932,Carlos,Vargas,Silva,ITZ,P,Mexicana,Dir 735
9933,Laura,Maldonado,Cordova,ITZ,P,Mexicana,Dir 148
9934,Maria,Cordova,Flores,IPN,E,Mexicana,Dir 44
9935,Leticia,Gutierrez,Gutierrez,UAEM,E,Mexicana,Dir 364
9936,Carmen,Rios,Cervantes,IPN,E,Mexicana,Dir 467
9937,Veronica,Martinez,Rojas,UTEZ,P,Mexicana,Dir 78
9938,Monica,Herrera,Cruz,ITZ,P,Mexicana,Dir 53
9939,Ana,Salazar,Valencia,IPN,P,Mexicana,Dir 422
9940,Raul,Mendez,Chavez,UNAM,P,Mexicana,Dir 945
9941,Margarita,Mendez,Morales,UTEZ,E,Mexicana,Dir 132
9942,Esteban,Cortes,Garcia,UAEM,E,Mexicana,Dir 575
9943,Diana,Molina,Guzman,UTEZ,P,Mexicana,Dir 424
9944,Jorge,Romero,Flores,ITZ,E,Mexicana,Dir 165
9945,Carlos,Lopez,Diaz,ITZ,E,Mexicana,Dir 208
9946,Sofia,Diaz,Salazar,IPN,E,Mexicana,Dir 777
9947,Ana,Martinez,Mendez,UNAM,P,Mexicana,Dir 203
9948,Monica,Salazar,Mejia,UAEM,P,Mexicana,Dir 799
9949,Oscar,Ortiz,Valencia,UPMOR,E,Mexicana,Dir 790
9950,Rumualdo,Cordova,Romero,IPN,E,Mexicana,Dir 539
9951,Jorge,Campos,Guzman,UNAM,P,Mexicana,Dir 867
9952,Diego,Vargas,Navarro,UNAM,P,Mexicana,Dir 234
9953,Gabriela,Munoz,Navarro,IPN,P,Mexicana,Dir 832
9954,Javier,Lara,Flores,UAEM,P,Mexicana,Dir 954
9955,Pedro,Cortes,Bautista,UTEZ,E,Mexicana,Dir 715
9956,Diego,Hernandez,Martinez,IPN,P,Mexicana,Dir 992
9957,Andrea,Guzman,Cortes,UTEZ,P,Mexicana,Dir 614
9958,Veronica,Ruiz,Cordova,IPN,P,Mexicana,Dir 692
9959,Gerardo,Cruz,Cabrera,UTEZ,E,Mexicana,Dir 746
9960,Rosa,Mendoza,Maldonado,ITZ,P,Mexicana,Dir 289
9961,Carolina,Campos,Garcia,UTEZ,E,Mexicana,Dir 594
9962,Martin,Cervantes,Rios,IPN,E,Mexicana,Dir 375
9963,Oscar,Garcia,Martinez,UAEM,P,Mexicana,Dir 46
9964,Natalia,Valencia,Guzman,UPMOR,E,Mexicana,Dir 354
9965,Roberto,Navarro,Navarro,UTEZ,P,Mexicana,Dir 898
9966,Jose,Mendoza,Bautista,IPN,E,Mexicana,Dir 69
9967,Gerardo,Ruiz,Aguilar,ITZ,P,Mexicana,Dir 969
9968,Ricardo,Sanchez,Hernandez,ITZ,P,Mexicana,Dir 191
9969,Ruben,Paredes,Gomez,UTEZ,P,Mexicana,Dir 651
9970,Pedro,Gutierrez,Diaz,UNAM,E,Mexicana,Dir 849
9971,Gerardo,Gonzalez,Gutierrez,UPMOR,P,Mexicana,Dir 389
9972,Ana,Escobar,Escobar,UAEM,P,Mexicana,Dir 406
9973,Jose,Delgado,Reyes,UAEM,P,Mexicana,Dir 751
9974,Pedro,Soto,Molina,UTEZ,E,Mexicana,Dir 267
9975,Gabriela,Mejia,Salazar,UNAM,E,Mexicana,Dir 701
9976,Claudia,Guzman,Navarro,UAEM,E,Mexicana,Dir 425
9977,Ricardo,Ortiz,Rojas,UAEM,P,Mexicana,Dir 716
9978,Martha,Ramos,Mendez,UPMOR,E,Mexicana,Dir 283
9979,Jorge,Cabrera,Lara,IPN,P,Mexicana,Dir 876
9980,Sofia,Paredes,Gutierrez,UAEM,E,Mexicana,Dir 479
9981,Paola,Ortiz,Paredes,UAEM,P,Mexicana,Dir 316
9982,Veronica,Guzman,Mendez,UAEM,P,Mexicana,Dir 918
9983,Adriana,Silva,Garza,UTEZ,P,Mexicana,Dir 42
9984,Rafael,Lopez,Lopez,UPMOR,E,Mexicana,Dir 768
9985,Rosa,Paredes,Cervantes,UPMOR,P,Mexicana,Dir 17
9986,Adriana,Mejia,Hernandez,IPN,P,Mexicana,Dir 897
9987,Ricardo,Mejia,Dominguez,UPMOR,E,Mexicana,Dir 120
9988,Susana,Perez,Cabrera,UTEZ,E,Mexicana,Dir 353
9989,Victor,Mendoza,Vargas,ITZ,E,Mexicana,Dir 949
9990,Sofia,Castro,Cortes,UPMOR,P,Mexicana,Dir 131
9991,Julio,Gomez,Maldonado,ITZ,P,Mexicana,Dir 389
9992,Carolina,Lopez,Morales,UAEM,E,Mexicana,Dir 569
9993,Ricardo,Campos,Delgado,ITZ,P,Mexicana,Dir 459
9994,Paola,Gutierrez,Medina,UPMOR,P,Mexicana,Dir 888
9995,Gerardo,Aguilar,Lopez,IPN,E,Mexicana,Dir 510
9996,Miguel,Mejia,Munoz,UTEZ,P,Mexicana,Dir 998
9997,Elena,Escobar,Salazar,ITZ,P,Mexicana,Dir 730
9998,Beatriz,Medina,Gomez,ITZ,P,Mexicana,Dir 950
9999,Beatriz,Valencia,Herrera,UTEZ,E,Mexicana,Dir 686
10000,Leticia,Lopez,Salazar,UTEZ,P,Mexicana,Dir 601
10001,Gael,Salazar,Gonzalez,UTEZ,E,Mexicana,Dir 535
10002,Alejandro,Garcia,Castro,UNAM,P,Mexicana,Dir 439
10003,Lucia,Munoz,Reyes,UNAM,E,Mexicana,Dir 338
10004,Luis,Escobar,Paredes,UNAM,P,Mexicana,Dir 678
10005,Jose,Espinoza,Soto,IPN,E,Mexicana,Dir 585
10006,Andrea,Cordova,Perez,IPN,P,Mexicana,Dir 735
10007,Ricardo,Perez,Hernandez,UAEM,E,Mexicana,Dir 426
10008,Paola,Vega,Chavez,UAEM,P,Mexicana,Dir 363
10009,Esteban,Navarro,Cruz,IPN,P,Mexicana,Dir 628
10010,Arturo,Ramos,Bautista,UPMOR,E,Mexicana,Dir 853
10011,Leticia,Dominguez,Molina,UNAM,E,Mexicana,Dir 325
10012,Rosa,Campos,Dominguez,UAEM,P,Mexicana,Dir 551
10013,Lorena,Aguilar,Diaz,UPMOR,E,Mexicana,Dir 127
10014,Carlos,Martinez,Lara,UAEM,P,Mexicana,Dir 635
10015,Sofia,Munoz,Campos,UPMOR,E,Mexicana,Dir 115
10016,Daniela,Dominguez,Delgado,UAEM,E,Mexicana,Dir 996
10017,Esteban,Salazar,Ramirez,UAEM,P,Mexicana,Dir 72
10018,Miguel,Castro,Munoz,ITZ,P,Mexicana,Dir 636
10019,Laura,Hernandez,Cervantes,ITZ,P,Mexicana,Dir 28
10020,Javier,Velazquez,Escobar,UTEZ,E,Mexicana,Dir 44
10021,Claudia,Herrera,Vargas,UAEM,E,Mexicana,Dir 778
10022,Roberto,Cordova,Diaz,UTEZ,P,Mexicana,Dir 52
10023,Miguel,Cordova,Flores,ITZ,E,Mexicana,Dir 145
10024,Francisco,Rojas,Salazar,UAEM,E,Mexicana,Dir 818
10025,Veronica,Escobar,Maldonado,UPMOR,P,Mexicana,Dir 728
10026,Ana,Medina,Cruz,ITZ,E,Mexicana,Dir 691
10027,Ana,Flores,Chavez,UAEM,E,Mexicana,Dir 341
10028,Esteban,Garcia,Munoz,UPMOR,E,Mexicana,Dir 288
10029,Hugo,Paredes,Munoz,UNAM,P,Mexicana,Dir 545
10030,Rafael,Soto,Bautista,UAEM,E,Mexicana,Dir 207
10031,Victor,Gomez,Bautista,UTEZ,P,Mexicana,Dir 273
10032,Ana,Rios,Navarro,UTEZ,E,Mexicana,Dir 628
10033,Patricia,Garza,Medina,UPMOR,P,Mexicana,Dir 975
10034,Esteban,Gomez,Guzman,UNAM,E,Mexicana,Dir 919
10035,Carolina,Ruiz,Vega,IPN,E,Mexicana,Dir 805
10036,Sofia,Molina,Chavez,UPMOR,P,Mexicana,Dir 226
10037,Leticia,Diaz,Gonzalez,IPN,P,Mexicana,Dir 69
10038,Eduardo,Herrera,Sosa,UAEM,P,Mexicana,Dir 631
10039,Carmen,Cortes,Ruiz,ITZ,P,Mexicana,Dir 520
10040,Ana,Rios,Cruz,UTEZ,E,Mexicana,Dir 997
10041,Laura,Gonzalez,Soto,UPMOR,P,Mexicana,Dir 670
10042,Jose,Ramirez,Mendez,ITZ,E,Mexicana,Dir 530
10043,Sofia,Molina,Rios,UAEM,E,Mexicana,Dir 873
10044,Laura,Sosa,Paredes,UAEM,E,Mexicana,Dir 119
10045,Laura,Lara,Rodriguez,IPN,E,Mexicana,Dir 97
10046,Elena,Reyes,Cervantes,ITZ,P,Mexicana,Dir 598
10047,Teresa,Cervantes,Garza,IPN,P,Mexicana,Dir 689
10048,Luis,Castillo,Romero,ITZ,P,Mexicana,Dir 855
10049,Diego,Delgado,Romero,UTEZ,P,Mexicana,Dir 870
10050,Ana,Gutierrez,Lara,UPMOR,E,Mexicana,Dir 872
10051,Lorena,Salazar,Silva,UAEM,E,Mexicana,Dir 220
10052,Maria,Rodriguez,Cruz,UNAM,E,Mexicana,Dir 751
10053,Monica,Sanchez,Herrera,ITZ,P,Mexicana,Dir 907
10054,Fernando,Garza,Navarro,UAEM,E,Mexicana,Dir 920
10055,Susana,Escobar,Cervantes,IPN,P,Mexicana,Dir 790
10056,Hector,Ramirez,Ramirez,UAEM,E,Mexicana,Dir 743
10057,Rafael,Ramirez,Vargas,ITZ,E,Mexicana,Dir 524
10058,Francisco,Molina,Sosa,ITZ,P,Mexicana,Dir 842
10059,Alejandro,Salazar,Gutierrez,ITZ,E,Mexicana,Dir 29
10060,Sofia,Morales,Herrera,UNAM,P,Mexicana,Dir 327
10061,Beatriz,Cruz,Castro,ITZ,P,Mexicana,Dir 94
10062,Ricardo,Ramirez,Sosa,ITZ,E,Mexicana,Dir 991
10063,Teresa,Rios,Delgado,UPMOR,E,Mexicana,Dir 68
10064,Raul,Silva,Cabrera,UAEM,E,Mexicana,Dir 470
10065,Laura,Dominguez,Rojas,ITZ,P,Mexicana,Dir 987
10066,Carolina,Cortes,Garcia,UAEM,E,Mexicana,Dir 906
10067,Teresa,Mendoza,Vargas,UTEZ,P,Mexicana,Dir 944
10068,Sofia,Sosa,Munoz,ITZ,P,Mexicana,Dir 180
10069,Gael,Molina,Hernandez,ITZ,E,Mexicana,Dir 936
10070,Elena,Sanchez,Mendoza,UPMOR,P,Mexicana,Dir 843
10071,Sofia,Paredes,Gomez,UNAM,E,Mexicana,Dir 833
10072,Rosa,Ruiz,Gutierrez,UTEZ,P,Mexicana,Dir 258
10073,Carolina,Gonzalez,Mendez,UTEZ,P,Mexicana,Dir 642
10074,Rumualdo,Vega,Velazquez,IPN,E,Mexicana,Dir 810
10075,Luis,Cabrera,Ramirez,IPN,P,Mexicana,Dir 319
10076,Martha,Castillo,Navarro,UAEM,E,Mexicana,Dir 656
10077,Esteban,Hernandez,Silva,UAEM,E,Mexicana,Dir 107
10078,Martha,Ramos,Vega,UNAM,E,Mexicana,Dir 640
10079,Martha,Rojas,Dominguez,UNAM,P,Mexicana,Dir 224
10080,Sofia,Reyes,Cordova,UAEM,P,Mexicana,Dir 889
10081,Silvia,Herrera,Ramos,UTEZ,P,Mexicana,Dir 432
10082,Silvia,Dominguez,Salazar,ITZ,E,Mexicana,Dir 472
10083,Carmen,Mendez,Martinez,ITZ,E,Mexicana,Dir 114
10084,Daniela,Avila,Dominguez,UAEM,P,Mexicana,Dir 447
10085,Laura,Diaz,Medina,UAEM,P,Mexicana,Dir 482
10086,Manuel,Gomez,Bautista,UNAM,E,Mexicana,Dir 887
10087,Jose,Paredes,Ramirez,ITZ,E,Mexicana,Dir 632
10088,Carolina,Munoz,Salazar,UNAM,P,Mexicana,Dir 742
10089,Gael,Lopez,Maldonado,ITZ,P,Mexicana,Dir 285
10090,Maria,Mejia,Chavez,IPN,E,Mexicana,Dir 119
10091,Manuel,Diaz,Escobar,ITZ,P,Mexicana,Dir 711
10092,Gabriela,Flores,Garcia,UTEZ,P,Mexicana,Dir 904
10093,Esteban,Valencia,Sanchez,UNAM,E,Mexicana,Dir 342
10094,Carmen,Rios,Rojas,UAEM,P,Mexicana,Dir 104
10095,Esteban,Castillo,Ramirez,UTEZ,P,Mexicana,Dir 227
10096,Lorena,Munoz,Valencia,UTEZ,E,Mexicana,Dir 101
10097,Raul,Cabrera,Ruiz,UAEM,P,Mexicana,Dir 953
10098,Leticia,Escobar,Navarro,IPN,E,Mexicana,Dir 820
10099,Monica,Castro,Hernandez,IPN,E,Mexicana,Dir 615
10100,Maria,Paredes,Ortiz,UNAM,E,Mexicana,Dir 679
10101,Margarita,Vega,Molina,UAEM,P,Mexicana,Dir 90
10102,Francisco,Ramirez,Espinoza,UTEZ,P,Mexicana,Dir 986
10103,Javier,Chavez,Gonzalez,ITZ,E,Mexicana,Dir 985
10104,Javier,Morales,Dominguez,UAEM,P,Mexicana,Dir 205
10105,Martin,Soto,Cervantes,IPN,P,Mexicana,Dir 49
10106,Ana,Castro,Gutierrez,UNAM,P,Mexicana,Dir 857
10107,Daniela,Velazquez,Cordova,UNAM,E,Mexicana,Dir 786
10108,Carlos,Valencia,Sosa,UPMOR,E,Mexicana,Dir 79
10109,Hector,Castro,Molina,UPMOR,E,Mexicana,Dir 923
10110,Arturo,Ramos,Dominguez,UNAM,E,Mexicana,Dir 269
10111,Valeria,Cruz,Ramos,ITZ,P,Mexicana,Dir 848
10112,Daniela,Cruz,Campos,UPMOR,P,Mexicana,Dir 43
10113,Esteban,Lara,Sosa,UPMOR,P,Mexicana,Dir 459
10114,Margarita,Castillo,Cortes,UNAM,E,Mexicana,Dir 219
10115,Raul,Flores,Lopez,ITZ,P,Mexicana,Dir 175
10116,Diana,Martinez,Delgado,UPMOR,E,Mexicana,Dir 550
10117,Lorena,Chavez,Lara,UAEM,E,Mexicana,Dir 519
10118,Susana,Cordova,Paredes,UPMOR,E,Mexicana,Dir 842
10119,Adriana,Perez,Flores,UAEM,E,Mexicana,Dir 856
10120,Rosa,Avila,Martinez,UTEZ,P,Mexicana,Dir 274
10121,Hector,Cervantes,Diaz,ITZ,E,Mexicana,Dir 779
10122,Sofia,Munoz,Romero,UNAM,P,Mexicana,Dir 952
10123,Rosa,Flores,Campos,UNAM,P,Mexicana,Dir 190
10124,Martin,Espinoza,Vargas,UTEZ,P,Mexicana,Dir 743
10125,Alejandro,Rios,Soto,UNAM,E,Mexicana,Dir 634
10126,Adriana,Sosa,Espinoza,ITZ,P,Mexicana,Dir 656
10127,Roberto,Chavez,Castillo,UPMOR,P,Mexicana,Dir 256
10128,Susana,Bautista,Dominguez,UTEZ,E,Mexicana,Dir 366
10129,Hector,Garza,Gonzalez,UAEM,P,Mexicana,Dir 786
10130,Leticia,Navarro,Garcia,UAEM,E,Mexicana,Dir 333
10131,Manuel,Medina,Salazar,ITZ,E,Mexicana,Dir 21
10132,Lorena,Soto,Sanchez,UNAM,E,Mexicana,Dir 286
10133,Victor,Vargas,Flores,UAEM,E,Mexicana,Dir 916
10134,Patricia,Herrera,Mendoza,UPMOR,E,Mexicana,Dir 330
10135,Diana,Paredes,Cruz,UNAM,P,Mexicana,Dir 450
10136,Lorena,Flores,Romero,IPN,E,Mexicana,Dir 509
10137,Rumualdo,Mendoza,Avila,UPMOR,E,Mexicana,Dir 950
10138,Gael,Herrera,Velazquez,ITZ,E,Mexicana,Dir 23
10139,Luis,Campos,Guzman,IPN,P,Mexicana,Dir 839
10140,Diana,Delgado,Reyes,ITZ,E,Mexicana,Dir 46
10141,Roberto,Castillo,Maldonado,UTEZ,P,Mexicana,Dir 833
10142,Rumualdo,Cabrera,Velazquez,UTEZ,P,Mexicana,Dir 787
10143,Valeria,Garcia,Mejia,UNAM,E,Mexicana,Dir 862
10144,Rumualdo,Diaz,Cabrera,UAEM,P,Mexicana,Dir 822
10145,Silvia,Cortes,Munoz,UNAM,P,Mexicana,Dir 789
10146,Ruben,Rojas,Hernandez,UAEM,P,Mexicana,Dir 153
10147,Manuel,Ramos,Delgado,UTEZ,E,Mexicana,Dir 496
10148,Alejandro,Romero,Maldonado,ITZ,P,Mexicana,Dir 944
10149,Veronica,Gomez,Rojas,UNAM,P,Mexicana,Dir 138
10150,Ruben,Gutierrez,Romero,UAEM,P,Mexicana,Dir 729
10151,Lucia,Guzman,Martinez,UAEM,P,Mexicana,Dir 532
10152,Margarita,Mendoza,Avila,UNAM,E,Mexicana,Dir 780
10153,Rafael,Reyes,Cervantes,UPMOR,P,Mexicana,Dir 147
10154,Patricia,Munoz,Lopez,UNAM,P,Mexicana,Dir 256
10155,Lucia,Avila,Campos,UAEM,P,Mexicana,Dir 819
10156,Adriana,Lara,Espinoza,IPN,E,Mexicana,Dir 55
10157,Lucia,Bautista,Ruiz,UTEZ,E,Mexicana,Dir 68
10158,Valeria,Aguilar,Morales,UNAM,P,Mexicana,Dir 922
10159,Rafael,Sanchez,Reyes,UAEM,P,Mexicana,Dir 752
10160,Pedro,Ramos,Paredes,UPMOR,E,Mexicana,Dir 853
10161,Veronica,Sosa,Castro,UPMOR,P,Mexicana,Dir 406
10162,Silvia,Lopez,Molina,IPN,P,Mexicana,Dir 314
10163,Sofia,Medina,Vargas,UPMOR,P,Mexicana,Dir 133
10164,Eduardo,Navarro,Mendez,UPMOR,E,Mexicana,Dir 76
10165,Carmen,Ortiz,Navarro,UNAM,E,Mexicana,Dir 909
10166,Rafael,Delgado,Ruiz,UAEM,E,Mexicana,Dir 602
10167,Hugo,Maldonado,Garza,ITZ,E,Mexicana,Dir 193
10168,Hector,Lopez,Gonzalez,UPMOR,E,Mexicana,Dir 56
10169,Veronica,Cruz,Velazquez,UPMOR,E,Mexicana,Dir 37
10170,Rosa,Medina,Munoz,IPN,E,Mexicana,Dir 408
10171,Arturo,Vega,Silva,UAEM,P,Mexicana,Dir 361
10172,Gael,Velazquez,Ramos,UTEZ,E,Mexicana,Dir 596
10173,Claudia,Hernandez,Lara,UNAM,E,Mexicana,Dir 394
10174,Veronica,Romero,Medina,UNAM,E,Mexicana,Dir 994
10175,Carmen,Flores,Ortiz,UAEM,P,Mexicana,Dir 854
10176,Rosa,Bautista,Cortes,UPMOR,E,Mexicana,Dir 608
10177,Jose,Mejia,Garza,UNAM,P,Mexicana,Dir 823
10178,Rosa,Castillo,Rojas,IPN,P,Mexicana,Dir 940
10179,Rosa,Romero,Dominguez,IPN,E,Mexicana,Dir 914
10180,Francisco,Munoz,Perez,UAEM,E,Mexicana,Dir 168
10181,Teresa,Avila,Hernandez,UTEZ,E,Mexicana,Dir 858
10182,Martin,Valencia,Rios,IPN,P,Mexicana,Dir 331
10183,Jose,Rojas,Diaz,IPN,P,Mexicana,Dir 340
10184,Diego,Silva,Cruz,IPN,E,Mexicana,Dir 82
10185,Pedro,Rios,Castillo,UAEM,P,Mexicana,Dir 609
10186,Susana,Escobar,Hernandez,ITZ,P,Mexicana,Dir 96
10187,Rumualdo,Cruz,Gomez,IPN,P,Mexicana,Dir 769
10188,Rumualdo,Valencia,Mendez,ITZ,P,Mexicana,Dir 65
10189,Raul,Medina,Ramirez,UPMOR,E,Mexicana,Dir 445
10190,Ricardo,Bautista,Delgado,UAEM,E,Mexicana,Dir 876
10191,Arturo,Salazar,Ramirez,ITZ,P,Mexicana,Dir 436
10192,Patricia,Herrera,Valencia,IPN,P,Mexicana,Dir 800
10193,Victor,Gutierrez,Ortiz,IPN,E,Mexicana,Dir 485
10194,Julio,Vargas,Ramos,UNAM,P,Mexicana,Dir 44
10195,Antonio,Dominguez,Guzman,ITZ,P,Mexicana,Dir 340
10196,Rumualdo,Salazar,Romero,IPN,E,Mexicana,Dir 1
10197,Gerardo,Hernandez,Escobar,ITZ,P,Mexicana,Dir 521
10198,Carlos,Cabrera,Cabrera,UNAM,E,Mexicana,Dir 438
10199,Arturo,Morales,Campos,UTEZ,P,Mexicana,Dir 411
10200,Beatriz,Gutierrez,Gutierrez,ITZ,E,Mexicana,Dir 820
10201,Martin,Reyes,Campos,IPN,E,Mexicana,Dir 667
10202,Eduardo,Maldonado,Soto,UNAM,E,Mexicana,Dir 410
10203,Adriana,Ramos,Soto,UTEZ,P,Mexicana,Dir 625
10204,Daniela,Valencia,Perez,ITZ,E,Mexicana,Dir 392
10205,Elena,Perez,Gomez,UPMOR,E,Mexicana,Dir 87
10206,Adriana,Munoz,Vega,UNAM,E,Mexicana,Dir 979
10207,Miguel,Aguilar,Paredes,IPN,E,Mexicana,Dir 595
10208,Daniela,Rios,Flores,UNAM,E,Mexicana,Dir 320
10209,Patricia,Garcia,Lara,IPN,P,Mexicana,Dir 297
10210,Carmen,Perez,Lara,UPMOR,E,Mexicana,Dir 38
10211,Gael,Perez,Gonzalez,UPMOR,E,Mexicana,Dir 256
10212,Maria,Gutierrez,Perez,UNAM,E,Mexicana,Dir 854
10213,Rafael,Molina,Garcia,IPN,P,Mexicana,Dir 743
10214,Veronica,Mendoza,Morales,IPN,E,Mexicana,Dir 812
10215,Laura,Vega,Mejia,UPMOR,P,Mexicana,Dir 86
10216,Patricia,Ortiz,Mendoza,UTEZ,E,Mexicana,Dir 229
10217,Manuel,Morales,Salazar,UTEZ,P,Mexicana,Dir 888
10218,Diana,Chavez,Campos,UPMOR,E,Mexicana,Dir 613
10219,Lucia,Navarro,Morales,UTEZ,P,Mexicana,Dir 288
10220,Jorge,Medina,Medina,UTEZ,P,Mexicana,Dir 517
10221,Diana,Cordova,Castro,UTEZ,P,Mexicana,Dir 788
10222,Rafael,Gomez,Morales,UTEZ,E,Mexicana,Dir 214
10223,Valeria,Mendez,Vargas,UNAM,P,Mexicana,Dir 93
10224,Miguel,Gonzalez,Chavez,UNAM,E,Mexicana,Dir 546
10225,Javier,Garcia,Gomez,ITZ,E,Mexicana,Dir 315
10226,Hugo,Hernandez,Escobar,UNAM,P,Mexicana,Dir 420
10227,Gael,Lopez,Ramirez,UAEM,P,Mexicana,Dir 969
10228,Javier,Rojas,Cordova,IPN,P,Mexicana,Dir 821
10229,Paola,Lara,Maldonado,UPMOR,E,Mexicana,Dir 239
10230,Rosa,Garcia,Cortes,IPN,E,Mexicana,Dir 619
10231,Jose,Sanchez,Vega,ITZ,P,Mexicana,Dir 240
10232,Veronica,Flores,Reyes,UTEZ,E,Mexicana,Dir 851
10233,Roberto,Silva,Munoz,IPN,E,Mexicana,Dir 837
10234,Pedro,Castro,Cervantes,ITZ,P,Mexicana,Dir 433
10235,Rosa,Cruz,Navarro,UPMOR,E,Mexicana,Dir 414
10236,Raul,Ortiz,Herrera,ITZ,P,Mexicana,Dir 123
10237,Oscar,Espinoza,Cordova,UTEZ,P,Mexicana,Dir 534
10238,Rosa,Ramos,Molina,UPMOR,P,Mexicana,Dir 225
10239,Carlos,Vega,Vargas,UAEM,E,Mexicana,Dir 56
10240,Maria,Martinez,Maldonado,UPMOR,E,Mexicana,Dir 134
10241,Carmen,Reyes,Bautista,UTEZ,E,Mexicana,Dir 828
10242,Manuel,Cabrera,Bautista,UPMOR,E,Mexicana,Dir 672
10243,Andrea,Rodriguez,Vega,IPN,E,Mexicana,Dir 281
10244,Ricardo,Romero,Mendez,UPMOR,E,Mexicana,Dir 343
10245,Susana,Vargas,Vargas,UNAM,E,Mexicana,Dir 702
10246,Raul,Silva,Cordova,IPN,E,Mexicana,Dir 431
10247,Monica,Escobar,Mejia,IPN,P,Mexicana,Dir 278
10248,Ruben,Gomez,Avila,UPMOR,E,Mexicana,Dir 700
10249,Rafael,Romero,Ramirez,UNAM,E,Mexicana,Dir 85
10250,Jorge,Avila,Delgado,UAEM,E,Mexicana,Dir 525
10251,Luis,Ramirez,Garza,UTEZ,E,Mexicana,Dir 401
10252,Paola,Gonzalez,Ramirez,UTEZ,E,Mexicana,Dir 724
10253,Rafael,Navarro,Castro,IPN,E,Mexicana,Dir 242
10254,Ruben,Vargas,Cortes,UAEM,P,Mexicana,Dir 379
10255,Martha,Gomez,Lopez,IPN,E,Mexicana,Dir 73
10256,Rumualdo,Vargas,Mendez,UAEM,E,Mexicana,Dir 860
10257,Hector,Cortes,Rojas,UPMOR,E,Mexicana,Dir 903
10258,Paola,Gonzalez,Navarro,ITZ,P,Mexicana,Dir 930
10259,Luis,Maldonado,Espinoza,ITZ,E,Mexicana,Dir 278
10260,Natalia,Morales,Paredes,IPN,E,Mexicana,Dir 6
10261,Raul,Romero,Aguilar,ITZ,P,Mexicana,Dir 155
10262,Teresa,Salazar,Vega,IPN,P,Mexicana,Dir 206
10263,Beatriz,Delgado,Cabrera,IPN,E,Mexicana,Dir 893
10264,Paola,Cordova,Romero,IPN,P,Mexicana,Dir 287
10265,Teresa,Dominguez,Diaz,IPN,P,Mexicana,Dir 131
10266,Hugo,Rojas,Delgado,UTEZ,E,Mexicana,Dir 554
10267,Jesus,Rodriguez,Campos,UPMOR,P,Mexicana,Dir 189
10268,Beatriz,Espinoza,Castro,UPMOR,E,Mexicana,Dir 968
10269,Daniela,Avila,Castillo,ITZ,E,Mexicana,Dir 970
10270,Leticia,Campos,Ortiz,UPMOR,E,Mexicana,Dir 808
10271,Teresa,Soto,Silva,UPMOR,P,Mexicana,Dir 585
10272,Alejandro,Cabrera,Vega,UTEZ,P,Mexicana,Dir 307
10273,Daniela,Mejia,Perez,IPN,E,Mexicana,Dir 316
10274,Rafael,Gutierrez,Munoz,UPMOR,P,Mexicana,Dir 894
10275,Julio,Navarro,Espinoza,UPMOR,E,Mexicana,Dir 703
10276,Victor,Castillo,Gomez,UTEZ,P,Mexicana,Dir 288
10277,Ana,Velazquez,Guzman,UPMOR,E,Mexicana,Dir 607
10278,Paola,Chavez,Castillo,UAEM,E,Mexicana,Dir 309
10279,Carlos,Cervantes,Ramos,UPMOR,E,Mexicana,Dir 896
10280,Maria,Silva,Cervantes,UNAM,E,Mexicana,Dir 982
10281,Rafael,Garcia,Flores,UAEM,E,Mexicana,Dir 977
10282,Elena,Lopez,Ramos,ITZ,P,Mexicana,Dir 892
10283,Julio,Rios,Valencia,UPMOR,P,Mexicana,Dir 720
10284,Jesus,Rodriguez,Campos,UAEM,E,Mexicana,Dir 338
10285,Manuel,Rios,Rodriguez,IPN,E,Mexicana,Dir 528
10286,Raul,Mejia,Cervantes,UTEZ,P,Mexicana,Dir 763
10287,Ricardo,Ortiz,Molina,UAEM,P,Mexicana,Dir 788
10288,Miguel,Guzman,Soto,UTEZ,P,Mexicana,Dir 532
10289,Adriana,Sanchez,Munoz,IPN,P,Mexicana,Dir 477
10290,Sofia,Ruiz,Gutierrez,ITZ,E,Mexicana,Dir 545
10291,Roberto,Mendoza,Perez,UPMOR,P,Mexicana,Dir 499
10292,Rafael,Cordova,Aguilar,ITZ,E,Mexicana,Dir 636
10293,Pedro,Valencia,Espinoza,UPMOR,P,Mexicana,Dir 868
10294,Monica,Garcia,Herrera,UTEZ,E,Mexicana,Dir 14
10295,Ricardo,Cervantes,Gonzalez,IPN,P,Mexicana,Dir 77
10296,Alejandro,Lara,Silva,UNAM,P,Mexicana,Dir 586
10297,Patricia,Gutierrez,Bautista,UNAM,P,Mexicana,Dir 947
10298,Andrea,Ortiz,Lopez,UTEZ,E,Mexicana,Dir 730
10299,Hugo,Silva,Lara,UNAM,P,Mexicana,Dir 874
10300,Susana,Sosa,Navarro,ITZ,P,Mexicana,Dir 131
10301,Sofia,Flores,Ramirez,UPMOR,E,Mexicana,Dir 822
10302,Diego,Chavez,Ortiz,UNAM,E,Mexicana,Dir 391
10303,Carlos,Martinez,Rojas,UPMOR,P,Mexicana,Dir 831
10304,Rosa,Flores,Mejia,UNAM,E,Mexicana,Dir 57
10305,Luis,Espinoza,Espinoza,IPN,E,Mexicana,Dir 911
10306,Diego,Cordova,Mejia,UPMOR,P,Mexicana,Dir 834
10307,Hugo,Gutierrez,Garza,UPMOR,P,Mexicana,Dir 75
10308,Margarita,Morales,Delgado,UNAM,P,Mexicana,Dir 618
10309,Antonio,Escobar,Guzman,IPN,P,Mexicana,Dir 938
10310,Lucia,Herrera,Diaz,IPN,E,Mexicana,Dir 88
10311,Laura,Hernandez,Morales,IPN,P,Mexicana,Dir 694
10312,Monica,Salazar,Gonzalez,ITZ,E,Mexicana,Dir 62
10313,Gabriela,Medina,Silva,UPMOR,E,Mexicana,Dir 751
10314,Javier,Aguilar,Delgado,IPN,E,Mexicana,Dir 497
10315,Gael,Gonzalez,Salazar,IPN,P,Mexicana,Dir 501
10316,Esteban,Cervantes,Herrera,UAEM,P,Mexicana,Dir 623
10317,Elena,Molina,Mendez,IPN,P,Mexicana,Dir 417
10318,Maria,Gutierrez,Sanchez,UTEZ,E,Mexicana,Dir 164
10319,Francisco,Cortes,Lopez,UNAM,E,Mexicana,Dir 231
10320,Natalia,Cordova,Mendoza,UTEZ,E,Mexicana,Dir 765
10321,Beatriz,Ortiz,Maldonado,UNAM,P,Mexicana,Dir 604
10322,Diego,Soto,Guzman,UPMOR,E,Mexicana,Dir 611
10323,Rosa,Molina,Garcia,IPN,P,Mexicana,Dir 561
10324,Victor,Campos,Escobar,UNAM,E,Mexicana,Dir 317
10325,Carolina,Espinoza,Ramirez,UPMOR,P,Mexicana,Dir 255
10326,Lorena,Rojas,Maldonado,UPMOR,E,Mexicana,Dir 492
10327,Elena,Cruz,Vega,IPN,P,Mexicana,Dir 852
10328,Martha,Delgado,Navarro,UPMOR,E,Mexicana,Dir 476
10329,Susana,Cruz,Munoz,UTEZ,P,Mexicana,Dir 393
10330,Gabriela,Soto,Lara,ITZ,P,Mexicana,Dir 408
10331,Diana,Cervantes,Ramos,IPN,P,Mexicana,Dir 991
10332,Eduardo,Soto,Maldonado,UTEZ,E,Mexicana,Dir 857
10333,Valeria,Gonzalez,Diaz,UPMOR,E,Mexicana,Dir 689
10334,Antonio,Maldonado,Medina,UAEM,E,Mexicana,Dir 459
10335,Margarita,Mendoza,Martinez,IPN,P,Mexicana,Dir 329
10336,Leticia,Escobar,Vega,UTEZ,E,Mexicana,Dir 746
10337,Martha,Martinez,Cordova,UAEM,P,Mexicana,Dir 227
10338,Eduardo,Lopez,Garcia,UPMOR,P,Mexicana,Dir 263
10339,Monica,Maldonado,Ortiz,ITZ,E,Mexicana,Dir 347
10340,Jorge,Campos,Sosa,UPMOR,E,Mexicana,Dir 971
10341,Teresa,Molina,Gutierrez,UPMOR,P,Mexicana,Dir 717
10342,Diana,Bautista,Delgado,UAEM,E,Mexicana,Dir 344
10343,Adriana,Dominguez,Lara,ITZ,E,Mexicana,Dir 604
10344,Hugo,Castillo,Silva,UNAM,E,Mexicana,Dir 566
10345,Valeria,Romero,Escobar,ITZ,E,Mexicana,Dir 602
10346,Natalia,Escobar,Campos,ITZ,E,Mexicana,Dir 593
10347,Gerardo,Martinez,Cortes,UAEM,E,Mexicana,Dir 867
10348,Laura,Ramirez,Espinoza,UAEM,P,Mexicana,Dir 515
10349,Daniela,Molina,Cruz,UPMOR,E,Mexicana,Dir 513
10350,Patricia,Herrera,Reyes,UNAM,P,Mexicana,Dir 109
10351,Maria,Mendoza,Mendez,UPMOR,P,Mexicana,Dir 660
10352,Daniela,Medina,Ruiz,UAEM,P,Mexicana,Dir 640
10353,Natalia,Aguilar,Bautista,UNAM,P,Mexicana,Dir 980
10354,Gerardo,Hernandez,Ruiz,UTEZ,P,Mexicana,Dir 602
10355,Lorena,Lopez,Rios,ITZ,P,Mexicana,Dir 881
10356,Andrea,Valencia,Castro,IPN,P,Mexicana,Dir 789
10357,Ruben,Soto,Diaz,UNAM,E,Mexicana,Dir 603
10358,Leticia,Gonzalez,Diaz,UAEM,E,Mexicana,Dir 104
10359,Rafael,Gomez,Ortiz,UPMOR,P,Mexicana,Dir 746
10360,Sofia,Vargas,Avila,UTEZ,P,Mexicana,Dir 511
10361,Rafael,Bautista,Romero,ITZ,E,Mexicana,Dir 397
10362,Daniela,Ortiz,Avila,UPMOR,P,Mexicana,Dir 129
10363,Luis,Martinez,Cortes,ITZ,P,Mexicana,Dir 166
10364,Javier,Velazquez,Delgado,UNAM,E,Mexicana,Dir 211
10365,Javier,Gomez,Lopez,UAEM,P,Mexicana,Dir 538
10366,Luis,Delgado,Herrera,UPMOR,E,Mexicana,Dir 763
10367,Paola,Bautista,Reyes,UTEZ,E,Mexicana,Dir 66
10368,Adriana,Escobar,Morales,UNAM,P,Mexicana,Dir 139
10369,Claudia,Mejia,Salazar,IPN,P,Mexicana,Dir 509
10370,Elena,Lara,Reyes,UNAM,P,Mexicana,Dir 840
10371,Manuel,Delgado,Vargas,UNAM,P,Mexicana,Dir 18
10372,Gerardo,Maldonado,Soto,IPN,P,Mexicana,Dir 11
10373,Rumualdo,Rojas,Mendez,IPN,E,Mexicana,Dir 412
10374,Susana,Martinez,Perez,ITZ,E,Mexicana,Dir 539
10375,Pedro,Herrera,Valencia,IPN,P,Mexicana,Dir 713
10376,Esteban,Aguilar,Salazar,UAEM,E,Mexicana,Dir 894
10377,Lucia,Flores,Cervantes,UNAM,P,Mexicana,Dir 53
10378,Martha,Ruiz,Rojas,UNAM,P,Mexicana,Dir 823
10379,Gerardo,Vega,Rios,UPMOR,E,Mexicana,Dir 453
10380,Diana,Paredes,Lopez,UTEZ,E,Mexicana,Dir 975
10381,Sofia,Cortes,Hernandez,ITZ,P,Mexicana,Dir 593
10382,Hugo,Rojas,Bautista,UAEM,P,Mexicana,Dir 192
10383,Arturo,Herrera,Martinez,UPMOR,P,Mexicana,Dir 258
10384,Maria,Maldonado,Bautista,UTEZ,P,Mexicana,Dir 553
10385,Roberto,Dominguez,Cordova,UNAM,E,Mexicana,Dir 711
10386,Veronica,Perez,Campos,UTEZ,P,Mexicana,Dir 999
10387,Francisco,Diaz,Morales,UAEM,E,Mexicana,Dir 23
10388,Margarita,Espinoza,Ramirez,UPMOR,E,Mexicana,Dir 633
10389,Monica,Campos,Ortiz,UNAM,E,Mexicana,Dir 52
10390,Paola,Munoz,Ramos,UAEM,P,Mexicana,Dir 584
10391,Hugo,Diaz,Cordova,UNAM,P,Mexicana,Dir 457
10392,Teresa,Aguilar,Castillo,UTEZ,P,Mexicana,Dir 188
10393,Leticia,Bautista,Garcia,UAEM,P,Mexicana,Dir 52
10394,Hector,Mejia,Flores,ITZ,E,Mexicana,Dir 410
10395,Ricardo,Cruz,Avila,UAEM,P,Mexicana,Dir 942
10396,Laura,Gonzalez,Perez,UNAM,P,Mexicana,Dir 176
10397,Esteban,Gutierrez,Maldonado,ITZ,E,Mexicana,Dir 845
10398,Lucia,Hernandez,Medina,UAEM,P,Mexicana,Dir 64
10399,Adriana,Guzman,Ortiz,UTEZ,E,Mexicana,Dir 4
10400,Martha,Valencia,Molina,UAEM,E,Mexicana,Dir 803
10401,Beatriz,Castillo,Cabrera,UTEZ,P,Mexicana,Dir 853
10402,Esteban,Sanchez,Gomez,UNAM,P,Mexicana,Dir 372
10403,Antonio,Herrera,Soto,ITZ,E,Mexicana,Dir 588
10404,Raul,Rios,Castillo,UPMOR,E,Mexicana,Dir 971
10405,Paola,Escobar,Mendoza,IPN,E,Mexicana,Dir 810
10406,Ruben,Escobar,Soto,UPMOR,E,Mexicana,Dir 607
10407,Andrea,Silva,Ramos,UAEM,E,Mexicana,Dir 807
10408,Teresa,Maldonado,Cruz,UTEZ,P,Mexicana,Dir 584
10409,Gael,Velazquez,Ruiz,ITZ,E,Mexicana,Dir 306
10410,Roberto,Soto,Hernandez,UPMOR,E,Mexicana,Dir 549
10411,Laura,Gutierrez,Cordova,UNAM,P,Mexicana,Dir 749
10412,Andrea,Cervantes,Paredes,UTEZ,P,Mexicana,Dir 974
10413,Beatriz,Romero,Rios,UPMOR,P,Mexicana,Dir 250
10414,Claudia,Navarro,Valencia,UAEM,E,Mexicana,Dir 857
10415,Diego,Flores,Rojas,ITZ,E,Mexicana,Dir 96
10416,Natalia,Sanchez,Delgado,ITZ,E,Mexicana,Dir 251
10417,Arturo,Molina,Rojas,UNAM,E,Mexicana,Dir 203
10418,Andrea,Ramirez,Ruiz,UPMOR,E,Mexicana,Dir 758
10419,Beatriz,Lopez,Gomez,UNAM,E,Mexicana,Dir 35
10420,Teresa,Sosa,Lopez,IPN,E,Mexicana,Dir 545
10421,Miguel,Gonzalez,Munoz,UNAM,E,Mexicana,Dir 263
10422,Diana,Paredes,Lara,UPMOR,E,Mexicana,Dir 300
10423,Esteban,Lopez,Morales,IPN,E,Mexicana,Dir 909
10424,Carolina,Perez,Bautista,UPMOR,E,Mexicana,Dir 503
10425,Valeria,Gutierrez,Paredes,IPN,P,Mexicana,Dir 568
10426,Sofia,Bautista,Mejia,UTEZ,P,Mexicana,Dir 327
10427,Elena,Guzman,Cortes,IPN,P,Mexicana,Dir 296
10428,Raul,Ramos,Ortiz,UAEM,E,Mexicana,Dir 320
10429,Rumualdo,Flores,Guzman,ITZ,P,Mexicana,Dir 851
10430,Carlos,Soto,Paredes,UNAM,E,Mexicana,Dir 371
10431,Rosa,Hernandez,Lara,IPN,E,Mexicana,Dir 318
10432,Laura,Salazar,Guzman,ITZ,P,Mexicana,Dir 430
10433,Julio,Martinez,Delgado,UNAM,P,Mexicana,Dir 192
10434,Daniela,Gutierrez,Avila,ITZ,P,Mexicana,Dir 158
10435,Miguel,Salazar,Reyes,UTEZ,P,Mexicana,Dir 447
10436,Gael,Soto,Chavez,IPN,P,Mexicana,Dir 304
10437,Maria,Ortiz,Paredes,UPMOR,P,Mexicana,Dir 10
10438,Claudia,Diaz,Morales,ITZ,P,Mexicana,Dir 877
10439,Carmen,Silva,Morales,UAEM,P,Mexicana,Dir 56
10440,Carmen,Mendoza,Reyes,UPMOR,E,Mexicana,Dir 829
10441,Ricardo,Chavez,Velazquez,ITZ,E,Mexicana,Dir 613
10442,Martha,Sanchez,Vega,IPN,E,Mexicana,Dir 654
10443,Francisco,Gonzalez,Sosa,ITZ,P,Mexicana,Dir 646
10444,Diego,Velazquez,Cruz,UNAM,P,Mexicana,Dir 21
10445,Andrea,Lopez,Munoz,UPMOR,E,Mexicana,Dir 360
10446,Jorge,Lopez,Cabrera,UPMOR,P,Mexicana,Dir 5
10447,Martha,Gomez,Avila,UTEZ,P,Mexicana,Dir 111
10448,Gabriela,Garza,Martinez,IPN,P,Mexicana,Dir 30
10449,Jorge,Salazar,Campos,ITZ,P,Mexicana,Dir 980
10450,Carolina,Vega,Romero,IPN,P,Mexicana,Dir 880
10451,Raul,Mendoza,Espinoza,UNAM,P,Mexicana,Dir 208
10452,Paola,Avila,Romero,ITZ,E,Mexicana,Dir 136
10453,Esteban,Gonzalez,Gutierrez,UPMOR,P,Mexicana,Dir 391
10454,Teresa,Vargas,Guzman,ITZ,E,Mexicana,Dir 436
10455,Margarita,Navarro,Guzman,UTEZ,P,Mexicana,Dir 328
10456,Gael,Diaz,Gomez,UTEZ,E,Mexicana,Dir 923
10457,Rosa,Rojas,Garza,UNAM,E,Mexicana,Dir 836
10458,Rafael,Vargas,Gutierrez,UNAM,P,Mexicana,Dir 854
10459,Veronica,Mejia,Rojas,UNAM,P,Mexicana,Dir 34
10460,Diego,Navarro,Romero,IPN,E,Mexicana,Dir 128
10461,Hugo,Mendez,Maldonado,IPN,E,Mexicana,Dir 88
10462,Gabriela,Navarro,Campos,UAEM,P,Mexicana,Dir 34
10463,Elena,Hernandez,Garza,IPN,P,Mexicana,Dir 121
10464,Miguel,Mendez,Chavez,UAEM,P,Mexicana,Dir 708
10465,Laura,Valencia,Velazquez,ITZ,P,Mexicana,Dir 638
10466,Carmen,Ramirez,Ramos,UAEM,E,Mexicana,Dir 14
10467,Teresa,Mendoza,Garza,UTEZ,P,Mexicana,Dir 773
10468,Diego,Maldonado,Maldonado,UAEM,P,Mexicana,Dir 670
10469,Ana,Cruz,Chavez,IPN,E,Mexicana,Dir 762
10470,Rafael,Cruz,Flores,UAEM,P,Mexicana,Dir 22
10471,Maria,Mendoza,Cervantes,UNAM,P,Mexicana,Dir 391
10472,Victor,Valencia,Escobar,UNAM,E,Mexicana,Dir 858
10473,Luis,Reyes,Aguilar,UPMOR,P,Mexicana,Dir 300
10474,Martin,Gomez,Mejia,UPMOR,P,Mexicana,Dir 115
10475,Margarita,Cruz,Ramos,IPN,E,Mexicana,Dir 278
10476,Ricardo,Munoz,Romero,UPMOR,P,Mexicana,Dir 88
10477,Silvia,Diaz,Lara,UPMOR,P,Mexicana,Dir 809
10478,Diana,Aguilar,Perez,UTEZ,P,Mexicana,Dir 334
10479,Luis,Ruiz,Rojas,UAEM,E,Mexicana,Dir 419
10480,Arturo,Medina,Campos,UNAM,E,Mexicana,Dir 553
10481,Esteban,Sanchez,Gomez,UTEZ,E,Mexicana,Dir 279
10482,Roberto,Cortes,Valencia,UPMOR,P,Mexicana,Dir 138
10483,Fernando,Medina,Martinez,UAEM,E,Mexicana,Dir 898
10484,Diego,Vega,Martinez,UNAM,E,Mexicana,Dir 633
10485,Gerardo,Gomez,Flores,UPMOR,E,Mexicana,Dir 70
10486,Valeria,Rojas,Martinez,UTEZ,E,Mexicana,Dir 971
10487,Luis,Avila,Silva,UAEM,E,Mexicana,Dir 88
10488,Silvia,Munoz,Herrera,UAEM,E,Mexicana,Dir 465
10489,Laura,Ramirez,Cervantes,UPMOR,E,Mexicana,Dir 757
10490,Lucia,Flores,Mendoza,UPMOR,E,Mexicana,Dir 915
10491,Hugo,Maldonado,Aguilar,ITZ,P,Mexicana,Dir 126
10492,Raul,Perez,Navarro,UTEZ,E,Mexicana,Dir 449
10493,Rosa,Cabrera,Ruiz,UTEZ,P,Mexicana,Dir 911
10494,Rosa,Dominguez,Vargas,UAEM,E,Mexicana,Dir 58
10495,Carlos,Salazar,Campos,UNAM,E,Mexicana,Dir 534
10496,Manuel,Vargas,Ramirez,UAEM,E,Mexicana,Dir 989
10497,Natalia,Vega,Dominguez,ITZ,P,Mexicana,Dir 196
10498,Fernando,Vega,Navarro,UPMOR,E,Mexicana,Dir 458
10499,Elena,Espinoza,Medina,UNAM,P,Mexicana,Dir 870
10500,Lorena,Diaz,Chavez,UNAM,E,Mexicana,Dir 485
10501,Luis,Morales,Rios,ITZ,E,Mexicana,Dir 567
10502,Margarita,Mendez,Castro,IPN,E,Mexicana,Dir 516
10503,Esteban,Mejia,Gonzalez,IPN,E,Mexicana,Dir 774
10504,Pedro,Espinoza,Vargas,UTEZ,E,Mexicana,Dir 769
10505,Beatriz,Garza,Navarro,ITZ,P,Mexicana,Dir 381
10506,Raul,Cordova,Guzman,UAEM,E,Mexicana,Dir 471
10507,Oscar,Chavez,Bautista,UPMOR,E,Mexicana,Dir 26
10508,Jesus,Avila,Rios,IPN,P,Mexicana,Dir 296
10509,Leticia,Soto,Mendoza,UPMOR,P,Mexicana,Dir 464
10510,Adriana,Gomez,Mejia,UAEM,E,Mexicana,Dir 69
10511,Leticia,Dominguez,Rojas,UAEM,P,Mexicana,Dir 271
10512,Diego,Vega,Garza,UAEM,E,Mexicana,Dir 467
10513,Carmen,Ortiz,Gonzalez,UAEM,P,Mexicana,Dir 221
10514,Gael,Salazar,Cervantes,ITZ,P,Mexicana,Dir 849
10515,Paola,Chavez,Ramirez,UPMOR,E,Mexicana,Dir 696
10516,Jorge,Herrera,Mejia,UPMOR,E,Mexicana,Dir 953
10517,Manuel,Garza,Herrera,ITZ,P,Mexicana,Dir 388
10518,Diana,Velazquez,Rodriguez,UNAM,P,Mexicana,Dir 574
10519,Eduardo,Ramirez,Ramirez,IPN,E,Mexicana,Dir 31
10520,Roberto,Vargas,Vargas,IPN,E,Mexicana,Dir 997
10521,Arturo,Campos,Velazquez,IPN,E,Mexicana,Dir 839
10522,Gerardo,Soto,Salazar,UTEZ,P,Mexicana,Dir 629
10523,Esteban,Garcia,Escobar,ITZ,P,Mexicana,Dir 570
10524,Arturo,Rojas,Mejia,UNAM,E,Mexicana,Dir 51
10525,Julio,Munoz,Morales,UTEZ,E,Mexicana,Dir 157
10526,Esteban,Rojas,Gomez,IPN,P,Mexicana,Dir 802
10527,Jesus,Vega,Vargas,UNAM,E,Mexicana,Dir 914
10528,Daniela,Sosa,Paredes,IPN,P,Mexicana,Dir 133
10529,Gabriela,Mejia,Lara,UAEM,P,Mexicana,Dir 818
10530,Roberto,Salazar,Vega,UNAM,E,Mexicana,Dir 129
10531,Gael,Ruiz,Dominguez,IPN,E,Mexicana,Dir 65
10532,Francisco,Molina,Sanchez,UPMOR,E,Mexicana,Dir 816
10533,Claudia,Flores,Cordova,UTEZ,P,Mexicana,Dir 934
10534,Lucia,Escobar,Delgado,UNAM,E,Mexicana,Dir 167
10535,Beatriz,Ramos,Guzman,IPN,P,Mexicana,Dir 956
10536,Alejandro,Mendoza,Rojas,UTEZ,P,Mexicana,Dir 85
10537,Lucia,Gonzalez,Lara,UAEM,P,Mexicana,Dir 62
10538,Julio,Sanchez,Molina,IPN,E,Mexicana,Dir 661
10539,Arturo,Cervantes,Avila,UAEM,E,Mexicana,Dir 580
10540,Raul,Ramos,Cordova,UNAM,P,Mexicana,Dir 268
10541,Rumualdo,Chavez,Cabrera,UPMOR,P,Mexicana,Dir 128
10542,Teresa,Reyes,Sosa,UPMOR,E,Mexicana,Dir 505
10543,Martha,Vega,Gonzalez,IPN,E,Mexicana,Dir 436
10544,Jose,Reyes,Flores,UPMOR,P,Mexicana,Dir 930
10545,Beatriz,Romero,Salazar,IPN,E,Mexicana,Dir 968
10546,Miguel,Paredes,Ruiz,UTEZ,E,Mexicana,Dir 571
10547,Teresa,Mendoza,Soto,UNAM,P,Mexicana,Dir 978
10548,Gael,Maldonado,Silva,IPN,P,Mexicana,Dir 511
10549,Martin,Ortiz,Espinoza,UPMOR,P,Mexicana,Dir 574
10550,Antonio,Reyes,Flores,IPN,E,Mexicana,Dir 942
10551,Oscar,Molina,Herrera,UNAM,E,Mexicana,Dir 368
10552,Ricardo,Mendez,Diaz,IPN,E,Mexicana,Dir 652
10553,Patricia,Velazquez,Mendez,UPMOR,E,Mexicana,Dir 99
10554,Lucia,Romero,Espinoza,UNAM,P,Mexicana,Dir 147
10555,Eduardo,Rodriguez,Mejia,UTEZ,E,Mexicana,Dir 973
10556,Luis,Navarro,Mendez,UTEZ,E,Mexicana,Dir 44
10557,Luis,Hernandez,Navarro,UTEZ,P,Mexicana,Dir 267
10558,Beatriz,Guzman,Munoz,UPMOR,E,Mexicana,Dir 921
10559,Luis,Cabrera,Navarro,UAEM,E,Mexicana,Dir 600
10560,Gabriela,Ruiz,Reyes,UPMOR,E,Mexicana,Dir 686
10561,Rumualdo,Hernandez,Molina,UNAM,E,Mexicana,Dir 510
10562,Rosa,Reyes,Campos,UNAM,E,Mexicana,Dir 707
10563,Daniela,Espinoza,Sosa,UPMOR,P,Mexicana,Dir 972
10564,Fernando,Garcia,Castro,UNAM,P,Mexicana,Dir 584
10565,Natalia,Mejia,Perez,UNAM,E,Mexicana,Dir 510
10566,Miguel,Romero,Chavez,ITZ,E,Mexicana,Dir 460
10567,Andrea,Velazquez,Valencia,UTEZ,E,Mexicana,Dir 43
10568,Miguel,Gonzalez,Salazar,UAEM,P,Mexicana,Dir 174
10569,Francisco,Maldonado,Delgado,UNAM,E,Mexicana,Dir 613
10570,Adriana,Diaz,Gonzalez,UTEZ,P,Mexicana,Dir 467
10571,Hugo,Gonzalez,Bautista,UAEM,P,Mexicana,Dir 604
10572,Francisco,Perez,Delgado,ITZ,E,Mexicana,Dir 802
10573,Rafael,Rodriguez,Morales,UNAM,E,Mexicana,Dir 48
10574,Martha,Aguilar,Mendoza,UAEM,E,Mexicana,Dir 280
10575,Monica,Cordova,Sanchez,UAEM,P,Mexicana,Dir 182
10576,Claudia,Martinez,Ruiz,ITZ,P,Mexicana,Dir 904
10577,Fernando,Morales,Aguilar,UPMOR,P,Mexicana,Dir 849
10578,Claudia,Avila,Perez,UAEM,E,Mexicana,Dir 282
10579,Carmen,Mendez,Rojas,ITZ,E,Mexicana,Dir 701
10580,Martin,Rios,Paredes,UPMOR,E,Mexicana,Dir 188
10581,Jesus,Sanchez,Espinoza,UPMOR,E,Mexicana,Dir 233
10582,Martin,Cabrera,Maldonado,UPMOR,P,Mexicana,Dir 964
10583,Carolina,Ramirez,Lara,UNAM,E,Mexicana,Dir 201
10584,Elena,Navarro,Soto,ITZ,P,Mexicana,Dir 308
10585,Susana,Munoz,Aguilar,UTEZ,P,Mexicana,Dir 714
10586,Martha,Romero,Gonzalez,IPN,P,Mexicana,Dir 647
10587,Natalia,Rios,Castillo,UTEZ,E,Mexicana,Dir 580
10588,Natalia,Munoz,Chavez,IPN,E,Mexicana,Dir 971
10589,Raul,Cortes,Ramos,UAEM,P,Mexicana,Dir 668
10590,Victor,Diaz,Gonzalez,IPN,E,Mexicana,Dir 48
10591,Lucia,Morales,Lopez,UAEM,P,Mexicana,Dir 975
10592,Teresa,Guzman,Silva,UPMOR,P,Mexicana,Dir 603
10593,Esteban,Cabrera,Martinez,UPMOR,P,Mexicana,Dir 87
10594,Martin,Perez,Espinoza,ITZ,P,Mexicana,Dir 920
10595,Arturo,Flores,Cervantes,UTEZ,E,Mexicana,Dir 492
10596,Elena,Castro,Romero,IPN,E,Mexicana,Dir 423
10597,Maria,Perez,Sanchez,ITZ,P,Mexicana,Dir 466
10598,Julio,Salazar,Lopez,IPN,P,Mexicana,Dir 489
10599,Beatriz,Gonzalez,Cervantes,IPN,E,Mexicana,Dir 916
10600,Fernando,Mendez,Cortes,UTEZ,P,Mexicana,Dir 240
10601,Paola,Chavez,Castillo,UNAM,E,Mexicana,Dir 80
10602,Javier,Maldonado,Navarro,UAEM,P,Mexicana,Dir 687
10603,Martin,Cordova,Mendoza,UAEM,P,Mexicana,Dir 972
10604,Ricardo,Gomez,Cervantes,UPMOR,P,Mexicana,Dir 542
10605,Julio,Rojas,Salazar,UTEZ,E,Mexicana,Dir 961
10606,Paola,Rodriguez,Perez,ITZ,E,Mexicana,Dir 170
10607,Fernando,Navarro,Martinez,UTEZ,E,Mexicana,Dir 645
10608,Jesus,Escobar,Valencia,UNAM,E,Mexicana,Dir 838
10609,Antonio,Navarro,Reyes,IPN,P,Mexicana,Dir 208
10610,Oscar,Flores,Medina,IPN,P,Mexicana,Dir 516
10611,Esteban,Lopez,Sanchez,UNAM,E,Mexicana,Dir 917
10612,Gabriela,Lara,Martinez,UAEM,P,Mexicana,Dir 195
10613,Elena,Rodriguez,Martinez,UPMOR,P,Mexicana,Dir 647
10614,Gael,Mendoza,Molina,IPN,P,Mexicana,Dir 7
10615,Susana,Ortiz,Garcia,UTEZ,P,Mexicana,Dir 296
10616,Susana,Rios,Soto,UTEZ,P,Mexicana,Dir 467
10617,Martin,Reyes,Ortiz,UAEM,E,Mexicana,Dir 823
10618,Laura,Bautista,Vega,UAEM,P,Mexicana,Dir 85
10619,Claudia,Valencia,Morales,UNAM,P,Mexicana,Dir 822
10620,Ricardo,Herrera,Ramos,UPMOR,P,Mexicana,Dir 299
10621,Hugo,Medina,Castillo,UPMOR,E,Mexicana,Dir 377
10622,Rumualdo,Perez,Ortiz,UAEM,E,Mexicana,Dir 592
10623,Esteban,Cabrera,Cordova,IPN,E,Mexicana,Dir 33
10624,Gerardo,Delgado,Garza,ITZ,P,Mexicana,Dir 63
10625,Elena,Dominguez,Ruiz,UAEM,E,Mexicana,Dir 322
10626,Victor,Velazquez,Cortes,IPN,P,Mexicana,Dir 78
10627,Lorena,Rodriguez,Escobar,UNAM,E,Mexicana,Dir 391
10628,Hector,Silva,Valencia,UAEM,P,Mexicana,Dir 411
10629,Rumualdo,Vargas,Paredes,UNAM,E,Mexicana,Dir 467
10630,Susana,Morales,Paredes,IPN,E,Mexicana,Dir 86
10631,Rumualdo,Vega,Escobar,ITZ,E,Mexicana,Dir 680
10632,Luis,Cervantes,Sanchez,IPN,E,Mexicana,Dir 968
10633,Hugo,Rojas,Lara,UAEM,P,Mexicana,Dir 475
10634,Martha,Lopez,Silva,ITZ,P,Mexicana,Dir 871
10635,Julio,Salazar,Sosa,UAEM,P,Mexicana,Dir 805
10636,Maria,Avila,Paredes,UPMOR,P,Mexicana,Dir 172
10637,Natalia,Mendez,Garcia,UNAM,E,Mexicana,Dir 378
10638,Sofia,Romero,Garza,UTEZ,E,Mexicana,Dir 215
10639,Carlos,Rios,Cortes,UAEM,E,Mexicana,Dir 161
10640,Jesus,Herrera,Dominguez,UPMOR,P,Mexicana,Dir 938
10641,Andrea,Navarro,Rios,UPMOR,E,Mexicana,Dir 789
10642,Margarita,Munoz,Mendez,UTEZ,P,Mexicana,Dir 344
10643,Paola,Escobar,Lara,UTEZ,E,Mexicana,Dir 160
10644,Carmen,Vega,Espinoza,IPN,E,Mexicana,Dir 115
10645,Lorena,Delgado,Cortes,UTEZ,P,Mexicana,Dir 874
10646,Lorena,Espinoza,Sanchez,UPMOR,P,Mexicana,Dir 584
10647,Esteban,Cruz,Salazar,UNAM,E,Mexicana,Dir 282
10648,Francisco,Escobar,Lopez,UPMOR,P,Mexicana,Dir 830
10649,Francisco,Campos,Rojas,ITZ,E,Mexicana,Dir 621
10650,Daniela,Campos,Rios,ITZ,P,Mexicana,Dir 8
10651,Lucia,Munoz,Cortes,UAEM,E,Mexicana,Dir 608
10652,Rumualdo,Chavez,Escobar,UTEZ,E,Mexicana,Dir 364
10653,Ruben,Romero,Salazar,UNAM,E,Mexicana,Dir 19
10654,Lucia,Cabrera,Lara,UPMOR,E,Mexicana,Dir 918
10655,Esteban,Salazar,Ruiz,UAEM,P,Mexicana,Dir 173
10656,Beatriz,Gutierrez,Herrera,IPN,P,Mexicana,Dir 388
10657,Diana,Delgado,Sosa,UAEM,P,Mexicana,Dir 312
10658,Veronica,Herrera,Aguilar,ITZ,P,Mexicana,Dir 711
10659,Beatriz,Lara,Mendoza,IPN,P,Mexicana,Dir 179
10660,Miguel,Garza,Chavez,UTEZ,P,Mexicana,Dir 404
10661,Lorena,Valencia,Morales,UAEM,E,Mexicana,Dir 253
10662,Martha,Dominguez,Vargas,UAEM,E,Mexicana,Dir 711
10663,Carlos,Campos,Garza,UPMOR,P,Mexicana,Dir 425
10664,Hector,Reyes,Martinez,UTEZ,P,Mexicana,Dir 676
10665,Rafael,Diaz,Soto,UAEM,P,Mexicana,Dir 830
10666,Gabriela,Gonzalez,Castillo,IPN,E,Mexicana,Dir 140
10667,Adriana,Lopez,Diaz,IPN,P,Mexicana,Dir 467
10668,Maria,Munoz,Herrera,UAEM,P,Mexicana,Dir 848
10669,Adriana,Romero,Paredes,ITZ,P,Mexicana,Dir 566
10670,Rafael,Campos,Aguilar,UPMOR,E,Mexicana,Dir 755
10671,Andrea,Valencia,Mendoza,UAEM,E,Mexicana,Dir 243
10672,Carlos,Mendez,Gomez,UTEZ,P,Mexicana,Dir 474
10673,Diego,Sanchez,Avila,UNAM,P,Mexicana,Dir 853
10674,Oscar,Castro,Mendoza,UTEZ,P,Mexicana,Dir 197
10675,Martin,Lara,Rojas,UNAM,P,Mexicana,Dir 774
10676,Roberto,Navarro,Garza,UNAM,P,Mexicana,Dir 913
10677,Rumualdo,Flores,Paredes,ITZ,P,Mexicana,Dir 312
10678,Martha,Espinoza,Paredes,UNAM,P,Mexicana,Dir 489
10679,Valeria,Garcia,Cabrera,UAEM,P,Mexicana,Dir 555
10680,Diana,Perez,Paredes,UTEZ,P,Mexicana,Dir 143
10681,Sofia,Dominguez,Gutierrez,UTEZ,E,Mexicana,Dir 510
10682,Elena,Perez,Campos,UAEM,P,Mexicana,Dir 668
10683,Jesus,Gonzalez,Velazquez,IPN,P,Mexicana,Dir 308
10684,Monica,Gonzalez,Mendoza,UPMOR,E,Mexicana,Dir 959
10685,Lucia,Medina,Garcia,ITZ,P,Mexicana,Dir 224
10686,Maria,Ramos,Velazquez,UPMOR,E,Mexicana,Dir 594
10687,Gabriela,Romero,Cortes,UNAM,E,Mexicana,Dir 981
10688,Jorge,Silva,Reyes,UNAM,E,Mexicana,Dir 310
10689,Fernando,Garza,Ruiz,IPN,E,Mexicana,Dir 828
10690,Arturo,Paredes,Flores,ITZ,E,Mexicana,Dir 71
10691,Raul,Castro,Dominguez,UPMOR,P,Mexicana,Dir 945
10692,Ricardo,Silva,Martinez,UTEZ,E,Mexicana,Dir 955
10693,Victor,Navarro,Flores,UTEZ,E,Mexicana,Dir 485
10694,Pedro,Lopez,Ramos,UTEZ,E,Mexicana,Dir 531
10695,Luis,Molina,Castro,UPMOR,P,Mexicana,Dir 913
10696,Luis,Perez,Aguilar,IPN,E,Mexicana,Dir 439
10697,Raul,Ramirez,Mejia,UNAM,E,Mexicana,Dir 403
10698,Julio,Chavez,Guzman,UTEZ,P,Mexicana,Dir 695
10699,Claudia,Gonzalez,Castillo,UPMOR,E,Mexicana,Dir 450
10700,Valeria,Ramos,Perez,UNAM,P,Mexicana,Dir 950
10701,Ruben,Cordova,Cortes,UAEM,P,Mexicana,Dir 126
10702,Rosa,Diaz,Cruz,UTEZ,P,Mexicana,Dir 113
10703,Carolina,Maldonado,Medina,IPN,E,Mexicana,Dir 202
10704,Gabriela,Sanchez,Velazquez,UNAM,P,Mexicana,Dir 661
10705,Valeria,Maldonado,Bautista,IPN,P,Mexicana,Dir 270
10706,Ricardo,Ramos,Castillo,ITZ,E,Mexicana,Dir 835
10707,Ana,Morales,Maldonado,UTEZ,P,Mexicana,Dir 727
10708,Jesus,Campos,Guzman,UTEZ,E,Mexicana,Dir 160
10709,Claudia,Escobar,Flores,ITZ,E,Mexicana,Dir 586
10710,Ricardo,Cervantes,Espinoza,UNAM,P,Mexicana,Dir 41
10711,Valeria,Vargas,Reyes,UPMOR,E,Mexicana,Dir 553
10712,Susana,Morales,Valencia,UTEZ,E,Mexicana,Dir 42
10713,Adriana,Lara,Vargas,UTEZ,P,Mexicana,Dir 820
10714,Maria,Guzman,Flores,ITZ,E,Mexicana,Dir 465
10715,Natalia,Campos,Rios,ITZ,E,Mexicana,Dir 288
10716,Martin,Rodriguez,Morales,IPN,P,Mexicana,Dir 627
10717,Margarita,Diaz,Sosa,UTEZ,P,Mexicana,Dir 883
10718,Veronica,Delgado,Bautista,UTEZ,P,Mexicana,Dir 319
10719,Jorge,Ramos,Lara,UNAM,E,Mexicana,Dir 869
10720,Carolina,Ortiz,Diaz,UNAM,P,Mexicana,Dir 846
10721,Arturo,Mejia,Rodriguez,UTEZ,P,Mexicana,Dir 975
10722,Silvia,Escobar,Diaz,UPMOR,P,Mexicana,Dir 189
10723,Monica,Mejia,Dominguez,UNAM,E,Mexicana,Dir 400
10724,Lucia,Mendoza,Campos,ITZ,E,Mexicana,Dir 959
10725,Carlos,Ramos,Perez,UNAM,P,Mexicana,Dir 902
10726,Pedro,Morales,Cabrera,UAEM,E,Mexicana,Dir 884
10727,Susana,Munoz,Cordova,UAEM,P,Mexicana,Dir 242
10728,Roberto,Mejia,Paredes,UPMOR,E,Mexicana,Dir 441
10729,Carlos,Silva,Molina,UAEM,E,Mexicana,Dir 300
10730,Rumualdo,Munoz,Lara,UNAM,E,Mexicana,Dir 817
10731,Victor,Garza,Romero,ITZ,P,Mexicana,Dir 72
10732,Natalia,Vega,Rodriguez,UTEZ,P,Mexicana,Dir 235
10733,Julio,Diaz,Cervantes,UAEM,P,Mexicana,Dir 204
10734,Adriana,Cruz,Hernandez,ITZ,E,Mexicana,Dir 331
10735,Margarita,Vargas,Medina,UNAM,E,Mexicana,Dir 331
10736,Victor,Delgado,Herrera,UAEM,E,Mexicana,Dir 231
10737,Paola,Gonzalez,Lopez,ITZ,P,Mexicana,Dir 716
10738,Oscar,Aguilar,Campos,UPMOR,E,Mexicana,Dir 5
10739,Ruben,Perez,Morales,ITZ,P,Mexicana,Dir 366
10740,Javier,Escobar,Hernandez,UAEM,E,Mexicana,Dir 227
10741,Fernando,Velazquez,Navarro,IPN,E,Mexicana,Dir 927
10742,Esteban,Ramirez,Cortes,UPMOR,E,Mexicana,Dir 143
10743,Hector,Cruz,Molina,IPN,E,Mexicana,Dir 319
10744,Maria,Gonzalez,Sosa,ITZ,P,Mexicana,Dir 98
10745,Esteban,Vargas,Paredes,UPMOR,P,Mexicana,Dir 461
10746,Diego,Campos,Garza,IPN,E,Mexicana,Dir 665
10747,Roberto,Soto,Navarro,UAEM,E,Mexicana,Dir 392
10748,Silvia,Espinoza,Ramos,UPMOR,P,Mexicana,Dir 83
10749,Alejandro,Rodriguez,Hernandez,IPN,P,Mexicana,Dir 912
10750,Eduardo,Rios,Mendez,ITZ,E,Mexicana,Dir 702
10751,Maria,Sanchez,Mendoza,UNAM,E,Mexicana,Dir 424
10752,Ana,Cordova,Vega,UAEM,P,Mexicana,Dir 376
10753,Susana,Herrera,Munoz,UAEM,E,Mexicana,Dir 288
10754,Valeria,Rojas,Gonzalez,UAEM,E,Mexicana,Dir 773
10755,Arturo,Gomez,Soto,UAEM,P,Mexicana,Dir 743
10756,Fernando,Rojas,Navarro,ITZ,E,Mexicana,Dir 952
10757,Oscar,Cabrera,Flores,ITZ,E,Mexicana,Dir 492
10758,Ana,Bautista,Martinez,ITZ,P,Mexicana,Dir 19
10759,Veronica,Ortiz,Diaz,ITZ,E,Mexicana,Dir 75
10760,Ana,Sosa,Escobar,IPN,P,Mexicana,Dir 321
10761,Carolina,Gonzalez,Sanchez,IPN,P,Mexicana,Dir 628
10762,Claudia,Espinoza,Soto,UNAM,E,Mexicana,Dir 702
10763,Sofia,Garza,Munoz,UPMOR,P,Mexicana,Dir 370
10764,Martin,Molina,Cruz,UTEZ,P,Mexicana,Dir 53
10765,Diego,Navarro,Espinoza,ITZ,E,Mexicana,Dir 323
10766,Margarita,Gutierrez,Ruiz,UNAM,E,Mexicana,Dir 860
10767,Eduardo,Soto,Lara,ITZ,P,Mexicana,Dir 701
10768,Elena,Chavez,Vargas,IPN,E,Mexicana,Dir 885
10769,Antonio,Cruz,Martinez,UAEM,P,Mexicana,Dir 251
10770,Lucia,Mejia,Vega,UTEZ,P,Mexicana,Dir 566
10771,Natalia,Cervantes,Avila,UAEM,E,Mexicana,Dir 236
10772,Adriana,Ortiz,Gonzalez,ITZ,E,Mexicana,Dir 927
10773,Daniela,Cruz,Sosa,UPMOR,E,Mexicana,Dir 310
10774,Diana,Avila,Vega,ITZ,P,Mexicana,Dir 221
10775,Fernando,Avila,Aguilar,UNAM,P,Mexicana,Dir 878
10776,Beatriz,Cervantes,Cabrera,ITZ,P,Mexicana,Dir 147
10777,Jose,Ortiz,Delgado,UNAM,E,Mexicana,Dir 354
10778,Antonio,Gomez,Campos,UAEM,P,Mexicana,Dir 239
10779,Hugo,Morales,Cordova,UTEZ,P,Mexicana,Dir 224
10780,Daniela,Cordova,Aguilar,UAEM,P,Mexicana,Dir 881
10781,Pedro,Garcia,Cordova,UPMOR,P,Mexicana,Dir 458
10782,Roberto,Romero,Rojas,UAEM,P,Mexicana,Dir 926
10783,Jose,Gomez,Herrera,UPMOR,P,Mexicana,Dir 39
10784,Carmen,Ramos,Avila,UPMOR,P,Mexicana,Dir 460
10785,Elena,Lara,Cabrera,UTEZ,E,Mexicana,Dir 20
10786,Rosa,Mendoza,Molina,UPMOR,P,Mexicana,Dir 440
10787,Laura,Lara,Hernandez,UAEM,P,Mexicana,Dir 566
10788,Hector,Molina,Lopez,UNAM,P,Mexicana,Dir 401
10789,Manuel,Flores,Paredes,UAEM,P,Mexicana,Dir 761
10790,Francisco,Avila,Castro,UPMOR,E,Mexicana,Dir 97
10791,Diego,Mendoza,Cortes,UNAM,P,Mexicana,Dir 923
10792,Rosa,Gonzalez,Campos,UAEM,P,Mexicana,Dir 17
10793,Ricardo,Avila,Soto,UTEZ,E,Mexicana,Dir 662
10794,Leticia,Garza,Garza,UAEM,E,Mexicana,Dir 652
10795,Leticia,Gomez,Castro,ITZ,E,Mexicana,Dir 564
10796,Adriana,Molina,Cruz,UAEM,E,Mexicana,Dir 812
10797,Eduardo,Mendez,Mendez,UAEM,E,Mexicana,Dir 664
10798,Rumualdo,Diaz,Guzman,UNAM,P,Mexicana,Dir 904
10799,Javier,Rojas,Hernandez,UNAM,P,Mexicana,Dir 630
10800,Ruben,Navarro,Lara,UAEM,E,Mexicana,Dir 365
10801,Claudia,Garcia,Romero,ITZ,E,Mexicana,Dir 86
10802,Carolina,Guzman,Delgado,UTEZ,E,Mexicana,Dir 554
10803,Lorena,Lopez,Martinez,UTEZ,P,Mexicana,Dir 289
10804,Hector,Rojas,Rodriguez,IPN,P,Mexicana,Dir 972
10805,Ruben,Escobar,Dominguez,UAEM,E,Mexicana,Dir 287
10806,Julio,Castro,Sanchez,UTEZ,E,Mexicana,Dir 955
10807,Gael,Vargas,Rodriguez,UPMOR,E,Mexicana,Dir 150
10808,Javier,Dominguez,Gomez,UAEM,P,Mexicana,Dir 317
10809,Jorge,Sosa,Mejia,UNAM,P,Mexicana,Dir 237
10810,Veronica,Salazar,Chavez,UTEZ,E,Mexicana,Dir 85
10811,Jesus,Delgado,Diaz,ITZ,P,Mexicana,Dir 228
10812,Adriana,Garza,Campos,UTEZ,P,Mexicana,Dir 33
10813,Ricardo,Romero,Molina,IPN,E,Mexicana,Dir 415
10814,Javier,Ortiz,Hernandez,ITZ,E,Mexicana,Dir 681
10815,Rafael,Valencia,Morales,UAEM,P,Mexicana,Dir 209
10816,Claudia,Perez,Aguilar,ITZ,P,Mexicana,Dir 177
10817,Javier,Garza,Espinoza,UAEM,P,Mexicana,Dir 812
10818,Claudia,Medina,Munoz,UNAM,P,Mexicana,Dir 431
10819,Ricardo,Vega,Mejia,IPN,E,Mexicana,Dir 476
10820,Gerardo,Velazquez,Hernandez,UAEM,P,Mexicana,Dir 83
10821,Rosa,Velazquez,Martinez,IPN,E,Mexicana,Dir 401
10822,Lucia,Molina,Dominguez,UAEM,P,Mexicana,Dir 737
10823,Oscar,Gonzalez,Lara,UPMOR,E,Mexicana,Dir 394
10824,Manuel,Silva,Avila,ITZ,P,Mexicana,Dir 16
10825,Diana,Perez,Cervantes,UTEZ,P,Mexicana,Dir 201
10826,Natalia,Silva,Lopez,IPN,P,Mexicana,Dir 726
10827,Arturo,Cordova,Chavez,ITZ,E,Mexicana,Dir 19
10828,Sofia,Cortes,Hernandez,ITZ,E,Mexicana,Dir 518
10829,Hector,Sosa,Gutierrez,ITZ,E,Mexicana,Dir 600
10830,Margarita,Hernandez,Cruz,IPN,P,Mexicana,Dir 523
10831,Silvia,Delgado,Morales,UTEZ,E,Mexicana,Dir 479
10832,Daniela,Gutierrez,Garcia,IPN,P,Mexicana,Dir 9
10833,Daniela,Cortes,Garcia,UTEZ,P,Mexicana,Dir 814
10834,Arturo,Rojas,Cabrera,UPMOR,E,Mexicana,Dir 326
10835,Valeria,Delgado,Rios,UPMOR,P,Mexicana,Dir 375
10836,Oscar,Cortes,Reyes,UNAM,E,Mexicana,Dir 333
10837,Diana,Herrera,Mendez,UNAM,E,Mexicana,Dir 734
10838,Eduardo,Garza,Hernandez,UNAM,P,Mexicana,Dir 248
10839,Antonio,Mendoza,Rojas,UNAM,E,Mexicana,Dir 751
10840,Hugo,Bautista,Munoz,UAEM,P,Mexicana,Dir 487
10841,Miguel,Aguilar,Sosa,UTEZ,E,Mexicana,Dir 164
10842,Valeria,Salazar,Sosa,IPN,E,Mexicana,Dir 654
10843,Margarita,Rios,Rodriguez,ITZ,E,Mexicana,Dir 276
10844,Francisco,Rojas,Gonzalez,ITZ,E,Mexicana,Dir 158
10845,Gabriela,Diaz,Garza,UTEZ,P,Mexicana,Dir 893
10846,Maria,Hernandez,Lara,IPN,E,Mexicana,Dir 839
10847,Beatriz,Cordova,Mendoza,UNAM,P,Mexicana,Dir 271
10848,Claudia,Romero,Gomez,UNAM,P,Mexicana,Dir 677
10849,Martha,Medina,Navarro,ITZ,E,Mexicana,Dir 858
10850,Maria,Garcia,Campos,IPN,E,Mexicana,Dir 602
10851,Carlos,Aguilar,Vega,IPN,E,Mexicana,Dir 79
10852,Paola,Perez,Avila,UAEM,P,Mexicana,Dir 8
10853,Pedro,Mejia,Mendez,UNAM,P,Mexicana,Dir 133
10854,Alejandro,Bautista,Munoz,UAEM,P,Mexicana,Dir 101
10855,Roberto,Hernandez,Diaz,IPN,E,Mexicana,Dir 523
10856,Roberto,Garcia,Castillo,UNAM,E,Mexicana,Dir 106
10857,Carolina,Medina,Castro,UTEZ,E,Mexicana,Dir 924
10858,Leticia,Rodriguez,Sanchez,UNAM,E,Mexicana,Dir 6
10859,Elena,Campos,Valencia,UNAM,P,Mexicana,Dir 334
10860,Carmen,Cabrera,Ramos,UTEZ,E,Mexicana,Dir 95
10861,Arturo,Herrera,Cordova,UTEZ,E,Mexicana,Dir 798
10862,Veronica,Espinoza,Cabrera,ITZ,E,Mexicana,Dir 604
10863,Eduardo,Sosa,Castro,UPMOR,P,Mexicana,Dir 241
10864,Hector,Rios,Romero,ITZ,E,Mexicana,Dir 202
10865,Eduardo,Escobar,Mejia,IPN,E,Mexicana,Dir 73
10866,Antonio,Mendez,Gutierrez,IPN,E,Mexicana,Dir 756
10867,Rafael,Gomez,Molina,UAEM,P,Mexicana,Dir 872
10868,Gael,Velazquez,Navarro,ITZ,P,Mexicana,Dir 57
10869,Carmen,Garcia,Delgado,UTEZ,P,Mexicana,Dir 72
10870,Maria,Rodriguez,Sanchez,ITZ,E,Mexicana,Dir 961
10871,Valeria,Garza,Molina,UNAM,P,Mexicana,Dir 815
10872,Lucia,Cordova,Ramirez,UPMOR,E,Mexicana,Dir 779
10873,Jesus,Mendoza,Cortes,UAEM,E,Mexicana,Dir 310
10874,Daniela,Sosa,Dominguez,IPN,P,Mexicana,Dir 627
10875,Julio,Aguilar,Flores,UPMOR,P,Mexicana,Dir 855
10876,Francisco,Bautista,Castillo,UPMOR,E,Mexicana,Dir 864
10877,Julio,Munoz,Perez,IPN,P,Mexicana,Dir 272
10878,Elena,Aguilar,Martinez,UAEM,E,Mexicana,Dir 369
10879,Pedro,Ramos,Flores,ITZ,E,Mexicana,Dir 676
10880,Carlos,Campos,Gutierrez,IPN,E,Mexicana,Dir 721
10881,Lorena,Escobar,Hernandez,ITZ,E,Mexicana,Dir 488
10882,Hector,Delgado,Rojas,UTEZ,E,Mexicana,Dir 816
10883,Carlos,Vargas,Velazquez,UPMOR,P,Mexicana,Dir 841
10884,Ana,Mejia,Diaz,IPN,E,Mexicana,Dir 615
10885,Valeria,Cortes,Valencia,ITZ,P,Mexicana,Dir 977
10886,Diego,Hernandez,Munoz,IPN,P,Mexicana,Dir 234
10887,Daniela,Munoz,Espinoza,ITZ,E,Mexicana,Dir 668
10888,Monica,Lara,Vega,IPN,P,Mexicana,Dir 839
10889,Pedro,Lara,Rios,ITZ,P,Mexicana,Dir 427
10890,Esteban,Diaz,Rodriguez,ITZ,P,Mexicana,Dir 50
10891,Andrea,Castro,Flores,UTEZ,E,Mexicana,Dir 130
10892,Daniela,Ramirez,Perez,UAEM,E,Mexicana,Dir 643
10893,Jose,Ramirez,Romero,UNAM,E,Mexicana,Dir 472
10894,Ana,Soto,Delgado,UNAM,P,Mexicana,Dir 14
10895,Esteban,Gomez,Molina,UPMOR,P,Mexicana,Dir 61
10896,Miguel,Ramos,Paredes,IPN,E,Mexicana,Dir 209
10897,Andrea,Escobar,Mejia,ITZ,E,Mexicana,Dir 553
10898,Rumualdo,Cervantes,Navarro,UNAM,P,Mexicana,Dir 766
10899,Elena,Aguilar,Delgado,UAEM,E,Mexicana,Dir 936
10900,Monica,Silva,Munoz,ITZ,E,Mexicana,Dir 907
10901,Fernando,Castillo,Ramirez,UNAM,P,Mexicana,Dir 155
10902,Ana,Cordova,Paredes,ITZ,E,Mexicana,Dir 683
10903,Raul,Garza,Medina,UPMOR,E,Mexicana,Dir 141
10904,Oscar,Velazquez,Chavez,IPN,P,Mexicana,Dir 8
10905,Patricia,Martinez,Romero,UNAM,P,Mexicana,Dir 575
10906,Rumualdo,Soto,Herrera,IPN,E,Mexicana,Dir 796
10907,Gabriela,Aguilar,Gutierrez,ITZ,E,Mexicana,Dir 357
10908,Leticia,Cruz,Delgado,IPN,E,Mexicana,Dir 366
10909,Laura,Guzman,Cabrera,ITZ,P,Mexicana,Dir 886
10910,Diana,Sosa,Dominguez,UNAM,P,Mexicana,Dir 8
10911,Jesus,Cervantes,Chavez,UAEM,E,Mexicana,Dir 550
10912,Rafael,Dominguez,Avila,UPMOR,P,Mexicana,Dir 846
10913,Leticia,Castillo,Ruiz,IPN,P,Mexicana,Dir 427
10914,Rosa,Gutierrez,Ramirez,UPMOR,P,Mexicana,Dir 934
10915,Esteban,Chavez,Delgado,UAEM,P,Mexicana,Dir 178
10916,Martha,Sosa,Romero,IPN,E,Mexicana,Dir 720
10917,Manuel,Garcia,Vega,UAEM,E,Mexicana,Dir 738
10918,Margarita,Gutierrez,Castillo,UTEZ,E,Mexicana,Dir 229
10919,Margarita,Munoz,Avila,UPMOR,P,Mexicana,Dir 792
10920,Sofia,Castro,Mendoza,UAEM,P,Mexicana,Dir 47
10921,Ruben,Dominguez,Ramirez,UNAM,P,Mexicana,Dir 149
10922,Oscar,Molina,Lara,UAEM,P,Mexicana,Dir 760
10923,Leticia,Valencia,Silva,UNAM,E,Mexicana,Dir 862
10924,Monica,Mendoza,Cervantes,UTEZ,P,Mexicana,Dir 215
10925,Miguel,Ramirez,Lopez,UPMOR,E,Mexicana,Dir 473
10926,Gerardo,Castillo,Diaz,ITZ,P,Mexicana,Dir 580
10927,Luis,Lopez,Perez,UPMOR,E,Mexicana,Dir 655
10928,Martin,Navarro,Rios,UPMOR,P,Mexicana,Dir 230
10929,Elena,Espinoza,Hernandez,UTEZ,P,Mexicana,Dir 548
10930,Manuel,Gonzalez,Ramirez,ITZ,E,Mexicana,Dir 420
10931,Gael,Ortiz,Maldonado,IPN,E,Mexicana,Dir 132
10932,Jorge,Reyes,Medina,IPN,P,Mexicana,Dir 2
10933,Diana,Gutierrez,Salazar,UPMOR,E,Mexicana,Dir 511
10934,Sofia,Guzman,Rodriguez,UNAM,E,Mexicana,Dir 726
10935,Lorena,Lara,Aguilar,ITZ,E,Mexicana,Dir 267
10936,Veronica,Paredes,Romero,UNAM,P,Mexicana,Dir 652
10937,Antonio,Romero,Escobar,UPMOR,P,Mexicana,Dir 824
10938,Rosa,Guzman,Ruiz,UNAM,P,Mexicana,Dir 158
10939,Natalia,Munoz,Delgado,UPMOR,E,Mexicana,Dir 849
10940,Martin,Herrera,Ortiz,UPMOR,P,Mexicana,Dir 650
10941,Teresa,Escobar,Sanchez,IPN,P,Mexicana,Dir 704
10942,Rumualdo,Salazar,Cordova,UNAM,E,Mexicana,Dir 504
10943,Gael,Mendez,Rios,UAEM,E,Mexicana,Dir 297
10944,Diana,Munoz,Lara,UNAM,E,Mexicana,Dir 136
10945,Valeria,Vargas,Mendoza,IPN,P,Mexicana,Dir 239
10946,Jesus,Campos,Gomez,UPMOR,P,Mexicana,Dir 584
10947,Rafael,Reyes,Perez,IPN,E,Mexicana,Dir 220
10948,Miguel,Garcia,Sosa,UTEZ,P,Mexicana,Dir 1
10949,Andrea,Rios,Valencia,ITZ,E,Mexicana,Dir 496
10950,Susana,Garcia,Garza,ITZ,E,Mexicana,Dir 190
10951,Rumualdo,Chavez,Reyes,UTEZ,E,Mexicana,Dir 62
10952,Julio,Soto,Lopez,UPMOR,E,Mexicana,Dir 252
10953,Jorge,Herrera,Maldonado,IPN,E,Mexicana,Dir 653
10954,Miguel,Flores,Gutierrez,UAEM,P,Mexicana,Dir 669
10955,Javier,Castro,Diaz,UPMOR,E,Mexicana,Dir 250
10956,Miguel,Sosa,Garcia,UPMOR,E,Mexicana,Dir 283
10957,Esteban,Castillo,Bautista,UTEZ,E,Mexicana,Dir 516
10958,Eduardo,Cabrera,Valencia,UPMOR,E,Mexicana,Dir 520
10959,Antonio,Garcia,Lopez,UNAM,E,Mexicana,Dir 991
10960,Claudia,Ortiz,Ramos,UPMOR,E,Mexicana,Dir 148
10961,Javier,Lara,Reyes,ITZ,E,Mexicana,Dir 120
10962,Luis,Gomez,Ortiz,IPN,P,Mexicana,Dir 198
10963,Manuel,Rios,Morales,ITZ,P,Mexicana,Dir 799
10964,Rosa,Lopez,Aguilar,UAEM,P,Mexicana,Dir 289
10965,Gabriela,Vargas,Lopez,UAEM,P,Mexicana,Dir 194
10966,Monica,Ramirez,Paredes,IPN,P,Mexicana,Dir 509
10967,Patricia,Castillo,Salazar,IPN,P,Mexicana,Dir 588
10968,Roberto,Ruiz,Reyes,UAEM,E,Mexicana,Dir 972
10969,Patricia,Garcia,Cabrera,UTEZ,E,Mexicana,Dir 905
10970,Antonio,Ortiz,Cervantes,ITZ,P,Mexicana,Dir 543
10971,Monica,Guzman,Garza,IPN,P,Mexicana,Dir 622
10972,Gabriela,Campos,Cortes,UNAM,E,Mexicana,Dir 479
10973,Veronica,Cervantes,Ramirez,UNAM,E,Mexicana,Dir 986
10974,Carmen,Garcia,Paredes,UTEZ,P,Mexicana,Dir 734
10975,Daniela,Sanchez,Sosa,ITZ,P,Mexicana,Dir 143
10976,Paola,Navarro,Rios,UNAM,E,Mexicana,Dir 938
10977,Paola,Gonzalez,Morales,UNAM,P,Mexicana,Dir 693
10978,Beatriz,Martinez,Bautista,UAEM,P,Mexicana,Dir 738
10979,Victor,Mendez,Rojas,UPMOR,E,Mexicana,Dir 621
10980,Ruben,Cordova,Ramos,UAEM,E,Mexicana,Dir 72
10981,Sofia,Salazar,Rios,IPN,P,Mexicana,Dir 737
10982,Jorge,Herrera,Silva,UAEM,E,Mexicana,Dir 103
10983,Oscar,Flores,Ortiz,UNAM,P,Mexicana,Dir 68
10984,Fernando,Rodriguez,Campos,UNAM,E,Mexicana,Dir 33
10985,Carlos,Gonzalez,Mejia,UAEM,E,Mexicana,Dir 709
10986,Ruben,Navarro,Gonzalez,IPN,E,Mexicana,Dir 367
10987,Ana,Garza,Rojas,ITZ,P,Mexicana,Dir 608
10988,Adriana,Campos,Romero,ITZ,E,Mexicana,Dir 19
10989,Diana,Cruz,Rojas,ITZ,P,Mexicana,Dir 770
10990,Elena,Bautista,Rios,UTEZ,E,Mexicana,Dir 692
10991,Leticia,Perez,Hernandez,IPN,E,Mexicana,Dir 736
10992,Roberto,Soto,Lopez,ITZ,E,Mexicana,Dir 582
10993,Ruben,Silva,Cabrera,UPMOR,P,Mexicana,Dir 724
10994,Lorena,Chavez,Soto,UPMOR,E,Mexicana,Dir 285
10995,Gael,Perez,Romero,UNAM,P,Mexicana,Dir 158
10996,Rumualdo,Mejia,Cabrera,UAEM,E,Mexicana,Dir 617
10997,Jorge,Castillo,Castillo,IPN,P,Mexicana,Dir 841
10998,Rosa,Lara,Garcia,UAEM,E,Mexicana,Dir 802
10999,Miguel,Ortiz,Cervantes,IPN,E,Mexicana,Dir 339
11000,Paola,Flores,Cortes,ITZ,E,Mexicana,Dir 576
11001,Rumualdo,Flores,Vega,UAEM,P,Mexicana,Dir 845
11002,Diana,Cervantes,Cortes,ITZ,E,Mexicana,Dir 914
11003,Rosa,Medina,Ramos,UPMOR,E,Mexicana,Dir 366
11004,Susana,Gonzalez,Valencia,IPN,E,Mexicana,Dir 794
11005,Gerardo,Rios,Espinoza,UNAM,E,Mexicana,Dir 253
11006,Carmen,Perez,Diaz,IPN,E,Mexicana,Dir 525
11007,Beatriz,Campos,Mejia,UAEM,P,Mexicana,Dir 298
11008,Antonio,Cruz,Morales,UPMOR,E,Mexicana,Dir 988
11009,Diana,Rodriguez,Morales,ITZ,E,Mexicana,Dir 806
11010,Maria,Rojas,Vega,UAEM,E,Mexicana,Dir 6
11011,Diego,Perez,Castro,UTEZ,E,Mexicana,Dir 449
11012,Margarita,Molina,Gonzalez,UNAM,E,Mexicana,Dir 353
11013,Luis,Campos,Rios,UTEZ,E,Mexicana,Dir 554
11014,Gabriela,Gomez,Cervantes,UTEZ,P,Mexicana,Dir 876
11015,Rumualdo,Salazar,Guzman,UTEZ,P,Mexicana,Dir 861
11016,Miguel,Aguilar,Velazquez,UAEM,E,Mexicana,Dir 294
11017,Margarita,Hernandez,Cruz,UNAM,P,Mexicana,Dir 69
11018,Roberto,Chavez,Morales,IPN,E,Mexicana,Dir 681
11019,Miguel,Ramos,Mendoza,UNAM,E,Mexicana,Dir 876
11020,Oscar,Escobar,Navarro,UPMOR,E,Mexicana,Dir 38
11021,Paola,Ramirez,Velazquez,ITZ,P,Mexicana,Dir 604
11022,Martha,Rios,Romero,UPMOR,P,Mexicana,Dir 548
11023,Carmen,Rios,Avila,UPMOR,P,Mexicana,Dir 41
11024,Gabriela,Mendez,Romero,UNAM,E,Mexicana,Dir 715
11025,Ruben,Ortiz,Avila,ITZ,P,Mexicana,Dir 429
11026,Laura,Paredes,Sosa,UAEM,E,Mexicana,Dir 73
11027,Pedro,Ruiz,Cruz,UAEM,E,Mexicana,Dir 575
11028,Lorena,Ramirez,Silva,IPN,E,Mexicana,Dir 696
11029,Natalia,Velazquez,Delgado,UPMOR,P,Mexicana,Dir 684
11030,Hector,Campos,Ortiz,ITZ,E,Mexicana,Dir 839
11031,Teresa,Diaz,Espinoza,UTEZ,E,Mexicana,Dir 25
11032,Martha,Sanchez,Soto,UAEM,E,Mexicana,Dir 151
11033,Javier,Diaz,Escobar,ITZ,E,Mexicana,Dir 644
11034,Arturo,Castillo,Cortes,UAEM,P,Mexicana,Dir 89
11035,Jorge,Martinez,Hernandez,ITZ,P,Mexicana,Dir 199
11036,Monica,Vega,Bautista,UPMOR,E,Mexicana,Dir 469
11037,Sofia,Maldonado,Vargas,ITZ,E,Mexicana,Dir 247
11038,Claudia,Silva,Lopez,IPN,E,Mexicana,Dir 984
11039,Valeria,Garcia,Lopez,ITZ,P,Mexicana,Dir 599
11040,Andrea,Mendoza,Gonzalez,UPMOR,E,Mexicana,Dir 174
11041,Rafael,Flores,Cervantes,UAEM,P,Mexicana,Dir 749
11042,Hector,Ruiz,Ortiz,UNAM,P,Mexicana,Dir 333
11043,Victor,Espinoza,Escobar,IPN,E,Mexicana,Dir 911
11044,Natalia,Garcia,Soto,UNAM,P,Mexicana,Dir 260
11045,Martha,Romero,Delgado,UNAM,P,Mexicana,Dir 704
11046,Margarita,Navarro,Mendez,UTEZ,E,Mexicana,Dir 632
11047,Monica,Chavez,Romero,IPN,P,Mexicana,Dir 708
11048,Rumualdo,Valencia,Herrera,ITZ,E,Mexicana,Dir 763
11049,Francisco,Cruz,Ruiz,UTEZ,P,Mexicana,Dir 220
11050,Julio,Navarro,Morales,UNAM,E,Mexicana,Dir 662
11051,Veronica,Espinoza,Garcia,UTEZ,P,Mexicana,Dir 87
11052,Antonio,Cortes,Espinoza,UTEZ,E,Mexicana,Dir 213
11053,Susana,Guzman,Ramos,ITZ,P,Mexicana,Dir 84
11054,Raul,Ramirez,Vargas,UAEM,P,Mexicana,Dir 390
11055,Alejandro,Aguilar,Reyes,UTEZ,E,Mexicana,Dir 374
11056,Silvia,Rios,Mendoza,UPMOR,P,Mexicana,Dir 692
11057,Antonio,Diaz,Lopez,IPN,E,Mexicana,Dir 107
11058,Carmen,Ramirez,Mendoza,IPN,P,Mexicana,Dir 521
11059,Margarita,Velazquez,Paredes,UAEM,E,Mexicana,Dir 716
11060,Laura,Valencia,Ramos,IPN,E,Mexicana,Dir 964
11061,Teresa,Espinoza,Ramirez,UAEM,E,Mexicana,Dir 690
11062,Andrea,Soto,Avila,UPMOR,E,Mexicana,Dir 252
11063,Martha,Molina,Avila,ITZ,P,Mexicana,Dir 51
11064,Roberto,Garza,Mejia,UAEM,E,Mexicana,Dir 198
11065,Miguel,Lopez,Herrera,IPN,E,Mexicana,Dir 379
11066,Jesus,Mendoza,Paredes,UNAM,E,Mexicana,Dir 699
11067,Daniela,Mendoza,Paredes,UNAM,E,Mexicana,Dir 471
11068,Margarita,Munoz,Cruz,UPMOR,E,Mexicana,Dir 866
11069,Veronica,Avila,Ramos,UNAM,E,Mexicana,Dir 760
11070,Beatriz,Rodriguez,Chavez,UNAM,P,Mexicana,Dir 396
11071,Gabriela,Reyes,Martinez,UTEZ,P,Mexicana,Dir 683
11072,Pedro,Cabrera,Bautista,IPN,E,Mexicana,Dir 383
11073,Claudia,Lara,Rodriguez,UAEM,E,Mexicana,Dir 955
11074,Ricardo,Hernandez,Velazquez,UPMOR,E,Mexicana,Dir 983
11075,Daniela,Maldonado,Rios,UPMOR,E,Mexicana,Dir 790
11076,Miguel,Morales,Martinez,ITZ,E,Mexicana,Dir 102
11077,Pedro,Reyes,Salazar,ITZ,E,Mexicana,Dir 881
11078,Gabriela,Morales,Diaz,UAEM,E,Mexicana,Dir 145
11079,Ruben,Garcia,Herrera,ITZ,E,Mexicana,Dir 515
11080,Luis,Aguilar,Castro,UAEM,P,Mexicana,Dir 835
11081,Hector,Aguilar,Flores,UAEM,E,Mexicana,Dir 580
11082,Andrea,Soto,Gomez,UAEM,E,Mexicana,Dir 924
11083,Natalia,Medina,Cordova,IPN,E,Mexicana,Dir 157
11084,Pedro,Hernandez,Espinoza,ITZ,P,Mexicana,Dir 224
11085,Hugo,Molina,Gonzalez,UTEZ,E,Mexicana,Dir 585
11086,Luis,Mejia,Cruz,IPN,E,Mexicana,Dir 114
11087,Adriana,Ruiz,Mendez,UPMOR,P,Mexicana,Dir 952
11088,Raul,Soto,Sanchez,UTEZ,E,Mexicana,Dir 891
11089,Ana,Aguilar,Chavez,UNAM,E,Mexicana,Dir 104
11090,Manuel,Mejia,Gomez,UPMOR,E,Mexicana,Dir 56
11091,Raul,Cruz,Rodriguez,ITZ,P,Mexicana,Dir 172
11092,Antonio,Soto,Vargas,UAEM,P,Mexicana,Dir 658
11093,Rumualdo,Ortiz,Medina,UAEM,P,Mexicana,Dir 359
11094,Laura,Gutierrez,Flores,UTEZ,P,Mexicana,Dir 345
11095,Leticia,Espinoza,Soto,IPN,E,Mexicana,Dir 935
11096,Carolina,Ruiz,Chavez,UPMOR,E,Mexicana,Dir 256
11097,Rumualdo,Espinoza,Ruiz,UPMOR,E,Mexicana,Dir 814
11098,Ricardo,Campos,Velazquez,ITZ,E,Mexicana,Dir 197
11099,Raul,Sosa,Reyes,UTEZ,E,Mexicana,Dir 768
11100,Lucia,Vega,Velazquez,UNAM,E,Mexicana,Dir 388
11101,Gabriela,Avila,Espinoza,UNAM,E,Mexicana,Dir 926
11102,Laura,Gonzalez,Gutierrez,UTEZ,P,Mexicana,Dir 742
11103,Victor,Flores,Chavez,UPMOR,E,Mexicana,Dir 427
11104,Martha,Diaz,Ramirez,UPMOR,P,Mexicana,Dir 931
11105,Ruben,Ruiz,Delgado,UPMOR,E,Mexicana,Dir 657
11106,Gerardo,Guzman,Molina,UPMOR,E,Mexicana,Dir 438
11107,Andrea,Bautista,Escobar,UTEZ,E,Mexicana,Dir 486
11108,Alejandro,Rodriguez,Ramirez,IPN,E,Mexicana,Dir 450
11109,Martin,Ramirez,Romero,IPN,P,Mexicana,Dir 341
11110,Valeria,Gonzalez,Munoz,IPN,E,Mexicana,Dir 969
11111,Ricardo,Flores,Mendoza,ITZ,P,Mexicana,Dir 212
11112,Oscar,Chavez,Munoz,UPMOR,E,Mexicana,Dir 138
11113,Diego,Flores,Paredes,UNAM,P,Mexicana,Dir 125
11114,Gael,Medina,Castro,UAEM,E,Mexicana,Dir 574
11115,Natalia,Castro,Medina,UAEM,E,Mexicana,Dir 204
11116,Leticia,Bautista,Mendoza,UAEM,E,Mexicana,Dir 31
11117,Julio,Perez,Ramirez,UTEZ,E,Mexicana,Dir 253
11118,Raul,Cordova,Castro,ITZ,P,Mexicana,Dir 306
11119,Martin,Sosa,Delgado,UAEM,E,Mexicana,Dir 60
11120,Martin,Campos,Gomez,UPMOR,E,Mexicana,Dir 721
11121,Teresa,Morales,Cordova,IPN,P,Mexicana,Dir 860
11122,Carmen,Cordova,Gomez,IPN,E,Mexicana,Dir 943
11123,Luis,Valencia,Gonzalez,UTEZ,E,Mexicana,Dir 27
11124,Carmen,Martinez,Morales,UNAM,P,Mexicana,Dir 833
11125,Rafael,Dominguez,Reyes,UNAM,P,Mexicana,Dir 619
11126,Patricia,Velazquez,Cortes,UNAM,P,Mexicana,Dir 976
11127,Veronica,Vargas,Silva,UNAM,E,Mexicana,Dir 52
11128,Diana,Campos,Ruiz,IPN,P,Mexicana,Dir 921
11129,Javier,Aguilar,Martinez,UAEM,P,Mexicana,Dir 406
11130,Lucia,Gutierrez,Sanchez,UTEZ,P,Mexicana,Dir 844
11131,Silvia,Campos,Hernandez,IPN,E,Mexicana,Dir 137
11132,Victor,Molina,Castillo,UPMOR,P,Mexicana,Dir 671
11133,Manuel,Hernandez,Rios,UAEM,E,Mexicana,Dir 753
11134,Sofia,Ortiz,Ruiz,IPN,E,Mexicana,Dir 485
11135,Ana,Mendoza,Gonzalez,UPMOR,E,Mexicana,Dir 990
11136,Carlos,Ortiz,Diaz,IPN,E,Mexicana,Dir 346
11137,Hector,Diaz,Mejia,UNAM,P,Mexicana,Dir 429
11138,Daniela,Castro,Escobar,ITZ,E,Mexicana,Dir 511
11139,Monica,Vega,Guzman,UPMOR,E,Mexicana,Dir 354
11140,Veronica,Mendez,Hernandez,ITZ,E,Mexicana,Dir 420
11141,Silvia,Ortiz,Gutierrez,ITZ,P,Mexicana,Dir 574
11142,Claudia,Martinez,Paredes,UPMOR,P,Mexicana,Dir 153
11143,Hugo,Guzman,Cortes,UPMOR,E,Mexicana,Dir 867
11144,Javier,Valencia,Cortes,ITZ,P,Mexicana,Dir 298
11145,Susana,Rios,Garza,IPN,E,Mexicana,Dir 52
11146,Ana,Castro,Martinez,UPMOR,E,Mexicana,Dir 360
11147,Gerardo,Sosa,Valencia,UPMOR,P,Mexicana,Dir 666
11148,Hugo,Reyes,Rojas,UPMOR,P,Mexicana,Dir 699
11149,Teresa,Gonzalez,Espinoza,UAEM,E,Mexicana,Dir 472
11150,Paola,Molina,Velazquez,ITZ,E,Mexicana,Dir 388
11151,Silvia,Molina,Cortes,UAEM,P,Mexicana,Dir 43
11152,Elena,Garza,Silva,UAEM,E,Mexicana,Dir 588
11153,Silvia,Rojas,Sosa,IPN,E,Mexicana,Dir 790
11154,Claudia,Gomez,Velazquez,IPN,E,Mexicana,Dir 836
11155,Leticia,Cabrera,Garza,UTEZ,E,Mexicana,Dir 844
11156,Sofia,Castillo,Paredes,UPMOR,E,Mexicana,Dir 354
11157,Silvia,Castro,Campos,UPMOR,E,Mexicana,Dir 991
11158,Manuel,Lara,Reyes,ITZ,P,Mexicana,Dir 550
11159,Manuel,Lopez,Castillo,ITZ,E,Mexicana,Dir 572
11160,Patricia,Escobar,Aguilar,UPMOR,E,Mexicana,Dir 430
11161,Susana,Sosa,Ramirez,UTEZ,E,Mexicana,Dir 511
11162,Lorena,Castro,Rios,UTEZ,E,Mexicana,Dir 77
11163,Natalia,Valencia,Gomez,UAEM,E,Mexicana,Dir 644
11164,Martin,Campos,Chavez,UPMOR,E,Mexicana,Dir 438
11165,Teresa,Gomez,Espinoza,IPN,E,Mexicana,Dir 653
11166,Fernando,Ruiz,Ramirez,UAEM,E,Mexicana,Dir 930
11167,Roberto,Lara,Castro,UPMOR,E,Mexicana,Dir 939
11168,Rumualdo,Sanchez,Salazar,ITZ,P,Mexicana,Dir 80
11169,Antonio,Reyes,Ramos,UPMOR,E,Mexicana,Dir 918
11170,Fernando,Bautista,Maldonado,UTEZ,E,Mexicana,Dir 728
11171,Valeria,Escobar,Molina,ITZ,P,Mexicana,Dir 774
11172,Monica,Valencia,Maldonado,UNAM,E,Mexicana,Dir 176
11173,Beatriz,Hernandez,Hernandez,UAEM,P,Mexicana,Dir 949
11174,Susana,Rojas,Gonzalez,UTEZ,E,Mexicana,Dir 650
11175,Gerardo,Delgado,Lopez,UPMOR,E,Mexicana,Dir 240
11176,Martin,Maldonado,Sosa,IPN,E,Mexicana,Dir 866
11177,Lucia,Gutierrez,Valencia,UTEZ,E,Mexicana,Dir 544
11178,Natalia,Hernandez,Cervantes,ITZ,E,Mexicana,Dir 569
11179,Susana,Garza,Chavez,IPN,E,Mexicana,Dir 459
11180,Carlos,Rodriguez,Cruz,UTEZ,E,Mexicana,Dir 638
11181,Luis,Rios,Velazquez,UAEM,E,Mexicana,Dir 570
11182,Roberto,Hernandez,Hernandez,UNAM,P,Mexicana,Dir 366
11183,Elena,Ramos,Salazar,UPMOR,E,Mexicana,Dir 216
11184,Esteban,Cruz,Gonzalez,UTEZ,E,Mexicana,Dir 726
11185,Lorena,Romero,Chavez,UTEZ,P,Mexicana,Dir 348
11186,Luis,Ortiz,Perez,IPN,E,Mexicana,Dir 406
11187,Maria,Ramos,Gonzalez,UAEM,E,Mexicana,Dir 641
11188,Carolina,Cabrera,Vargas,UNAM,E,Mexicana,Dir 311
11189,Ana,Espinoza,Avila,UAEM,E,Mexicana,Dir 831
11190,Manuel,Sanchez,Mejia,ITZ,P,Mexicana,Dir 681
11191,Rafael,Navarro,Hernandez,UAEM,P,Mexicana,Dir 119
11192,Antonio,Maldonado,Gutierrez,UNAM,P,Mexicana,Dir 556
11193,Margarita,Delgado,Guzman,ITZ,E,Mexicana,Dir 819
11194,Andrea,Medina,Valencia,UTEZ,E,Mexicana,Dir 421
11195,Gabriela,Avila,Espinoza,ITZ,E,Mexicana,Dir 625
11196,Teresa,Guzman,Castro,UTEZ,P,Mexicana,Dir 231
11197,Rosa,Rojas,Velazquez,ITZ,E,Mexicana,Dir 331
11198,Miguel,Dominguez,Martinez,UTEZ,E,Mexicana,Dir 430
11199,Elena,Ramirez,Mejia,UAEM,P,Mexicana,Dir 712
11200,Ruben,Morales,Rios,UNAM,E,Mexicana,Dir 648
11201,Esteban,Navarro,Cabrera,UPMOR,P,Mexicana,Dir 924
11202,Silvia,Cervantes,Hernandez,UPMOR,P,Mexicana,Dir 670
11203,Javier,Velazquez,Garza,UAEM,P,Mexicana,Dir 920
11204,Teresa,Ortiz,Medina,UAEM,P,Mexicana,Dir 808
11205,Patricia,Cordova,Herrera,ITZ,P,Mexicana,Dir 324
11206,Rosa,Martinez,Mendez,UTEZ,P,Mexicana,Dir 635
11207,Ricardo,Lara,Valencia,IPN,P,Mexicana,Dir 78
11208,Carlos,Sosa,Castro,UAEM,P,Mexicana,Dir 704
11209,Elena,Velazquez,Paredes,UAEM,E,Mexicana,Dir 76
11210,Julio,Perez,Aguilar,UTEZ,E,Mexicana,Dir 531
11211,Esteban,Vega,Salazar,UAEM,E,Mexicana,Dir 553
11212,Jorge,Perez,Munoz,UNAM,E,Mexicana,Dir 88
11213,Daniela,Lara,Romero,ITZ,E,Mexicana,Dir 331
11214,Veronica,Mendez,Aguilar,UTEZ,E,Mexicana,Dir 615
11215,Victor,Martinez,Soto,UPMOR,E,Mexicana,Dir 761
11216,Arturo,Sosa,Cordova,UTEZ,E,Mexicana,Dir 101
11217,Julio,Ramirez,Maldonado,IPN,E,Mexicana,Dir 613
11218,Valeria,Campos,Cervantes,UAEM,P,Mexicana,Dir 596
11219,Patricia,Garcia,Salazar,UAEM,P,Mexicana,Dir 238
11220,Natalia,Dominguez,Rojas,IPN,P,Mexicana,Dir 876
11221,Diana,Gonzalez,Romero,UPMOR,P,Mexicana,Dir 885
11222,Raul,Navarro,Gutierrez,UTEZ,P,Mexicana,Dir 132
11223,Rafael,Vargas,Velazquez,IPN,P,Mexicana,Dir 87
11224,Diana,Silva,Hernandez,IPN,E,Mexicana,Dir 16
11225,Oscar,Soto,Cortes,ITZ,P,Mexicana,Dir 171
11226,Sofia,Sosa,Mendez,UPMOR,P,Mexicana,Dir 938
11227,Javier,Aguilar,Martinez,UNAM,P,Mexicana,Dir 569
11228,Rosa,Velazquez,Dominguez,UPMOR,P,Mexicana,Dir 495
11229,Susana,Lara,Ramos,UTEZ,P,Mexicana,Dir 807
11230,Victor,Hernandez,Munoz,UPMOR,E,Mexicana,Dir 37
11231,Claudia,Garza,Escobar,IPN,E,Mexicana,Dir 26
11232,Lorena,Medina,Campos,UAEM,E,Mexicana,Dir 862
11233,Paola,Medina,Rojas,UNAM,P,Mexicana,Dir 688
11234,Victor,Salazar,Rios,UNAM,P,Mexicana,Dir 85
11235,Alejandro,Campos,Castillo,ITZ,E,Mexicana,Dir 787
11236,Rafael,Hernandez,Guzman,UNAM,P,Mexicana,Dir 682
11237,Eduardo,Lopez,Rios,UNAM,P,Mexicana,Dir 574
11238,Raul,Delgado,Romero,ITZ,P,Mexicana,Dir 239
11239,Francisco,Sanchez,Ramos,UTEZ,E,Mexicana,Dir 415
11240,Miguel,Flores,Romero,UTEZ,E,Mexicana,Dir 214
11241,Rumualdo,Cervantes,Gomez,ITZ,P,Mexicana,Dir 172
11242,Margarita,Romero,Cabrera,UPMOR,P,Mexicana,Dir 109
11243,Lucia,Ramirez,Garza,UPMOR,P,Mexicana,Dir 506
11244,Diana,Soto,Molina,UNAM,P,Mexicana,Dir 390
11245,Arturo,Delgado,Perez,UNAM,P,Mexicana,Dir 734
11246,Ana,Ruiz,Rios,UAEM,P,Mexicana,Dir 158
11247,Susana,Rios,Ortiz,IPN,E,Mexicana,Dir 792
11248,Beatriz,Molina,Gutierrez,UPMOR,P,Mexicana,Dir 195
11249,Lucia,Gomez,Mendoza,IPN,P,Mexicana,Dir 729
11250,Eduardo,Lara,Lopez,UPMOR,E,Mexicana,Dir 245
11251,Fernando,Rios,Martinez,UTEZ,E,Mexicana,Dir 237
11252,Luis,Gomez,Cervantes,UNAM,E,Mexicana,Dir 557
11253,Elena,Navarro,Medina,UPMOR,E,Mexicana,Dir 269
11254,Antonio,Diaz,Munoz,IPN,E,Mexicana,Dir 278
11255,Lucia,Avila,Cabrera,UTEZ,P,Mexicana,Dir 844
11256,Diego,Ramos,Sanchez,UPMOR,E,Mexicana,Dir 636
11257,Manuel,Castro,Cervantes,UPMOR,P,Mexicana,Dir 912
11258,Hector,Ramos,Valencia,IPN,E,Mexicana,Dir 457
11259,Margarita,Cruz,Soto,UNAM,E,Mexicana,Dir 118
11260,Teresa,Soto,Mejia,IPN,P,Mexicana,Dir 810
11261,Jesus,Ramos,Dominguez,ITZ,P,Mexicana,Dir 221
11262,Beatriz,Cervantes,Ramos,UNAM,P,Mexicana,Dir 783
11263,Gerardo,Aguilar,Aguilar,UPMOR,P,Mexicana,Dir 530
11264,Patricia,Espinoza,Vargas,UPMOR,E,Mexicana,Dir 814
11265,Arturo,Cervantes,Cabrera,ITZ,P,Mexicana,Dir 527
11266,Ricardo,Garza,Lopez,ITZ,E,Mexicana,Dir 827
11267,Leticia,Cabrera,Vega,ITZ,E,Mexicana,Dir 666
11268,Antonio,Aguilar,Reyes,UNAM,E,Mexicana,Dir 683
11269,Leticia,Cruz,Garza,IPN,P,Mexicana,Dir 852
11270,Ana,Escobar,Molina,UNAM,P,Mexicana,Dir 671
11271,Daniela,Mendez,Soto,UNAM,E,Mexicana,Dir 589
11272,Valeria,Gutierrez,Lara,UPMOR,P,Mexicana,Dir 938
11273,Victor,Flores,Escobar,UAEM,P,Mexicana,Dir 511
11274,Maria,Castro,Soto,UPMOR,P,Mexicana,Dir 507
11275,Arturo,Cortes,Castillo,UAEM,E,Mexicana,Dir 199
11276,Patricia,Ruiz,Perez,UAEM,P,Mexicana,Dir 2
11277,Jorge,Ruiz,Valencia,UTEZ,E,Mexicana,Dir 129
11278,Jesus,Cruz,Garza,IPN,P,Mexicana,Dir 471
11279,Elena,Escobar,Morales,UAEM,P,Mexicana,Dir 342
11280,Gabriela,Chavez,Delgado,UAEM,P,Mexicana,Dir 151
11281,Alejandro,Guzman,Cortes,UPMOR,P,Mexicana,Dir 895
11282,Elena,Lara,Flores,UNAM,P,Mexicana,Dir 371
11283,Arturo,Navarro,Gutierrez,UNAM,P,Mexicana,Dir 373
11284,Victor,Herrera,Espinoza,UPMOR,P,Mexicana,Dir 443
11285,Carolina,Sanchez,Sosa,UNAM,E,Mexicana,Dir 474
11286,Fernando,Medina,Vega,UNAM,E,Mexicana,Dir 671
11287,Luis,Morales,Sosa,IPN,P,Mexicana,Dir 10
11288,Oscar,Mejia,Cruz,UAEM,P,Mexicana,Dir 803
11289,Eduardo,Lopez,Cabrera,UNAM,P,Mexicana,Dir 2
11290,Esteban,Castillo,Romero,UTEZ,P,Mexicana,Dir 648
11291,Manuel,Perez,Gutierrez,UPMOR,P,Mexicana,Dir 239
11292,Ana,Valencia,Salazar,UNAM,P,Mexicana,Dir 544
11293,Jorge,Hernandez,Cervantes,ITZ,P,Mexicana,Dir 903
11294,Miguel,Castillo,Navarro,UNAM,E,Mexicana,Dir 876
11295,Esteban,Ruiz,Sosa,UAEM,P,Mexicana,Dir 454
11296,Claudia,Sosa,Maldonado,ITZ,P,Mexicana,Dir 702
11297,Monica,Lara,Garcia,UNAM,E,Mexicana,Dir 481
11298,Diego,Garza,Soto,IPN,P,Mexicana,Dir 882
11299,Ruben,Cruz,Rodriguez,IPN,E,Mexicana,Dir 956
11300,Miguel,Reyes,Ramirez,ITZ,E,Mexicana,Dir 229
11301,Roberto,Cabrera,Gomez,UAEM,E,Mexicana,Dir 272
11302,Javier,Chavez,Vega,UAEM,E,Mexicana,Dir 678
11303,Natalia,Romero,Silva,IPN,P,Mexicana,Dir 17
11304,Manuel,Lara,Paredes,IPN,P,Mexicana,Dir 295
11305,Laura,Navarro,Garcia,UNAM,P,Mexicana,Dir 89
11306,Carolina,Rios,Medina,UNAM,P,Mexicana,Dir 518
11307,Rumualdo,Ortiz,Ortiz,UAEM,P,Mexicana,Dir 195
11308,Elena,Soto,Aguilar,UPMOR,P,Mexicana,Dir 380
11309,Andrea,Castro,Chavez,IPN,P,Mexicana,Dir 977
11310,Lorena,Espinoza,Medina,UTEZ,E,Mexicana,Dir 350
11311,Carolina,Ramos,Mendoza,UAEM,E,Mexicana,Dir 642
11312,Ruben,Cruz,Guzman,UAEM,E,Mexicana,Dir 138
11313,Paola,Velazquez,Ramos,UNAM,E,Mexicana,Dir 210
11314,Manuel,Campos,Paredes,UNAM,P,Mexicana,Dir 787
11315,Beatriz,Dominguez,Silva,UPMOR,E,Mexicana,Dir 853
11316,Valeria,Chavez,Vega,IPN,P,Mexicana,Dir 642
11317,Diana,Bautista,Romero,UTEZ,P,Mexicana,Dir 542
11318,Gerardo,Rojas,Lara,IPN,P,Mexicana,Dir 92
11319,Esteban,Flores,Campos,UAEM,P,Mexicana,Dir 878
11320,Daniela,Chavez,Diaz,IPN,P,Mexicana,Dir 952
11321,Valeria,Reyes,Bautista,UNAM,E,Mexicana,Dir 233
11322,Paola,Lopez,Gutierrez,UPMOR,P,Mexicana,Dir 747
11323,Julio,Perez,Rios,IPN,E,Mexicana,Dir 680
11324,Silvia,Velazquez,Mendoza,IPN,E,Mexicana,Dir 531
11325,Veronica,Rodriguez,Rodriguez,IPN,E,Mexicana,Dir 284
11326,Lorena,Valencia,Garza,UAEM,P,Mexicana,Dir 943
11327,Monica,Mendoza,Herrera,UTEZ,P,Mexicana,Dir 547
11328,Rafael,Ruiz,Rojas,UTEZ,P,Mexicana,Dir 729
11329,Margarita,Aguilar,Gonzalez,UTEZ,P,Mexicana,Dir 436
11330,Gabriela,Molina,Rojas,IPN,P,Mexicana,Dir 237
11331,Daniela,Vargas,Maldonado,IPN,E,Mexicana,Dir 170
11332,Elena,Ramirez,Avila,ITZ,P,Mexicana,Dir 893
11333,Adriana,Rodriguez,Molina,UTEZ,E,Mexicana,Dir 574
11334,Silvia,Avila,Soto,UPMOR,P,Mexicana,Dir 707
11335,Jesus,Hernandez,Gonzalez,IPN,E,Mexicana,Dir 510
11336,Julio,Espinoza,Castillo,UNAM,E,Mexicana,Dir 961
11337,Beatriz,Rodriguez,Cordova,UPMOR,P,Mexicana,Dir 612
11338,Luis,Rios,Guzman,UAEM,E,Mexicana,Dir 422
11339,Carlos,Lara,Reyes,ITZ,P,Mexicana,Dir 174
11340,Silvia,Vega,Bautista,UTEZ,E,Mexicana,Dir 808
11341,Rosa,Campos,Paredes,IPN,E,Mexicana,Dir 319
11342,Esteban,Campos,Cervantes,UPMOR,P,Mexicana,Dir 912
11343,Andrea,Diaz,Reyes,UTEZ,P,Mexicana,Dir 823
11344,Julio,Delgado,Flores,IPN,E,Mexicana,Dir 859
11345,Rumualdo,Espinoza,Bautista,ITZ,E,Mexicana,Dir 989
11346,Natalia,Perez,Flores,UAEM,P,Mexicana,Dir 569
11347,Alejandro,Paredes,Cabrera,ITZ,P,Mexicana,Dir 872
11348,Daniela,Diaz,Sanchez,UPMOR,P,Mexicana,Dir 894
11349,Leticia,Sanchez,Guzman,UPMOR,E,Mexicana,Dir 326
11350,Jorge,Ramos,Valencia,IPN,P,Mexicana,Dir 183
11351,Carlos,Herrera,Garcia,UNAM,P,Mexicana,Dir 274
11352,Carolina,Avila,Cortes,UPMOR,P,Mexicana,Dir 46
11353,Laura,Avila,Paredes,ITZ,P,Mexicana,Dir 627
11354,Gerardo,Guzman,Gomez,UTEZ,E,Mexicana,Dir 43
11355,Carmen,Cordova,Velazquez,ITZ,E,Mexicana,Dir 88
11356,Raul,Sosa,Castro,UNAM,P,Mexicana,Dir 970
11357,Daniela,Mejia,Diaz,UNAM,E,Mexicana,Dir 166
11358,Adriana,Rodriguez,Garcia,IPN,P,Mexicana,Dir 961
11359,Laura,Gonzalez,Sosa,IPN,P,Mexicana,Dir 469
11360,Manuel,Vega,Ramirez,UNAM,P,Mexicana,Dir 444
11361,Fernando,Salazar,Navarro,ITZ,P,Mexicana,Dir 548
11362,Oscar,Munoz,Molina,UNAM,P,Mexicana,Dir 718
11363,Elena,Lara,Aguilar,ITZ,P,Mexicana,Dir 259
11364,Sofia,Ramos,Hernandez,IPN,E,Mexicana,Dir 459
11365,Sofia,Vargas,Molina,UTEZ,P,Mexicana,Dir 909
11366,Gerardo,Vargas,Guzman,UPMOR,P,Mexicana,Dir 641
11367,Natalia,Campos,Reyes,UPMOR,E,Mexicana,Dir 899
11368,Antonio,Soto,Herrera,UPMOR,P,Mexicana,Dir 590
11369,Pedro,Ramos,Flores,UNAM,P,Mexicana,Dir 882
11370,Luis,Chavez,Soto,UTEZ,E,Mexicana,Dir 161
11371,Natalia,Guzman,Herrera,UNAM,E,Mexicana,Dir 605
11372,Manuel,Bautista,Aguilar,UNAM,P,Mexicana,Dir 748
11373,Manuel,Ortiz,Gutierrez,UPMOR,P,Mexicana,Dir 774
11374,Monica,Garza,Hernandez,IPN,P,Mexicana,Dir 168
11375,Eduardo,Garza,Velazquez,ITZ,E,Mexicana,Dir 205
11376,Fernando,Vargas,Munoz,UTEZ,E,Mexicana,Dir 449
11377,Arturo,Medina,Rios,UNAM,P,Mexicana,Dir 496
11378,Veronica,Flores,Navarro,ITZ,P,Mexicana,Dir 496
11379,Lucia,Cabrera,Flores,ITZ,P,Mexicana,Dir 844
11380,Ana,Morales,Cordova,ITZ,E,Mexicana,Dir 540
11381,Esteban,Rodriguez,Vargas,UPMOR,E,Mexicana,Dir 74
11382,Francisco,Dominguez,Diaz,UAEM,E,Mexicana,Dir 642
11383,Diego,Castillo,Rios,UPMOR,P,Mexicana,Dir 211
11384,Sofia,Mendez,Castillo,UTEZ,P,Mexicana,Dir 2
11385,Silvia,Avila,Castillo,IPN,P,Mexicana,Dir 839
11386,Lorena,Morales,Salazar,UNAM,P,Mexicana,Dir 988
11387,Martin,Guzman,Ramos,UAEM,E,Mexicana,Dir 621
11388,Lorena,Castillo,Ruiz,UAEM,E,Mexicana,Dir 983
11389,Natalia,Sosa,Rojas,UPMOR,P,Mexicana,Dir 958
11390,Natalia,Vargas,Espinoza,IPN,P,Mexicana,Dir 627
11391,Susana,Reyes,Martinez,UPMOR,E,Mexicana,Dir 691
11392,Eduardo,Silva,Castro,ITZ,P,Mexicana,Dir 717
11393,Francisco,Velazquez,Navarro,UTEZ,E,Mexicana,Dir 452
11394,Leticia,Gonzalez,Valencia,UTEZ,P,Mexicana,Dir 477
11395,Rosa,Reyes,Ortiz,UTEZ,E,Mexicana,Dir 843
11396,Elena,Gonzalez,Herrera,UPMOR,E,Mexicana,Dir 977
11397,Roberto,Paredes,Bautista,UNAM,P,Mexicana,Dir 621
11398,Gerardo,Flores,Ortiz,UAEM,E,Mexicana,Dir 15
11399,Margarita,Castillo,Herrera,UNAM,E,Mexicana,Dir 551
11400,Ruben,Rodriguez,Maldonado,UNAM,E,Mexicana,Dir 273
11401,Jesus,Lopez,Medina,ITZ,E,Mexicana,Dir 397
11402,Diego,Castillo,Cruz,UPMOR,E,Mexicana,Dir 994
11403,Carolina,Escobar,Rojas,ITZ,P,Mexicana,Dir 403
11404,Gerardo,Aguilar,Maldonado,UPMOR,P,Mexicana,Dir 462
11405,Antonio,Escobar,Campos,UPMOR,P,Mexicana,Dir 242
11406,Roberto,Mejia,Herrera,UTEZ,E,Mexicana,Dir 248
11407,Diego,Velazquez,Chavez,UPMOR,P,Mexicana,Dir 521
11408,Gabriela,Vargas,Munoz,UNAM,E,Mexicana,Dir 66
11409,Claudia,Castillo,Romero,UTEZ,E,Mexicana,Dir 559
11410,Daniela,Velazquez,Avila,UNAM,E,Mexicana,Dir 519
11411,Jorge,Molina,Guzman,UPMOR,E,Mexicana,Dir 567
11412,Oscar,Ramos,Delgado,UPMOR,P,Mexicana,Dir 644
11413,Ruben,Silva,Herrera,UNAM,E,Mexicana,Dir 334
11414,Miguel,Ramirez,Perez,UAEM,E,Mexicana,Dir 735
11415,Teresa,Campos,Maldonado,UAEM,E,Mexicana,Dir 186
11416,Gerardo,Avila,Garcia,UPMOR,E,Mexicana,Dir 579
11417,Manuel,Escobar,Sanchez,IPN,E,Mexicana,Dir 43
11418,Antonio,Dominguez,Cortes,ITZ,P,Mexicana,Dir 57
11419,Claudia,Ramirez,Herrera,UAEM,E,Mexicana,Dir 693
11420,Beatriz,Sosa,Castillo,UTEZ,P,Mexicana,Dir 305
11421,Gael,Soto,Navarro,UPMOR,P,Mexicana,Dir 565
11422,Martin,Mejia,Cabrera,UTEZ,P,Mexicana,Dir 966
11423,Adriana,Dominguez,Chavez,UAEM,P,Mexicana,Dir 340
11424,Claudia,Rios,Rodriguez,UNAM,E,Mexicana,Dir 731
11425,Maria,Lopez,Herrera,ITZ,P,Mexicana,Dir 400
11426,Julio,Salazar,Delgado,ITZ,P,Mexicana,Dir 783
11427,Paola,Escobar,Medina,UNAM,P,Mexicana,Dir 955
11428,Adriana,Perez,Silva,IPN,E,Mexicana,Dir 134
11429,Rosa,Diaz,Ramirez,UAEM,P,Mexicana,Dir 278
11430,Carolina,Cortes,Castillo,ITZ,P,Mexicana,Dir 91
11431,Paola,Espinoza,Escobar,ITZ,E,Mexicana,Dir 695
11432,Carmen,Herrera,Rodriguez,UTEZ,E,Mexicana,Dir 114
11433,Andrea,Cervantes,Ortiz,UPMOR,E,Mexicana,Dir 344
11434,Laura,Sanchez,Campos,UPMOR,P,Mexicana,Dir 552
11435,Veronica,Dominguez,Cruz,ITZ,P,Mexicana,Dir 406
11436,Jesus,Valencia,Garza,UPMOR,E,Mexicana,Dir 525
11437,Rosa,Mendez,Soto,UPMOR,E,Mexicana,Dir 129
11438,Maria,Campos,Chavez,ITZ,P,Mexicana,Dir 235
11439,Silvia,Navarro,Cordova,UAEM,P,Mexicana,Dir 945
11440,Roberto,Romero,Garcia,UNAM,P,Mexicana,Dir 556
11441,Valeria,Flores,Perez,ITZ,P,Mexicana,Dir 518
11442,Andrea,Lara,Cruz,UNAM,P,Mexicana,Dir 886
11443,Silvia,Maldonado,Rodriguez,UAEM,P,Mexicana,Dir 738
11444,Claudia,Morales,Lopez,IPN,P,Mexicana,Dir 375
11445,Valeria,Martinez,Espinoza,UTEZ,P,Mexicana,Dir 351
11446,Luis,Rios,Delgado,IPN,E,Mexicana,Dir 774
11447,Elena,Flores,Cordova,UPMOR,E,Mexicana,Dir 841
11448,Eduardo,Garcia,Molina,ITZ,P,Mexicana,Dir 402
11449,Manuel,Morales,Aguilar,UTEZ,P,Mexicana,Dir 213
11450,Jesus,Diaz,Lara,ITZ,P,Mexicana,Dir 779
11451,Jose,Chavez,Soto,IPN,E,Mexicana,Dir 947
11452,Luis,Flores,Castro,IPN,E,Mexicana,Dir 635
11453,Javier,Ramos,Mejia,UPMOR,E,Mexicana,Dir 973
11454,Jose,Lara,Romero,IPN,E,Mexicana,Dir 512
11455,Adriana,Gomez,Flores,UTEZ,E,Mexicana,Dir 444
11456,Leticia,Ortiz,Hernandez,UPMOR,E,Mexicana,Dir 396
11457,Andrea,Gonzalez,Cervantes,UPMOR,P,Mexicana,Dir 745
11458,Pedro,Navarro,Morales,UAEM,P,Mexicana,Dir 684
11459,Hector,Morales,Molina,ITZ,E,Mexicana,Dir 183
11460,Manuel,Chavez,Ruiz,ITZ,E,Mexicana,Dir 668
11461,Daniela,Cabrera,Rios,UTEZ,P,Mexicana,Dir 745
11462,Carlos,Guzman,Gutierrez,UAEM,E,Mexicana,Dir 586
11463,Maria,Garza,Reyes,IPN,P,Mexicana,Dir 242
11464,Carmen,Escobar,Chavez,UPMOR,E,Mexicana,Dir 138
11465,Raul,Velazquez,Mendez,UPMOR,P,Mexicana,Dir 744
11466,Carlos,Salazar,Valencia,UPMOR,P,Mexicana,Dir 124
11467,Jose,Chavez,Soto,UNAM,E,Mexicana,Dir 302
11468,Natalia,Ortiz,Lopez,UNAM,P,Mexicana,Dir 731
11469,Teresa,Cabrera,Lopez,UTEZ,E,Mexicana,Dir 325
11470,Hector,Mendoza,Silva,UPMOR,E,Mexicana,Dir 60
11471,Pedro,Mendez,Rios,UPMOR,E,Mexicana,Dir 895
11472,Margarita,Cabrera,Ruiz,UPMOR,E,Mexicana,Dir 496
11473,Antonio,Aguilar,Chavez,UNAM,E,Mexicana,Dir 84
11474,Fernando,Rodriguez,Molina,UTEZ,E,Mexicana,Dir 940
11475,Javier,Romero,Lopez,UTEZ,E,Mexicana,Dir 780
11476,Alejandro,Navarro,Gonzalez,UAEM,P,Mexicana,Dir 944
11477,Ruben,Bautista,Hernandez,UNAM,E,Mexicana,Dir 182
11478,Roberto,Munoz,Reyes,UAEM,P,Mexicana,Dir 469
11479,Jorge,Campos,Morales,UNAM,P,Mexicana,Dir 327
11480,Gael,Garza,Mendez,IPN,P,Mexicana,Dir 854
11481,Adriana,Herrera,Navarro,UAEM,P,Mexicana,Dir 682
11482,Sofia,Delgado,Guzman,UNAM,E,Mexicana,Dir 346
11483,Claudia,Soto,Herrera,UNAM,E,Mexicana,Dir 76
11484,Fernando,Espinoza,Castro,IPN,P,Mexicana,Dir 720
11485,Beatriz,Ramos,Cortes,UAEM,P,Mexicana,Dir 582
11486,Oscar,Gomez,Soto,UAEM,P,Mexicana,Dir 133
11487,Martin,Cervantes,Flores,UNAM,P,Mexicana,Dir 121
11488,Veronica,Lopez,Ortiz,ITZ,E,Mexicana,Dir 125
11489,Martha,Ortiz,Rojas,UAEM,E,Mexicana,Dir 40
11490,Jose,Perez,Bautista,UPMOR,E,Mexicana,Dir 181
11491,Gerardo,Silva,Diaz,UPMOR,E,Mexicana,Dir 956
11492,Diana,Herrera,Perez,UAEM,P,Mexicana,Dir 930
11493,Rafael,Munoz,Castro,UTEZ,P,Mexicana,Dir 876
11494,Ruben,Gomez,Ramirez,IPN,E,Mexicana,Dir 718
11495,Jose,Perez,Sosa,UTEZ,P,Mexicana,Dir 996
11496,Gerardo,Mendez,Molina,IPN,P,Mexicana,Dir 116
11497,Raul,Dominguez,Avila,IPN,P,Mexicana,Dir 716
11498,Javier,Chavez,Avila,UPMOR,P,Mexicana,Dir 541
11499,Diana,Escobar,Cordova,UTEZ,E,Mexicana,Dir 51
11500,Javier,Aguilar,Salazar,UAEM,E,Mexicana,Dir 204
11501,Victor,Ruiz,Castillo,UAEM,E,Mexicana,Dir 424
11502,Veronica,Rios,Sosa,UAEM,E,Mexicana,Dir 856
11503,Rafael,Ortiz,Valencia,IPN,P,Mexicana,Dir 90
11504,Rosa,Flores,Castro,UNAM,P,Mexicana,Dir 212
11505,Laura,Velazquez,Bautista,UPMOR,E,Mexicana,Dir 624
11506,Martin,Romero,Mendez,ITZ,P,Mexicana,Dir 822
11507,Claudia,Hernandez,Mendoza,UAEM,P,Mexicana,Dir 821
11508,Ruben,Cabrera,Navarro,UPMOR,E,Mexicana,Dir 218
11509,Martha,Aguilar,Castillo,UTEZ,E,Mexicana,Dir 231
11510,Gabriela,Escobar,Cabrera,UAEM,P,Mexicana,Dir 352
11511,Hector,Bautista,Ruiz,UAEM,E,Mexicana,Dir 916
11512,Lorena,Rodriguez,Reyes,UAEM,E,Mexicana,Dir 943
11513,Leticia,Ramirez,Paredes,IPN,P,Mexicana,Dir 307
11514,Jorge,Salazar,Cruz,ITZ,E,Mexicana,Dir 771
11515,Arturo,Martinez,Molina,ITZ,E,Mexicana,Dir 745
11516,Jesus,Dominguez,Diaz,IPN,P,Mexicana,Dir 824
11517,Claudia,Diaz,Cervantes,ITZ,E,Mexicana,Dir 348
11518,Luis,Sanchez,Rodriguez,UTEZ,P,Mexicana,Dir 858
11519,Rumualdo,Gutierrez,Velazquez,UTEZ,P,Mexicana,Dir 864
11520,Gabriela,Cabrera,Paredes,UPMOR,E,Mexicana,Dir 605
11521,Natalia,Cervantes,Castro,UTEZ,P,Mexicana,Dir 784
11522,Lorena,Bautista,Avila,UPMOR,P,Mexicana,Dir 46
11523,Lorena,Guzman,Gonzalez,UTEZ,P,Mexicana,Dir 554
11524,Pedro,Escobar,Morales,UNAM,P,Mexicana,Dir 939
11525,Andrea,Sanchez,Diaz,UAEM,P,Mexicana,Dir 110
11526,Lucia,Mendez,Mejia,IPN,E,Mexicana,Dir 701
11527,Carolina,Bautista,Sanchez,UAEM,E,Mexicana,Dir 820
11528,Sofia,Cervantes,Paredes,UTEZ,E,Mexicana,Dir 538
11529,Leticia,Mendoza,Velazquez,ITZ,E,Mexicana,Dir 602
11530,Hugo,Morales,Morales,UAEM,P,Mexicana,Dir 464
11531,Silvia,Sanchez,Cortes,ITZ,P,Mexicana,Dir 854
11532,Hugo,Cervantes,Delgado,UPMOR,E,Mexicana,Dir 823
11533,Susana,Medina,Escobar,UTEZ,P,Mexicana,Dir 429
11534,Valeria,Munoz,Dominguez,UAEM,E,Mexicana,Dir 623
11535,Rosa,Ramos,Gutierrez,ITZ,P,Mexicana,Dir 420
11536,Pedro,Sanchez,Mendez,UAEM,P,Mexicana,Dir 512
11537,Andrea,Castro,Morales,ITZ,P,Mexicana,Dir 601
11538,Arturo,Sosa,Aguilar,UPMOR,E,Mexicana,Dir 581
11539,Patricia,Mendoza,Morales,UTEZ,E,Mexicana,Dir 228
11540,Valeria,Ortiz,Gonzalez,IPN,E,Mexicana,Dir 552
11541,Gael,Aguilar,Rodriguez,UNAM,E,Mexicana,Dir 228
11542,Arturo,Flores,Aguilar,UAEM,P,Mexicana,Dir 860
11543,Paola,Silva,Escobar,UAEM,P,Mexicana,Dir 366
11544,Manuel,Mejia,Garcia,UPMOR,P,Mexicana,Dir 32
11545,Lorena,Martinez,Lopez,UAEM,P,Mexicana,Dir 788
11546,Laura,Valencia,Reyes,UTEZ,P,Mexicana,Dir 53
11547,Beatriz,Ramirez,Herrera,UAEM,P,Mexicana,Dir 146
11548,Miguel,Escobar,Delgado,ITZ,P,Mexicana,Dir 696
11549,Valeria,Castillo,Sosa,UTEZ,E,Mexicana,Dir 639
11550,Susana,Ramirez,Sosa,ITZ,P,Mexicana,Dir 98
11551,Paola,Mejia,Vega,ITZ,P,Mexicana,Dir 968
11552,Rumualdo,Silva,Perez,UPMOR,P,Mexicana,Dir 230
11553,Martha,Garcia,Guzman,UPMOR,P,Mexicana,Dir 312
11554,Gael,Delgado,Rojas,IPN,P,Mexicana,Dir 766
11555,Claudia,Ortiz,Martinez,UTEZ,P,Mexicana,Dir 314
11556,Luis,Vargas,Mejia,UPMOR,P,Mexicana,Dir 645
11557,Beatriz,Lopez,Rodriguez,UTEZ,P,Mexicana,Dir 702
11558,Hugo,Gonzalez,Rojas,UPMOR,P,Mexicana,Dir 114
11559,Gerardo,Hernandez,Lopez,UTEZ,P,Mexicana,Dir 432
11560,Martin,Ortiz,Ortiz,UPMOR,P,Mexicana,Dir 794
11561,Francisco,Cabrera,Silva,UNAM,P,Mexicana,Dir 303
11562,Sofia,Paredes,Navarro,UAEM,E,Mexicana,Dir 635
11563,Adriana,Salazar,Romero,IPN,E,Mexicana,Dir 292
11564,Elena,Campos,Vargas,UNAM,E,Mexicana,Dir 675
11565,Javier,Romero,Escobar,UAEM,E,Mexicana,Dir 628
11566,Patricia,Cortes,Castillo,UTEZ,P,Mexicana,Dir 274
11567,Paola,Diaz,Mejia,UNAM,P,Mexicana,Dir 703
11568,Antonio,Diaz,Ramos,IPN,P,Mexicana,Dir 370
11569,Ana,Cabrera,Rodriguez,IPN,P,Mexicana,Dir 916
11570,Arturo,Dominguez,Molina,ITZ,E,Mexicana,Dir 796
11571,Esteban,Avila,Vega,IPN,E,Mexicana,Dir 206
11572,Patricia,Lara,Guzman,UPMOR,P,Mexicana,Dir 944
11573,Antonio,Gutierrez,Cortes,UAEM,P,Mexicana,Dir 701
11574,Oscar,Lara,Maldonado,UTEZ,E,Mexicana,Dir 237
11575,Natalia,Avila,Vega,UTEZ,E,Mexicana,Dir 464
11576,Jorge,Paredes,Avila,UPMOR,P,Mexicana,Dir 594
11577,Ruben,Cordova,Escobar,UPMOR,E,Mexicana,Dir 155
11578,Arturo,Ramos,Silva,UPMOR,E,Mexicana,Dir 739
11579,Antonio,Martinez,Velazquez,UPMOR,E,Mexicana,Dir 488
11580,Jorge,Escobar,Salazar,UPMOR,P,Mexicana,Dir 294
11581,Javier,Garcia,Velazquez,UTEZ,E,Mexicana,Dir 327
11582,Lucia,Vargas,Molina,UAEM,E,Mexicana,Dir 866
11583,Luis,Garcia,Soto,IPN,E,Mexicana,Dir 721
11584,Rumualdo,Chavez,Chavez,IPN,E,Mexicana,Dir 887
11585,Jorge,Reyes,Lara,UAEM,E,Mexicana,Dir 387
11586,Luis,Salazar,Hernandez,UNAM,E,Mexicana,Dir 310
11587,Diana,Cervantes,Morales,UNAM,P,Mexicana,Dir 630
11588,Francisco,Garcia,Castro,IPN,E,Mexicana,Dir 115
11589,Luis,Sanchez,Cruz,ITZ,E,Mexicana,Dir 543
11590,Oscar,Navarro,Rodriguez,UPMOR,P,Mexicana,Dir 950
11591,Manuel,Bautista,Mendez,UTEZ,E,Mexicana,Dir 619
11592,Ana,Munoz,Silva,ITZ,E,Mexicana,Dir 990
11593,Fernando,Ruiz,Valencia,UPMOR,E,Mexicana,Dir 876
11594,Diana,Munoz,Garcia,ITZ,P,Mexicana,Dir 804
11595,Martha,Chavez,Rojas,UAEM,P,Mexicana,Dir 733
11596,Rumualdo,Valencia,Molina,UNAM,P,Mexicana,Dir 827
11597,Claudia,Romero,Mendoza,UPMOR,P,Mexicana,Dir 365
11598,Jorge,Vega,Reyes,IPN,P,Mexicana,Dir 232
11599,Arturo,Rodriguez,Gomez,IPN,P,Mexicana,Dir 328
11600,Javier,Valencia,Gutierrez,UNAM,E,Mexicana,Dir 39
11601,Laura,Bautista,Espinoza,UTEZ,E,Mexicana,Dir 695
11602,Valeria,Castro,Castillo,UAEM,E,Mexicana,Dir 119
11603,Fernando,Velazquez,Gomez,UNAM,E,Mexicana,Dir 638
11604,Martha,Escobar,Gonzalez,UAEM,E,Mexicana,Dir 210
11605,Esteban,Perez,Chavez,UPMOR,E,Mexicana,Dir 564
11606,Hugo,Escobar,Ruiz,UNAM,P,Mexicana,Dir 708
11607,Javier,Molina,Maldonado,IPN,P,Mexicana,Dir 142
11608,Oscar,Romero,Navarro,UPMOR,E,Mexicana,Dir 754
11609,Luis,Perez,Perez,UPMOR,P,Mexicana,Dir 320
11610,Claudia,Aguilar,Valencia,UNAM,E,Mexicana,Dir 102
11611,Maria,Molina,Rios,UPMOR,P,Mexicana,Dir 943
11612,Beatriz,Castro,Velazquez,UAEM,E,Mexicana,Dir 445
11613,Maria,Aguilar,Martinez,UTEZ,P,Mexicana,Dir 965
11614,Miguel,Vega,Maldonado,ITZ,P,Mexicana,Dir 901
11615,Elena,Garcia,Dominguez,IPN,E,Mexicana,Dir 293
11616,Susana,Maldonado,Reyes,UPMOR,E,Mexicana,Dir 415
11617,Andrea,Soto,Morales,UTEZ,E,Mexicana,Dir 642
11618,Diana,Espinoza,Gonzalez,ITZ,E,Mexicana,Dir 37
11619,Oscar,Mejia,Cervantes,IPN,P,Mexicana,Dir 323
11620,Rumualdo,Chavez,Herrera,UPMOR,E,Mexicana,Dir 728
11621,Luis,Soto,Gomez,UTEZ,P,Mexicana,Dir 981
11622,Diana,Sosa,Medina,UPMOR,P,Mexicana,Dir 900
11623,Jorge,Escobar,Espinoza,ITZ,P,Mexicana,Dir 349
11624,Alejandro,Lopez,Salazar,UTEZ,E,Mexicana,Dir 265
11625,Julio,Gutierrez,Lopez,UTEZ,P,Mexicana,Dir 499
11626,Oscar,Cervantes,Bautista,ITZ,P,Mexicana,Dir 831
11627,Gabriela,Sanchez,Soto,IPN,P,Mexicana,Dir 29
11628,Rumualdo,Vega,Rios,UNAM,E,Mexicana,Dir 476
11629,Susana,Rojas,Aguilar,UAEM,E,Mexicana,Dir 208
11630,Carlos,Escobar,Campos,UAEM,P,Mexicana,Dir 918
11631,Luis,Rodriguez,Rios,UAEM,P,Mexicana,Dir 733
11632,Javier,Garza,Cruz,UAEM,E,Mexicana,Dir 950
11633,Susana,Lopez,Campos,UPMOR,E,Mexicana,Dir 533
11634,Francisco,Romero,Ramirez,IPN,P,Mexicana,Dir 252
11635,Sofia,Campos,Sosa,UPMOR,E,Mexicana,Dir 215
11636,Veronica,Aguilar,Diaz,UTEZ,E,Mexicana,Dir 761
11637,Julio,Martinez,Gonzalez,UTEZ,E,Mexicana,Dir 319
11638,Ruben,Reyes,Garcia,UAEM,E,Mexicana,Dir 768
11639,Ricardo,Garza,Rojas,UPMOR,P,Mexicana,Dir 494
11640,Martin,Reyes,Ortiz,UAEM,E,Mexicana,Dir 906
11641,Ruben,Cordova,Aguilar,UPMOR,P,Mexicana,Dir 631
11642,Jorge,Chavez,Diaz,UAEM,E,Mexicana,Dir 238
11643,Roberto,Sosa,Ruiz,IPN,E,Mexicana,Dir 300
11644,Raul,Ortiz,Velazquez,UAEM,P,Mexicana,Dir 960
11645,Julio,Silva,Perez,ITZ,E,Mexicana,Dir 683
11646,Margarita,Soto,Ortiz,UAEM,P,Mexicana,Dir 247
11647,Rafael,Martinez,Vega,UNAM,P,Mexicana,Dir 832
11648,Carlos,Gomez,Herrera,ITZ,E,Mexicana,Dir 848
11649,Antonio,Espinoza,Mejia,UNAM,E,Mexicana,Dir 474
11650,Hector,Romero,Mendoza,UNAM,E,Mexicana,Dir 83
11651,Eduardo,Chavez,Castro,UPMOR,P,Mexicana,Dir 803
11652,Diana,Guzman,Lara,IPN,E,Mexicana,Dir 526
11653,Miguel,Ramos,Cervantes,ITZ,P,Mexicana,Dir 717
11654,Natalia,Ortiz,Reyes,UNAM,E,Mexicana,Dir 207
11655,Susana,Ruiz,Munoz,IPN,E,Mexicana,Dir 567
11656,Gabriela,Escobar,Ramos,UTEZ,P,Mexicana,Dir 817
11657,Claudia,Ramirez,Vargas,UAEM,E,Mexicana,Dir 654
11658,Valeria,Paredes,Soto,UNAM,P,Mexicana,Dir 768
11659,Lucia,Soto,Cordova,ITZ,P,Mexicana,Dir 145
11660,Ana,Munoz,Romero,UNAM,E,Mexicana,Dir 592
11661,Roberto,Soto,Cruz,UPMOR,P,Mexicana,Dir 408
11662,Rafael,Dominguez,Rodriguez,UPMOR,P,Mexicana,Dir 595
11663,Francisco,Escobar,Valencia,UTEZ,E,Mexicana,Dir 819
11664,Raul,Perez,Lara,UPMOR,E,Mexicana,Dir 711
11665,Hector,Martinez,Guzman,ITZ,P,Mexicana,Dir 393
11666,Victor,Gonzalez,Rojas,IPN,E,Mexicana,Dir 500
11667,Daniela,Soto,Hernandez,UNAM,P,Mexicana,Dir 497
11668,Margarita,Valencia,Diaz,IPN,E,Mexicana,Dir 938
11669,Antonio,Gutierrez,Cervantes,UNAM,P,Mexicana,Dir 476
11670,Jose,Soto,Gutierrez,IPN,E,Mexicana,Dir 49
11671,Victor,Gomez,Romero,UTEZ,E,Mexicana,Dir 672
11672,Patricia,Munoz,Martinez,UTEZ,P,Mexicana,Dir 975
11673,Beatriz,Cordova,Sanchez,UNAM,P,Mexicana,Dir 58
11674,Adriana,Gutierrez,Dominguez,UTEZ,P,Mexicana,Dir 123
11675,Roberto,Velazquez,Dominguez,UPMOR,P,Mexicana,Dir 650
11676,Diego,Gonzalez,Cervantes,UPMOR,E,Mexicana,Dir 465
11677,Silvia,Munoz,Ramos,UPMOR,E,Mexicana,Dir 626
11678,Gerardo,Avila,Dominguez,ITZ,E,Mexicana,Dir 880
11679,Rumualdo,Navarro,Morales,UTEZ,P,Mexicana,Dir 671
11680,Miguel,Rios,Aguilar,UNAM,P,Mexicana,Dir 492
11681,Gerardo,Navarro,Mendez,UNAM,P,Mexicana,Dir 184
11682,Diego,Rios,Rojas,UAEM,E,Mexicana,Dir 477
11683,Victor,Lara,Maldonado,UNAM,E,Mexicana,Dir 639
11684,Lorena,Aguilar,Velazquez,IPN,E,Mexicana,Dir 960
11685,Gabriela,Guzman,Sanchez,UPMOR,P,Mexicana,Dir 709
11686,Gerardo,Diaz,Ramos,UTEZ,P,Mexicana,Dir 725
11687,Monica,Castro,Garza,UTEZ,P,Mexicana,Dir 52
11688,Victor,Espinoza,Romero,UTEZ,E,Mexicana,Dir 124
11689,Teresa,Cabrera,Avila,UNAM,P,Mexicana,Dir 674
11690,Ruben,Chavez,Espinoza,UAEM,E,Mexicana,Dir 513
11691,Francisco,Ramos,Delgado,IPN,E,Mexicana,Dir 104
11692,Manuel,Guzman,Valencia,IPN,P,Mexicana,Dir 359
11693,Laura,Martinez,Campos,UTEZ,E,Mexicana,Dir 298
11694,Jesus,Sanchez,Mejia,UNAM,P,Mexicana,Dir 814
11695,Francisco,Campos,Cordova,UNAM,E,Mexicana,Dir 909
11696,Maria,Rodriguez,Ramirez,UAEM,P,Mexicana,Dir 873
11697,Raul,Delgado,Lara,UAEM,P,Mexicana,Dir 207
11698,Jesus,Mejia,Vargas,IPN,E,Mexicana,Dir 305
11699,Rosa,Perez,Aguilar,UAEM,P,Mexicana,Dir 558
11700,Silvia,Gonzalez,Mendez,UNAM,E,Mexicana,Dir 690
11701,Ruben,Delgado,Valencia,UAEM,E,Mexicana,Dir 169
11702,Teresa,Hernandez,Navarro,UNAM,P,Mexicana,Dir 83
11703,Carmen,Paredes,Rojas,UAEM,E,Mexicana,Dir 599
11704,Miguel,Salazar,Guzman,UAEM,E,Mexicana,Dir 540
11705,Martha,Gutierrez,Valencia,IPN,E,Mexicana,Dir 248
11706,Victor,Vargas,Medina,UTEZ,E,Mexicana,Dir 760
11707,Lorena,Chavez,Delgado,UNAM,E,Mexicana,Dir 475
11708,Carolina,Castro,Ortiz,IPN,E,Mexicana,Dir 819
11709,Natalia,Campos,Diaz,ITZ,E,Mexicana,Dir 410
11710,Hector,Ramos,Bautista,UPMOR,P,Mexicana,Dir 593
11711,Monica,Rodriguez,Soto,UNAM,E,Mexicana,Dir 954
11712,Sofia,Medina,Herrera,IPN,E,Mexicana,Dir 737
11713,Diego,Delgado,Perez,UTEZ,E,Mexicana,Dir 213
11714,Eduardo,Herrera,Munoz,UNAM,E,Mexicana,Dir 654
11715,Ana,Rojas,Silva,IPN,P,Mexicana,Dir 441
11716,Elena,Sanchez,Reyes,IPN,E,Mexicana,Dir 647
11717,Antonio,Ruiz,Cabrera,UTEZ,E,Mexicana,Dir 348
11718,Elena,Gonzalez,Herrera,IPN,E,Mexicana,Dir 60
11719,Fernando,Cervantes,Medina,ITZ,P,Mexicana,Dir 950
11720,Roberto,Vega,Cruz,ITZ,E,Mexicana,Dir 542
11721,Claudia,Cruz,Lara,UNAM,P,Mexicana,Dir 447
11722,Ana,Perez,Garza,UNAM,P,Mexicana,Dir 187
11723,Paola,Rojas,Mendoza,UNAM,P,Mexicana,Dir 607
11724,Rosa,Flores,Soto,UAEM,P,Mexicana,Dir 645
11725,Antonio,Flores,Valencia,IPN,E,Mexicana,Dir 991
11726,Andrea,Ruiz,Cruz,IPN,P,Mexicana,Dir 270
11727,Gabriela,Romero,Bautista,IPN,E,Mexicana,Dir 812
11728,Francisco,Salazar,Vega,ITZ,E,Mexicana,Dir 145
11729,Rumualdo,Campos,Hernandez,UAEM,E,Mexicana,Dir 768
11730,Gael,Reyes,Dominguez,UNAM,P,Mexicana,Dir 655
11731,Maria,Velazquez,Sanchez,ITZ,P,Mexicana,Dir 446
11732,Hugo,Perez,Herrera,UAEM,E,Mexicana,Dir 603
11733,Martha,Delgado,Valencia,IPN,P,Mexicana,Dir 1000
11734,Beatriz,Cruz,Garza,UNAM,P,Mexicana,Dir 153
11735,Javier,Valencia,Cervantes,ITZ,P,Mexicana,Dir 257
11736,Luis,Delgado,Aguilar,ITZ,E,Mexicana,Dir 670
11737,Victor,Soto,Perez,IPN,P,Mexicana,Dir 692
11738,Jesus,Sosa,Gonzalez,UAEM,P,Mexicana,Dir 322
11739,Gael,Lara,Rojas,UTEZ,P,Mexicana,Dir 215
11740,Susana,Lara,Flores,ITZ,E,Mexicana,Dir 245
11741,Margarita,Escobar,Espinoza,UPMOR,E,Mexicana,Dir 824
11742,Jorge,Herrera,Flores,ITZ,E,Mexicana,Dir 519
11743,Claudia,Vargas,Mendez,UNAM,P,Mexicana,Dir 521
11744,Silvia,Salazar,Maldonado,UTEZ,P,Mexicana,Dir 470
11745,Roberto,Bautista,Hernandez,ITZ,E,Mexicana,Dir 691
11746,Hugo,Cabrera,Cervantes,UTEZ,E,Mexicana,Dir 467
11747,Valeria,Mejia,Valencia,UNAM,E,Mexicana,Dir 890
11748,Eduardo,Cortes,Mendoza,UAEM,E,Mexicana,Dir 298
11749,Ruben,Romero,Garza,UPMOR,E,Mexicana,Dir 930
11750,Gael,Cordova,Guzman,UTEZ,P,Mexicana,Dir 565
11751,Martha,Ortiz,Gonzalez,IPN,E,Mexicana,Dir 826
11752,Diana,Diaz,Castillo,UTEZ,P,Mexicana,Dir 832
11753,Elena,Paredes,Herrera,UAEM,E,Mexicana,Dir 162
11754,Fernando,Soto,Mendez,UTEZ,E,Mexicana,Dir 177
11755,Carmen,Guzman,Martinez,ITZ,P,Mexicana,Dir 815
11756,Fernando,Silva,Hernandez,ITZ,E,Mexicana,Dir 348
11757,Elena,Maldonado,Romero,UTEZ,E,Mexicana,Dir 504
11758,Ricardo,Velazquez,Mendez,UTEZ,E,Mexicana,Dir 808
11759,Silvia,Ortiz,Vega,UNAM,P,Mexicana,Dir 625
11760,Jorge,Vargas,Garcia,UTEZ,P,Mexicana,Dir 966
11761,Valeria,Aguilar,Diaz,ITZ,E,Mexicana,Dir 634
11762,Ana,Hernandez,Mendez,UAEM,E,Mexicana,Dir 986
11763,Susana,Bautista,Hernandez,UAEM,E,Mexicana,Dir 221
11764,Rumualdo,Mejia,Garcia,UTEZ,E,Mexicana,Dir 130
11765,Elena,Silva,Guzman,UNAM,P,Mexicana,Dir 938
11766,Carolina,Bautista,Navarro,UNAM,E,Mexicana,Dir 206
11767,Claudia,Maldonado,Escobar,UNAM,P,Mexicana,Dir 116
11768,Diego,Delgado,Guzman,ITZ,P,Mexicana,Dir 71
11769,Laura,Garza,Garza,UNAM,P,Mexicana,Dir 461
11770,Adriana,Martinez,Flores,UAEM,E,Mexicana,Dir 718
11771,Javier,Cordova,Gomez,UAEM,P,Mexicana,Dir 100
11772,Pedro,Mejia,Gutierrez,UPMOR,E,Mexicana,Dir 55
11773,Pedro,Morales,Rios,UTEZ,E,Mexicana,Dir 971
11774,Pedro,Espinoza,Ortiz,UNAM,P,Mexicana,Dir 766
11775,Raul,Gutierrez,Herrera,UNAM,E,Mexicana,Dir 60
11776,Roberto,Cervantes,Vargas,UTEZ,E,Mexicana,Dir 135
11777,Maria,Paredes,Ramos,UNAM,E,Mexicana,Dir 207
11778,Gael,Dominguez,Valencia,IPN,P,Mexicana,Dir 222
11779,Patricia,Cortes,Herrera,UTEZ,P,Mexicana,Dir 183
11780,Diana,Garcia,Cortes,UNAM,E,Mexicana,Dir 755
11781,Diego,Vargas,Mendoza,UAEM,P,Mexicana,Dir 557
11782,Valeria,Reyes,Aguilar,IPN,P,Mexicana,Dir 722
11783,Francisco,Romero,Dominguez,UAEM,E,Mexicana,Dir 174
11784,Fernando,Herrera,Rojas,UAEM,P,Mexicana,Dir 432
11785,Teresa,Ruiz,Silva,UNAM,E,Mexicana,Dir 420
11786,Paola,Perez,Sanchez,ITZ,P,Mexicana,Dir 61
11787,Daniela,Reyes,Lopez,UAEM,E,Mexicana,Dir 622
11788,Laura,Delgado,Escobar,UPMOR,P,Mexicana,Dir 81
11789,Eduardo,Guzman,Herrera,UTEZ,E,Mexicana,Dir 808
11790,Oscar,Guzman,Paredes,ITZ,E,Mexicana,Dir 101
11791,Leticia,Mendez,Cruz,IPN,P,Mexicana,Dir 92
11792,Raul,Lara,Chavez,UAEM,P,Mexicana,Dir 330
11793,Monica,Garza,Avila,IPN,P,Mexicana,Dir 264
11794,Valeria,Diaz,Navarro,UTEZ,P,Mexicana,Dir 297
11795,Andrea,Aguilar,Rodriguez,UPMOR,P,Mexicana,Dir 73
11796,Rafael,Valencia,Cortes,UPMOR,P,Mexicana,Dir 506
11797,Susana,Gomez,Flores,UPMOR,E,Mexicana,Dir 344
11798,Diego,Guzman,Velazquez,UNAM,E,Mexicana,Dir 384
11799,Silvia,Aguilar,Paredes,UTEZ,E,Mexicana,Dir 932
11800,Diana,Rios,Gomez,UNAM,E,Mexicana,Dir 715
11801,Laura,Avila,Lopez,IPN,E,Mexicana,Dir 457
11802,Hector,Campos,Castillo,UPMOR,P,Mexicana,Dir 964
11803,Paola,Chavez,Paredes,UNAM,E,Mexicana,Dir 611
11804,Sofia,Cordova,Lara,IPN,P,Mexicana,Dir 295
11805,Jorge,Mendoza,Romero,ITZ,E,Mexicana,Dir 906
11806,Eduardo,Soto,Navarro,UTEZ,E,Mexicana,Dir 967
11807,Diana,Cabrera,Escobar,UAEM,P,Mexicana,Dir 626
11808,Ruben,Lara,Rojas,UTEZ,E,Mexicana,Dir 940
11809,Martha,Lopez,Molina,IPN,E,Mexicana,Dir 135
11810,Raul,Cortes,Mejia,UNAM,E,Mexicana,Dir 846
11811,Julio,Ramirez,Lopez,UPMOR,P,Mexicana,Dir 6
11812,Hugo,Hernandez,Lopez,IPN,E,Mexicana,Dir 296
11813,Laura,Maldonado,Espinoza,IPN,P,Mexicana,Dir 358
11814,Silvia,Gonzalez,Reyes,UTEZ,P,Mexicana,Dir 648
11815,Silvia,Vargas,Mendez,UNAM,P,Mexicana,Dir 154
11816,Julio,Molina,Soto,ITZ,P,Mexicana,Dir 405
11817,Patricia,Escobar,Herrera,IPN,P,Mexicana,Dir 643
11818,Alejandro,Campos,Aguilar,UNAM,E,Mexicana,Dir 506
11819,Andrea,Dominguez,Delgado,UTEZ,E,Mexicana,Dir 7
11820,Teresa,Navarro,Martinez,ITZ,E,Mexicana,Dir 108
11821,Alejandro,Cordova,Rodriguez,ITZ,P,Mexicana,Dir 100
11822,Diana,Rojas,Garza,UNAM,E,Mexicana,Dir 884
11823,Susana,Maldonado,Gutierrez,IPN,P,Mexicana,Dir 230
11824,Roberto,Reyes,Morales,UNAM,E,Mexicana,Dir 975
11825,Leticia,Gomez,Perez,UAEM,P,Mexicana,Dir 583
11826,Julio,Cervantes,Rojas,UTEZ,P,Mexicana,Dir 229
11827,Elena,Guzman,Cabrera,IPN,P,Mexicana,Dir 304
11828,Patricia,Guzman,Aguilar,ITZ,P,Mexicana,Dir 104
11829,Andrea,Flores,Flores,ITZ,E,Mexicana,Dir 601
11830,Hector,Bautista,Ruiz,UAEM,P,Mexicana,Dir 306
11831,Luis,Espinoza,Sanchez,UAEM,P,Mexicana,Dir 450
11832,Silvia,Salazar,Diaz,UPMOR,P,Mexicana,Dir 980
11833,Paola,Molina,Escobar,UPMOR,P,Mexicana,Dir 138
11834,Arturo,Avila,Medina,UAEM,E,Mexicana,Dir 531
11835,Jesus,Munoz,Hernandez,ITZ,E,Mexicana,Dir 147
11836,Fernando,Mejia,Cruz,UTEZ,E,Mexicana,Dir 456
11837,Rosa,Hernandez,Hernandez,UTEZ,P,Mexicana,Dir 432
11838,Daniela,Dominguez,Lara,UNAM,E,Mexicana,Dir 801
11839,Antonio,Maldonado,Aguilar,IPN,P,Mexicana,Dir 309
11840,Jorge,Mendoza,Espinoza,UPMOR,P,Mexicana,Dir 870
11841,Patricia,Mendez,Espinoza,UNAM,P,Mexicana,Dir 490
11842,Luis,Dominguez,Morales,UAEM,P,Mexicana,Dir 116
11843,Elena,Cruz,Dominguez,UAEM,E,Mexicana,Dir 87
11844,Carolina,Flores,Herrera,ITZ,E,Mexicana,Dir 71
11845,Valeria,Cabrera,Rios,UNAM,P,Mexicana,Dir 984
11846,Natalia,Castro,Castro,IPN,P,Mexicana,Dir 702
11847,Eduardo,Castro,Silva,UPMOR,E,Mexicana,Dir 76
11848,Lorena,Salazar,Salazar,UPMOR,E,Mexicana,Dir 92
11849,Adriana,Escobar,Navarro,UAEM,E,Mexicana,Dir 22
11850,Luis,Escobar,Molina,UAEM,P,Mexicana,Dir 440
11851,Fernando,Mendoza,Cruz,UNAM,P,Mexicana,Dir 824
11852,Martin,Rios,Sosa,UPMOR,P,Mexicana,Dir 189
11853,Gerardo,Castro,Garcia,UAEM,P,Mexicana,Dir 527
11854,Leticia,Velazquez,Medina,IPN,E,Mexicana,Dir 52
11855,Claudia,Vega,Salazar,UTEZ,P,Mexicana,Dir 15
11856,Paola,Gonzalez,Munoz,UNAM,E,Mexicana,Dir 218
11857,Javier,Aguilar,Maldonado,UNAM,E,Mexicana,Dir 338
11858,Adriana,Cordova,Diaz,UNAM,P,Mexicana,Dir 637
11859,Valeria,Soto,Flores,IPN,E,Mexicana,Dir 423
11860,Hugo,Reyes,Martinez,IPN,P,Mexicana,Dir 243
11861,Leticia,Soto,Molina,ITZ,E,Mexicana,Dir 271
11862,Luis,Perez,Lara,UTEZ,E,Mexicana,Dir 143
11863,Margarita,Cortes,Herrera,UNAM,E,Mexicana,Dir 828
11864,Leticia,Molina,Escobar,ITZ,E,Mexicana,Dir 240
11865,Fernando,Espinoza,Cortes,UPMOR,E,Mexicana,Dir 101
11866,Gabriela,Ramirez,Aguilar,ITZ,P,Mexicana,Dir 809
11867,Andrea,Cervantes,Castillo,UTEZ,P,Mexicana,Dir 147
11868,Adriana,Cervantes,Castro,UAEM,E,Mexicana,Dir 389
11869,Ana,Escobar,Mendez,UTEZ,E,Mexicana,Dir 405
11870,Margarita,Lopez,Medina,ITZ,P,Mexicana,Dir 182
11871,Gerardo,Ramirez,Vargas,UPMOR,P,Mexicana,Dir 852
11872,Raul,Salazar,Molina,IPN,E,Mexicana,Dir 610
11873,Jesus,Valencia,Morales,ITZ,E,Mexicana,Dir 111
11874,Esteban,Molina,Castillo,ITZ,E,Mexicana,Dir 272
11875,Teresa,Sosa,Cabrera,UNAM,P,Mexicana,Dir 230
11876,Beatriz,Perez,Salazar,IPN,E,Mexicana,Dir 496
11877,Diana,Mejia,Medina,UAEM,E,Mexicana,Dir 937
11878,Jose,Cervantes,Chavez,UTEZ,E,Mexicana,Dir 888
11879,Lorena,Diaz,Herrera,UNAM,P,Mexicana,Dir 764
11880,Rumualdo,Hernandez,Rios,UTEZ,E,Mexicana,Dir 188
11881,Arturo,Ruiz,Rojas,UPMOR,E,Mexicana,Dir 321
11882,Ana,Herrera,Campos,UTEZ,E,Mexicana,Dir 695
11883,Susana,Guzman,Paredes,ITZ,P,Mexicana,Dir 807
11884,Laura,Romero,Sanchez,UPMOR,P,Mexicana,Dir 490
11885,Elena,Mendoza,Gutierrez,IPN,P,Mexicana,Dir 518
11886,Natalia,Castillo,Diaz,UTEZ,E,Mexicana,Dir 50
11887,Valeria,Vargas,Perez,UPMOR,E,Mexicana,Dir 728
11888,Lucia,Salazar,Sosa,UPMOR,P,Mexicana,Dir 318
11889,Beatriz,Ortiz,Flores,UTEZ,P,Mexicana,Dir 397
11890,Javier,Dominguez,Castillo,UAEM,E,Mexicana,Dir 515
11891,Daniela,Ramirez,Perez,ITZ,E,Mexicana,Dir 433
11892,Margarita,Aguilar,Lopez,IPN,E,Mexicana,Dir 256
11893,Diego,Chavez,Velazquez,UNAM,E,Mexicana,Dir 115
11894,Valeria,Flores,Vargas,UNAM,P,Mexicana,Dir 986
11895,Arturo,Avila,Ramirez,ITZ,E,Mexicana,Dir 59
11896,Javier,Chavez,Garza,UPMOR,P,Mexicana,Dir 408
11897,Natalia,Lopez,Rojas,IPN,E,Mexicana,Dir 668
11898,Fernando,Reyes,Dominguez,UTEZ,P,Mexicana,Dir 797
11899,Paola,Mendoza,Castillo,UTEZ,E,Mexicana,Dir 102
11900,Miguel,Molina,Diaz,IPN,E,Mexicana,Dir 303
11901,Margarita,Mendoza,Sosa,UAEM,P,Mexicana,Dir 785
11902,Laura,Herrera,Gutierrez,IPN,P,Mexicana,Dir 14
11903,Veronica,Valencia,Cervantes,UPMOR,P,Mexicana,Dir 554
11904,Rumualdo,Cordova,Ortiz,IPN,E,Mexicana,Dir 353
11905,Ricardo,Ruiz,Diaz,IPN,P,Mexicana,Dir 231
11906,Hector,Ruiz,Mendoza,UPMOR,P,Mexicana,Dir 45
11907,Raul,Mendoza,Cordova,UTEZ,E,Mexicana,Dir 859
11908,Esteban,Valencia,Avila,UAEM,E,Mexicana,Dir 160
11909,Sofia,Romero,Mejia,UPMOR,P,Mexicana,Dir 410
11910,Martha,Medina,Garcia,UAEM,P,Mexicana,Dir 879
11911,Maria,Rodriguez,Rojas,UTEZ,P,Mexicana,Dir 109
11912,Lorena,Chavez,Cortes,UTEZ,E,Mexicana,Dir 945
11913,Laura,Ruiz,Soto,UAEM,P,Mexicana,Dir 954
11914,Manuel,Maldonado,Cabrera,ITZ,P,Mexicana,Dir 893
11915,Ruben,Diaz,Navarro,UAEM,E,Mexicana,Dir 533
11916,Teresa,Garcia,Cabrera,IPN,P,Mexicana,Dir 248
11917,Valeria,Castillo,Mejia,UPMOR,E,Mexicana,Dir 216
11918,Luis,Herrera,Reyes,IPN,P,Mexicana,Dir 957
11919,Gerardo,Molina,Avila,UNAM,P,Mexicana,Dir 13
11920,Laura,Munoz,Flores,UNAM,E,Mexicana,Dir 39
11921,Raul,Martinez,Paredes,ITZ,P,Mexicana,Dir 834
11922,Martin,Sanchez,Molina,IPN,P,Mexicana,Dir 713
11923,Claudia,Morales,Velazquez,ITZ,P,Mexicana,Dir 104
11924,Carlos,Ortiz,Gomez,UAEM,P,Mexicana,Dir 502
11925,Laura,Espinoza,Garza,UAEM,E,Mexicana,Dir 432
11926,Laura,Avila,Chavez,UNAM,P,Mexicana,Dir 983
11927,Alejandro,Ruiz,Morales,UPMOR,E,Mexicana,Dir 562
11928,Daniela,Mendoza,Reyes,UPMOR,P,Mexicana,Dir 807
11929,Gael,Valencia,Mendez,UPMOR,E,Mexicana,Dir 915
11930,Carolina,Sanchez,Hernandez,UNAM,P,Mexicana,Dir 381
11931,Leticia,Maldonado,Munoz,UTEZ,E,Mexicana,Dir 247
11932,Laura,Cordova,Maldonado,UTEZ,E,Mexicana,Dir 99
11933,Sofia,Sanchez,Castillo,UNAM,P,Mexicana,Dir 851
11934,Carmen,Castillo,Paredes,UTEZ,P,Mexicana,Dir 927
11935,Andrea,Gonzalez,Herrera,UNAM,E,Mexicana,Dir 251
11936,Carmen,Paredes,Perez,ITZ,P,Mexicana,Dir 774
11937,Raul,Garcia,Mejia,UNAM,P,Mexicana,Dir 373
11938,Lorena,Mendoza,Castro,UTEZ,P,Mexicana,Dir 659
11939,Leticia,Cordova,Velazquez,UTEZ,E,Mexicana,Dir 120
11940,Natalia,Ramirez,Hernandez,UNAM,E,Mexicana,Dir 352
11941,Fernando,Dominguez,Ramirez,UNAM,E,Mexicana,Dir 773
11942,Susana,Ruiz,Rios,UPMOR,E,Mexicana,Dir 918
11943,Javier,Lara,Valencia,UPMOR,E,Mexicana,Dir 454
11944,Julio,Bautista,Dominguez,IPN,P,Mexicana,Dir 432
11945,Claudia,Gonzalez,Lara,UNAM,E,Mexicana,Dir 678
11946,Gabriela,Bautista,Reyes,IPN,P,Mexicana,Dir 326
11947,Monica,Castillo,Cabrera,UPMOR,P,Mexicana,Dir 766
11948,Rumualdo,Munoz,Ortiz,UAEM,P,Mexicana,Dir 380
11949,Carolina,Navarro,Molina,UAEM,E,Mexicana,Dir 559
11950,Jorge,Garza,Medina,UNAM,E,Mexicana,Dir 987
11951,Patricia,Gomez,Ruiz,ITZ,E,Mexicana,Dir 364
11952,Raul,Espinoza,Castro,UNAM,P,Mexicana,Dir 104
11953,Claudia,Salazar,Rojas,ITZ,P,Mexicana,Dir 203
11954,Luis,Bautista,Romero,IPN,P,Mexicana,Dir 940
11955,Raul,Castillo,Molina,UAEM,E,Mexicana,Dir 148
11956,Diego,Rios,Mendoza,IPN,E,Mexicana,Dir 205
11957,Laura,Cabrera,Gutierrez,ITZ,E,Mexicana,Dir 398
11958,Jesus,Gonzalez,Cabrera,UTEZ,E,Mexicana,Dir 642
11959,Valeria,Cortes,Mendoza,UAEM,E,Mexicana,Dir 255
11960,Jesus,Munoz,Vega,UTEZ,E,Mexicana,Dir 965
11961,Esteban,Maldonado,Vargas,UNAM,P,Mexicana,Dir 506
11962,Jorge,Mendez,Escobar,ITZ,P,Mexicana,Dir 580
11963,Victor,Molina,Guzman,UAEM,P,Mexicana,Dir 683
11964,Esteban,Ruiz,Navarro,UTEZ,P,Mexicana,Dir 343
11965,Raul,Rodriguez,Mejia,UTEZ,P,Mexicana,Dir 962
11966,Sofia,Flores,Sosa,UNAM,P,Mexicana,Dir 769
11967,Martha,Castro,Cervantes,IPN,P,Mexicana,Dir 933
11968,Martha,Medina,Escobar,UAEM,E,Mexicana,Dir 808
11969,Jose,Cruz,Mendoza,UAEM,P,Mexicana,Dir 731
11970,Gael,Aguilar,Vargas,IPN,E,Mexicana,Dir 804
11971,Jose,Vega,Diaz,ITZ,P,Mexicana,Dir 503
11972,Lucia,Martinez,Sanchez,UNAM,P,Mexicana,Dir 721
11973,Sofia,Ruiz,Castro,ITZ,P,Mexicana,Dir 337
11974,Andrea,Gomez,Delgado,IPN,P,Mexicana,Dir 282
11975,Monica,Rodriguez,Rodriguez,UPMOR,P,Mexicana,Dir 624
11976,Oscar,Valencia,Gonzalez,UAEM,P,Mexicana,Dir 585
11977,Hugo,Morales,Gutierrez,UPMOR,E,Mexicana,Dir 775
11978,Roberto,Molina,Ruiz,UPMOR,E,Mexicana,Dir 178
11979,Silvia,Garcia,Maldonado,UNAM,E,Mexicana,Dir 647
11980,Natalia,Herrera,Lopez,IPN,E,Mexicana,Dir 621
11981,Rafael,Castro,Hernandez,UTEZ,P,Mexicana,Dir 885
11982,Sofia,Cortes,Sanchez,UPMOR,E,Mexicana,Dir 749
11983,Beatriz,Gonzalez,Cortes,UPMOR,E,Mexicana,Dir 558
11984,Esteban,Campos,Paredes,ITZ,E,Mexicana,Dir 953
11985,Natalia,Gomez,Gonzalez,UPMOR,E,Mexicana,Dir 343
11986,Rafael,Espinoza,Rodriguez,UAEM,P,Mexicana,Dir 416
11987,Francisco,Castro,Gonzalez,UPMOR,P,Mexicana,Dir 704
11988,Esteban,Rojas,Molina,UNAM,P,Mexicana,Dir 73
11989,Ana,Castro,Velazquez,UPMOR,P,Mexicana,Dir 970
11990,Jose,Romero,Velazquez,ITZ,P,Mexicana,Dir 245
11991,Teresa,Chavez,Delgado,IPN,P,Mexicana,Dir 980
11992,Sofia,Gomez,Cervantes,IPN,P,Mexicana,Dir 270
11993,Leticia,Espinoza,Cervantes,ITZ,E,Mexicana,Dir 545
11994,Natalia,Escobar,Mejia,UPMOR,E,Mexicana,Dir 944
11995,Natalia,Herrera,Campos,UAEM,P,Mexicana,Dir 121
11996,Ricardo,Gomez,Castro,UNAM,P,Mexicana,Dir 177
11997,Leticia,Valencia,Medina,ITZ,E,Mexicana,Dir 239
11998,Daniela,Cortes,Cervantes,UTEZ,P,Mexicana,Dir 816
11999,Veronica,Mendoza,Ortiz,UTEZ,E,Mexicana,Dir 89
12000,Laura,Guzman,Romero,UNAM,E,Mexicana,Dir 527
12001,Gael,Lopez,Chavez,UNAM,P,Mexicana,Dir 580
12002,Jorge,Cabrera,Campos,IPN,P,Mexicana,Dir 258
12003,Jesus,Chavez,Dominguez,UAEM,P,Mexicana,Dir 767
12004,Leticia,Sosa,Espinoza,UAEM,E,Mexicana,Dir 821
12005,Laura,Herrera,Garza,UPMOR,P,Mexicana,Dir 936
12006,Gerardo,Flores,Navarro,IPN,P,Mexicana,Dir 250
12007,Valeria,Castro,Mejia,UTEZ,E,Mexicana,Dir 294
12008,Hector,Gutierrez,Cruz,UAEM,P,Mexicana,Dir 693
12009,Gabriela,Gonzalez,Morales,UNAM,E,Mexicana,Dir 61
12010,Carmen,Perez,Rios,UPMOR,E,Mexicana,Dir 970
12011,Rafael,Castro,Cordova,IPN,E,Mexicana,Dir 401
12012,Susana,Hernandez,Mejia,UPMOR,P,Mexicana,Dir 563
12013,Diana,Ramos,Espinoza,UPMOR,E,Mexicana,Dir 576
12014,Claudia,Gonzalez,Perez,UPMOR,P,Mexicana,Dir 349
12015,Raul,Ruiz,Rojas,UPMOR,P,Mexicana,Dir 672
12016,Leticia,Bautista,Velazquez,UTEZ,P,Mexicana,Dir 46
12017,Jose,Ruiz,Munoz,UAEM,P,Mexicana,Dir 231
12018,Ricardo,Cordova,Cervantes,UPMOR,P,Mexicana,Dir 519
12019,Gael,Gonzalez,Silva,IPN,E,Mexicana,Dir 60
12020,Carlos,Avila,Rios,UPMOR,P,Mexicana,Dir 195
12021,Manuel,Gomez,Cervantes,UAEM,E,Mexicana,Dir 819
12022,Natalia,Sosa,Vargas,UTEZ,P,Mexicana,Dir 619
12023,Lucia,Paredes,Gonzalez,ITZ,E,Mexicana,Dir 259
12024,Roberto,Guzman,Munoz,UAEM,E,Mexicana,Dir 456
12025,Jorge,Silva,Medina,UNAM,P,Mexicana,Dir 324
12026,Patricia,Reyes,Salazar,UAEM,E,Mexicana,Dir 776
12027,Maria,Cabrera,Sosa,IPN,P,Mexicana,Dir 431
12028,Julio,Martinez,Maldonado,ITZ,E,Mexicana,Dir 860
12029,Maria,Ramirez,Velazquez,ITZ,E,Mexicana,Dir 66
12030,Paola,Cabrera,Gomez,UNAM,P,Mexicana,Dir 563
12031,Martha,Perez,Sanchez,UPMOR,P,Mexicana,Dir 721
12032,Rumualdo,Hernandez,Gutierrez,IPN,E,Mexicana,Dir 6
12033,Roberto,Avila,Delgado,UTEZ,E,Mexicana,Dir 576
12034,Arturo,Soto,Cabrera,IPN,P,Mexicana,Dir 465
12035,Victor,Garza,Bautista,UPMOR,P,Mexicana,Dir 940
12036,Susana,Cabrera,Cervantes,UAEM,E,Mexicana,Dir 524
12037,Miguel,Navarro,Mejia,ITZ,P,Mexicana,Dir 516
12038,Carmen,Velazquez,Ruiz,UNAM,E,Mexicana,Dir 149
12039,Jorge,Valencia,Rojas,UNAM,P,Mexicana,Dir 350
12040,Natalia,Paredes,Escobar,UTEZ,P,Mexicana,Dir 959
12041,Manuel,Perez,Maldonado,UAEM,E,Mexicana,Dir 769
12042,Oscar,Sanchez,Ortiz,UAEM,E,Mexicana,Dir 483
12043,Eduardo,Garcia,Silva,IPN,E,Mexicana,Dir 763
12044,Beatriz,Valencia,Perez,UAEM,E,Mexicana,Dir 759
12045,Victor,Navarro,Silva,IPN,E,Mexicana,Dir 21
12046,Rafael,Gutierrez,Espinoza,UAEM,E,Mexicana,Dir 877
12047,Raul,Cruz,Cruz,UNAM,E,Mexicana,Dir 160
12048,Arturo,Ramos,Dominguez,ITZ,P,Mexicana,Dir 671
12049,Eduardo,Cruz,Cervantes,UPMOR,P,Mexicana,Dir 918
12050,Raul,Gomez,Munoz,UPMOR,E,Mexicana,Dir 194
12051,Roberto,Paredes,Valencia,UNAM,E,Mexicana,Dir 374
12052,Raul,Chavez,Castro,UAEM,E,Mexicana,Dir 735
12053,Patricia,Sosa,Medina,IPN,P,Mexicana,Dir 596
12054,Lucia,Mejia,Delgado,UAEM,E,Mexicana,Dir 482
12055,Gabriela,Ortiz,Ruiz,IPN,E,Mexicana,Dir 732
12056,Raul,Castillo,Dominguez,UNAM,P,Mexicana,Dir 569
12057,Ana,Herrera,Ramirez,UAEM,P,Mexicana,Dir 695
12058,Martin,Martinez,Perez,UTEZ,P,Mexicana,Dir 22
12059,Gabriela,Mendez,Dominguez,ITZ,E,Mexicana,Dir 570
12060,Raul,Munoz,Cordova,UNAM,E,Mexicana,Dir 801
12061,Rumualdo,Mendoza,Rojas,ITZ,E,Mexicana,Dir 653
12062,Francisco,Cabrera,Salazar,IPN,P,Mexicana,Dir 880
12063,Claudia,Medina,Mendez,UPMOR,E,Mexicana,Dir 116
12064,Hector,Guzman,Cruz,IPN,E,Mexicana,Dir 326
12065,Hugo,Velazquez,Morales,UPMOR,P,Mexicana,Dir 135
12066,Martin,Rojas,Gutierrez,UPMOR,E,Mexicana,Dir 568
12067,Gerardo,Castillo,Aguilar,UAEM,P,Mexicana,Dir 760
12068,Paola,Rios,Ramirez,UAEM,P,Mexicana,Dir 885
12069,Andrea,Martinez,Perez,ITZ,E,Mexicana,Dir 908
12070,Rumualdo,Gonzalez,Ramos,ITZ,P,Mexicana,Dir 103
12071,Hector,Rodriguez,Delgado,IPN,E,Mexicana,Dir 870
12072,Pedro,Silva,Sosa,IPN,E,Mexicana,Dir 639
12073,Lorena,Perez,Delgado,UPMOR,E,Mexicana,Dir 158
12074,Adriana,Velazquez,Perez,UPMOR,E,Mexicana,Dir 651
12075,Martin,Mejia,Morales,IPN,E,Mexicana,Dir 338
12076,Lucia,Espinoza,Mendoza,IPN,E,Mexicana,Dir 247
12077,Carlos,Escobar,Rodriguez,UNAM,P,Mexicana,Dir 551
12078,Adriana,Delgado,Rodriguez,UPMOR,E,Mexicana,Dir 632
12079,Lorena,Hernandez,Morales,UTEZ,E,Mexicana,Dir 751
12080,Martin,Cervantes,Martinez,UTEZ,E,Mexicana,Dir 603
12081,Rafael,Garcia,Mejia,UAEM,E,Mexicana,Dir 293
12082,Adriana,Herrera,Rodriguez,UAEM,P,Mexicana,Dir 805
12083,Victor,Ruiz,Navarro,UTEZ,P,Mexicana,Dir 834
12084,Claudia,Morales,Salazar,ITZ,P,Mexicana,Dir 99
12085,Antonio,Ramos,Vargas,IPN,P,Mexicana,Dir 416
12086,Pedro,Gonzalez,Garza,UTEZ,P,Mexicana,Dir 244
12087,Valeria,Garza,Guzman,UNAM,E,Mexicana,Dir 788
12088,Natalia,Molina,Silva,UPMOR,E,Mexicana,Dir 228
12089,Paola,Escobar,Morales,ITZ,P,Mexicana,Dir 780
12090,Laura,Escobar,Gomez,IPN,P,Mexicana,Dir 893
12091,Martin,Chavez,Flores,UAEM,E,Mexicana,Dir 656
12092,Oscar,Castillo,Reyes,ITZ,P,Mexicana,Dir 44
12093,Monica,Campos,Castillo,UPMOR,E,Mexicana,Dir 826
12094,Jose,Garcia,Gutierrez,ITZ,E,Mexicana,Dir 932
12095,Javier,Campos,Martinez,UPMOR,E,Mexicana,Dir 425
12096,Martin,Cortes,Cortes,UPMOR,E,Mexicana,Dir 299
12097,Ana,Cortes,Castro,UNAM,E,Mexicana,Dir 892
12098,Teresa,Campos,Ortiz,UTEZ,E,Mexicana,Dir 670
12099,Hugo,Perez,Vargas,UNAM,P,Mexicana,Dir 855
12100,Pedro,Lopez,Ramos,UAEM,E,Mexicana,Dir 871
12101,Javier,Soto,Romero,ITZ,E,Mexicana,Dir 193
12102,Lorena,Gutierrez,Lara,UNAM,P,Mexicana,Dir 174
12103,Hector,Maldonado,Gutierrez,ITZ,P,Mexicana,Dir 237
12104,Raul,Paredes,Valencia,ITZ,P,Mexicana,Dir 695
12105,Julio,Delgado,Mendez,ITZ,P,Mexicana,Dir 329
12106,Antonio,Castro,Munoz,UPMOR,P,Mexicana,Dir 539
12107,Roberto,Ramos,Cruz,UTEZ,E,Mexicana,Dir 892
12108,Pedro,Guzman,Sanchez,IPN,E,Mexicana,Dir 524
12109,Martin,Cabrera,Rojas,UTEZ,E,Mexicana,Dir 319
12110,Paola,Lopez,Velazquez,UTEZ,P,Mexicana,Dir 187
12111,Leticia,Munoz,Delgado,ITZ,P,Mexicana,Dir 541
12112,Teresa,Cervantes,Campos,UPMOR,P,Mexicana,Dir 159
12113,Ana,Garza,Molina,IPN,P,Mexicana,Dir 66
12114,Maria,Salazar,Soto,IPN,P,Mexicana,Dir 222
12115,Roberto,Velazquez,Ruiz,ITZ,E,Mexicana,Dir 583
12116,Arturo,Medina,Garza,UAEM,E,Mexicana,Dir 79
12117,Leticia,Ortiz,Martinez,UAEM,E,Mexicana,Dir 243
12118,Jorge,Castillo,Aguilar,ITZ,E,Mexicana,Dir 546
12119,Carlos,Silva,Hernandez,IPN,E,Mexicana,Dir 837
12120,Lucia,Perez,Martinez,UTEZ,E,Mexicana,Dir 39
12121,Margarita,Cordova,Garza,UPMOR,E,Mexicana,Dir 671
12122,Alejandro,Romero,Vargas,IPN,E,Mexicana,Dir 309
12123,Manuel,Cordova,Flores,IPN,P,Mexicana,Dir 416
12124,Pedro,Sanchez,Hernandez,IPN,E,Mexicana,Dir 738
12125,Francisco,Ramos,Garza,ITZ,P,Mexicana,Dir 881
12126,Fernando,Ortiz,Herrera,IPN,P,Mexicana,Dir 867
12127,Leticia,Espinoza,Sanchez,ITZ,E,Mexicana,Dir 177
12128,Veronica,Munoz,Navarro,ITZ,P,Mexicana,Dir 185
12129,Roberto,Flores,Ramos,UAEM,E,Mexicana,Dir 268
12130,Luis,Molina,Diaz,IPN,P,Mexicana,Dir 522
12131,Jose,Perez,Lopez,UNAM,P,Mexicana,Dir 837
12132,Andrea,Espinoza,Herrera,UAEM,E,Mexicana,Dir 97
12133,Luis,Avila,Molina,IPN,P,Mexicana,Dir 36
12134,Hugo,Maldonado,Paredes,UPMOR,P,Mexicana,Dir 124
12135,Hector,Escobar,Gonzalez,UPMOR,P,Mexicana,Dir 863
12136,Valeria,Garza,Vargas,ITZ,P,Mexicana,Dir 65
12137,Maria,Navarro,Munoz,UPMOR,E,Mexicana,Dir 580
12138,Francisco,Mejia,Escobar,UPMOR,P,Mexicana,Dir 949
12139,Rumualdo,Vega,Gonzalez,UPMOR,P,Mexicana,Dir 822
12140,Laura,Ruiz,Soto,UAEM,P,Mexicana,Dir 275
12141,Gael,Lopez,Cruz,ITZ,E,Mexicana,Dir 436
12142,Valeria,Salazar,Munoz,UTEZ,P,Mexicana,Dir 930
12143,Lucia,Lopez,Romero,UTEZ,P,Mexicana,Dir 259
12144,Pedro,Medina,Cervantes,UNAM,E,Mexicana,Dir 96
12145,Daniela,Campos,Lara,UPMOR,E,Mexicana,Dir 517
12146,Victor,Aguilar,Vega,IPN,E,Mexicana,Dir 891
12147,Martha,Valencia,Cabrera,UPMOR,P,Mexicana,Dir 630
12148,Gabriela,Rodriguez,Cervantes,UAEM,E,Mexicana,Dir 268
12149,Carmen,Morales,Garza,UTEZ,P,Mexicana,Dir 726
12150,Esteban,Munoz,Rios,ITZ,P,Mexicana,Dir 439
12151,Diana,Ramos,Castillo,UPMOR,E,Mexicana,Dir 388
12152,Manuel,Ortiz,Lara,UTEZ,E,Mexicana,Dir 250
12153,Jesus,Bautista,Hernandez,ITZ,P,Mexicana,Dir 657
12154,Manuel,Lopez,Medina,UTEZ,P,Mexicana,Dir 991
12155,Luis,Ramos,Reyes,UTEZ,E,Mexicana,Dir 711
12156,Julio,Romero,Cortes,UAEM,P,Mexicana,Dir 143
12157,Teresa,Ortiz,Navarro,UNAM,P,Mexicana,Dir 627
12158,Rumualdo,Garza,Delgado,UTEZ,E,Mexicana,Dir 40
12159,Victor,Sanchez,Gutierrez,UTEZ,P,Mexicana,Dir 397
12160,Esteban,Diaz,Ramos,UTEZ,P,Mexicana,Dir 264
12161,Raul,Mendez,Gutierrez,UPMOR,P,Mexicana,Dir 817
12162,Ruben,Rojas,Reyes,UNAM,E,Mexicana,Dir 77
12163,Rumualdo,Munoz,Herrera,IPN,E,Mexicana,Dir 379
12164,Pedro,Garza,Castillo,ITZ,P,Mexicana,Dir 547
12165,Alejandro,Paredes,Romero,UTEZ,E,Mexicana,Dir 754
12166,Oscar,Ramirez,Herrera,UTEZ,E,Mexicana,Dir 132
12167,Paola,Ramirez,Garcia,UAEM,P,Mexicana,Dir 974
12168,Raul,Avila,Hernandez,UNAM,E,Mexicana,Dir 575
12169,Adriana,Molina,Ortiz,IPN,E,Mexicana,Dir 715
12170,Lorena,Aguilar,Cordova,UPMOR,E,Mexicana,Dir 789
12171,Luis,Gonzalez,Hernandez,UNAM,P,Mexicana,Dir 605
12172,Rumualdo,Escobar,Bautista,UPMOR,P,Mexicana,Dir 188
12173,Adriana,Rios,Ramirez,IPN,P,Mexicana,Dir 970
12174,Rafael,Ramos,Escobar,UPMOR,P,Mexicana,Dir 702
12175,Elena,Lopez,Paredes,UAEM,P,Mexicana,Dir 942
12176,Miguel,Bautista,Ramos,UNAM,P,Mexicana,Dir 41
12177,Gabriela,Sanchez,Bautista,UPMOR,E,Mexicana,Dir 476
12178,Silvia,Cabrera,Flores,UPMOR,E,Mexicana,Dir 742
12179,Natalia,Lopez,Velazquez,UNAM,P,Mexicana,Dir 38
12180,Claudia,Ramirez,Maldonado,UTEZ,E,Mexicana,Dir 141
12181,Ricardo,Chavez,Ortiz,UNAM,P,Mexicana,Dir 413
12182,Martha,Garcia,Rios,ITZ,E,Mexicana,Dir 947
12183,Oscar,Velazquez,Bautista,UNAM,E,Mexicana,Dir 271
12184,Julio,Avila,Rojas,UAEM,E,Mexicana,Dir 852
12185,Pedro,Mejia,Ortiz,IPN,E,Mexicana,Dir 616
12186,Martha,Campos,Reyes,UTEZ,E,Mexicana,Dir 747
12187,Carlos,Escobar,Rojas,ITZ,P,Mexicana,Dir 931
12188,Lorena,Espinoza,Perez,UNAM,P,Mexicana,Dir 343
12189,Hector,Vega,Ortiz,UNAM,E,Mexicana,Dir 780
12190,Jose,Sosa,Ramos,IPN,P,Mexicana,Dir 358
12191,Monica,Silva,Gomez,UTEZ,E,Mexicana,Dir 95
12192,Jorge,Chavez,Guzman,UNAM,E,Mexicana,Dir 528
12193,Eduardo,Lara,Herrera,UAEM,E,Mexicana,Dir 756
12194,Gerardo,Cervantes,Bautista,UNAM,E,Mexicana,Dir 669
12195,Pedro,Vega,Cordova,UPMOR,E,Mexicana,Dir 898
12196,Oscar,Herrera,Gutierrez,UPMOR,P,Mexicana,Dir 87
12197,Gerardo,Perez,Lara,UPMOR,E,Mexicana,Dir 937
12198,Margarita,Navarro,Delgado,ITZ,E,Mexicana,Dir 56
12199,Carolina,Ortiz,Flores,UTEZ,P,Mexicana,Dir 164
12200,Roberto,Mendoza,Perez,UAEM,E,Mexicana,Dir 519
12201,Diego,Salazar,Cortes,IPN,E,Mexicana,Dir 70
12202,Gerardo,Valencia,Mendez,UAEM,P,Mexicana,Dir 644
12203,Miguel,Paredes,Delgado,UTEZ,P,Mexicana,Dir 215
12204,Teresa,Cruz,Diaz,UNAM,P,Mexicana,Dir 562
12205,Monica,Gutierrez,Herrera,UTEZ,P,Mexicana,Dir 220
12206,Ricardo,Dominguez,Maldonado,UAEM,P,Mexicana,Dir 613
12207,Raul,Diaz,Medina,UAEM,P,Mexicana,Dir 845
12208,Antonio,Perez,Lara,UTEZ,E,Mexicana,Dir 790
12209,Ana,Morales,Cordova,UTEZ,E,Mexicana,Dir 624
12210,Gabriela,Gomez,Vega,UNAM,E,Mexicana,Dir 952
12211,Oscar,Ramos,Sanchez,IPN,P,Mexicana,Dir 217
12212,Roberto,Medina,Herrera,UNAM,P,Mexicana,Dir 778
12213,Silvia,Rios,Castillo,UPMOR,P,Mexicana,Dir 24
12214,Miguel,Cortes,Munoz,UNAM,E,Mexicana,Dir 705
12215,Pedro,Chavez,Hernandez,UNAM,P,Mexicana,Dir 47
12216,Diego,Munoz,Lopez,UTEZ,P,Mexicana,Dir 971
12217,Elena,Velazquez,Soto,ITZ,E,Mexicana,Dir 843
12218,Roberto,Salazar,Rojas,UTEZ,P,Mexicana,Dir 917
12219,Silvia,Munoz,Diaz,UNAM,P,Mexicana,Dir 681
12220,Hector,Rios,Medina,IPN,E,Mexicana,Dir 77
12221,Hugo,Mendoza,Guzman,UNAM,E,Mexicana,Dir 576
12222,Andrea,Perez,Velazquez,UNAM,E,Mexicana,Dir 515
12223,Jesus,Vargas,Diaz,UPMOR,E,Mexicana,Dir 399
12224,Rafael,Chavez,Hernandez,UAEM,P,Mexicana,Dir 604
12225,Daniela,Cervantes,Bautista,UNAM,P,Mexicana,Dir 573
12226,Jorge,Silva,Chavez,ITZ,E,Mexicana,Dir 213
12227,Valeria,Diaz,Mendoza,ITZ,E,Mexicana,Dir 328
12228,Claudia,Delgado,Escobar,ITZ,E,Mexicana,Dir 597
12229,Gerardo,Espinoza,Bautista,UPMOR,E,Mexicana,Dir 24
12230,Paola,Ruiz,Gutierrez,UPMOR,E,Mexicana,Dir 269
12231,Miguel,Castillo,Bautista,IPN,P,Mexicana,Dir 816
12232,Raul,Castro,Gomez,UTEZ,E,Mexicana,Dir 716
12233,Silvia,Sosa,Paredes,UPMOR,P,Mexicana,Dir 97
12234,Carmen,Cabrera,Salazar,ITZ,E,Mexicana,Dir 412
12235,Daniela,Sosa,Navarro,UAEM,P,Mexicana,Dir 290
12236,Silvia,Medina,Cabrera,UAEM,P,Mexicana,Dir 264
12237,Rafael,Navarro,Mendoza,UTEZ,P,Mexicana,Dir 23
12238,Ruben,Ruiz,Gutierrez,UTEZ,P,Mexicana,Dir 608
12239,Antonio,Rojas,Chavez,UPMOR,E,Mexicana,Dir 551
12240,Victor,Romero,Silva,UPMOR,P,Mexicana,Dir 115
12241,Antonio,Lara,Perez,UNAM,P,Mexicana,Dir 385
12242,Daniela,Castillo,Castro,UTEZ,E,Mexicana,Dir 776
12243,Roberto,Vega,Munoz,ITZ,P,Mexicana,Dir 303
12244,Beatriz,Vargas,Velazquez,UAEM,E,Mexicana,Dir 70
12245,Raul,Morales,Sanchez,UAEM,P,Mexicana,Dir 472
12246,Ana,Castillo,Medina,UTEZ,E,Mexicana,Dir 126
12247,Valeria,Ruiz,Hernandez,IPN,P,Mexicana,Dir 663
12248,Patricia,Cortes,Valencia,ITZ,P,Mexicana,Dir 937
12249,Jesus,Vargas,Vargas,ITZ,E,Mexicana,Dir 129
12250,Adriana,Sosa,Sanchez,UNAM,P,Mexicana,Dir 775
12251,Laura,Cervantes,Velazquez,IPN,P,Mexicana,Dir 106
12252,Javier,Hernandez,Espinoza,UTEZ,P,Mexicana,Dir 836
12253,Lucia,Ortiz,Salazar,ITZ,E,Mexicana,Dir 836
12254,Fernando,Perez,Mejia,IPN,E,Mexicana,Dir 489
12255,Jorge,Chavez,Perez,UAEM,P,Mexicana,Dir 276
12256,Rumualdo,Ramos,Perez,UNAM,E,Mexicana,Dir 352
12257,Carlos,Cervantes,Navarro,ITZ,E,Mexicana,Dir 42
12258,Esteban,Cervantes,Reyes,ITZ,E,Mexicana,Dir 268
12259,Alejandro,Romero,Aguilar,UPMOR,E,Mexicana,Dir 618
12260,Sofia,Herrera,Cabrera,ITZ,E,Mexicana,Dir 791
12261,Maria,Garcia,Romero,UNAM,P,Mexicana,Dir 28
12262,Rumualdo,Mendoza,Romero,UTEZ,P,Mexicana,Dir 962
12263,Arturo,Chavez,Valencia,UTEZ,E,Mexicana,Dir 659
12264,Martha,Cervantes,Gomez,UAEM,E,Mexicana,Dir 612
12265,Rosa,Paredes,Paredes,ITZ,P,Mexicana,Dir 432
12266,Pedro,Cortes,Rios,UAEM,P,Mexicana,Dir 256
12267,Javier,Chavez,Cortes,ITZ,E,Mexicana,Dir 905
12268,Javier,Bautista,Diaz,IPN,E,Mexicana,Dir 868
12269,Martin,Hernandez,Perez,UTEZ,E,Mexicana,Dir 601
12270,Martin,Ramirez,Vega,IPN,P,Mexicana,Dir 335
12271,Jose,Navarro,Mendez,ITZ,P,Mexicana,Dir 747
12272,Elena,Ramirez,Morales,UTEZ,E,Mexicana,Dir 795
12273,Rafael,Maldonado,Garcia,UNAM,P,Mexicana,Dir 475
12274,Margarita,Vega,Castillo,UAEM,E,Mexicana,Dir 808
12275,Victor,Velazquez,Maldonado,ITZ,P,Mexicana,Dir 973
12276,Carlos,Espinoza,Diaz,UPMOR,P,Mexicana,Dir 81
12277,Gerardo,Hernandez,Salazar,ITZ,P,Mexicana,Dir 439
12278,Lucia,Aguilar,Mendoza,UTEZ,P,Mexicana,Dir 530
12279,Teresa,Rios,Rodriguez,UAEM,E,Mexicana,Dir 717
12280,Ricardo,Rios,Dominguez,UPMOR,E,Mexicana,Dir 560
12281,Francisco,Garcia,Vargas,ITZ,E,Mexicana,Dir 676
12282,Ruben,Castillo,Garza,UNAM,E,Mexicana,Dir 472
12283,Miguel,Bautista,Lara,ITZ,P,Mexicana,Dir 106
12284,Javier,Mendez,Herrera,IPN,P,Mexicana,Dir 398
12285,Diego,Martinez,Vega,UNAM,E,Mexicana,Dir 80
12286,Miguel,Maldonado,Dominguez,UPMOR,P,Mexicana,Dir 627
12287,Gabriela,Silva,Garza,ITZ,E,Mexicana,Dir 717
12288,Lucia,Mendez,Garcia,UAEM,E,Mexicana,Dir 910
12289,Francisco,Morales,Silva,UAEM,E,Mexicana,Dir 184
12290,Natalia,Perez,Salazar,UTEZ,E,Mexicana,Dir 817
12291,Lucia,Cortes,Cabrera,UAEM,E,Mexicana,Dir 394
12292,Ana,Lara,Flores,ITZ,E,Mexicana,Dir 12
12293,Hector,Mejia,Velazquez,UNAM,E,Mexicana,Dir 114
12294,Gabriela,Guzman,Romero,UTEZ,P,Mexicana,Dir 801
12295,Rosa,Rojas,Bautista,IPN,P,Mexicana,Dir 116
12296,Eduardo,Maldonado,Hernandez,UTEZ,P,Mexicana,Dir 752
12297,Javier,Diaz,Gutierrez,UTEZ,E,Mexicana,Dir 494
12298,Ruben,Espinoza,Gutierrez,ITZ,E,Mexicana,Dir 293
12299,Fernando,Salazar,Sosa,UNAM,E,Mexicana,Dir 830
12300,Daniela,Reyes,Castro,UTEZ,P,Mexicana,Dir 7
12301,Ruben,Sanchez,Romero,UAEM,E,Mexicana,Dir 130
12302,Eduardo,Aguilar,Hernandez,UPMOR,E,Mexicana,Dir 402
12303,Hector,Cabrera,Bautista,UTEZ,P,Mexicana,Dir 594
12304,Rafael,Ortiz,Sanchez,UNAM,E,Mexicana,Dir 933
12305,Sofia,Gonzalez,Valencia,UAEM,E,Mexicana,Dir 168
12306,Raul,Medina,Ramirez,UAEM,E,Mexicana,Dir 141
12307,Martin,Gomez,Castillo,UPMOR,E,Mexicana,Dir 195
12308,Esteban,Maldonado,Hernandez,UTEZ,P,Mexicana,Dir 363
12309,Ricardo,Reyes,Diaz,UNAM,E,Mexicana,Dir 987
12310,Daniela,Ramos,Delgado,UNAM,E,Mexicana,Dir 773
12311,Diana,Silva,Garza,UNAM,E,Mexicana,Dir 758
12312,Pedro,Flores,Munoz,UAEM,P,Mexicana,Dir 873
12313,Jesus,Delgado,Rios,ITZ,E,Mexicana,Dir 144
12314,Paola,Morales,Bautista,UTEZ,E,Mexicana,Dir 665
12315,Raul,Salazar,Navarro,UNAM,E,Mexicana,Dir 803
12316,Alejandro,Silva,Lopez,ITZ,E,Mexicana,Dir 339
12317,Antonio,Garcia,Lopez,UNAM,E,Mexicana,Dir 616
12318,Ruben,Ortiz,Cruz,IPN,E,Mexicana,Dir 75
12319,Valeria,Mendez,Ramirez,UNAM,E,Mexicana,Dir 779
12320,Margarita,Avila,Gomez,UAEM,E,Mexicana,Dir 519
12321,Victor,Campos,Ramirez,UNAM,P,Mexicana,Dir 407
12322,Hector,Espinoza,Perez,UAEM,E,Mexicana,Dir 398
12323,Pedro,Escobar,Cabrera,UTEZ,E,Mexicana,Dir 372
12324,Arturo,Bautista,Romero,ITZ,E,Mexicana,Dir 138
12325,Carmen,Cervantes,Cruz,UAEM,E,Mexicana,Dir 131
12326,Luis,Gonzalez,Gomez,UAEM,E,Mexicana,Dir 944
12327,Miguel,Garza,Martinez,UNAM,P,Mexicana,Dir 315
12328,Patricia,Rodriguez,Lopez,UNAM,E,Mexicana,Dir 682
12329,Antonio,Ramos,Morales,UNAM,E,Mexicana,Dir 967
12330,Fernando,Silva,Salazar,ITZ,E,Mexicana,Dir 728
12331,Arturo,Molina,Dominguez,UAEM,E,Mexicana,Dir 310
12332,Raul,Molina,Guzman,UAEM,E,Mexicana,Dir 823
12333,Paola,Cordova,Salazar,ITZ,E,Mexicana,Dir 261
12334,Andrea,Aguilar,Ramos,UNAM,P,Mexicana,Dir 891
12335,Teresa,Rojas,Navarro,UAEM,P,Mexicana,Dir 644
12336,Ricardo,Escobar,Cruz,ITZ,P,Mexicana,Dir 866
12337,Francisco,Cordova,Vega,IPN,E,Mexicana,Dir 216
12338,Beatriz,Silva,Cervantes,UNAM,E,Mexicana,Dir 291
12339,Esteban,Navarro,Dominguez,UTEZ,P,Mexicana,Dir 975
12340,Hugo,Rios,Castillo,ITZ,P,Mexicana,Dir 739
12341,Adriana,Hernandez,Medina,IPN,E,Mexicana,Dir 213
12342,Hector,Sosa,Vega,UNAM,P,Mexicana,Dir 26
12343,Esteban,Hernandez,Herrera,UNAM,E,Mexicana,Dir 380
12344,Roberto,Mejia,Chavez,UAEM,E,Mexicana,Dir 619
12345,Maria,Hernandez,Guzman,UPMOR,E,Mexicana,Dir 457
12346,Arturo,Salazar,Cabrera,UNAM,E,Mexicana,Dir 636
12347,Rumualdo,Ortiz,Perez,UNAM,P,Mexicana,Dir 616
12348,Jorge,Navarro,Guzman,UNAM,E,Mexicana,Dir 896
12349,Martin,Munoz,Morales,UNAM,P,Mexicana,Dir 465
12350,Paola,Maldonado,Rios,UPMOR,P,Mexicana,Dir 147
12351,Alejandro,Reyes,Flores,UPMOR,E,Mexicana,Dir 150
12352,Jose,Lopez,Silva,ITZ,P,Mexicana,Dir 713
12353,Paola,Munoz,Cervantes,ITZ,E,Mexicana,Dir 92
12354,Fernando,Valencia,Rojas,IPN,P,Mexicana,Dir 188
12355,Sofia,Castillo,Cortes,UTEZ,E,Mexicana,Dir 706
12356,Antonio,Rios,Chavez,UAEM,P,Mexicana,Dir 694
12357,Patricia,Gomez,Castro,ITZ,P,Mexicana,Dir 850
12358,Paola,Lopez,Lopez,UAEM,P,Mexicana,Dir 190
12359,Patricia,Morales,Sanchez,IPN,E,Mexicana,Dir 399
12360,Victor,Navarro,Bautista,UTEZ,P,Mexicana,Dir 942
12361,Manuel,Vargas,Diaz,UPMOR,P,Mexicana,Dir 684
12362,Jorge,Sosa,Escobar,UPMOR,E,Mexicana,Dir 171
12363,Andrea,Romero,Sanchez,ITZ,P,Mexicana,Dir 869
12364,Claudia,Vega,Gonzalez,UNAM,P,Mexicana,Dir 864
12365,Adriana,Ramirez,Sosa,IPN,P,Mexicana,Dir 963
12366,Jesus,Silva,Cruz,ITZ,E,Mexicana,Dir 531
12367,Jorge,Cruz,Morales,ITZ,P,Mexicana,Dir 336
12368,Luis,Aguilar,Ortiz,IPN,E,Mexicana,Dir 268
12369,Rafael,Ruiz,Navarro,IPN,P,Mexicana,Dir 805
12370,Laura,Herrera,Lopez,IPN,P,Mexicana,Dir 529
12371,Veronica,Reyes,Ruiz,UTEZ,P,Mexicana,Dir 198
12372,Maria,Vargas,Silva,UTEZ,E,Mexicana,Dir 942
12373,Gabriela,Mendoza,Castillo,IPN,P,Mexicana,Dir 565
12374,Pedro,Sanchez,Molina,UTEZ,P,Mexicana,Dir 875
12375,Lorena,Martinez,Mendez,UNAM,P,Mexicana,Dir 430
12376,Roberto,Lara,Vega,ITZ,P,Mexicana,Dir 338
12377,Pedro,Ruiz,Herrera,UPMOR,E,Mexicana,Dir 308
12378,Luis,Lara,Lopez,ITZ,P,Mexicana,Dir 54
12379,Sofia,Rojas,Paredes,UNAM,P,Mexicana,Dir 836
12380,Hector,Mendez,Rios,UPMOR,E,Mexicana,Dir 101
12381,Hector,Ramos,Cabrera,UAEM,E,Mexicana,Dir 63
12382,Valeria,Reyes,Ruiz,UAEM,E,Mexicana,Dir 185
12383,Arturo,Ramos,Reyes,UPMOR,P,Mexicana,Dir 919
12384,Sofia,Ortiz,Garza,IPN,P,Mexicana,Dir 112
12385,Veronica,Gutierrez,Reyes,ITZ,P,Mexicana,Dir 445
12386,Hugo,Munoz,Velazquez,IPN,P,Mexicana,Dir 123
12387,Victor,Ramos,Morales,UTEZ,P,Mexicana,Dir 110
12388,Raul,Hernandez,Medina,UPMOR,P,Mexicana,Dir 704
12389,Antonio,Diaz,Morales,UTEZ,P,Mexicana,Dir 686
12390,Beatriz,Garcia,Gomez,IPN,E,Mexicana,Dir 571
12391,Hugo,Lara,Mendez,UAEM,P,Mexicana,Dir 378
12392,Susana,Cortes,Paredes,IPN,P,Mexicana,Dir 515
12393,Miguel,Munoz,Herrera,IPN,E,Mexicana,Dir 332
12394,Silvia,Avila,Sanchez,IPN,P,Mexicana,Dir 494
12395,Elena,Soto,Sosa,UNAM,E,Mexicana,Dir 120
12396,Martha,Gutierrez,Molina,UNAM,E,Mexicana,Dir 418
12397,Oscar,Silva,Garcia,UAEM,P,Mexicana,Dir 892
12398,Lorena,Herrera,Avila,UAEM,E,Mexicana,Dir 215
12399,Susana,Molina,Ruiz,UAEM,E,Mexicana,Dir 709
12400,Martha,Castillo,Rios,ITZ,E,Mexicana,Dir 741
12401,Daniela,Cruz,Delgado,UPMOR,E,Mexicana,Dir 622
12402,Jesus,Mendoza,Soto,IPN,P,Mexicana,Dir 36
12403,Ana,Aguilar,Sosa,UPMOR,E,Mexicana,Dir 354
12404,Raul,Cruz,Hernandez,UAEM,E,Mexicana,Dir 995
12405,Antonio,Gutierrez,Sanchez,IPN,P,Mexicana,Dir 561
12406,Diana,Navarro,Mendoza,IPN,P,Mexicana,Dir 701
12407,Hugo,Soto,Molina,UTEZ,P,Mexicana,Dir 57
12408,Hugo,Gomez,Dominguez,UNAM,P,Mexicana,Dir 450
12409,Hector,Cervantes,Castro,UPMOR,E,Mexicana,Dir 298
12410,Elena,Chavez,Sanchez,UAEM,E,Mexicana,Dir 144
12411,Gabriela,Espinoza,Valencia,UNAM,E,Mexicana,Dir 194
12412,Ana,Soto,Romero,IPN,E,Mexicana,Dir 625
12413,Esteban,Lara,Herrera,IPN,P,Mexicana,Dir 119
12414,Adriana,Gonzalez,Avila,UPMOR,E,Mexicana,Dir 688
12415,Carmen,Flores,Valencia,ITZ,P,Mexicana,Dir 939
12416,Carmen,Ramirez,Castro,UAEM,E,Mexicana,Dir 260
12417,Rumualdo,Castro,Delgado,UPMOR,P,Mexicana,Dir 493
12418,Beatriz,Delgado,Garcia,UPMOR,P,Mexicana,Dir 181
12419,Adriana,Diaz,Sanchez,UAEM,E,Mexicana,Dir 946
12420,Francisco,Morales,Mendez,ITZ,E,Mexicana,Dir 859
12421,Teresa,Lara,Bautista,UPMOR,E,Mexicana,Dir 935
12422,Antonio,Cortes,Dominguez,UNAM,E,Mexicana,Dir 843
12423,Valeria,Molina,Campos,UAEM,P,Mexicana,Dir 173
12424,Natalia,Ruiz,Munoz,UTEZ,P,Mexicana,Dir 561
12425,Andrea,Gutierrez,Cabrera,UNAM,P,Mexicana,Dir 969
12426,Jose,Hernandez,Molina,UPMOR,P,Mexicana,Dir 910
12427,Lucia,Martinez,Mejia,UTEZ,P,Mexicana,Dir 367
12428,Adriana,Rodriguez,Flores,UPMOR,E,Mexicana,Dir 528
12429,Martha,Martinez,Espinoza,UAEM,E,Mexicana,Dir 661
12430,Roberto,Castillo,Diaz,UAEM,P,Mexicana,Dir 172
12431,Beatriz,Hernandez,Aguilar,UPMOR,E,Mexicana,Dir 216
12432,Gael,Rios,Mejia,IPN,P,Mexicana,Dir 910
12433,Claudia,Vega,Vargas,IPN,P,Mexicana,Dir 838
12434,Claudia,Garza,Guzman,UNAM,P,Mexicana,Dir 986
12435,Patricia,Reyes,Rios,UNAM,E,Mexicana,Dir 436
12436,Natalia,Aguilar,Campos,ITZ,E,Mexicana,Dir 93
12437,Daniela,Cervantes,Rojas,UNAM,E,Mexicana,Dir 546
12438,Gabriela,Perez,Aguilar,UNAM,P,Mexicana,Dir 506
12439,Alejandro,Cruz,Lopez,UAEM,P,Mexicana,Dir 317
12440,Lucia,Molina,Ortiz,UTEZ,P,Mexicana,Dir 790
12441,Esteban,Campos,Gutierrez,UTEZ,P,Mexicana,Dir 323
12442,Paola,Ramirez,Munoz,IPN,P,Mexicana,Dir 484
12443,Margarita,Gonzalez,Lara,UAEM,E,Mexicana,Dir 583
12444,Valeria,Hernandez,Perez,ITZ,E,Mexicana,Dir 788
12445,Diana,Dominguez,Ramirez,UNAM,E,Mexicana,Dir 417
12446,Hugo,Lopez,Delgado,UNAM,E,Mexicana,Dir 145
12447,Alejandro,Mendoza,Hernandez,UTEZ,P,Mexicana,Dir 833
12448,Maria,Hernandez,Munoz,UPMOR,P,Mexicana,Dir 724
12449,Susana,Valencia,Martinez,UPMOR,P,Mexicana,Dir 811
12450,Silvia,Martinez,Mendoza,IPN,E,Mexicana,Dir 454
12451,Carmen,Castro,Ramos,UAEM,P,Mexicana,Dir 78
12452,Francisco,Vargas,Vargas,ITZ,E,Mexicana,Dir 981
12453,Natalia,Diaz,Chavez,ITZ,E,Mexicana,Dir 675
12454,Elena,Valencia,Espinoza,UNAM,P,Mexicana,Dir 690
12455,Carmen,Medina,Escobar,UPMOR,E,Mexicana,Dir 134
12456,Sofia,Molina,Vargas,UAEM,P,Mexicana,Dir 356
12457,Claudia,Rojas,Espinoza,UAEM,P,Mexicana,Dir 888
12458,Sofia,Rios,Sosa,UAEM,P,Mexicana,Dir 411
12459,Ana,Soto,Diaz,IPN,P,Mexicana,Dir 364
12460,Claudia,Bautista,Avila,UNAM,P,Mexicana,Dir 75
12461,Carlos,Rios,Morales,UTEZ,P,Mexicana,Dir 736
12462,Patricia,Martinez,Vargas,UTEZ,P,Mexicana,Dir 978
12463,Adriana,Rodriguez,Ruiz,UNAM,E,Mexicana,Dir 97
12464,Pedro,Cruz,Diaz,UPMOR,P,Mexicana,Dir 22
12465,Diego,Avila,Munoz,UPMOR,E,Mexicana,Dir 215
12466,Diana,Aguilar,Gomez,UAEM,P,Mexicana,Dir 487
12467,Diana,Cruz,Mendoza,IPN,P,Mexicana,Dir 641
12468,Lorena,Aguilar,Martinez,UPMOR,P,Mexicana,Dir 445
12469,Veronica,Mendoza,Flores,IPN,P,Mexicana,Dir 904
12470,Jorge,Ortiz,Rojas,ITZ,E,Mexicana,Dir 26
12471,Lucia,Flores,Cervantes,UAEM,P,Mexicana,Dir 369
12472,Veronica,Cabrera,Dominguez,UTEZ,E,Mexicana,Dir 159
12473,Victor,Rodriguez,Soto,UTEZ,E,Mexicana,Dir 725
12474,Raul,Sosa,Morales,UTEZ,E,Mexicana,Dir 192
12475,Sofia,Morales,Delgado,UPMOR,P,Mexicana,Dir 532
12476,Carlos,Sanchez,Rojas,ITZ,E,Mexicana,Dir 485
12477,Patricia,Lopez,Hernandez,IPN,P,Mexicana,Dir 45
12478,Javier,Ruiz,Gutierrez,UNAM,P,Mexicana,Dir 404
12479,Hugo,Sanchez,Vega,UNAM,P,Mexicana,Dir 584
12480,Claudia,Campos,Ortiz,UTEZ,P,Mexicana,Dir 579
12481,Hector,Vega,Hernandez,UAEM,E,Mexicana,Dir 591
12482,Claudia,Bautista,Rios,UNAM,E,Mexicana,Dir 122
12483,Margarita,Castro,Chavez,UTEZ,E,Mexicana,Dir 33
12484,Andrea,Garza,Vega,ITZ,E,Mexicana,Dir 334
12485,Ricardo,Salazar,Molina,UNAM,E,Mexicana,Dir 682
12486,Andrea,Paredes,Velazquez,UNAM,E,Mexicana,Dir 784
12487,Hector,Mejia,Salazar,UTEZ,P,Mexicana,Dir 305
12488,Margarita,Lara,Chavez,UTEZ,E,Mexicana,Dir 696
12489,Valeria,Gonzalez,Ruiz,ITZ,P,Mexicana,Dir 849
12490,Javier,Medina,Ramos,IPN,E,Mexicana,Dir 101
12491,Diego,Cabrera,Guzman,UAEM,P,Mexicana,Dir 744
12492,Hugo,Lara,Lopez,ITZ,P,Mexicana,Dir 124
12493,Lorena,Reyes,Rios,UNAM,E,Mexicana,Dir 743
12494,Luis,Romero,Flores,UTEZ,P,Mexicana,Dir 404
12495,Leticia,Maldonado,Garza,UAEM,E,Mexicana,Dir 734
12496,Leticia,Dominguez,Gomez,UPMOR,P,Mexicana,Dir 118
12497,Diana,Flores,Mejia,UPMOR,E,Mexicana,Dir 240
12498,Fernando,Dominguez,Bautista,UNAM,E,Mexicana,Dir 618
12499,Diego,Castro,Herrera,UNAM,P,Mexicana,Dir 9
12500,Lucia,Diaz,Castillo,IPN,P,Mexicana,Dir 194
12501,Jesus,Mendoza,Vega,UNAM,P,Mexicana,Dir 270
12502,Veronica,Maldonado,Chavez,UAEM,P,Mexicana,Dir 666
12503,Margarita,Garza,Rodriguez,ITZ,E,Mexicana,Dir 870
12504,Ruben,Morales,Ruiz,ITZ,P,Mexicana,Dir 483
12505,Ruben,Aguilar,Martinez,UNAM,P,Mexicana,Dir 5
12506,Teresa,Gutierrez,Sosa,UAEM,P,Mexicana,Dir 626
12507,Adriana,Silva,Molina,UPMOR,P,Mexicana,Dir 310
12508,Carolina,Garza,Rojas,UNAM,E,Mexicana,Dir 652
12509,Leticia,Escobar,Medina,UPMOR,P,Mexicana,Dir 72
12510,Paola,Morales,Maldonado,ITZ,P,Mexicana,Dir 565
12511,Silvia,Soto,Bautista,UPMOR,E,Mexicana,Dir 185
12512,Natalia,Rios,Mendoza,UPMOR,P,Mexicana,Dir 821
12513,Eduardo,Maldonado,Espinoza,ITZ,E,Mexicana,Dir 660
12514,Patricia,Escobar,Ruiz,UNAM,E,Mexicana,Dir 405
12515,Victor,Morales,Ruiz,UNAM,E,Mexicana,Dir 426
12516,Rosa,Castro,Medina,ITZ,E,Mexicana,Dir 266
12517,Patricia,Gonzalez,Mendoza,IPN,P,Mexicana,Dir 649
12518,Francisco,Gomez,Paredes,UNAM,E,Mexicana,Dir 340
12519,Martha,Gomez,Cortes,UAEM,E,Mexicana,Dir 482
12520,Jose,Cervantes,Lara,UPMOR,P,Mexicana,Dir 546
12521,Elena,Escobar,Reyes,UNAM,P,Mexicana,Dir 971
12522,Teresa,Castro,Aguilar,UAEM,P,Mexicana,Dir 481
12523,Javier,Rios,Delgado,UAEM,P,Mexicana,Dir 115
12524,Veronica,Vega,Maldonado,UNAM,P,Mexicana,Dir 343
12525,Beatriz,Vargas,Salazar,IPN,E,Mexicana,Dir 671
12526,Maria,Campos,Espinoza,UTEZ,E,Mexicana,Dir 50
12527,Fernando,Munoz,Herrera,UNAM,E,Mexicana,Dir 29
12528,Jorge,Silva,Campos,UTEZ,E,Mexicana,Dir 535
12529,Margarita,Lara,Lopez,UNAM,E,Mexicana,Dir 333
12530,Rafael,Cortes,Munoz,UAEM,E,Mexicana,Dir 853
12531,Lucia,Gutierrez,Mejia,UPMOR,P,Mexicana,Dir 685
12532,Arturo,Morales,Gonzalez,UNAM,E,Mexicana,Dir 720
12533,Antonio,Dominguez,Silva,UTEZ,P,Mexicana,Dir 430
12534,Laura,Munoz,Mejia,IPN,P,Mexicana,Dir 303
12535,Lucia,Rios,Rojas,UNAM,P,Mexicana,Dir 40
12536,Manuel,Gutierrez,Herrera,UAEM,E,Mexicana,Dir 921
12537,Monica,Morales,Lopez,UPMOR,E,Mexicana,Dir 516
12538,Gabriela,Velazquez,Escobar,UAEM,E,Mexicana,Dir 931
12539,Ruben,Medina,Cervantes,UAEM,P,Mexicana,Dir 85
12540,Carolina,Herrera,Silva,IPN,E,Mexicana,Dir 105
12541,Daniela,Molina,Lara,UAEM,P,Mexicana,Dir 202
12542,Gabriela,Mendoza,Garcia,UTEZ,E,Mexicana,Dir 541
12543,Leticia,Ramirez,Romero,UPMOR,E,Mexicana,Dir 293
12544,Gerardo,Molina,Molina,IPN,E,Mexicana,Dir 944
12545,Miguel,Garza,Hernandez,UNAM,E,Mexicana,Dir 569
12546,Luis,Sosa,Sanchez,UAEM,P,Mexicana,Dir 804
12547,Ana,Lopez,Vega,ITZ,E,Mexicana,Dir 285
12548,Beatriz,Silva,Ortiz,UTEZ,E,Mexicana,Dir 792
12549,Miguel,Morales,Rojas,UNAM,E,Mexicana,Dir 898
12550,Margarita,Navarro,Gonzalez,UTEZ,E,Mexicana,Dir 402
12551,Patricia,Reyes,Velazquez,UPMOR,E,Mexicana,Dir 644
12552,Javier,Gonzalez,Cordova,IPN,E,Mexicana,Dir 965
12553,Victor,Perez,Gomez,UAEM,E,Mexicana,Dir 781
12554,Victor,Navarro,Ortiz,IPN,E,Mexicana,Dir 666
12555,Fernando,Cortes,Morales,UNAM,E,Mexicana,Dir 31
12556,Roberto,Romero,Navarro,IPN,E,Mexicana,Dir 706
12557,Rumualdo,Herrera,Cordova,UTEZ,P,Mexicana,Dir 243
12558,Maria,Velazquez,Sosa,UTEZ,E,Mexicana,Dir 488
12559,Laura,Garza,Sosa,UPMOR,E,Mexicana,Dir 233
12560,Rosa,Morales,Ramos,IPN,E,Mexicana,Dir 51
12561,Hector,Hernandez,Gomez,ITZ,E,Mexicana,Dir 323
12562,Ruben,Avila,Rojas,IPN,E,Mexicana,Dir 700
12563,Hector,Gomez,Molina,UAEM,P,Mexicana,Dir 172
12564,Pedro,Lara,Cabrera,UNAM,E,Mexicana,Dir 91
12565,Maria,Morales,Flores,UNAM,P,Mexicana,Dir 525
12566,Martha,Vargas,Castillo,ITZ,E,Mexicana,Dir 144
12567,Ricardo,Hernandez,Chavez,ITZ,P,Mexicana,Dir 790
12568,Jose,Espinoza,Garza,UAEM,E,Mexicana,Dir 779
12569,Silvia,Espinoza,Sosa,ITZ,P,Mexicana,Dir 226
12570,Monica,Salazar,Rios,UNAM,E,Mexicana,Dir 430
12571,Fernando,Cruz,Salazar,IPN,P,Mexicana,Dir 100
12572,Ricardo,Reyes,Rojas,UTEZ,P,Mexicana,Dir 379
12573,Sofia,Rodriguez,Gutierrez,UAEM,E,Mexicana,Dir 455
12574,Julio,Lopez,Maldonado,UTEZ,E,Mexicana,Dir 60
12575,Susana,Flores,Paredes,UPMOR,E,Mexicana,Dir 453
12576,Jesus,Romero,Lopez,UNAM,E,Mexicana,Dir 218
12577,Teresa,Castro,Chavez,IPN,P,Mexicana,Dir 598
12578,Rafael,Rios,Mejia,UPMOR,P,Mexicana,Dir 19
12579,Javier,Aguilar,Sosa,ITZ,P,Mexicana,Dir 195
12580,Margarita,Cordova,Silva,UNAM,P,Mexicana,Dir 329
12581,Pedro,Guzman,Campos,UTEZ,E,Mexicana,Dir 211
12582,Eduardo,Soto,Soto,ITZ,E,Mexicana,Dir 566
12583,Gerardo,Aguilar,Mendoza,IPN,E,Mexicana,Dir 238
12584,Gabriela,Ruiz,Rojas,UPMOR,E,Mexicana,Dir 315
12585,Rosa,Mendez,Ramos,UNAM,P,Mexicana,Dir 909
12586,Javier,Silva,Cordova,UTEZ,E,Mexicana,Dir 996
12587,Francisco,Ramos,Dominguez,ITZ,P,Mexicana,Dir 53
12588,Pedro,Lara,Lopez,UAEM,E,Mexicana,Dir 653
12589,Francisco,Chavez,Cervantes,UTEZ,P,Mexicana,Dir 551
12590,Rosa,Reyes,Cruz,ITZ,P,Mexicana,Dir 281
12591,Hugo,Cortes,Escobar,UAEM,E,Mexicana,Dir 519
12592,Sofia,Guzman,Medina,ITZ,P,Mexicana,Dir 102
12593,Pedro,Munoz,Lara,UNAM,E,Mexicana,Dir 388
12594,Ruben,Morales,Garza,UTEZ,P,Mexicana,Dir 632
12595,Alejandro,Paredes,Silva,UPMOR,P,Mexicana,Dir 425
12596,Julio,Molina,Morales,UTEZ,P,Mexicana,Dir 6
12597,Valeria,Rodriguez,Velazquez,ITZ,E,Mexicana,Dir 758
12598,Pedro,Rios,Navarro,UPMOR,E,Mexicana,Dir 537
12599,Lucia,Delgado,Castro,UPMOR,E,Mexicana,Dir 671
12600,Andrea,Silva,Valencia,ITZ,P,Mexicana,Dir 225
12601,Oscar,Mejia,Delgado,IPN,P,Mexicana,Dir 828
12602,Victor,Gonzalez,Guzman,UNAM,P,Mexicana,Dir 297
12603,Julio,Cervantes,Velazquez,UNAM,P,Mexicana,Dir 179
12604,Luis,Martinez,Chavez,UNAM,E,Mexicana,Dir 384
12605,Maria,Gonzalez,Navarro,UTEZ,P,Mexicana,Dir 535
12606,Diana,Cortes,Silva,ITZ,E,Mexicana,Dir 43
12607,Patricia,Sanchez,Lara,ITZ,P,Mexicana,Dir 301
12608,Eduardo,Valencia,Vega,UAEM,E,Mexicana,Dir 307
12609,Fernando,Mendoza,Velazquez,UAEM,E,Mexicana,Dir 947
12610,Lorena,Flores,Campos,UAEM,P,Mexicana,Dir 990
12611,Lorena,Escobar,Mendez,ITZ,E,Mexicana,Dir 692
12612,Gerardo,Aguilar,Romero,UTEZ,P,Mexicana,Dir 867
12613,Daniela,Lara,Castro,UPMOR,P,Mexicana,Dir 509
12614,Martin,Valencia,Escobar,UTEZ,P,Mexicana,Dir 862
12615,Lorena,Perez,Avila,UTEZ,E,Mexicana,Dir 785
12616,Francisco,Ruiz,Silva,ITZ,P,Mexicana,Dir 587
12617,Diana,Rojas,Castro,UAEM,E,Mexicana,Dir 629
12618,Eduardo,Rios,Ortiz,UNAM,P,Mexicana,Dir 768
12619,Pedro,Espinoza,Hernandez,UPMOR,E,Mexicana,Dir 376
12620,Alejandro,Escobar,Avila,UTEZ,E,Mexicana,Dir 641
12621,Manuel,Rodriguez,Cervantes,ITZ,E,Mexicana,Dir 802
12622,Esteban,Avila,Campos,UAEM,P,Mexicana,Dir 936
12623,Carolina,Mejia,Mejia,UPMOR,P,Mexicana,Dir 331
12624,Manuel,Castillo,Rojas,UNAM,P,Mexicana,Dir 116
12625,Miguel,Vega,Guzman,IPN,P,Mexicana,Dir 98
12626,Silvia,Cabrera,Munoz,ITZ,P,Mexicana,Dir 999
12627,Rumualdo,Gomez,Medina,ITZ,E,Mexicana,Dir 791
12628,Raul,Morales,Velazquez,UPMOR,P,Mexicana,Dir 85
12629,Adriana,Ruiz,Vargas,UTEZ,E,Mexicana,Dir 648
12630,Monica,Reyes,Campos,UAEM,E,Mexicana,Dir 57
12631,Ana,Mendoza,Rojas,UPMOR,E,Mexicana,Dir 579
12632,Jose,Velazquez,Rodriguez,UNAM,P,Mexicana,Dir 674
12633,Rosa,Ortiz,Munoz,UNAM,E,Mexicana,Dir 707
12634,Laura,Espinoza,Sosa,UTEZ,P,Mexicana,Dir 57
12635,Luis,Romero,Maldonado,UAEM,P,Mexicana,Dir 740
12636,Miguel,Garza,Maldonado,UPMOR,E,Mexicana,Dir 718
12637,Rosa,Martinez,Cervantes,UPMOR,P,Mexicana,Dir 624
12638,Francisco,Guzman,Salazar,UAEM,P,Mexicana,Dir 648
12639,Oscar,Maldonado,Flores,ITZ,P,Mexicana,Dir 563
12640,Lucia,Valencia,Mendez,UAEM,P,Mexicana,Dir 395
12641,Eduardo,Bautista,Ruiz,UAEM,P,Mexicana,Dir 32
12642,Susana,Reyes,Mendoza,IPN,E,Mexicana,Dir 80
12643,Teresa,Mendez,Ramirez,ITZ,E,Mexicana,Dir 592
12644,Martha,Escobar,Cortes,ITZ,E,Mexicana,Dir 919
12645,Paola,Sosa,Campos,ITZ,P,Mexicana,Dir 36
12646,Martin,Perez,Flores,UNAM,P,Mexicana,Dir 212
12647,Eduardo,Velazquez,Vega,UTEZ,P,Mexicana,Dir 78
12648,Miguel,Delgado,Escobar,UAEM,P,Mexicana,Dir 392
12649,Ricardo,Chavez,Delgado,UNAM,E,Mexicana,Dir 875
12650,Oscar,Vargas,Munoz,UNAM,E,Mexicana,Dir 97
12651,Lucia,Reyes,Mendez,UNAM,P,Mexicana,Dir 623
12652,Roberto,Romero,Mendez,IPN,E,Mexicana,Dir 486
12653,Julio,Soto,Salazar,UAEM,E,Mexicana,Dir 405
12654,Gael,Lara,Perez,UPMOR,P,Mexicana,Dir 263
12655,Victor,Dominguez,Lara,UPMOR,P,Mexicana,Dir 838
12656,Ana,Valencia,Lara,ITZ,E,Mexicana,Dir 837
12657,Claudia,Castro,Maldonado,UPMOR,P,Mexicana,Dir 668
12658,Sofia,Aguilar,Hernandez,UNAM,E,Mexicana,Dir 878
12659,Diego,Medina,Campos,UAEM,E,Mexicana,Dir 918
12660,Fernando,Morales,Ramirez,UTEZ,E,Mexicana,Dir 813
12661,Susana,Romero,Flores,IPN,P,Mexicana,Dir 900
12662,Maria,Molina,Espinoza,UAEM,P,Mexicana,Dir 352
12663,Miguel,Maldonado,Martinez,ITZ,E,Mexicana,Dir 345
12664,Laura,Diaz,Perez,UTEZ,P,Mexicana,Dir 878
12665,Miguel,Martinez,Paredes,IPN,P,Mexicana,Dir 864
12666,Claudia,Bautista,Ortiz,UPMOR,E,Mexicana,Dir 515
12667,Javier,Reyes,Rios,UPMOR,E,Mexicana,Dir 275
12668,Carolina,Avila,Guzman,ITZ,P,Mexicana,Dir 791
12669,Martin,Romero,Cortes,UPMOR,E,Mexicana,Dir 511
12670,Ana,Martinez,Vargas,UNAM,P,Mexicana,Dir 845
12671,Ruben,Espinoza,Aguilar,UTEZ,E,Mexicana,Dir 844
12672,Victor,Vargas,Chavez,UAEM,E,Mexicana,Dir 374
12673,Lorena,Avila,Rojas,ITZ,E,Mexicana,Dir 164
12674,Jorge,Morales,Morales,IPN,P,Mexicana,Dir 466
12675,Diana,Ramirez,Garcia,UPMOR,E,Mexicana,Dir 853
12676,Valeria,Rojas,Cabrera,UAEM,P,Mexicana,Dir 753
12677,Carolina,Mendez,Mejia,UTEZ,P,Mexicana,Dir 772
12678,Adriana,Aguilar,Munoz,UTEZ,E,Mexicana,Dir 68
12679,Maria,Gutierrez,Cervantes,ITZ,E,Mexicana,Dir 466
12680,Laura,Munoz,Cordova,UNAM,P,Mexicana,Dir 826
12681,Javier,Avila,Soto,UPMOR,E,Mexicana,Dir 718
12682,Jesus,Castro,Cortes,UTEZ,E,Mexicana,Dir 148
12683,Maria,Ramirez,Chavez,UAEM,P,Mexicana,Dir 811
12684,Andrea,Paredes,Diaz,IPN,E,Mexicana,Dir 100
12685,Fernando,Campos,Chavez,ITZ,P,Mexicana,Dir 489
12686,Paola,Sosa,Castillo,UPMOR,E,Mexicana,Dir 754
12687,Lorena,Castro,Cabrera,UTEZ,E,Mexicana,Dir 92
12688,Antonio,Mendoza,Cruz,UNAM,E,Mexicana,Dir 679
12689,Patricia,Ramirez,Guzman,UNAM,E,Mexicana,Dir 340
12690,Gael,Cordova,Campos,UPMOR,E,Mexicana,Dir 377
12691,Ricardo,Velazquez,Diaz,UTEZ,P,Mexicana,Dir 782
12692,Leticia,Sosa,Gonzalez,UNAM,P,Mexicana,Dir 517
12693,Raul,Maldonado,Munoz,UAEM,E,Mexicana,Dir 766
12694,Rosa,Gomez,Ramos,UPMOR,P,Mexicana,Dir 886
12695,Hector,Ramirez,Vega,IPN,P,Mexicana,Dir 15
12696,Alejandro,Vargas,Ramos,UAEM,P,Mexicana,Dir 844
12697,Diego,Espinoza,Valencia,UAEM,E,Mexicana,Dir 336
12698,Valeria,Castillo,Hernandez,UNAM,P,Mexicana,Dir 658
12699,Maria,Medina,Ortiz,UAEM,P,Mexicana,Dir 784
12700,Valeria,Chavez,Reyes,UPMOR,E,Mexicana,Dir 610
12701,Ruben,Bautista,Gomez,UTEZ,P,Mexicana,Dir 451
12702,Alejandro,Cervantes,Guzman,UPMOR,P,Mexicana,Dir 598
12703,Beatriz,Rojas,Campos,UTEZ,P,Mexicana,Dir 755
12704,Fernando,Molina,Vargas,UNAM,E,Mexicana,Dir 83
12705,Claudia,Guzman,Sosa,IPN,P,Mexicana,Dir 304
12706,Manuel,Rodriguez,Molina,IPN,P,Mexicana,Dir 863
12707,Ana,Navarro,Silva,ITZ,E,Mexicana,Dir 536
12708,Miguel,Bautista,Bautista,UNAM,E,Mexicana,Dir 374
12709,Luis,Salazar,Gonzalez,UTEZ,P,Mexicana,Dir 575
12710,Rafael,Escobar,Delgado,IPN,P,Mexicana,Dir 538
12711,Hugo,Campos,Escobar,UTEZ,E,Mexicana,Dir 734
12712,Elena,Castillo,Rios,IPN,E,Mexicana,Dir 529
12713,Ana,Morales,Molina,UNAM,P,Mexicana,Dir 380
12714,Victor,Cordova,Castro,UAEM,P,Mexicana,Dir 381
12715,Roberto,Delgado,Gonzalez,UPMOR,P,Mexicana,Dir 381
12716,Hector,Flores,Rodriguez,UPMOR,E,Mexicana,Dir 333
12717,Hector,Cruz,Garza,ITZ,P,Mexicana,Dir 861
12718,Susana,Paredes,Salazar,IPN,P,Mexicana,Dir 618
12719,Roberto,Campos,Garza,UAEM,E,Mexicana,Dir 909
12720,Adriana,Ortiz,Lopez,ITZ,E,Mexicana,Dir 1
12721,Teresa,Gutierrez,Castro,UTEZ,P,Mexicana,Dir 911
12722,Ana,Rojas,Mendoza,IPN,P,Mexicana,Dir 294
12723,Carlos,Lopez,Aguilar,UAEM,E,Mexicana,Dir 710
12724,Roberto,Rios,Romero,UPMOR,P,Mexicana,Dir 760
12725,Carmen,Soto,Ramirez,ITZ,E,Mexicana,Dir 745
12726,Jorge,Castillo,Cordova,UNAM,E,Mexicana,Dir 126
12727,Julio,Dominguez,Navarro,UAEM,P,Mexicana,Dir 821
12728,Valeria,Hernandez,Maldonado,UNAM,E,Mexicana,Dir 971
12729,Ana,Diaz,Sanchez,UNAM,E,Mexicana,Dir 731
12730,Elena,Ortiz,Garza,IPN,P,Mexicana,Dir 188
12731,Javier,Sanchez,Cruz,UNAM,P,Mexicana,Dir 995
12732,Carolina,Ruiz,Velazquez,UTEZ,P,Mexicana,Dir 331
12733,Victor,Ramirez,Sanchez,UTEZ,P,Mexicana,Dir 914
12734,Valeria,Cruz,Vargas,UTEZ,P,Mexicana,Dir 710
12735,Carmen,Ruiz,Ramirez,UPMOR,E,Mexicana,Dir 254
12736,Oscar,Bautista,Campos,IPN,P,Mexicana,Dir 814
12737,Gerardo,Valencia,Ramirez,IPN,P,Mexicana,Dir 954
12738,Daniela,Espinoza,Lopez,ITZ,P,Mexicana,Dir 120
12739,Martha,Mendez,Ramirez,ITZ,E,Mexicana,Dir 238
12740,Luis,Vargas,Ramos,UPMOR,E,Mexicana,Dir 344
12741,Silvia,Espinoza,Castillo,UPMOR,E,Mexicana,Dir 79
12742,Hugo,Castro,Cervantes,IPN,E,Mexicana,Dir 960
12743,Hector,Sanchez,Reyes,UNAM,P,Mexicana,Dir 627
12744,Sofia,Gomez,Mendez,IPN,E,Mexicana,Dir 572
12745,Beatriz,Rios,Cortes,IPN,E,Mexicana,Dir 554
12746,Alejandro,Diaz,Valencia,ITZ,P,Mexicana,Dir 921
12747,Arturo,Guzman,Rojas,UPMOR,P,Mexicana,Dir 231
12748,Claudia,Mejia,Vargas,ITZ,P,Mexicana,Dir 710
12749,Elena,Guzman,Gutierrez,UNAM,P,Mexicana,Dir 751
12750,Carmen,Guzman,Ramos,UPMOR,P,Mexicana,Dir 668
12751,Esteban,Valencia,Salazar,UNAM,E,Mexicana,Dir 154
12752,Laura,Mejia,Flores,UNAM,P,Mexicana,Dir 349
12753,Diego,Dominguez,Cordova,UTEZ,E,Mexicana,Dir 207
12754,Teresa,Bautista,Chavez,IPN,P,Mexicana,Dir 312
12755,Hugo,Aguilar,Perez,ITZ,E,Mexicana,Dir 634
12756,Leticia,Cervantes,Mendoza,IPN,P,Mexicana,Dir 649
12757,Claudia,Campos,Lara,UAEM,P,Mexicana,Dir 390
12758,Andrea,Herrera,Morales,UAEM,E,Mexicana,Dir 189
12759,Raul,Bautista,Sanchez,IPN,P,Mexicana,Dir 954
12760,Ruben,Valencia,Gutierrez,UPMOR,P,Mexicana,Dir 397
12761,Maria,Espinoza,Soto,UTEZ,P,Mexicana,Dir 169
12762,Alejandro,Silva,Martinez,UAEM,E,Mexicana,Dir 443
12763,Jesus,Vega,Maldonado,ITZ,E,Mexicana,Dir 407
12764,Silvia,Espinoza,Valencia,UPMOR,P,Mexicana,Dir 874
12765,Ruben,Molina,Avila,UPMOR,P,Mexicana,Dir 94
12766,Manuel,Ortiz,Bautista,UAEM,E,Mexicana,Dir 182
12767,Rumualdo,Flores,Silva,UAEM,P,Mexicana,Dir 463
12768,Gabriela,Cruz,Escobar,UTEZ,P,Mexicana,Dir 631
12769,Alejandro,Paredes,Ramirez,UNAM,P,Mexicana,Dir 778
12770,Margarita,Mendez,Chavez,IPN,E,Mexicana,Dir 689
12771,Teresa,Gutierrez,Castro,UPMOR,P,Mexicana,Dir 973
12772,Eduardo,Vega,Sosa,IPN,E,Mexicana,Dir 306
12773,Esteban,Velazquez,Munoz,UTEZ,P,Mexicana,Dir 692
12774,Elena,Lopez,Lopez,UTEZ,E,Mexicana,Dir 396
12775,Ana,Mejia,Cervantes,UPMOR,E,Mexicana,Dir 846
12776,Roberto,Delgado,Cruz,UNAM,E,Mexicana,Dir 417
12777,Paola,Cruz,Ramos,UTEZ,P,Mexicana,Dir 69
12778,Rafael,Sanchez,Diaz,UNAM,E,Mexicana,Dir 942
12779,Valeria,Ortiz,Garcia,UAEM,P,Mexicana,Dir 368
12780,Daniela,Espinoza,Cortes,UAEM,P,Mexicana,Dir 214
12781,Arturo,Ortiz,Dominguez,ITZ,E,Mexicana,Dir 402
12782,Oscar,Ortiz,Perez,UPMOR,E,Mexicana,Dir 986
12783,Oscar,Herrera,Velazquez,IPN,P,Mexicana,Dir 917
12784,Martha,Bautista,Gomez,UNAM,E,Mexicana,Dir 17
12785,Jose,Delgado,Diaz,IPN,P,Mexicana,Dir 217
12786,Daniela,Rojas,Ruiz,IPN,E,Mexicana,Dir 173
12787,Carolina,Bautista,Ruiz,UNAM,P,Mexicana,Dir 95
12788,Gerardo,Soto,Soto,UTEZ,P,Mexicana,Dir 349
12789,Fernando,Ortiz,Morales,UNAM,E,Mexicana,Dir 80
12790,Elena,Espinoza,Rios,IPN,P,Mexicana,Dir 107
12791,Rumualdo,Castillo,Escobar,UPMOR,E,Mexicana,Dir 16
12792,Sofia,Castro,Campos,UPMOR,P,Mexicana,Dir 658
12793,Margarita,Espinoza,Ruiz,IPN,E,Mexicana,Dir 302
12794,Susana,Mendez,Romero,UNAM,E,Mexicana,Dir 469
12795,Ruben,Bautista,Chavez,UTEZ,P,Mexicana,Dir 728
12796,Roberto,Escobar,Garcia,UTEZ,P,Mexicana,Dir 732
12797,Jorge,Reyes,Mendez,UTEZ,E,Mexicana,Dir 514
12798,Oscar,Garza,Rodriguez,ITZ,P,Mexicana,Dir 44
12799,Valeria,Cervantes,Chavez,ITZ,P,Mexicana,Dir 886
12800,Sofia,Martinez,Munoz,UAEM,P,Mexicana,Dir 246
12801,Lorena,Reyes,Cortes,UPMOR,E,Mexicana,Dir 70
12802,Martha,Perez,Gutierrez,ITZ,E,Mexicana,Dir 863
12803,Luis,Ramirez,Sosa,UAEM,E,Mexicana,Dir 900
12804,Silvia,Ortiz,Sanchez,UNAM,P,Mexicana,Dir 938
12805,Claudia,Molina,Cortes,UNAM,E,Mexicana,Dir 505
12806,Hector,Gutierrez,Ruiz,UTEZ,P,Mexicana,Dir 829
12807,Martin,Cruz,Soto,UAEM,P,Mexicana,Dir 355
12808,Lucia,Chavez,Mendoza,ITZ,E,Mexicana,Dir 143
12809,Hector,Lopez,Gutierrez,ITZ,E,Mexicana,Dir 383
12810,Antonio,Molina,Silva,UTEZ,P,Mexicana,Dir 939
12811,Sofia,Sanchez,Mendez,UPMOR,P,Mexicana,Dir 422
12812,Ana,Reyes,Cortes,UTEZ,E,Mexicana,Dir 165
12813,Victor,Gonzalez,Hernandez,UPMOR,E,Mexicana,Dir 723
12814,Ana,Guzman,Guzman,UPMOR,P,Mexicana,Dir 46
12815,Carlos,Sosa,Vargas,ITZ,E,Mexicana,Dir 654
12816,Patricia,Ramirez,Gonzalez,ITZ,P,Mexicana,Dir 918
12817,Luis,Navarro,Cruz,ITZ,P,Mexicana,Dir 422
12818,Pedro,Gonzalez,Delgado,UPMOR,P,Mexicana,Dir 686
12819,Ana,Sanchez,Herrera,ITZ,P,Mexicana,Dir 36
12820,Claudia,Mejia,Flores,UAEM,P,Mexicana,Dir 902
12821,Lucia,Rodriguez,Diaz,IPN,E,Mexicana,Dir 371
12822,Ricardo,Munoz,Cruz,UTEZ,P,Mexicana,Dir 473
12823,Carolina,Romero,Campos,UAEM,E,Mexicana,Dir 741
12824,Diana,Escobar,Silva,UPMOR,E,Mexicana,Dir 767
12825,Leticia,Morales,Rojas,ITZ,E,Mexicana,Dir 747
12826,Ruben,Mendoza,Paredes,ITZ,E,Mexicana,Dir 410
12827,Lorena,Avila,Garcia,UTEZ,P,Mexicana,Dir 397
12828,Arturo,Rodriguez,Lara,IPN,E,Mexicana,Dir 259
12829,Leticia,Paredes,Martinez,UTEZ,P,Mexicana,Dir 865
12830,Manuel,Morales,Garcia,UPMOR,P,Mexicana,Dir 544
12831,Julio,Garcia,Silva,UTEZ,E,Mexicana,Dir 693
12832,Rosa,Velazquez,Gutierrez,IPN,E,Mexicana,Dir 632
12833,Martha,Herrera,Ramirez,UTEZ,E,Mexicana,Dir 219
12834,Elena,Cordova,Munoz,UTEZ,P,Mexicana,Dir 675
12835,Veronica,Garcia,Cabrera,ITZ,E,Mexicana,Dir 575
12836,Eduardo,Cabrera,Cervantes,UTEZ,E,Mexicana,Dir 146
12837,Carlos,Medina,Vega,ITZ,E,Mexicana,Dir 896
12838,Diego,Hernandez,Reyes,UAEM,E,Mexicana,Dir 660
12839,Paola,Guzman,Mendez,UAEM,E,Mexicana,Dir 219
12840,Javier,Velazquez,Escobar,ITZ,E,Mexicana,Dir 839
12841,Carolina,Guzman,Paredes,UPMOR,P,Mexicana,Dir 695
12842,Roberto,Gomez,Campos,ITZ,P,Mexicana,Dir 700
12843,Roberto,Valencia,Paredes,UAEM,P,Mexicana,Dir 650
12844,Carolina,Vargas,Ramos,IPN,E,Mexicana,Dir 746
12845,Martha,Salazar,Rojas,UNAM,P,Mexicana,Dir 663
12846,Raul,Morales,Flores,IPN,P,Mexicana,Dir 176
12847,Martha,Maldonado,Bautista,ITZ,P,Mexicana,Dir 246
12848,Martha,Munoz,Maldonado,ITZ,P,Mexicana,Dir 776
12849,Roberto,Ortiz,Salazar,ITZ,P,Mexicana,Dir 701
12850,Francisco,Ramirez,Lara,UTEZ,P,Mexicana,Dir 219
12851,Veronica,Gonzalez,Gutierrez,UAEM,E,Mexicana,Dir 347
12852,Silvia,Reyes,Chavez,UPMOR,P,Mexicana,Dir 615
12853,Silvia,Velazquez,Campos,UNAM,P,Mexicana,Dir 701
12854,Victor,Paredes,Vargas,ITZ,E,Mexicana,Dir 287
12855,Sofia,Sanchez,Paredes,UAEM,E,Mexicana,Dir 132
12856,Monica,Silva,Maldonado,UTEZ,P,Mexicana,Dir 374
12857,Miguel,Cervantes,Morales,ITZ,E,Mexicana,Dir 692
12858,Valeria,Sosa,Perez,UTEZ,P,Mexicana,Dir 72
12859,Natalia,Silva,Escobar,IPN,P,Mexicana,Dir 701
12860,Rafael,Cordova,Lopez,UPMOR,E,Mexicana,Dir 295
12861,Ricardo,Gonzalez,Avila,ITZ,P,Mexicana,Dir 685
12862,Martha,Garza,Vega,ITZ,P,Mexicana,Dir 133
12863,Diana,Munoz,Gomez,UNAM,E,Mexicana,Dir 148
12864,Susana,Ramos,Garza,UNAM,P,Mexicana,Dir 453
12865,Luis,Vega,Navarro,UNAM,E,Mexicana,Dir 156
12866,Javier,Herrera,Paredes,ITZ,E,Mexicana,Dir 924
12867,Beatriz,Vega,Cabrera,UAEM,E,Mexicana,Dir 223
12868,Ricardo,Cruz,Ramos,UPMOR,E,Mexicana,Dir 131
12869,Martin,Garza,Valencia,UAEM,P,Mexicana,Dir 264
12870,Ruben,Hernandez,Flores,UPMOR,P,Mexicana,Dir 95
12871,Carlos,Rios,Navarro,IPN,E,Mexicana,Dir 272
12872,Rafael,Gutierrez,Soto,IPN,E,Mexicana,Dir 219
12873,Ana,Espinoza,Valencia,UNAM,E,Mexicana,Dir 320
12874,Veronica,Bautista,Bautista,IPN,P,Mexicana,Dir 689
12875,Veronica,Vega,Lopez,UPMOR,P,Mexicana,Dir 983
12876,Gerardo,Lara,Munoz,UNAM,P,Mexicana,Dir 680
12877,Javier,Garcia,Gonzalez,UTEZ,P,Mexicana,Dir 268
12878,Monica,Munoz,Maldonado,UTEZ,E,Mexicana,Dir 910
12879,Sofia,Sanchez,Velazquez,IPN,E,Mexicana,Dir 147
12880,Carmen,Ortiz,Aguilar,UPMOR,E,Mexicana,Dir 447
12881,Raul,Mendez,Gonzalez,UTEZ,E,Mexicana,Dir 24
12882,Jose,Romero,Lopez,UTEZ,E,Mexicana,Dir 871
12883,Elena,Valencia,Chavez,UTEZ,P,Mexicana,Dir 943
12884,Roberto,Garza,Cervantes,UAEM,P,Mexicana,Dir 180
12885,Elena,Avila,Rios,UNAM,P,Mexicana,Dir 308
12886,Laura,Ramos,Hernandez,UNAM,E,Mexicana,Dir 384
12887,Rafael,Soto,Garcia,IPN,P,Mexicana,Dir 12
12888,Arturo,Garza,Sanchez,UPMOR,P,Mexicana,Dir 160
12889,Ricardo,Bautista,Bautista,ITZ,P,Mexicana,Dir 892
12890,Jose,Perez,Sosa,UAEM,E,Mexicana,Dir 472
12891,Carmen,Rios,Guzman,ITZ,P,Mexicana,Dir 270
12892,Maria,Espinoza,Mendez,UNAM,P,Mexicana,Dir 584
12893,Victor,Herrera,Mendez,UTEZ,P,Mexicana,Dir 101
12894,Luis,Castro,Herrera,UAEM,P,Mexicana,Dir 487
12895,Andrea,Gonzalez,Escobar,UTEZ,E,Mexicana,Dir 672
12896,Martin,Espinoza,Martinez,UPMOR,P,Mexicana,Dir 691
12897,Esteban,Maldonado,Rios,UAEM,E,Mexicana,Dir 878
12898,Margarita,Castillo,Garcia,UAEM,E,Mexicana,Dir 940
12899,Fernando,Ramos,Romero,UNAM,E,Mexicana,Dir 331
12900,Fernando,Chavez,Ramirez,UAEM,E,Mexicana,Dir 293
12901,Elena,Herrera,Cortes,ITZ,P,Mexicana,Dir 704
12902,Luis,Maldonado,Maldonado,IPN,E,Mexicana,Dir 664
12903,Miguel,Espinoza,Bautista,UPMOR,E,Mexicana,Dir 234
12904,Andrea,Molina,Paredes,UNAM,E,Mexicana,Dir 409
12905,Eduardo,Navarro,Campos,UTEZ,E,Mexicana,Dir 806
12906,Jose,Castillo,Molina,UAEM,P,Mexicana,Dir 265
12907,Roberto,Sanchez,Delgado,UPMOR,P,Mexicana,Dir 692
12908,Martin,Martinez,Valencia,ITZ,E,Mexicana,Dir 429
12909,Patricia,Campos,Cordova,ITZ,E,Mexicana,Dir 834
12910,Patricia,Delgado,Munoz,IPN,E,Mexicana,Dir 509
12911,Hector,Paredes,Garcia,ITZ,P,Mexicana,Dir 75
12912,Hector,Cruz,Flores,UPMOR,P,Mexicana,Dir 901
12913,Elena,Lopez,Cervantes,UNAM,P,Mexicana,Dir 920
12914,Miguel,Silva,Sanchez,UNAM,P,Mexicana,Dir 860
12915,Leticia,Castillo,Avila,ITZ,P,Mexicana,Dir 597
12916,Veronica,Delgado,Garcia,UPMOR,E,Mexicana,Dir 228
12917,Antonio,Flores,Cervantes,UAEM,E,Mexicana,Dir 918
12918,Gerardo,Cabrera,Salazar,UNAM,P,Mexicana,Dir 76
12919,Roberto,Maldonado,Paredes,UTEZ,P,Mexicana,Dir 414
12920,Susana,Garcia,Garza,UTEZ,E,Mexicana,Dir 826
12921,Victor,Garza,Valencia,UTEZ,E,Mexicana,Dir 823
12922,Victor,Sosa,Mendoza,IPN,E,Mexicana,Dir 116
12923,Rafael,Ortiz,Hernandez,UTEZ,P,Mexicana,Dir 656
12924,Adriana,Delgado,Molina,IPN,E,Mexicana,Dir 34
12925,Eduardo,Cortes,Gutierrez,UNAM,E,Mexicana,Dir 172
12926,Carolina,Mejia,Maldonado,UAEM,E,Mexicana,Dir 48
12927,Silvia,Cervantes,Vargas,UTEZ,E,Mexicana,Dir 4
12928,Jose,Gutierrez,Reyes,ITZ,E,Mexicana,Dir 454
12929,Javier,Cervantes,Ramirez,ITZ,P,Mexicana,Dir 754
12930,Alejandro,Hernandez,Garcia,UAEM,P,Mexicana,Dir 975
12931,Teresa,Navarro,Escobar,UNAM,E,Mexicana,Dir 607
12932,Elena,Ramos,Vargas,UPMOR,E,Mexicana,Dir 573
12933,Carlos,Romero,Cortes,UPMOR,E,Mexicana,Dir 600
12934,Luis,Rios,Gutierrez,IPN,P,Mexicana,Dir 763
12935,Jesus,Garza,Vega,UNAM,E,Mexicana,Dir 190
12936,Arturo,Rojas,Silva,UPMOR,P,Mexicana,Dir 379
12937,Rumualdo,Salazar,Aguilar,UAEM,E,Mexicana,Dir 258
12938,Francisco,Espinoza,Garcia,UAEM,P,Mexicana,Dir 188
12939,Francisco,Diaz,Molina,IPN,P,Mexicana,Dir 827
12940,Victor,Cortes,Ortiz,UPMOR,P,Mexicana,Dir 940
12941,Manuel,Rojas,Reyes,UPMOR,E,Mexicana,Dir 24
12942,Silvia,Bautista,Valencia,UPMOR,E,Mexicana,Dir 211
12943,Valeria,Diaz,Medina,UTEZ,E,Mexicana,Dir 476
12944,Roberto,Rodriguez,Perez,UNAM,P,Mexicana,Dir 996
12945,Beatriz,Herrera,Mendez,UPMOR,P,Mexicana,Dir 963
12946,Susana,Gonzalez,Cordova,UNAM,E,Mexicana,Dir 357
12947,Manuel,Cervantes,Vega,IPN,P,Mexicana,Dir 244
12948,Lucia,Campos,Martinez,UNAM,E,Mexicana,Dir 318
12949,Eduardo,Ruiz,Navarro,ITZ,E,Mexicana,Dir 38
12950,Oscar,Guzman,Flores,UPMOR,P,Mexicana,Dir 341
12951,Carolina,Vega,Salazar,UTEZ,E,Mexicana,Dir 143
12952,Patricia,Gutierrez,Sanchez,UAEM,P,Mexicana,Dir 810
12953,Rosa,Ruiz,Chavez,ITZ,E,Mexicana,Dir 478
12954,Miguel,Ruiz,Espinoza,UPMOR,P,Mexicana,Dir 4
12955,Rafael,Campos,Soto,UNAM,P,Mexicana,Dir 432
12956,Rafael,Delgado,Dominguez,IPN,P,Mexicana,Dir 930
12957,Hector,Mendez,Silva,UNAM,P,Mexicana,Dir 1000
12958,Adriana,Vargas,Chavez,UPMOR,E,Mexicana,Dir 553
12959,Lorena,Diaz,Gonzalez,IPN,P,Mexicana,Dir 254
12960,Alejandro,Martinez,Escobar,IPN,E,Mexicana,Dir 289
12961,Esteban,Delgado,Espinoza,IPN,P,Mexicana,Dir 784
12962,Hugo,Munoz,Vargas,UAEM,P,Mexicana,Dir 112
12963,Leticia,Mendez,Guzman,UPMOR,P,Mexicana,Dir 949
12964,Raul,Ramos,Cabrera,UNAM,P,Mexicana,Dir 257
12965,Valeria,Escobar,Silva,UAEM,P,Mexicana,Dir 983
12966,Patricia,Mejia,Campos,UPMOR,P,Mexicana,Dir 969
12967,Sofia,Campos,Espinoza,UTEZ,E,Mexicana,Dir 741
12968,Patricia,Silva,Garza,UAEM,E,Mexicana,Dir 588
12969,Andrea,Romero,Garza,UNAM,P,Mexicana,Dir 610
12970,Javier,Garcia,Cordova,UNAM,P,Mexicana,Dir 91
12971,Pedro,Cortes,Ramirez,UTEZ,E,Mexicana,Dir 225
12972,Hugo,Gonzalez,Rojas,UNAM,E,Mexicana,Dir 252
12973,Fernando,Cabrera,Paredes,UNAM,E,Mexicana,Dir 961
12974,Claudia,Velazquez,Gonzalez,UTEZ,E,Mexicana,Dir 388
12975,Rafael,Garcia,Vega,UPMOR,E,Mexicana,Dir 34
12976,Beatriz,Soto,Cruz,ITZ,E,Mexicana,Dir 19
12977,Ricardo,Valencia,Hernandez,IPN,E,Mexicana,Dir 621
12978,Jesus,Rojas,Maldonado,UTEZ,E,Mexicana,Dir 458
12979,Beatriz,Ortiz,Guzman,ITZ,P,Mexicana,Dir 957
12980,Francisco,Cabrera,Castro,UPMOR,P,Mexicana,Dir 960
12981,Lucia,Romero,Lara,UAEM,E,Mexicana,Dir 672
12982,Oscar,Reyes,Martinez,UTEZ,P,Mexicana,Dir 177
12983,Lorena,Garcia,Garcia,UAEM,P,Mexicana,Dir 237
12984,Valeria,Sosa,Castillo,IPN,P,Mexicana,Dir 230
12985,Javier,Gomez,Castillo,UPMOR,P,Mexicana,Dir 913
12986,Miguel,Vargas,Diaz,UNAM,P,Mexicana,Dir 621
12987,Ruben,Rodriguez,Chavez,ITZ,P,Mexicana,Dir 82
12988,Susana,Castro,Castillo,ITZ,P,Mexicana,Dir 620
12989,Daniela,Sosa,Guzman,UTEZ,P,Mexicana,Dir 304
12990,Gerardo,Cortes,Campos,ITZ,P,Mexicana,Dir 708
12991,Raul,Hernandez,Cordova,UPMOR,P,Mexicana,Dir 632
12992,Esteban,Munoz,Garza,ITZ,P,Mexicana,Dir 293
12993,Miguel,Mendez,Cruz,ITZ,P,Mexicana,Dir 16
12994,Carlos,Silva,Ramos,UTEZ,E,Mexicana,Dir 570
12995,Gerardo,Sosa,Sosa,ITZ,E,Mexicana,Dir 162
12996,Valeria,Lara,Delgado,IPN,E,Mexicana,Dir 843
12997,Antonio,Ramos,Garza,IPN,E,Mexicana,Dir 689
12998,Gabriela,Vargas,Maldonado,UAEM,P,Mexicana,Dir 524
12999,Maria,Mejia,Navarro,UNAM,P,Mexicana,Dir 33
13000,Esteban,Cortes,Romero,UPMOR,P,Mexicana,Dir 123
13001,Silvia,Avila,Valencia,UTEZ,E,Mexicana,Dir 892
13002,Susana,Paredes,Rios,ITZ,P,Mexicana,Dir 27
13003,Carmen,Escobar,Silva,UAEM,P,Mexicana,Dir 174
13004,Diana,Salazar,Campos,UNAM,E,Mexicana,Dir 107
13005,Hugo,Garza,Ruiz,UTEZ,E,Mexicana,Dir 295
13006,Susana,Ramirez,Herrera,UPMOR,P,Mexicana,Dir 103
13007,Patricia,Sanchez,Sosa,IPN,E,Mexicana,Dir 803
13008,Manuel,Soto,Medina,ITZ,E,Mexicana,Dir 667
13009,Lorena,Bautista,Mejia,UAEM,P,Mexicana,Dir 620
13010,Daniela,Bautista,Soto,UPMOR,E,Mexicana,Dir 354
13011,Hector,Dominguez,Medina,UPMOR,P,Mexicana,Dir 704
13012,Silvia,Munoz,Gomez,ITZ,E,Mexicana,Dir 400
13013,Ana,Cordova,Ramos,ITZ,E,Mexicana,Dir 477
13014,Carlos,Maldonado,Martinez,UAEM,E,Mexicana,Dir 436
13015,Adriana,Molina,Velazquez,UPMOR,P,Mexicana,Dir 256
13016,Miguel,Valencia,Cervantes,ITZ,P,Mexicana,Dir 343
13017,Carmen,Lopez,Soto,UPMOR,P,Mexicana,Dir 45
13018,Roberto,Rojas,Reyes,UNAM,E,Mexicana,Dir 411
13019,Ricardo,Morales,Martinez,UTEZ,E,Mexicana,Dir 638
13020,Daniela,Lara,Maldonado,UPMOR,P,Mexicana,Dir 905
13021,Manuel,Velazquez,Ramos,UNAM,E,Mexicana,Dir 660
13022,Ricardo,Avila,Martinez,IPN,P,Mexicana,Dir 726
13023,Claudia,Valencia,Vargas,IPN,E,Mexicana,Dir 197
13024,Leticia,Delgado,Gutierrez,UTEZ,E,Mexicana,Dir 74
13025,Raul,Romero,Rios,IPN,P,Mexicana,Dir 771
13026,Ruben,Molina,Cruz,UAEM,P,Mexicana,Dir 951
13027,Gabriela,Cordova,Ramirez,UPMOR,E,Mexicana,Dir 188
13028,Javier,Valencia,Rios,ITZ,E,Mexicana,Dir 892
13029,Diana,Hernandez,Escobar,UAEM,P,Mexicana,Dir 471
13030,Beatriz,Medina,Herrera,ITZ,P,Mexicana,Dir 468
13031,Gerardo,Reyes,Ramirez,IPN,P,Mexicana,Dir 916
13032,Luis,Martinez,Castro,UPMOR,P,Mexicana,Dir 791
13033,Jorge,Rios,Mejia,UTEZ,P,Mexicana,Dir 203
13034,Esteban,Dominguez,Silva,UTEZ,P,Mexicana,Dir 111
13035,Miguel,Morales,Hernandez,UAEM,E,Mexicana,Dir 709
13036,Antonio,Cordova,Gonzalez,UNAM,P,Mexicana,Dir 852
13037,Claudia,Martinez,Delgado,UNAM,P,Mexicana,Dir 749
13038,Hugo,Espinoza,Castillo,IPN,P,Mexicana,Dir 954
13039,Beatriz,Medina,Castro,ITZ,P,Mexicana,Dir 494
13040,Teresa,Cruz,Escobar,UPMOR,P,Mexicana,Dir 47
13041,Margarita,Avila,Cruz,ITZ,P,Mexicana,Dir 370
13042,Ruben,Molina,Velazquez,UPMOR,E,Mexicana,Dir 69
13043,Teresa,Vega,Silva,UAEM,P,Mexicana,Dir 868
13044,Natalia,Lara,Guzman,IPN,P,Mexicana,Dir 1000
13045,Jose,Chavez,Diaz,ITZ,E,Mexicana,Dir 945
13046,Rosa,Vega,Rios,UPMOR,P,Mexicana,Dir 915
13047,Laura,Ramirez,Chavez,ITZ,E,Mexicana,Dir 356
13048,Luis,Cabrera,Martinez,UPMOR,P,Mexicana,Dir 514
13049,Martha,Reyes,Sosa,ITZ,P,Mexicana,Dir 82
13050,Natalia,Castillo,Rodriguez,ITZ,P,Mexicana,Dir 363
13051,Jesus,Mendez,Ruiz,UAEM,E,Mexicana,Dir 976
13052,Sofia,Flores,Rojas,UTEZ,E,Mexicana,Dir 955
13053,Maria,Ruiz,Gonzalez,UPMOR,P,Mexicana,Dir 862
13054,Rafael,Bautista,Campos,UAEM,P,Mexicana,Dir 497
13055,Andrea,Diaz,Cruz,ITZ,E,Mexicana,Dir 734
13056,Miguel,Delgado,Velazquez,UPMOR,P,Mexicana,Dir 736
13057,Rumualdo,Sanchez,Mejia,IPN,E,Mexicana,Dir 763
13058,Miguel,Valencia,Rojas,IPN,E,Mexicana,Dir 227
13059,Gael,Cervantes,Ramirez,UTEZ,E,Mexicana,Dir 395
13060,Carmen,Vega,Cortes,UTEZ,E,Mexicana,Dir 661
13061,Leticia,Mejia,Dominguez,UPMOR,P,Mexicana,Dir 1
13062,Martin,Chavez,Cabrera,UAEM,P,Mexicana,Dir 928
13063,Eduardo,Gonzalez,Rodriguez,ITZ,E,Mexicana,Dir 161
13064,Francisco,Castillo,Cervantes,UTEZ,E,Mexicana,Dir 244
13065,Andrea,Silva,Garcia,UNAM,P,Mexicana,Dir 348
13066,Susana,Valencia,Martinez,IPN,E,Mexicana,Dir 798
13067,Ana,Avila,Soto,UNAM,E,Mexicana,Dir 811
13068,Susana,Gutierrez,Lopez,UNAM,E,Mexicana,Dir 465
13069,Patricia,Rodriguez,Delgado,IPN,E,Mexicana,Dir 483
13070,Hugo,Navarro,Navarro,UPMOR,P,Mexicana,Dir 185
13071,Claudia,Ortiz,Paredes,UAEM,P,Mexicana,Dir 681
13072,Esteban,Aguilar,Morales,ITZ,P,Mexicana,Dir 335
13073,Jesus,Velazquez,Hernandez,ITZ,E,Mexicana,Dir 541
13074,Carlos,Cordova,Ruiz,UPMOR,P,Mexicana,Dir 872
13075,Hector,Maldonado,Munoz,UAEM,P,Mexicana,Dir 181
13076,Javier,Garcia,Velazquez,UNAM,E,Mexicana,Dir 814
13077,Diego,Soto,Ramos,UAEM,P,Mexicana,Dir 161
13078,Ana,Herrera,Avila,UNAM,E,Mexicana,Dir 391
13079,Veronica,Hernandez,Mendez,UPMOR,E,Mexicana,Dir 962
13080,Martha,Garcia,Rios,IPN,E,Mexicana,Dir 599
13081,Diego,Sosa,Munoz,UAEM,E,Mexicana,Dir 272
13082,Hugo,Escobar,Herrera,IPN,P,Mexicana,Dir 869
13083,Susana,Romero,Mendez,IPN,E,Mexicana,Dir 514
13084,Martin,Delgado,Valencia,UPMOR,E,Mexicana,Dir 899
13085,Martha,Navarro,Garcia,UNAM,P,Mexicana,Dir 636
13086,Natalia,Delgado,Munoz,UNAM,P,Mexicana,Dir 156
13087,Martin,Salazar,Campos,ITZ,E,Mexicana,Dir 906
13088,Diego,Avila,Escobar,UTEZ,E,Mexicana,Dir 407
13089,Patricia,Dominguez,Diaz,ITZ,E,Mexicana,Dir 584
13090,Margarita,Rojas,Sosa,UNAM,E,Mexicana,Dir 498
13091,Alejandro,Mejia,Castro,UNAM,E,Mexicana,Dir 826
13092,Luis,Hernandez,Velazquez,UTEZ,E,Mexicana,Dir 303
13093,Arturo,Velazquez,Mendoza,UTEZ,P,Mexicana,Dir 488
13094,Elena,Maldonado,Maldonado,UTEZ,E,Mexicana,Dir 173
13095,Valeria,Sanchez,Lopez,UPMOR,P,Mexicana,Dir 435
13096,Laura,Sanchez,Sanchez,UAEM,E,Mexicana,Dir 946
13097,Luis,Vega,Cortes,UTEZ,P,Mexicana,Dir 564
13098,Ana,Delgado,Campos,ITZ,E,Mexicana,Dir 429
13099,Gabriela,Mendez,Cordova,UAEM,E,Mexicana,Dir 727
13100,Diego,Rios,Cordova,UPMOR,P,Mexicana,Dir 300
13101,Victor,Rios,Rodriguez,ITZ,E,Mexicana,Dir 311
13102,Oscar,Gomez,Ramirez,UNAM,E,Mexicana,Dir 757
13103,Manuel,Silva,Soto,ITZ,P,Mexicana,Dir 304
13104,Alejandro,Guzman,Chavez,ITZ,P,Mexicana,Dir 820
13105,Hector,Bautista,Rodriguez,ITZ,E,Mexicana,Dir 926
13106,Maria,Guzman,Herrera,UPMOR,P,Mexicana,Dir 269
13107,Rafael,Castro,Valencia,IPN,P,Mexicana,Dir 8
13108,Margarita,Cortes,Dominguez,IPN,P,Mexicana,Dir 250
13109,Lucia,Cabrera,Velazquez,UPMOR,P,Mexicana,Dir 731
13110,Francisco,Lopez,Escobar,IPN,P,Mexicana,Dir 223
13111,Raul,Hernandez,Bautista,ITZ,E,Mexicana,Dir 918
13112,Ricardo,Dominguez,Gomez,UNAM,P,Mexicana,Dir 639
13113,Diego,Perez,Diaz,ITZ,E,Mexicana,Dir 908
13114,Rosa,Gonzalez,Molina,ITZ,E,Mexicana,Dir 471
13115,Rosa,Martinez,Romero,ITZ,E,Mexicana,Dir 788
13116,Daniela,Castro,Rodriguez,IPN,E,Mexicana,Dir 166
13117,Valeria,Reyes,Velazquez,UAEM,E,Mexicana,Dir 178
13118,Daniela,Espinoza,Diaz,ITZ,E,Mexicana,Dir 287
13119,Maria,Dominguez,Campos,UPMOR,E,Mexicana,Dir 675
13120,Roberto,Maldonado,Gutierrez,ITZ,E,Mexicana,Dir 872
13121,Roberto,Bautista,Perez,UNAM,E,Mexicana,Dir 201
13122,Lorena,Reyes,Perez,UTEZ,E,Mexicana,Dir 471
13123,Ana,Mendez,Martinez,UTEZ,E,Mexicana,Dir 276
13124,Silvia,Velazquez,Rodriguez,ITZ,P,Mexicana,Dir 476
13125,Paola,Romero,Flores,UNAM,E,Mexicana,Dir 161
13126,Roberto,Ruiz,Paredes,ITZ,E,Mexicana,Dir 717
13127,Sofia,Cruz,Silva,ITZ,E,Mexicana,Dir 738
13128,Esteban,Cabrera,Ramos,UPMOR,P,Mexicana,Dir 385
13129,Gabriela,Hernandez,Guzman,UPMOR,E,Mexicana,Dir 747
13130,Gael,Gutierrez,Molina,UTEZ,P,Mexicana,Dir 476
13131,Carolina,Gutierrez,Guzman,UPMOR,E,Mexicana,Dir 239
13132,Sofia,Gutierrez,Gomez,UNAM,P,Mexicana,Dir 417
13133,Maria,Garcia,Mendoza,IPN,E,Mexicana,Dir 344
13134,Natalia,Munoz,Flores,UTEZ,P,Mexicana,Dir 85
13135,Hugo,Bautista,Herrera,UPMOR,P,Mexicana,Dir 513
13136,Roberto,Ramos,Garza,UPMOR,P,Mexicana,Dir 475
13137,Oscar,Guzman,Castro,UAEM,E,Mexicana,Dir 604
13138,Rosa,Dominguez,Molina,UNAM,E,Mexicana,Dir 103
13139,Luis,Herrera,Campos,IPN,E,Mexicana,Dir 22
13140,Veronica,Chavez,Diaz,UAEM,P,Mexicana,Dir 168
13141,Victor,Mejia,Gutierrez,UPMOR,E,Mexicana,Dir 553
13142,Andrea,Espinoza,Vega,ITZ,P,Mexicana,Dir 444
13143,Carlos,Medina,Ramos,UNAM,E,Mexicana,Dir 391
13144,Lucia,Reyes,Navarro,UNAM,E,Mexicana,Dir 358
13145,Carmen,Flores,Campos,UAEM,E,Mexicana,Dir 359
13146,Rumualdo,Morales,Campos,UAEM,E,Mexicana,Dir 181
13147,Hector,Molina,Perez,UAEM,E,Mexicana,Dir 654
13148,Hector,Soto,Cruz,IPN,P,Mexicana,Dir 671
13149,Gael,Gomez,Espinoza,UAEM,P,Mexicana,Dir 975
13150,Gerardo,Sanchez,Campos,ITZ,E,Mexicana,Dir 414
13151,Rafael,Cervantes,Cervantes,UTEZ,E,Mexicana,Dir 40
13152,Javier,Mendoza,Cervantes,IPN,P,Mexicana,Dir 559
13153,Hugo,Espinoza,Gutierrez,UNAM,E,Mexicana,Dir 896
13154,Natalia,Sanchez,Cortes,ITZ,E,Mexicana,Dir 713
13155,Leticia,Vargas,Sosa,ITZ,E,Mexicana,Dir 829
13156,Gabriela,Bautista,Lopez,ITZ,P,Mexicana,Dir 139
13157,Valeria,Ramirez,Garza,UNAM,E,Mexicana,Dir 573
13158,Antonio,Garcia,Ramos,IPN,E,Mexicana,Dir 586
13159,Jorge,Rios,Romero,UPMOR,E,Mexicana,Dir 578
13160,Adriana,Guzman,Cabrera,UAEM,P,Mexicana,Dir 794
13161,Rumualdo,Chavez,Cruz,UAEM,E,Mexicana,Dir 254
13162,Monica,Cruz,Molina,IPN,E,Mexicana,Dir 306
13163,Carolina,Herrera,Mejia,UAEM,E,Mexicana,Dir 769
13164,Manuel,Gomez,Ramos,UTEZ,P,Mexicana,Dir 754
13165,Diana,Ortiz,Hernandez,UPMOR,P,Mexicana,Dir 196
13166,Gabriela,Castro,Delgado,UAEM,E,Mexicana,Dir 828
13167,Oscar,Ruiz,Rodriguez,ITZ,E,Mexicana,Dir 436
13168,Oscar,Chavez,Castillo,UNAM,P,Mexicana,Dir 537
13169,Pedro,Perez,Morales,IPN,P,Mexicana,Dir 779
13170,Esteban,Escobar,Garcia,ITZ,P,Mexicana,Dir 724
13171,Oscar,Munoz,Romero,IPN,P,Mexicana,Dir 477
13172,Veronica,Medina,Campos,UNAM,E,Mexicana,Dir 893
13173,Martha,Espinoza,Velazquez,UTEZ,E,Mexicana,Dir 177
13174,Diego,Mendoza,Velazquez,UPMOR,P,Mexicana,Dir 581
13175,Martin,Martinez,Martinez,UTEZ,E,Mexicana,Dir 368
13176,Roberto,Flores,Guzman,UAEM,P,Mexicana,Dir 31
13177,Ruben,Cabrera,Vega,UPMOR,E,Mexicana,Dir 404
13178,Rumualdo,Cordova,Dominguez,UNAM,P,Mexicana,Dir 939
13179,Roberto,Cervantes,Cervantes,UNAM,P,Mexicana,Dir 588
13180,Fernando,Molina,Mejia,UAEM,E,Mexicana,Dir 338
13181,Rafael,Romero,Cordova,UNAM,E,Mexicana,Dir 55
13182,Daniela,Espinoza,Hernandez,ITZ,E,Mexicana,Dir 521
13183,Arturo,Bautista,Sosa,UPMOR,P,Mexicana,Dir 253
13184,Carlos,Sanchez,Morales,IPN,E,Mexicana,Dir 159
13185,Silvia,Medina,Mendez,UNAM,P,Mexicana,Dir 413
13186,Veronica,Ruiz,Reyes,IPN,P,Mexicana,Dir 313
13187,Carmen,Lopez,Salazar,UTEZ,P,Mexicana,Dir 440
13188,Jose,Hernandez,Vega,ITZ,P,Mexicana,Dir 468
13189,Antonio,Rojas,Martinez,IPN,E,Mexicana,Dir 143
13190,Hugo,Ramirez,Delgado,IPN,P,Mexicana,Dir 803
13191,Hector,Rojas,Sanchez,UTEZ,E,Mexicana,Dir 290
13192,Jesus,Sosa,Ruiz,UPMOR,E,Mexicana,Dir 859
13193,Teresa,Rodriguez,Munoz,UNAM,E,Mexicana,Dir 480
13194,Maria,Campos,Dominguez,UAEM,P,Mexicana,Dir 331
13195,Hector,Rojas,Herrera,UPMOR,P,Mexicana,Dir 285
13196,Hector,Avila,Gutierrez,UAEM,E,Mexicana,Dir 48
13197,Carolina,Ruiz,Ruiz,UNAM,E,Mexicana,Dir 774
13198,Esteban,Garcia,Cervantes,UTEZ,E,Mexicana,Dir 211
13199,Oscar,Hernandez,Molina,UAEM,P,Mexicana,Dir 723
13200,Diego,Reyes,Sosa,ITZ,E,Mexicana,Dir 957
13201,Rumualdo,Garcia,Castro,UNAM,P,Mexicana,Dir 159
13202,Teresa,Valencia,Silva,UAEM,P,Mexicana,Dir 795
13203,Teresa,Rodriguez,Rojas,UAEM,E,Mexicana,Dir 507
13204,Valeria,Soto,Ramos,ITZ,P,Mexicana,Dir 844
13205,Daniela,Rios,Cordova,UNAM,P,Mexicana,Dir 957
13206,Eduardo,Aguilar,Navarro,IPN,P,Mexicana,Dir 486
13207,Carolina,Maldonado,Bautista,IPN,E,Mexicana,Dir 331
13208,Laura,Navarro,Mendoza,UPMOR,P,Mexicana,Dir 8
13209,Ricardo,Mendoza,Gonzalez,ITZ,E,Mexicana,Dir 888
13210,Julio,Rodriguez,Reyes,IPN,P,Mexicana,Dir 835
13211,Sofia,Cruz,Velazquez,UPMOR,E,Mexicana,Dir 310
13212,Martin,Mejia,Medina,UTEZ,E,Mexicana,Dir 45
13213,Ricardo,Lopez,Cabrera,UAEM,E,Mexicana,Dir 966
13214,Sofia,Guzman,Castro,UPMOR,E,Mexicana,Dir 451
13215,Monica,Medina,Paredes,UPMOR,P,Mexicana,Dir 925
13216,Pedro,Morales,Gonzalez,UTEZ,P,Mexicana,Dir 944
13217,Carolina,Soto,Dominguez,UPMOR,P,Mexicana,Dir 93
13218,Beatriz,Cordova,Cervantes,UTEZ,E,Mexicana,Dir 758
13219,Gerardo,Ortiz,Garza,UTEZ,P,Mexicana,Dir 577
13220,Jorge,Cortes,Aguilar,UPMOR,P,Mexicana,Dir 188
13221,Oscar,Cabrera,Perez,UPMOR,P,Mexicana,Dir 284
13222,Margarita,Velazquez,Munoz,IPN,P,Mexicana,Dir 455
13223,Francisco,Molina,Rojas,ITZ,E,Mexicana,Dir 344
13224,Francisco,Gomez,Flores,IPN,P,Mexicana,Dir 178
13225,Ana,Soto,Campos,UNAM,P,Mexicana,Dir 3
13226,Lucia,Mendez,Cortes,UAEM,E,Mexicana,Dir 760
13227,Carmen,Cruz,Martinez,UPMOR,E,Mexicana,Dir 573
13228,Monica,Escobar,Garcia,UTEZ,P,Mexicana,Dir 860
13229,Rafael,Ortiz,Dominguez,UNAM,P,Mexicana,Dir 785
13230,Julio,Cabrera,Medina,UNAM,E,Mexicana,Dir 75
13231,Elena,Rios,Rojas,UTEZ,E,Mexicana,Dir 532
13232,Gabriela,Escobar,Molina,UNAM,E,Mexicana,Dir 93
13233,Elena,Dominguez,Gonzalez,UTEZ,E,Mexicana,Dir 887
13234,Carlos,Morales,Bautista,UTEZ,P,Mexicana,Dir 549
13235,Gerardo,Cabrera,Gomez,UPMOR,P,Mexicana,Dir 331
13236,Lucia,Dominguez,Cabrera,IPN,E,Mexicana,Dir 186
13237,Carlos,Sosa,Lopez,ITZ,P,Mexicana,Dir 778
13238,Laura,Navarro,Cabrera,UPMOR,P,Mexicana,Dir 550
13239,Manuel,Romero,Ortiz,ITZ,E,Mexicana,Dir 930
13240,Leticia,Ramirez,Garcia,ITZ,P,Mexicana,Dir 481
13241,Esteban,Mejia,Romero,IPN,E,Mexicana,Dir 751
13242,Ruben,Mendoza,Cordova,UPMOR,P,Mexicana,Dir 455
13243,Diego,Ruiz,Castillo,UPMOR,P,Mexicana,Dir 388
13244,Carlos,Romero,Salazar,UTEZ,P,Mexicana,Dir 419
13245,Ruben,Herrera,Gonzalez,UNAM,P,Mexicana,Dir 969
13246,Martha,Mendez,Dominguez,IPN,E,Mexicana,Dir 399
13247,Javier,Campos,Velazquez,UTEZ,P,Mexicana,Dir 377
13248,Leticia,Cortes,Silva,UTEZ,E,Mexicana,Dir 605
13249,Monica,Ruiz,Morales,UTEZ,E,Mexicana,Dir 600
13250,Hector,Morales,Paredes,UAEM,E,Mexicana,Dir 686
13251,Raul,Diaz,Ortiz,UTEZ,P,Mexicana,Dir 414
13252,Antonio,Aguilar,Gutierrez,UNAM,P,Mexicana,Dir 747
13253,Adriana,Vargas,Munoz,UTEZ,E,Mexicana,Dir 329
13254,Ruben,Guzman,Castro,ITZ,E,Mexicana,Dir 188
13255,Gerardo,Vega,Salazar,ITZ,E,Mexicana,Dir 73
13256,Gerardo,Avila,Flores,UPMOR,E,Mexicana,Dir 859
13257,Gerardo,Avila,Cordova,IPN,E,Mexicana,Dir 139
13258,Veronica,Chavez,Morales,UNAM,P,Mexicana,Dir 615
13259,Eduardo,Vargas,Navarro,UNAM,P,Mexicana,Dir 289
13260,Gabriela,Flores,Sanchez,ITZ,P,Mexicana,Dir 567
13261,Natalia,Ramos,Chavez,UPMOR,E,Mexicana,Dir 559
13262,Jesus,Rios,Castillo,UTEZ,P,Mexicana,Dir 118
13263,Andrea,Molina,Molina,UAEM,E,Mexicana,Dir 729
13264,Carolina,Lopez,Rios,IPN,P,Mexicana,Dir 525
13265,Andrea,Ramos,Escobar,ITZ,E,Mexicana,Dir 215
13266,Alejandro,Vargas,Rojas,UAEM,P,Mexicana,Dir 878
13267,Paola,Reyes,Valencia,IPN,E,Mexicana,Dir 23
13268,Gael,Lopez,Valencia,IPN,P,Mexicana,Dir 665
13269,Diego,Avila,Gutierrez,UAEM,P,Mexicana,Dir 634
13270,Roberto,Mendoza,Bautista,IPN,P,Mexicana,Dir 332
13271,Miguel,Aguilar,Delgado,UPMOR,E,Mexicana,Dir 274
13272,Martin,Mendez,Molina,UAEM,E,Mexicana,Dir 36
13273,Alejandro,Ramirez,Ruiz,UTEZ,P,Mexicana,Dir 357
13274,Paola,Velazquez,Soto,UAEM,P,Mexicana,Dir 192
13275,Julio,Romero,Rios,IPN,P,Mexicana,Dir 397
13276,Silvia,Velazquez,Delgado,IPN,P,Mexicana,Dir 188
13277,Veronica,Castillo,Navarro,UTEZ,E,Mexicana,Dir 599
13278,Natalia,Martinez,Gutierrez,ITZ,E,Mexicana,Dir 261
13279,Lucia,Gomez,Mendoza,ITZ,P,Mexicana,Dir 734
13280,Francisco,Munoz,Cordova,IPN,P,Mexicana,Dir 664
13281,Patricia,Hernandez,Cortes,UAEM,P,Mexicana,Dir 367
13282,Andrea,Flores,Morales,IPN,E,Mexicana,Dir 346
13283,Leticia,Cortes,Mendoza,UPMOR,E,Mexicana,Dir 251
13284,Monica,Vega,Valencia,UAEM,E,Mexicana,Dir 87
13285,Rumualdo,Velazquez,Espinoza,IPN,P,Mexicana,Dir 635
13286,Ana,Lopez,Flores,UNAM,E,Mexicana,Dir 717
13287,Laura,Navarro,Maldonado,UNAM,E,Mexicana,Dir 296
13288,Diego,Delgado,Delgado,IPN,P,Mexicana,Dir 246
13289,Sofia,Escobar,Flores,UNAM,E,Mexicana,Dir 196
13290,Margarita,Vargas,Velazquez,ITZ,E,Mexicana,Dir 556
13291,Hector,Mendoza,Chavez,ITZ,E,Mexicana,Dir 154
13292,Elena,Gonzalez,Escobar,IPN,P,Mexicana,Dir 867
13293,Javier,Ramos,Navarro,UTEZ,P,Mexicana,Dir 843
13294,Beatriz,Gutierrez,Romero,UPMOR,E,Mexicana,Dir 317
13295,Martin,Dominguez,Castro,UTEZ,E,Mexicana,Dir 308
13296,Paola,Molina,Gonzalez,UAEM,P,Mexicana,Dir 410
13297,Carolina,Vargas,Cabrera,IPN,P,Mexicana,Dir 84
13298,Eduardo,Cruz,Lara,ITZ,P,Mexicana,Dir 979
13299,Jose,Dominguez,Lopez,IPN,P,Mexicana,Dir 244
13300,Adriana,Avila,Sanchez,UTEZ,E,Mexicana,Dir 613
13301,Jesus,Espinoza,Ortiz,IPN,P,Mexicana,Dir 385
13302,Veronica,Flores,Romero,UPMOR,P,Mexicana,Dir 632
13303,Diana,Flores,Lopez,UPMOR,P,Mexicana,Dir 237
13304,Diego,Paredes,Campos,IPN,E,Mexicana,Dir 775
13305,Antonio,Dominguez,Aguilar,UNAM,P,Mexicana,Dir 645
13306,Ruben,Rojas,Sosa,IPN,P,Mexicana,Dir 182
13307,Veronica,Cordova,Molina,UNAM,E,Mexicana,Dir 206
13308,Andrea,Escobar,Velazquez,UAEM,P,Mexicana,Dir 444
13309,Sofia,Romero,Bautista,IPN,P,Mexicana,Dir 383
13310,Martha,Escobar,Medina,UAEM,E,Mexicana,Dir 229
13311,Eduardo,Gutierrez,Morales,UTEZ,E,Mexicana,Dir 636
13312,Patricia,Morales,Guzman,UAEM,P,Mexicana,Dir 946
13313,Ana,Dominguez,Hernandez,UTEZ,E,Mexicana,Dir 525
13314,Paola,Ramirez,Chavez,UAEM,E,Mexicana,Dir 684
13315,Sofia,Castro,Gonzalez,UPMOR,E,Mexicana,Dir 256
13316,Claudia,Sanchez,Dominguez,IPN,P,Mexicana,Dir 603
13317,Gabriela,Castro,Flores,UAEM,P,Mexicana,Dir 948
13318,Sofia,Rodriguez,Ramos,ITZ,P,Mexicana,Dir 323
13319,Andrea,Cortes,Silva,UPMOR,E,Mexicana,Dir 351
13320,Esteban,Ruiz,Espinoza,IPN,E,Mexicana,Dir 948
13321,Luis,Lopez,Bautista,IPN,P,Mexicana,Dir 970
13322,Raul,Mendoza,Escobar,UPMOR,E,Mexicana,Dir 267
13323,Leticia,Diaz,Garza,ITZ,E,Mexicana,Dir 682
13324,Maria,Escobar,Aguilar,IPN,P,Mexicana,Dir 598
13325,Rumualdo,Garcia,Castro,ITZ,E,Mexicana,Dir 740
13326,Rafael,Munoz,Cabrera,ITZ,E,Mexicana,Dir 143
13327,Hugo,Cordova,Navarro,ITZ,E,Mexicana,Dir 297
13328,Daniela,Lara,Paredes,UNAM,P,Mexicana,Dir 533
13329,Silvia,Cabrera,Ramirez,UPMOR,E,Mexicana,Dir 664
13330,Carmen,Dominguez,Diaz,UNAM,P,Mexicana,Dir 901
13331,Carmen,Diaz,Silva,ITZ,E,Mexicana,Dir 325
13332,Carlos,Morales,Hernandez,IPN,E,Mexicana,Dir 882
13333,Lorena,Lara,Mendoza,ITZ,E,Mexicana,Dir 899
13334,Silvia,Cruz,Perez,ITZ,E,Mexicana,Dir 346
13335,Ana,Delgado,Gomez,UAEM,P,Mexicana,Dir 936
13336,Paola,Mendoza,Sosa,UNAM,E,Mexicana,Dir 371
13337,Natalia,Silva,Valencia,ITZ,P,Mexicana,Dir 63
13338,Eduardo,Romero,Sanchez,UAEM,P,Mexicana,Dir 707
13339,Rumualdo,Campos,Cabrera,IPN,E,Mexicana,Dir 481
13340,Julio,Cervantes,Escobar,IPN,E,Mexicana,Dir 753
13341,Alejandro,Lara,Ruiz,UAEM,E,Mexicana,Dir 554
13342,Jesus,Garcia,Velazquez,UNAM,P,Mexicana,Dir 202
13343,Carolina,Maldonado,Aguilar,ITZ,P,Mexicana,Dir 220
13344,Valeria,Ramos,Delgado,IPN,P,Mexicana,Dir 308
13345,Jesus,Mendoza,Ramos,UPMOR,E,Mexicana,Dir 143
13346,Leticia,Diaz,Paredes,UPMOR,E,Mexicana,Dir 121
13347,Lorena,Garza,Vega,UPMOR,P,Mexicana,Dir 95
13348,Antonio,Molina,Paredes,ITZ,E,Mexicana,Dir 192
13349,Victor,Dominguez,Cruz,IPN,E,Mexicana,Dir 593
13350,Veronica,Rodriguez,Guzman,UAEM,E,Mexicana,Dir 829
13351,Gabriela,Chavez,Bautista,UPMOR,E,Mexicana,Dir 400
13352,Raul,Herrera,Martinez,IPN,E,Mexicana,Dir 546
13353,Margarita,Cordova,Mejia,UPMOR,E,Mexicana,Dir 184
13354,Victor,Morales,Molina,UAEM,P,Mexicana,Dir 526
13355,Susana,Mejia,Castro,UAEM,P,Mexicana,Dir 542
13356,Raul,Garza,Medina,IPN,P,Mexicana,Dir 552
13357,Jorge,Rios,Martinez,UPMOR,E,Mexicana,Dir 482
13358,Lucia,Salazar,Chavez,UAEM,P,Mexicana,Dir 830
13359,Roberto,Martinez,Cabrera,UTEZ,P,Mexicana,Dir 398
13360,Maria,Salazar,Campos,IPN,P,Mexicana,Dir 404
13361,Susana,Soto,Cordova,UNAM,P,Mexicana,Dir 651
13362,Martin,Aguilar,Dominguez,UPMOR,P,Mexicana,Dir 766
13363,Antonio,Velazquez,Aguilar,UAEM,E,Mexicana,Dir 910
13364,Patricia,Ramirez,Martinez,UPMOR,P,Mexicana,Dir 642
13365,Esteban,Mendoza,Cervantes,ITZ,E,Mexicana,Dir 591
13366,Arturo,Herrera,Cruz,UPMOR,P,Mexicana,Dir 249
13367,Diana,Mejia,Gonzalez,ITZ,E,Mexicana,Dir 76
13368,Victor,Munoz,Herrera,UPMOR,P,Mexicana,Dir 743
13369,Jorge,Medina,Morales,ITZ,E,Mexicana,Dir 211
13370,Patricia,Cordova,Vargas,UNAM,P,Mexicana,Dir 366
13371,Adriana,Cabrera,Cordova,UTEZ,E,Mexicana,Dir 285
13372,Pedro,Garcia,Ramos,IPN,P,Mexicana,Dir 873
13373,Hector,Silva,Gomez,UPMOR,P,Mexicana,Dir 531
13374,Monica,Escobar,Sosa,UAEM,P,Mexicana,Dir 645
13375,Rafael,Flores,Rios,ITZ,P,Mexicana,Dir 494
13376,Monica,Aguilar,Soto,UPMOR,E,Mexicana,Dir 839
13377,Elena,Medina,Garcia,UNAM,P,Mexicana,Dir 954
13378,Luis,Escobar,Sanchez,UNAM,P,Mexicana,Dir 637
13379,Silvia,Rodriguez,Paredes,UAEM,E,Mexicana,Dir 224
13380,Miguel,Espinoza,Garcia,UNAM,P,Mexicana,Dir 970
13381,Maria,Valencia,Paredes,UTEZ,E,Mexicana,Dir 694
13382,Jorge,Cortes,Castillo,IPN,P,Mexicana,Dir 755
13383,Eduardo,Campos,Gomez,ITZ,E,Mexicana,Dir 36
13384,Victor,Silva,Flores,UPMOR,E,Mexicana,Dir 909
13385,Beatriz,Lara,Cervantes,UPMOR,P,Mexicana,Dir 222
13386,Martin,Sosa,Morales,UTEZ,E,Mexicana,Dir 330
13387,Andrea,Lopez,Hernandez,ITZ,E,Mexicana,Dir 585
13388,Rafael,Bautista,Ramirez,UAEM,E,Mexicana,Dir 537
13389,Oscar,Romero,Bautista,UAEM,P,Mexicana,Dir 23
13390,Claudia,Gomez,Velazquez,UNAM,E,Mexicana,Dir 647
13391,Arturo,Chavez,Gutierrez,UNAM,E,Mexicana,Dir 843
13392,Lorena,Velazquez,Mejia,IPN,E,Mexicana,Dir 199
13393,Silvia,Hernandez,Dominguez,UAEM,P,Mexicana,Dir 770
13394,Arturo,Cortes,Castro,UTEZ,P,Mexicana,Dir 320
13395,Fernando,Munoz,Chavez,IPN,E,Mexicana,Dir 867
13396,Javier,Ortiz,Cortes,UAEM,E,Mexicana,Dir 601
13397,Julio,Castillo,Gonzalez,UNAM,E,Mexicana,Dir 550
13398,Paola,Mendez,Ruiz,UPMOR,P,Mexicana,Dir 201
13399,Leticia,Cervantes,Herrera,UPMOR,E,Mexicana,Dir 965
13400,Alejandro,Silva,Gonzalez,UPMOR,P,Mexicana,Dir 354
13401,Alejandro,Martinez,Chavez,ITZ,E,Mexicana,Dir 389
13402,Beatriz,Castillo,Espinoza,UAEM,P,Mexicana,Dir 838
13403,Victor,Rodriguez,Ortiz,ITZ,E,Mexicana,Dir 711
13404,Martha,Ruiz,Sanchez,UPMOR,P,Mexicana,Dir 703
13405,Eduardo,Lara,Gomez,UTEZ,E,Mexicana,Dir 840
13406,Claudia,Reyes,Cortes,UNAM,E,Mexicana,Dir 296
13407,Valeria,Ruiz,Lopez,UPMOR,E,Mexicana,Dir 330
13408,Jose,Cruz,Vega,UTEZ,P,Mexicana,Dir 342
13409,Claudia,Hernandez,Sosa,UAEM,E,Mexicana,Dir 734
13410,Oscar,Campos,Munoz,UPMOR,P,Mexicana,Dir 157
13411,Carolina,Garcia,Garcia,UAEM,E,Mexicana,Dir 178
13412,Rumualdo,Bautista,Garcia,UNAM,P,Mexicana,Dir 768
13413,Pedro,Cervantes,Valencia,IPN,P,Mexicana,Dir 61
13414,Julio,Lopez,Garcia,UAEM,E,Mexicana,Dir 327
13415,Arturo,Rios,Mendez,IPN,E,Mexicana,Dir 528
13416,Susana,Escobar,Romero,UAEM,P,Mexicana,Dir 968
13417,Leticia,Salazar,Delgado,UPMOR,P,Mexicana,Dir 933
13418,Javier,Cordova,Herrera,UTEZ,E,Mexicana,Dir 398
13419,Diego,Navarro,Escobar,UNAM,E,Mexicana,Dir 990
13420,Rafael,Lopez,Maldonado,UPMOR,E,Mexicana,Dir 496
13421,Sofia,Dominguez,Escobar,UAEM,P,Mexicana,Dir 381
13422,Rosa,Espinoza,Escobar,ITZ,E,Mexicana,Dir 870
13423,Carmen,Bautista,Garza,UPMOR,E,Mexicana,Dir 277
13424,Margarita,Sosa,Medina,IPN,E,Mexicana,Dir 118
13425,Teresa,Ortiz,Aguilar,UTEZ,E,Mexicana,Dir 138
13426,Gael,Mendoza,Cortes,UPMOR,E,Mexicana,Dir 326
13427,Julio,Rios,Ortiz,UNAM,P,Mexicana,Dir 34
13428,Esteban,Martinez,Lara,UTEZ,P,Mexicana,Dir 282
13429,Arturo,Herrera,Medina,UPMOR,P,Mexicana,Dir 592
13430,Martha,Ruiz,Espinoza,IPN,E,Mexicana,Dir 273
13431,Teresa,Gutierrez,Maldonado,UTEZ,P,Mexicana,Dir 953
13432,Natalia,Mejia,Munoz,ITZ,P,Mexicana,Dir 593
13433,Natalia,Chavez,Mendoza,UTEZ,E,Mexicana,Dir 869
13434,Maria,Garza,Vega,UPMOR,P,Mexicana,Dir 629
13435,Roberto,Ramos,Ruiz,ITZ,E,Mexicana,Dir 121
13436,Esteban,Valencia,Lopez,ITZ,P,Mexicana,Dir 811
13437,Margarita,Mendez,Cortes,UNAM,P,Mexicana,Dir 460
13438,Andrea,Chavez,Morales,UTEZ,P,Mexicana,Dir 893
13439,Laura,Mendez,Flores,UAEM,E,Mexicana,Dir 228
13440,Arturo,Mejia,Gonzalez,IPN,E,Mexicana,Dir 472
13441,Diana,Molina,Sanchez,UNAM,P,Mexicana,Dir 792
13442,Monica,Medina,Cortes,UPMOR,E,Mexicana,Dir 88
13443,Teresa,Delgado,Lopez,UNAM,P,Mexicana,Dir 939
13444,Manuel,Rodriguez,Morales,IPN,E,Mexicana,Dir 281
13445,Ana,Cortes,Navarro,UAEM,E,Mexicana,Dir 162
13446,Francisco,Reyes,Mendoza,UPMOR,P,Mexicana,Dir 795
13447,Rumualdo,Ramirez,Cortes,UTEZ,P,Mexicana,Dir 648
13448,Adriana,Hernandez,Garza,IPN,P,Mexicana,Dir 578
13449,Rumualdo,Maldonado,Mejia,UNAM,P,Mexicana,Dir 689
13450,Jorge,Cervantes,Castillo,ITZ,P,Mexicana,Dir 839
13451,Andrea,Paredes,Flores,UTEZ,P,Mexicana,Dir 123
13452,Adriana,Martinez,Valencia,ITZ,P,Mexicana,Dir 663
13453,Gerardo,Lara,Perez,ITZ,P,Mexicana,Dir 589
13454,Eduardo,Avila,Diaz,ITZ,E,Mexicana,Dir 681
13455,Lucia,Martinez,Ruiz,UPMOR,P,Mexicana,Dir 933
13456,Veronica,Silva,Mendez,UNAM,E,Mexicana,Dir 126
13457,Ana,Castro,Cortes,UTEZ,E,Mexicana,Dir 248
13458,Jose,Martinez,Castro,ITZ,E,Mexicana,Dir 245
13459,Rumualdo,Molina,Silva,ITZ,P,Mexicana,Dir 300
13460,Patricia,Cordova,Castro,UTEZ,P,Mexicana,Dir 783
13461,Ana,Morales,Cervantes,UTEZ,E,Mexicana,Dir 681
13462,Raul,Gutierrez,Bautista,IPN,P,Mexicana,Dir 204
13463,Martin,Medina,Garza,IPN,E,Mexicana,Dir 587
13464,Martha,Gutierrez,Sosa,UNAM,E,Mexicana,Dir 126
13465,Beatriz,Ruiz,Vega,UPMOR,E,Mexicana,Dir 266
13466,Elena,Herrera,Mejia,UPMOR,P,Mexicana,Dir 636
13467,Carmen,Ramirez,Ramos,ITZ,E,Mexicana,Dir 231
13468,Jose,Garcia,Cabrera,UAEM,E,Mexicana,Dir 469
13469,Rosa,Espinoza,Medina,UAEM,P,Mexicana,Dir 93
13470,Pedro,Perez,Rojas,UTEZ,P,Mexicana,Dir 991
13471,Carlos,Cabrera,Delgado,ITZ,P,Mexicana,Dir 76
13472,Rumualdo,Herrera,Garza,UTEZ,P,Mexicana,Dir 916
13473,Luis,Silva,Ramirez,IPN,P,Mexicana,Dir 61
13474,Patricia,Campos,Maldonado,UAEM,P,Mexicana,Dir 715
13475,Carlos,Gutierrez,Cervantes,UAEM,E,Mexicana,Dir 151
13476,Teresa,Reyes,Romero,UNAM,P,Mexicana,Dir 580
13477,Carolina,Martinez,Cervantes,ITZ,P,Mexicana,Dir 681
13478,Martin,Paredes,Guzman,ITZ,P,Mexicana,Dir 855
13479,Ruben,Martinez,Maldonado,UTEZ,E,Mexicana,Dir 916
13480,Jose,Reyes,Martinez,ITZ,P,Mexicana,Dir 13
13481,Daniela,Delgado,Rios,IPN,P,Mexicana,Dir 189
13482,Oscar,Lara,Aguilar,IPN,P,Mexicana,Dir 266
13483,Jorge,Gonzalez,Ramos,IPN,P,Mexicana,Dir 663
13484,Diana,Ramirez,Medina,IPN,E,Mexicana,Dir 169
13485,Maria,Rojas,Munoz,UPMOR,P,Mexicana,Dir 636
13486,Maria,Ortiz,Aguilar,UAEM,P,Mexicana,Dir 359
13487,Fernando,Chavez,Campos,UNAM,E,Mexicana,Dir 584
13488,Leticia,Ruiz,Castro,ITZ,P,Mexicana,Dir 967
13489,Esteban,Escobar,Morales,UAEM,P,Mexicana,Dir 411
13490,Beatriz,Sanchez,Ruiz,UAEM,P,Mexicana,Dir 440
13491,Hugo,Sosa,Silva,UPMOR,P,Mexicana,Dir 372
13492,Hugo,Garcia,Munoz,UNAM,P,Mexicana,Dir 923
13493,Javier,Reyes,Rodriguez,IPN,E,Mexicana,Dir 428
13494,Diego,Perez,Vega,ITZ,P,Mexicana,Dir 622
13495,Lucia,Espinoza,Valencia,UTEZ,P,Mexicana,Dir 129
13496,Jorge,Gonzalez,Cervantes,UNAM,E,Mexicana,Dir 169
13497,Miguel,Munoz,Salazar,UTEZ,E,Mexicana,Dir 169
13498,Laura,Campos,Sosa,UNAM,P,Mexicana,Dir 269
13499,Sofia,Ortiz,Gutierrez,UNAM,P,Mexicana,Dir 769
13500,Rafael,Gonzalez,Ramirez,IPN,E,Mexicana,Dir 285
13501,Hector,Escobar,Cervantes,IPN,E,Mexicana,Dir 504
13502,Leticia,Vargas,Soto,UNAM,P,Mexicana,Dir 505
13503,Roberto,Sanchez,Ruiz,IPN,E,Mexicana,Dir 687
13504,Carlos,Paredes,Gonzalez,UNAM,E,Mexicana,Dir 803
13505,Lorena,Sosa,Ortiz,UNAM,E,Mexicana,Dir 84
13506,Ricardo,Cruz,Cervantes,IPN,E,Mexicana,Dir 206
13507,Jorge,Ruiz,Reyes,UPMOR,E,Mexicana,Dir 473
13508,Eduardo,Rodriguez,Cruz,UTEZ,E,Mexicana,Dir 276
13509,Maria,Reyes,Sosa,IPN,P,Mexicana,Dir 479
13510,Beatriz,Soto,Munoz,UTEZ,E,Mexicana,Dir 96
13511,Raul,Ramos,Hernandez,UTEZ,P,Mexicana,Dir 922
13512,Hugo,Vargas,Paredes,ITZ,E,Mexicana,Dir 333
13513,Gael,Flores,Ramirez,IPN,E,Mexicana,Dir 565
13514,Lorena,Sanchez,Romero,UTEZ,E,Mexicana,Dir 103
13515,Valeria,Romero,Ramos,UAEM,P,Mexicana,Dir 936
13516,Roberto,Ramos,Mejia,UAEM,P,Mexicana,Dir 424
13517,Gael,Soto,Mendoza,UAEM,E,Mexicana,Dir 891
13518,Sofia,Gonzalez,Mejia,UTEZ,P,Mexicana,Dir 115
13519,Jorge,Rojas,Hernandez,UTEZ,E,Mexicana,Dir 288
13520,Elena,Cabrera,Sosa,UTEZ,E,Mexicana,Dir 776
13521,Natalia,Cordova,Bautista,IPN,E,Mexicana,Dir 320
13522,Beatriz,Mejia,Espinoza,UNAM,E,Mexicana,Dir 6
13523,Victor,Silva,Dominguez,UTEZ,E,Mexicana,Dir 648
13524,Elena,Silva,Navarro,UAEM,E,Mexicana,Dir 470
13525,Luis,Campos,Rodriguez,UNAM,E,Mexicana,Dir 160
13526,Luis,Valencia,Castillo,UAEM,P,Mexicana,Dir 449
13527,Elena,Rios,Ortiz,IPN,E,Mexicana,Dir 369
13528,Gabriela,Medina,Romero,IPN,E,Mexicana,Dir 60
13529,Martha,Vargas,Ramirez,IPN,P,Mexicana,Dir 614
13530,Jorge,Romero,Rodriguez,UPMOR,E,Mexicana,Dir 582
13531,Leticia,Ruiz,Romero,UTEZ,P,Mexicana,Dir 868
13532,Ricardo,Cabrera,Garcia,UTEZ,E,Mexicana,Dir 671
13533,Beatriz,Ortiz,Ortiz,UTEZ,P,Mexicana,Dir 872
13534,Jesus,Bautista,Ramirez,UAEM,E,Mexicana,Dir 755
13535,Julio,Maldonado,Medina,UAEM,P,Mexicana,Dir 195
13536,Carmen,Vargas,Delgado,UAEM,E,Mexicana,Dir 783
13537,Hugo,Maldonado,Flores,ITZ,E,Mexicana,Dir 303
13538,Rafael,Martinez,Rojas,ITZ,P,Mexicana,Dir 195
13539,Claudia,Cortes,Cruz,UPMOR,E,Mexicana,Dir 398
13540,Diego,Ruiz,Espinoza,UPMOR,E,Mexicana,Dir 874
13541,Diego,Silva,Hernandez,ITZ,E,Mexicana,Dir 388
13542,Veronica,Diaz,Gutierrez,UPMOR,E,Mexicana,Dir 619
13543,Esteban,Castro,Navarro,ITZ,E,Mexicana,Dir 418
13544,Ricardo,Vargas,Perez,ITZ,E,Mexicana,Dir 556
13545,Rumualdo,Cabrera,Ramos,ITZ,E,Mexicana,Dir 793
13546,Luis,Velazquez,Sosa,UNAM,P,Mexicana,Dir 427
13547,Martha,Garcia,Lara,ITZ,P,Mexicana,Dir 273
13548,Lucia,Ortiz,Guzman,UAEM,E,Mexicana,Dir 599
13549,Laura,Avila,Vega,IPN,E,Mexicana,Dir 235
13550,Victor,Mejia,Diaz,UAEM,P,Mexicana,Dir 714
13551,Martin,Garza,Ramos,UTEZ,P,Mexicana,Dir 969
13552,Gerardo,Gutierrez,Romero,UPMOR,E,Mexicana,Dir 728
13553,Margarita,Castro,Martinez,UPMOR,E,Mexicana,Dir 370
13554,Veronica,Ortiz,Silva,ITZ,P,Mexicana,Dir 892
13555,Francisco,Lara,Rojas,UPMOR,P,Mexicana,Dir 485
13556,Pedro,Martinez,Campos,UNAM,E,Mexicana,Dir 999
13557,Paola,Garcia,Castillo,UNAM,P,Mexicana,Dir 20
13558,Alejandro,Hernandez,Rios,ITZ,E,Mexicana,Dir 997
13559,Diana,Gonzalez,Salazar,UTEZ,E,Mexicana,Dir 218
13560,Martha,Salazar,Campos,UTEZ,P,Mexicana,Dir 989
13561,Francisco,Dominguez,Delgado,UTEZ,E,Mexicana,Dir 166
13562,Rafael,Rios,Maldonado,UNAM,E,Mexicana,Dir 77
13563,Julio,Sanchez,Flores,IPN,E,Mexicana,Dir 646
13564,Monica,Bautista,Cervantes,UAEM,P,Mexicana,Dir 507
13565,Diana,Ruiz,Navarro,UNAM,P,Mexicana,Dir 159
13566,Ruben,Ruiz,Sanchez,UPMOR,P,Mexicana,Dir 259
13567,Andrea,Gomez,Delgado,IPN,E,Mexicana,Dir 475
13568,Beatriz,Chavez,Campos,UAEM,E,Mexicana,Dir 322
13569,Oscar,Garcia,Cabrera,UPMOR,E,Mexicana,Dir 312
13570,Teresa,Guzman,Garcia,IPN,E,Mexicana,Dir 549
13571,Lucia,Salazar,Vargas,UPMOR,E,Mexicana,Dir 517
13572,Gael,Valencia,Munoz,UNAM,P,Mexicana,Dir 101
13573,Manuel,Espinoza,Munoz,UTEZ,P,Mexicana,Dir 179
13574,Natalia,Delgado,Gutierrez,ITZ,P,Mexicana,Dir 507
13575,Pedro,Ramos,Velazquez,ITZ,E,Mexicana,Dir 844
13576,Rafael,Martinez,Martinez,UNAM,P,Mexicana,Dir 201
13577,Rosa,Valencia,Delgado,UPMOR,P,Mexicana,Dir 452
13578,Esteban,Vargas,Cortes,ITZ,P,Mexicana,Dir 142
13579,Alejandro,Navarro,Vega,UPMOR,P,Mexicana,Dir 365
13580,Alejandro,Medina,Medina,UAEM,P,Mexicana,Dir 274
13581,Hector,Escobar,Gonzalez,UTEZ,E,Mexicana,Dir 358
13582,Patricia,Mendez,Rodriguez,UPMOR,P,Mexicana,Dir 152
13583,Valeria,Maldonado,Valencia,ITZ,P,Mexicana,Dir 386
13584,Raul,Mendez,Delgado,UNAM,P,Mexicana,Dir 922
13585,Carolina,Cervantes,Aguilar,IPN,P,Mexicana,Dir 722
13586,Fernando,Avila,Valencia,ITZ,E,Mexicana,Dir 428
13587,Natalia,Aguilar,Dominguez,IPN,E,Mexicana,Dir 992
13588,Rafael,Flores,Rojas,IPN,E,Mexicana,Dir 244
13589,Rafael,Delgado,Campos,UNAM,E,Mexicana,Dir 822
13590,Gabriela,Medina,Valencia,UAEM,E,Mexicana,Dir 979
13591,Teresa,Vargas,Lara,UTEZ,P,Mexicana,Dir 999
13592,Claudia,Romero,Silva,ITZ,E,Mexicana,Dir 25
13593,Martha,Molina,Ruiz,UAEM,P,Mexicana,Dir 431
13594,Antonio,Gutierrez,Cervantes,UNAM,E,Mexicana,Dir 337
13595,Maria,Herrera,Morales,UPMOR,P,Mexicana,Dir 9
13596,Veronica,Romero,Navarro,ITZ,E,Mexicana,Dir 375
13597,Luis,Cabrera,Salazar,UTEZ,P,Mexicana,Dir 733
13598,Manuel,Campos,Delgado,UNAM,E,Mexicana,Dir 607
13599,Laura,Flores,Perez,UTEZ,P,Mexicana,Dir 347
13600,Sofia,Cervantes,Garza,UTEZ,E,Mexicana,Dir 171
13601,Roberto,Maldonado,Castro,UAEM,E,Mexicana,Dir 313
13602,Jesus,Gutierrez,Cabrera,UTEZ,P,Mexicana,Dir 187
13603,Jesus,Chavez,Gutierrez,IPN,P,Mexicana,Dir 537
13604,Claudia,Ramos,Velazquez,UTEZ,P,Mexicana,Dir 330
13605,Gabriela,Perez,Soto,IPN,P,Mexicana,Dir 291
13606,Carlos,Romero,Rios,UPMOR,P,Mexicana,Dir 183
13607,Sofia,Sosa,Delgado,IPN,P,Mexicana,Dir 832
13608,Jesus,Romero,Flores,UPMOR,E,Mexicana,Dir 630
13609,Paola,Molina,Sosa,UNAM,E,Mexicana,Dir 578
13610,Rosa,Bautista,Paredes,IPN,E,Mexicana,Dir 355
13611,Carlos,Martinez,Reyes,UPMOR,P,Mexicana,Dir 645
13612,Teresa,Espinoza,Medina,IPN,E,Mexicana,Dir 300
13613,Roberto,Herrera,Herrera,UTEZ,P,Mexicana,Dir 462
13614,Eduardo,Campos,Martinez,ITZ,P,Mexicana,Dir 983
13615,Diego,Soto,Cabrera,UPMOR,P,Mexicana,Dir 549
13616,Pedro,Perez,Ramos,UPMOR,E,Mexicana,Dir 187
13617,Carlos,Silva,Cruz,UPMOR,E,Mexicana,Dir 647
13618,Gael,Silva,Cruz,UPMOR,P,Mexicana,Dir 272
13619,Esteban,Flores,Cervantes,UNAM,P,Mexicana,Dir 139
13620,Martin,Valencia,Perez,IPN,E,Mexicana,Dir 189
13621,Raul,Flores,Garza,UAEM,E,Mexicana,Dir 148
13622,Carmen,Campos,Hernandez,UTEZ,P,Mexicana,Dir 982
13623,Jesus,Gonzalez,Mejia,UAEM,P,Mexicana,Dir 714
13624,Carmen,Diaz,Aguilar,UPMOR,P,Mexicana,Dir 882
13625,Julio,Martinez,Silva,ITZ,E,Mexicana,Dir 716
13626,Luis,Mejia,Reyes,UAEM,E,Mexicana,Dir 384
13627,Maria,Maldonado,Navarro,UTEZ,P,Mexicana,Dir 278
13628,Raul,Cortes,Gutierrez,ITZ,E,Mexicana,Dir 542
13629,Lorena,Perez,Perez,UAEM,P,Mexicana,Dir 508
13630,Diana,Dominguez,Bautista,UPMOR,E,Mexicana,Dir 336
13631,Eduardo,Bautista,Romero,UNAM,P,Mexicana,Dir 965
13632,Oscar,Gomez,Garcia,UPMOR,E,Mexicana,Dir 417
13633,Rosa,Vargas,Sosa,UPMOR,E,Mexicana,Dir 479
13634,Alejandro,Molina,Lara,UNAM,E,Mexicana,Dir 625
13635,Beatriz,Escobar,Sanchez,UTEZ,E,Mexicana,Dir 427
13636,Oscar,Romero,Guzman,UTEZ,E,Mexicana,Dir 749
13637,Francisco,Soto,Guzman,ITZ,E,Mexicana,Dir 969
13638,Valeria,Mendez,Reyes,UNAM,E,Mexicana,Dir 189
13639,Arturo,Cervantes,Delgado,UTEZ,P,Mexicana,Dir 307
13640,Hector,Reyes,Gomez,UPMOR,P,Mexicana,Dir 1
13641,Luis,Rojas,Morales,UTEZ,E,Mexicana,Dir 169
13642,Luis,Mendez,Espinoza,UNAM,P,Mexicana,Dir 684
13643,Adriana,Velazquez,Chavez,UAEM,P,Mexicana,Dir 592
13644,Ruben,Ramirez,Medina,IPN,P,Mexicana,Dir 434
13645,Eduardo,Ramirez,Perez,IPN,P,Mexicana,Dir 379
13646,Esteban,Chavez,Ramos,IPN,P,Mexicana,Dir 654
13647,Monica,Herrera,Castillo,IPN,E,Mexicana,Dir 798
13648,Sofia,Reyes,Paredes,ITZ,E,Mexicana,Dir 308
13649,Victor,Rodriguez,Flores,ITZ,E,Mexicana,Dir 69
13650,Roberto,Lopez,Paredes,UNAM,P,Mexicana,Dir 501
13651,Claudia,Escobar,Gomez,IPN,P,Mexicana,Dir 660
13652,Daniela,Castillo,Herrera,ITZ,E,Mexicana,Dir 25
13653,Adriana,Castillo,Cabrera,ITZ,P,Mexicana,Dir 59
13654,Gabriela,Vega,Martinez,UTEZ,E,Mexicana,Dir 740
13655,Julio,Soto,Sanchez,UTEZ,E,Mexicana,Dir 231
13656,Carmen,Hernandez,Ramirez,UPMOR,P,Mexicana,Dir 621
13657,Hector,Cervantes,Paredes,ITZ,E,Mexicana,Dir 221
13658,Paola,Molina,Gonzalez,UAEM,E,Mexicana,Dir 554
13659,Elena,Diaz,Valencia,UAEM,E,Mexicana,Dir 13
13660,Javier,Gonzalez,Romero,UTEZ,P,Mexicana,Dir 875
13661,Ricardo,Castillo,Valencia,UTEZ,E,Mexicana,Dir 834
13662,Julio,Medina,Maldonado,UTEZ,E,Mexicana,Dir 96
13663,Martha,Flores,Cordova,UAEM,P,Mexicana,Dir 227
13664,Sofia,Espinoza,Lopez,UNAM,P,Mexicana,Dir 687
13665,Jose,Gomez,Silva,UPMOR,E,Mexicana,Dir 994
13666,Miguel,Castro,Cabrera,UAEM,P,Mexicana,Dir 815
13667,Arturo,Sanchez,Castillo,UTEZ,P,Mexicana,Dir 704
13668,Jose,Cruz,Delgado,UNAM,E,Mexicana,Dir 108
13669,Martha,Rojas,Rodriguez,UNAM,E,Mexicana,Dir 449
13670,Arturo,Gomez,Campos,UPMOR,P,Mexicana,Dir 542
13671,Carmen,Chavez,Herrera,ITZ,P,Mexicana,Dir 670
13672,Maria,Reyes,Aguilar,UAEM,P,Mexicana,Dir 515
13673,Andrea,Delgado,Avila,UTEZ,E,Mexicana,Dir 100
13674,Leticia,Rodriguez,Campos,ITZ,P,Mexicana,Dir 494
13675,Adriana,Cervantes,Ruiz,UTEZ,E,Mexicana,Dir 861
13676,Laura,Morales,Ramirez,UTEZ,P,Mexicana,Dir 589
13677,Carlos,Maldonado,Castillo,UNAM,E,Mexicana,Dir 562
13678,Carlos,Perez,Aguilar,ITZ,P,Mexicana,Dir 211
13679,Rumualdo,Flores,Guzman,UTEZ,E,Mexicana,Dir 483
13680,Hugo,Chavez,Castillo,IPN,P,Mexicana,Dir 549
13681,Rafael,Ramos,Guzman,IPN,E,Mexicana,Dir 619
13682,Antonio,Cruz,Cervantes,UPMOR,P,Mexicana,Dir 870
13683,Lucia,Ruiz,Sosa,UPMOR,P,Mexicana,Dir 840
13684,Diego,Munoz,Hernandez,ITZ,P,Mexicana,Dir 384
13685,Margarita,Cortes,Cortes,UPMOR,P,Mexicana,Dir 881
13686,Manuel,Sosa,Castillo,UAEM,P,Mexicana,Dir 657
13687,Miguel,Gonzalez,Espinoza,UNAM,E,Mexicana,Dir 894
13688,Monica,Gutierrez,Garza,ITZ,E,Mexicana,Dir 939
13689,Carlos,Guzman,Medina,ITZ,E,Mexicana,Dir 133
13690,Gabriela,Lopez,Castro,UNAM,E,Mexicana,Dir 896
13691,Javier,Garcia,Herrera,ITZ,E,Mexicana,Dir 567
13692,Luis,Avila,Gutierrez,IPN,E,Mexicana,Dir 359
13693,Andrea,Aguilar,Mejia,ITZ,P,Mexicana,Dir 350
13694,Ana,Cabrera,Aguilar,UTEZ,P,Mexicana,Dir 406
13695,Javier,Garza,Ramirez,UTEZ,E,Mexicana,Dir 770
13696,Laura,Gonzalez,Espinoza,UAEM,E,Mexicana,Dir 206
13697,Susana,Vargas,Escobar,UTEZ,P,Mexicana,Dir 275
13698,Patricia,Morales,Herrera,UAEM,E,Mexicana,Dir 757
13699,Margarita,Garcia,Rodriguez,ITZ,P,Mexicana,Dir 422
13700,Oscar,Cervantes,Salazar,UNAM,P,Mexicana,Dir 670
13701,Fernando,Cervantes,Molina,UPMOR,E,Mexicana,Dir 953
13702,Pedro,Rios,Sosa,UAEM,E,Mexicana,Dir 184
13703,Natalia,Paredes,Escobar,UNAM,P,Mexicana,Dir 411
13704,Jorge,Medina,Espinoza,ITZ,P,Mexicana,Dir 184
13705,Valeria,Vargas,Mendez,IPN,E,Mexicana,Dir 731
13706,Margarita,Gutierrez,Perez,ITZ,P,Mexicana,Dir 411
13707,Ricardo,Flores,Navarro,ITZ,E,Mexicana,Dir 682
13708,Jose,Reyes,Castillo,UPMOR,P,Mexicana,Dir 587
13709,Oscar,Velazquez,Sanchez,UNAM,E,Mexicana,Dir 567
13710,Rumualdo,Mejia,Guzman,UAEM,E,Mexicana,Dir 956
13711,Ricardo,Martinez,Gutierrez,ITZ,E,Mexicana,Dir 848
13712,Claudia,Vargas,Chavez,UAEM,P,Mexicana,Dir 633
13713,Victor,Navarro,Garcia,UPMOR,E,Mexicana,Dir 864
13714,Rumualdo,Flores,Rios,UTEZ,E,Mexicana,Dir 879
13715,Javier,Bautista,Lara,UNAM,P,Mexicana,Dir 186
13716,Carlos,Gonzalez,Cabrera,UAEM,P,Mexicana,Dir 664
13717,Monica,Martinez,Molina,UPMOR,P,Mexicana,Dir 984
13718,Carlos,Rojas,Sanchez,UTEZ,P,Mexicana,Dir 712
13719,Rosa,Soto,Rios,ITZ,E,Mexicana,Dir 101
13720,Ricardo,Hernandez,Mendez,UAEM,E,Mexicana,Dir 25
13721,Jose,Soto,Cortes,ITZ,P,Mexicana,Dir 299
13722,Diana,Vargas,Cabrera,UAEM,E,Mexicana,Dir 913
13723,Roberto,Cruz,Munoz,UAEM,E,Mexicana,Dir 796
13724,Luis,Morales,Martinez,ITZ,P,Mexicana,Dir 407
13725,Ricardo,Mendoza,Mendez,IPN,P,Mexicana,Dir 30
13726,Julio,Ramos,Sanchez,UTEZ,E,Mexicana,Dir 802
13727,Patricia,Cervantes,Escobar,ITZ,P,Mexicana,Dir 931
13728,Javier,Morales,Guzman,ITZ,E,Mexicana,Dir 127
13729,Daniela,Romero,Sanchez,UTEZ,E,Mexicana,Dir 388
13730,Hector,Garcia,Rodriguez,UAEM,E,Mexicana,Dir 585
13731,Maria,Chavez,Salazar,UTEZ,E,Mexicana,Dir 784
13732,Ana,Herrera,Dominguez,UAEM,P,Mexicana,Dir 745
13733,Oscar,Avila,Ruiz,IPN,P,Mexicana,Dir 862
13734,Ana,Reyes,Rojas,UNAM,E,Mexicana,Dir 816
13735,Rosa,Rojas,Gomez,UNAM,E,Mexicana,Dir 387
13736,Silvia,Hernandez,Dominguez,IPN,P,Mexicana,Dir 503
13737,Oscar,Martinez,Ramirez,UTEZ,P,Mexicana,Dir 506
13738,Rosa,Ramos,Gomez,UTEZ,E,Mexicana,Dir 560
13739,Veronica,Medina,Medina,UPMOR,P,Mexicana,Dir 80
13740,Roberto,Mejia,Hernandez,UPMOR,E,Mexicana,Dir 634
13741,Teresa,Ruiz,Rios,UTEZ,P,Mexicana,Dir 856
13742,Monica,Delgado,Bautista,UPMOR,E,Mexicana,Dir 986
13743,Esteban,Delgado,Vega,UNAM,P,Mexicana,Dir 568
13744,Rosa,Silva,Gomez,IPN,E,Mexicana,Dir 108
13745,Pedro,Flores,Cordova,UNAM,P,Mexicana,Dir 415
13746,Antonio,Perez,Ramos,UTEZ,E,Mexicana,Dir 596
13747,Monica,Molina,Bautista,UNAM,P,Mexicana,Dir 415
13748,Ruben,Molina,Gomez,UAEM,P,Mexicana,Dir 833
13749,Ruben,Garza,Rojas,UAEM,E,Mexicana,Dir 329
13750,Martha,Sanchez,Mendez,UNAM,P,Mexicana,Dir 327
13751,Javier,Martinez,Aguilar,IPN,P,Mexicana,Dir 114
13752,Diana,Cruz,Molina,UPMOR,E,Mexicana,Dir 879
13753,Rosa,Vargas,Perez,UTEZ,E,Mexicana,Dir 688
13754,Laura,Cabrera,Cortes,UPMOR,P,Mexicana,Dir 856
13755,Claudia,Avila,Maldonado,UPMOR,E,Mexicana,Dir 635
13756,Adriana,Garza,Lara,UPMOR,E,Mexicana,Dir 93
13757,Eduardo,Mejia,Escobar,UPMOR,P,Mexicana,Dir 476
13758,Rumualdo,Gomez,Soto,IPN,P,Mexicana,Dir 572
13759,Hector,Rojas,Mendez,ITZ,E,Mexicana,Dir 401
13760,Ana,Bautista,Cruz,IPN,P,Mexicana,Dir 838
13761,Pedro,Garcia,Sosa,ITZ,P,Mexicana,Dir 920
13762,Teresa,Vargas,Dominguez,ITZ,P,Mexicana,Dir 994
13763,Beatriz,Sosa,Rojas,UPMOR,P,Mexicana,Dir 838
13764,Margarita,Mendoza,Paredes,UPMOR,E,Mexicana,Dir 376
13765,Luis,Chavez,Flores,IPN,P,Mexicana,Dir 306
13766,Ruben,Cordova,Delgado,UPMOR,E,Mexicana,Dir 191
13767,Jorge,Silva,Cervantes,ITZ,E,Mexicana,Dir 214
13768,Adriana,Flores,Mendoza,UNAM,E,Mexicana,Dir 942
13769,Lorena,Paredes,Sosa,UTEZ,E,Mexicana,Dir 285
13770,Carmen,Herrera,Morales,IPN,E,Mexicana,Dir 228
13771,Gabriela,Vargas,Cabrera,ITZ,P,Mexicana,Dir 940
13772,Roberto,Sosa,Gomez,UTEZ,P,Mexicana,Dir 970
13773,Valeria,Silva,Guzman,ITZ,E,Mexicana,Dir 367
13774,Ana,Cervantes,Reyes,UAEM,P,Mexicana,Dir 396
13775,Manuel,Navarro,Perez,UPMOR,P,Mexicana,Dir 12
13776,Adriana,Valencia,Maldonado,UAEM,E,Mexicana,Dir 150
13777,Susana,Ortiz,Escobar,UPMOR,P,Mexicana,Dir 880
13778,Margarita,Lopez,Espinoza,ITZ,E,Mexicana,Dir 50
13779,Rumualdo,Lopez,Cruz,UTEZ,E,Mexicana,Dir 924
13780,Jesus,Mendoza,Maldonado,UPMOR,E,Mexicana,Dir 163
13781,Pedro,Valencia,Bautista,UAEM,P,Mexicana,Dir 895
13782,Teresa,Mejia,Dominguez,IPN,P,Mexicana,Dir 273
13783,Roberto,Rodriguez,Lara,ITZ,P,Mexicana,Dir 374
13784,Javier,Campos,Molina,UPMOR,E,Mexicana,Dir 435
13785,Rosa,Ortiz,Delgado,IPN,P,Mexicana,Dir 938
13786,Lorena,Navarro,Gomez,ITZ,P,Mexicana,Dir 382
13787,Natalia,Martinez,Silva,UTEZ,P,Mexicana,Dir 578
13788,Ana,Chavez,Cervantes,UAEM,E,Mexicana,Dir 497
13789,Hugo,Gutierrez,Lara,IPN,P,Mexicana,Dir 515
13790,Jesus,Escobar,Reyes,UAEM,P,Mexicana,Dir 131
13791,Fernando,Salazar,Escobar,UPMOR,P,Mexicana,Dir 286
13792,Monica,Silva,Delgado,UPMOR,E,Mexicana,Dir 459
13793,Carlos,Herrera,Morales,UPMOR,E,Mexicana,Dir 549
13794,Teresa,Ruiz,Romero,UAEM,P,Mexicana,Dir 290
13795,Javier,Avila,Ramirez,ITZ,P,Mexicana,Dir 964
13796,Silvia,Cortes,Hernandez,IPN,E,Mexicana,Dir 981
13797,Luis,Lara,Ortiz,IPN,E,Mexicana,Dir 399
13798,Beatriz,Mejia,Gomez,UAEM,P,Mexicana,Dir 608
13799,Adriana,Molina,Flores,UNAM,P,Mexicana,Dir 249
13800,Gabriela,Herrera,Reyes,UAEM,E,Mexicana,Dir 701
13801,Eduardo,Ramirez,Cortes,UAEM,E,Mexicana,Dir 178
13802,Antonio,Navarro,Medina,UAEM,E,Mexicana,Dir 690
13803,Gael,Velazquez,Medina,UNAM,P,Mexicana,Dir 550
13804,Gerardo,Campos,Gomez,UPMOR,P,Mexicana,Dir 435
13805,Diana,Bautista,Lara,UPMOR,E,Mexicana,Dir 36
13806,Diego,Mendez,Flores,UNAM,P,Mexicana,Dir 313
13807,Veronica,Velazquez,Valencia,UTEZ,P,Mexicana,Dir 958
13808,Paola,Rojas,Cabrera,ITZ,E,Mexicana,Dir 479
13809,Carolina,Rios,Espinoza,ITZ,E,Mexicana,Dir 909
13810,Manuel,Diaz,Sanchez,UTEZ,E,Mexicana,Dir 831
13811,Luis,Vega,Aguilar,UAEM,E,Mexicana,Dir 683
13812,Diana,Rodriguez,Sanchez,ITZ,P,Mexicana,Dir 440
13813,Gabriela,Valencia,Cordova,UAEM,P,Mexicana,Dir 311
13814,Natalia,Garcia,Campos,IPN,E,Mexicana,Dir 951
13815,Eduardo,Molina,Cortes,UAEM,E,Mexicana,Dir 583
13816,Esteban,Campos,Munoz,ITZ,E,Mexicana,Dir 679
13817,Elena,Cabrera,Sosa,UNAM,P,Mexicana,Dir 409
13818,Paola,Dominguez,Soto,UNAM,E,Mexicana,Dir 449
13819,Julio,Garcia,Herrera,ITZ,E,Mexicana,Dir 691
13820,Beatriz,Romero,Sosa,IPN,E,Mexicana,Dir 455
13821,Antonio,Munoz,Valencia,UNAM,P,Mexicana,Dir 140
13822,Julio,Bautista,Valencia,ITZ,E,Mexicana,Dir 540
13823,Teresa,Rodriguez,Reyes,UTEZ,E,Mexicana,Dir 559
13824,Veronica,Mendez,Salazar,ITZ,P,Mexicana,Dir 663
13825,Alejandro,Salazar,Silva,UNAM,P,Mexicana,Dir 446
13826,Gerardo,Chavez,Delgado,UTEZ,P,Mexicana,Dir 504
13827,Rafael,Garza,Guzman,ITZ,P,Mexicana,Dir 732
13828,Ricardo,Salazar,Silva,UNAM,P,Mexicana,Dir 726
13829,Miguel,Garza,Lopez,UTEZ,P,Mexicana,Dir 639
13830,Susana,Ramirez,Sanchez,ITZ,P,Mexicana,Dir 470
13831,Ruben,Reyes,Guzman,UTEZ,E,Mexicana,Dir 26
13832,Martin,Flores,Diaz,IPN,P,Mexicana,Dir 475
13833,Luis,Guzman,Velazquez,IPN,P,Mexicana,Dir 966
13834,Andrea,Rios,Garcia,UTEZ,E,Mexicana,Dir 656
13835,Adriana,Ramirez,Cabrera,UNAM,P,Mexicana,Dir 31
13836,Carolina,Vargas,Gomez,IPN,E,Mexicana,Dir 108
13837,Arturo,Medina,Lara,ITZ,P,Mexicana,Dir 893
13838,Natalia,Maldonado,Rodriguez,UAEM,P,Mexicana,Dir 551
13839,Antonio,Herrera,Romero,IPN,P,Mexicana,Dir 685
13840,Daniela,Rodriguez,Lara,ITZ,E,Mexicana,Dir 25
13841,Victor,Sosa,Maldonado,IPN,E,Mexicana,Dir 201
13842,Paola,Guzman,Espinoza,UTEZ,E,Mexicana,Dir 741
13843,Roberto,Vega,Castro,UNAM,E,Mexicana,Dir 206
13844,Teresa,Valencia,Reyes,UNAM,P,Mexicana,Dir 823
13845,Paola,Molina,Martinez,UNAM,P,Mexicana,Dir 260
13846,Raul,Rojas,Delgado,UAEM,E,Mexicana,Dir 665
13847,Jesus,Cervantes,Rodriguez,UNAM,E,Mexicana,Dir 221
13848,Leticia,Medina,Rodriguez,UNAM,P,Mexicana,Dir 610
13849,Carlos,Flores,Gonzalez,UPMOR,P,Mexicana,Dir 507
13850,Patricia,Gutierrez,Paredes,ITZ,P,Mexicana,Dir 488
13851,Valeria,Vega,Escobar,UTEZ,E,Mexicana,Dir 365
13852,Elena,Rodriguez,Avila,IPN,E,Mexicana,Dir 866
13853,Hugo,Garcia,Rojas,ITZ,E,Mexicana,Dir 642
13854,Andrea,Lopez,Ramirez,UNAM,E,Mexicana,Dir 340
13855,Andrea,Ramos,Maldonado,UTEZ,P,Mexicana,Dir 757
13856,Antonio,Avila,Perez,UPMOR,P,Mexicana,Dir 836
13857,Luis,Salazar,Espinoza,UAEM,E,Mexicana,Dir 622
13858,Lorena,Espinoza,Ramos,UPMOR,E,Mexicana,Dir 237
13859,Natalia,Avila,Soto,UTEZ,E,Mexicana,Dir 225
13860,Hugo,Hernandez,Avila,UTEZ,E,Mexicana,Dir 964
13861,Diego,Escobar,Vargas,UTEZ,P,Mexicana,Dir 258
13862,Carmen,Mejia,Silva,UAEM,E,Mexicana,Dir 174
13863,Hugo,Gomez,Campos,UTEZ,E,Mexicana,Dir 845
13864,Patricia,Navarro,Vega,UNAM,P,Mexicana,Dir 480
13865,Rumualdo,Maldonado,Rodriguez,UNAM,P,Mexicana,Dir 309
13866,Laura,Navarro,Reyes,UAEM,P,Mexicana,Dir 466
13867,Manuel,Dominguez,Ortiz,UTEZ,P,Mexicana,Dir 255
13868,Roberto,Dominguez,Vargas,UPMOR,E,Mexicana,Dir 499
13869,Leticia,Mendez,Munoz,UNAM,E,Mexicana,Dir 221
13870,Manuel,Rojas,Valencia,UTEZ,E,Mexicana,Dir 375
13871,Daniela,Espinoza,Ramos,IPN,P,Mexicana,Dir 807
13872,Raul,Castillo,Gutierrez,UAEM,E,Mexicana,Dir 664
13873,Veronica,Soto,Martinez,IPN,E,Mexicana,Dir 236
13874,Rosa,Escobar,Herrera,UTEZ,P,Mexicana,Dir 668
13875,Rumualdo,Navarro,Molina,IPN,P,Mexicana,Dir 861
13876,Sofia,Paredes,Dominguez,UAEM,P,Mexicana,Dir 938
13877,Luis,Navarro,Garcia,UNAM,E,Mexicana,Dir 128
13878,Margarita,Lopez,Rios,ITZ,P,Mexicana,Dir 814
13879,Beatriz,Herrera,Ruiz,IPN,P,Mexicana,Dir 970
13880,Monica,Soto,Vargas,UAEM,E,Mexicana,Dir 301
13881,Jesus,Sanchez,Morales,UAEM,E,Mexicana,Dir 798
13882,Veronica,Garcia,Bautista,UNAM,E,Mexicana,Dir 536
13883,Monica,Soto,Soto,IPN,P,Mexicana,Dir 613
13884,Silvia,Lopez,Valencia,UTEZ,E,Mexicana,Dir 942
13885,Javier,Navarro,Sosa,ITZ,E,Mexicana,Dir 949
13886,Beatriz,Rojas,Ramirez,ITZ,E,Mexicana,Dir 736
13887,Oscar,Espinoza,Molina,UPMOR,E,Mexicana,Dir 669
13888,Luis,Aguilar,Garza,IPN,E,Mexicana,Dir 269
13889,Jesus,Romero,Delgado,UPMOR,E,Mexicana,Dir 51
13890,Martin,Gonzalez,Diaz,UNAM,E,Mexicana,Dir 821
13891,Claudia,Guzman,Espinoza,UPMOR,P,Mexicana,Dir 108
13892,Silvia,Lara,Avila,UNAM,P,Mexicana,Dir 744
13893,Veronica,Flores,Romero,UPMOR,P,Mexicana,Dir 457
13894,Jorge,Vega,Martinez,UPMOR,E,Mexicana,Dir 682
13895,Lorena,Espinoza,Mejia,UPMOR,E,Mexicana,Dir 546
13896,Diego,Cortes,Avila,ITZ,P,Mexicana,Dir 466
13897,Patricia,Valencia,Rios,ITZ,P,Mexicana,Dir 331
13898,Rumualdo,Diaz,Flores,UNAM,P,Mexicana,Dir 152
13899,Maria,Paredes,Gomez,UAEM,P,Mexicana,Dir 141
13900,Fernando,Delgado,Mejia,UPMOR,P,Mexicana,Dir 962
13901,Patricia,Valencia,Escobar,UPMOR,P,Mexicana,Dir 658
13902,Valeria,Munoz,Mejia,IPN,E,Mexicana,Dir 640
13903,Veronica,Delgado,Martinez,UNAM,E,Mexicana,Dir 71
13904,Maria,Martinez,Molina,ITZ,E,Mexicana,Dir 188
13905,Leticia,Sosa,Ruiz,UNAM,E,Mexicana,Dir 349
13906,Lucia,Salazar,Garza,IPN,E,Mexicana,Dir 149
13907,Pedro,Cortes,Valencia,ITZ,E,Mexicana,Dir 802
13908,Julio,Sosa,Ramirez,UAEM,P,Mexicana,Dir 401
13909,Carmen,Velazquez,Rodriguez,IPN,P,Mexicana,Dir 113
13910,Jose,Dominguez,Espinoza,UTEZ,P,Mexicana,Dir 790
13911,Laura,Rojas,Cervantes,UAEM,P,Mexicana,Dir 963
13912,Veronica,Herrera,Navarro,UAEM,E,Mexicana,Dir 864
13913,Monica,Guzman,Diaz,UAEM,P,Mexicana,Dir 431
13914,Roberto,Morales,Silva,IPN,E,Mexicana,Dir 231
13915,Martha,Bautista,Romero,UNAM,E,Mexicana,Dir 848
13916,Patricia,Bautista,Mendoza,ITZ,E,Mexicana,Dir 150
13917,Alejandro,Chavez,Silva,IPN,P,Mexicana,Dir 696
13918,Diego,Perez,Diaz,IPN,P,Mexicana,Dir 882
13919,Pedro,Aguilar,Rios,UPMOR,P,Mexicana,Dir 513
13920,Patricia,Ortiz,Morales,UAEM,E,Mexicana,Dir 115
13921,Veronica,Lara,Medina,IPN,P,Mexicana,Dir 768
13922,Pedro,Soto,Gomez,UAEM,P,Mexicana,Dir 525
13923,Gael,Escobar,Cortes,UPMOR,E,Mexicana,Dir 53
13924,Ricardo,Velazquez,Silva,IPN,E,Mexicana,Dir 367
13925,Paola,Maldonado,Hernandez,ITZ,P,Mexicana,Dir 671
13926,Alejandro,Garza,Romero,UPMOR,P,Mexicana,Dir 912
13927,Rosa,Salazar,Cabrera,UPMOR,P,Mexicana,Dir 137
13928,Martha,Sanchez,Guzman,IPN,E,Mexicana,Dir 641
13929,Ana,Martinez,Munoz,UNAM,P,Mexicana,Dir 21
13930,Veronica,Garcia,Maldonado,UAEM,P,Mexicana,Dir 323
13931,Eduardo,Maldonado,Molina,UAEM,E,Mexicana,Dir 684
13932,Veronica,Romero,Maldonado,UTEZ,E,Mexicana,Dir 562
13933,Ricardo,Sosa,Rios,UTEZ,E,Mexicana,Dir 941
13934,Martha,Hernandez,Hernandez,ITZ,P,Mexicana,Dir 527
13935,Julio,Campos,Ortiz,IPN,P,Mexicana,Dir 753
13936,Rosa,Garcia,Ramos,UAEM,P,Mexicana,Dir 764
13937,Monica,Rojas,Mendoza,UTEZ,P,Mexicana,Dir 544
13938,Rumualdo,Rios,Guzman,UNAM,P,Mexicana,Dir 946
13939,Maria,Vega,Hernandez,UNAM,E,Mexicana,Dir 162
13940,Maria,Cortes,Rios,UPMOR,P,Mexicana,Dir 727
13941,Martha,Rodriguez,Herrera,UAEM,E,Mexicana,Dir 521
13942,Rumualdo,Delgado,Hernandez,ITZ,P,Mexicana,Dir 628
13943,Raul,Gonzalez,Rios,UPMOR,E,Mexicana,Dir 7
13944,Diana,Sanchez,Cervantes,UPMOR,E,Mexicana,Dir 899
13945,Valeria,Medina,Morales,UNAM,E,Mexicana,Dir 759
13946,Francisco,Medina,Mendoza,IPN,P,Mexicana,Dir 328
13947,Rumualdo,Mejia,Ramos,UAEM,P,Mexicana,Dir 630
13948,Valeria,Romero,Chavez,IPN,E,Mexicana,Dir 56
13949,Susana,Maldonado,Cervantes,IPN,P,Mexicana,Dir 266
13950,Rafael,Garza,Garcia,UAEM,P,Mexicana,Dir 453
13951,Beatriz,Morales,Morales,UPMOR,P,Mexicana,Dir 53
13952,Esteban,Lara,Ramos,UPMOR,E,Mexicana,Dir 85
13953,Rafael,Salazar,Hernandez,UAEM,P,Mexicana,Dir 206
13954,Gael,Cervantes,Delgado,UPMOR,P,Mexicana,Dir 929
13955,Diana,Paredes,Mejia,IPN,P,Mexicana,Dir 653
13956,Alejandro,Castillo,Mendez,UNAM,P,Mexicana,Dir 895
13957,Maria,Aguilar,Vega,UAEM,P,Mexicana,Dir 549
13958,Victor,Lopez,Aguilar,ITZ,E,Mexicana,Dir 752
13959,Margarita,Cordova,Gutierrez,UTEZ,E,Mexicana,Dir 212
13960,Eduardo,Medina,Ramos,UTEZ,P,Mexicana,Dir 415
13961,Rumualdo,Rios,Navarro,ITZ,E,Mexicana,Dir 803
13962,Javier,Cruz,Lara,ITZ,E,Mexicana,Dir 420
13963,Hector,Gutierrez,Dominguez,ITZ,E,Mexicana,Dir 872
13964,Daniela,Salazar,Rodriguez,UTEZ,P,Mexicana,Dir 391
13965,Jesus,Morales,Garcia,UTEZ,P,Mexicana,Dir 587
13966,Gerardo,Aguilar,Ramos,UPMOR,E,Mexicana,Dir 938
13967,Julio,Soto,Soto,UPMOR,E,Mexicana,Dir 852
13968,Leticia,Munoz,Cervantes,UAEM,P,Mexicana,Dir 180
13969,Maria,Mendoza,Mejia,UAEM,E,Mexicana,Dir 479
13970,Gael,Velazquez,Diaz,UNAM,P,Mexicana,Dir 776
13971,Patricia,Silva,Chavez,UPMOR,P,Mexicana,Dir 274
13972,Lucia,Valencia,Vargas,IPN,P,Mexicana,Dir 428
13973,Victor,Sanchez,Avila,IPN,E,Mexicana,Dir 247
13974,Carmen,Morales,Maldonado,UTEZ,P,Mexicana,Dir 510
13975,Veronica,Navarro,Diaz,UAEM,E,Mexicana,Dir 19
13976,Jesus,Espinoza,Garza,UPMOR,P,Mexicana,Dir 1
13977,Fernando,Cruz,Maldonado,ITZ,E,Mexicana,Dir 866
13978,Lucia,Lara,Herrera,UTEZ,E,Mexicana,Dir 120
13979,Antonio,Garcia,Lopez,UAEM,P,Mexicana,Dir 600
13980,Carlos,Gomez,Rojas,UTEZ,E,Mexicana,Dir 220
13981,Ricardo,Gutierrez,Soto,UAEM,E,Mexicana,Dir 632
13982,Antonio,Mejia,Sanchez,UNAM,P,Mexicana,Dir 650
13983,Ruben,Rodriguez,Rojas,UTEZ,P,Mexicana,Dir 716
13984,Lucia,Rodriguez,Diaz,IPN,E,Mexicana,Dir 160
13985,Lucia,Perez,Herrera,UTEZ,P,Mexicana,Dir 467
13986,Martin,Guzman,Escobar,UPMOR,P,Mexicana,Dir 690
13987,Miguel,Garza,Flores,UAEM,P,Mexicana,Dir 710
13988,Lucia,Aguilar,Ramirez,UTEZ,E,Mexicana,Dir 777
13989,Ana,Mendez,Reyes,UAEM,E,Mexicana,Dir 929
13990,Diego,Soto,Cabrera,UTEZ,P,Mexicana,Dir 472
13991,Lucia,Gutierrez,Garcia,UAEM,P,Mexicana,Dir 698
13992,Miguel,Sanchez,Garza,UPMOR,P,Mexicana,Dir 32
13993,Valeria,Romero,Cabrera,UNAM,E,Mexicana,Dir 489
13994,Alejandro,Garza,Aguilar,UPMOR,E,Mexicana,Dir 344
13995,Carolina,Espinoza,Cervantes,UPMOR,P,Mexicana,Dir 564
13996,Ruben,Diaz,Ramirez,UTEZ,E,Mexicana,Dir 504
13997,Natalia,Ramos,Lopez,IPN,E,Mexicana,Dir 461
13998,Teresa,Flores,Dominguez,ITZ,E,Mexicana,Dir 551
13999,Martin,Romero,Rios,UTEZ,E,Mexicana,Dir 354
14000,Ruben,Espinoza,Medina,UAEM,E,Mexicana,Dir 570
14001,Susana,Maldonado,Diaz,IPN,E,Mexicana,Dir 682
14002,Javier,Escobar,Valencia,UTEZ,E,Mexicana,Dir 986
14003,Ana,Campos,Silva,IPN,P,Mexicana,Dir 397
14004,Martha,Lara,Mendez,UTEZ,P,Mexicana,Dir 626
14005,Veronica,Cabrera,Romero,UTEZ,P,Mexicana,Dir 615
14006,Adriana,Velazquez,Escobar,ITZ,P,Mexicana,Dir 813
14007,Margarita,Lopez,Guzman,UNAM,E,Mexicana,Dir 756
14008,Martin,Hernandez,Cervantes,ITZ,P,Mexicana,Dir 301
14009,Raul,Cortes,Rodriguez,IPN,P,Mexicana,Dir 786
14010,Patricia,Salazar,Lara,UAEM,E,Mexicana,Dir 799
14011,Esteban,Munoz,Vega,UAEM,P,Mexicana,Dir 915
14012,Victor,Valencia,Campos,ITZ,P,Mexicana,Dir 909
14013,Elena,Cabrera,Reyes,UAEM,E,Mexicana,Dir 526
14014,Arturo,Salazar,Perez,IPN,P,Mexicana,Dir 285
14015,Hugo,Garza,Cortes,UNAM,E,Mexicana,Dir 312
14016,Arturo,Aguilar,Valencia,UTEZ,P,Mexicana,Dir 877
14017,Beatriz,Lara,Sanchez,IPN,P,Mexicana,Dir 210
14018,Natalia,Paredes,Rodriguez,IPN,E,Mexicana,Dir 801
14019,Patricia,Espinoza,Garcia,UAEM,E,Mexicana,Dir 409
14020,Rosa,Navarro,Cruz,UPMOR,E,Mexicana,Dir 19
14021,Maria,Sanchez,Hernandez,IPN,P,Mexicana,Dir 418
14022,Susana,Rios,Cervantes,UPMOR,E,Mexicana,Dir 306
14023,Hugo,Gonzalez,Guzman,IPN,P,Mexicana,Dir 597
14024,Beatriz,Lopez,Dominguez,UNAM,E,Mexicana,Dir 276
14025,Esteban,Sosa,Soto,UAEM,P,Mexicana,Dir 974
14026,Carlos,Dominguez,Cordova,UAEM,P,Mexicana,Dir 536
14027,Julio,Dominguez,Paredes,IPN,E,Mexicana,Dir 376
14028,Lucia,Salazar,Navarro,UPMOR,P,Mexicana,Dir 895
14029,Adriana,Perez,Molina,IPN,E,Mexicana,Dir 374
14030,Javier,Reyes,Avila,ITZ,P,Mexicana,Dir 992
14031,Silvia,Valencia,Gonzalez,UPMOR,P,Mexicana,Dir 64
14032,Francisco,Cordova,Rodriguez,ITZ,P,Mexicana,Dir 715
14033,Diego,Reyes,Sanchez,UAEM,E,Mexicana,Dir 682
14034,Ana,Cruz,Soto,UNAM,E,Mexicana,Dir 965
14035,Claudia,Mendez,Vargas,IPN,P,Mexicana,Dir 780
14036,Monica,Diaz,Soto,ITZ,E,Mexicana,Dir 584
14037,Laura,Aguilar,Lopez,IPN,P,Mexicana,Dir 473
14038,Susana,Guzman,Campos,IPN,P,Mexicana,Dir 616
14039,Roberto,Mendez,Maldonado,UNAM,P,Mexicana,Dir 446
14040,Alejandro,Rojas,Dominguez,UNAM,P,Mexicana,Dir 351
14041,Adriana,Gutierrez,Cabrera,IPN,P,Mexicana,Dir 396
14042,Martin,Silva,Herrera,UPMOR,P,Mexicana,Dir 639
14043,Rumualdo,Paredes,Munoz,IPN,E,Mexicana,Dir 766
14044,Diana,Delgado,Gonzalez,UPMOR,P,Mexicana,Dir 648
14045,Diana,Dominguez,Gutierrez,UAEM,E,Mexicana,Dir 28
14046,Ruben,Garza,Maldonado,ITZ,P,Mexicana,Dir 452
14047,Martha,Espinoza,Ruiz,UNAM,E,Mexicana,Dir 742
14048,Hector,Martinez,Vega,UTEZ,P,Mexicana,Dir 389
14049,Teresa,Vargas,Castillo,UPMOR,E,Mexicana,Dir 828
14050,Ana,Navarro,Rojas,UPMOR,E,Mexicana,Dir 923
14051,Eduardo,Ramos,Escobar,ITZ,P,Mexicana,Dir 977
14052,Rumualdo,Valencia,Dominguez,UAEM,E,Mexicana,Dir 524
14053,Hector,Mendez,Soto,UPMOR,P,Mexicana,Dir 507
14054,Carlos,Delgado,Maldonado,UNAM,E,Mexicana,Dir 407
14055,Pedro,Dominguez,Guzman,UPMOR,E,Mexicana,Dir 570
14056,Pedro,Cabrera,Lopez,UAEM,E,Mexicana,Dir 522
14057,Laura,Dominguez,Sosa,IPN,P,Mexicana,Dir 771
14058,Fernando,Flores,Sanchez,IPN,P,Mexicana,Dir 60
14059,Rafael,Guzman,Perez,ITZ,P,Mexicana,Dir 779
14060,Alejandro,Cabrera,Lara,UAEM,E,Mexicana,Dir 390
14061,Rumualdo,Molina,Ruiz,ITZ,P,Mexicana,Dir 349
14062,Jose,Morales,Velazquez,UNAM,P,Mexicana,Dir 773
14063,Pedro,Velazquez,Garcia,ITZ,P,Mexicana,Dir 639
14064,Alejandro,Munoz,Avila,UAEM,P,Mexicana,Dir 966
14065,Patricia,Lopez,Mejia,IPN,E,Mexicana,Dir 841
14066,Luis,Medina,Campos,UAEM,P,Mexicana,Dir 32
14067,Adriana,Velazquez,Morales,UNAM,P,Mexicana,Dir 482
14068,Manuel,Morales,Delgado,IPN,P,Mexicana,Dir 497
14069,Susana,Herrera,Ramirez,UAEM,E,Mexicana,Dir 90
14070,Rumualdo,Cortes,Paredes,UTEZ,E,Mexicana,Dir 627
14071,Hector,Garza,Morales,IPN,E,Mexicana,Dir 949
14072,Javier,Dominguez,Vargas,ITZ,P,Mexicana,Dir 866
14073,Fernando,Cordova,Herrera,UNAM,P,Mexicana,Dir 165
14074,Daniela,Cortes,Ortiz,UAEM,E,Mexicana,Dir 527
14075,Javier,Bautista,Cruz,IPN,E,Mexicana,Dir 275
14076,Susana,Sosa,Gonzalez,UTEZ,P,Mexicana,Dir 20
14077,Valeria,Velazquez,Ruiz,UTEZ,E,Mexicana,Dir 28
14078,Margarita,Morales,Lopez,UAEM,E,Mexicana,Dir 233
14079,Maria,Lopez,Ramirez,UPMOR,P,Mexicana,Dir 700
14080,Susana,Gomez,Cordova,IPN,E,Mexicana,Dir 708
14081,Gabriela,Castillo,Diaz,ITZ,P,Mexicana,Dir 759
14082,Elena,Gomez,Silva,UPMOR,P,Mexicana,Dir 651
14083,Adriana,Castro,Gutierrez,ITZ,E,Mexicana,Dir 666
14084,Susana,Lopez,Escobar,IPN,E,Mexicana,Dir 452
14085,Esteban,Hernandez,Dominguez,UTEZ,P,Mexicana,Dir 227
14086,Lorena,Lara,Cortes,UPMOR,E,Mexicana,Dir 753
14087,Esteban,Ramirez,Garcia,ITZ,E,Mexicana,Dir 589
14088,Jesus,Vega,Cabrera,UPMOR,E,Mexicana,Dir 62
14089,Martin,Mendez,Cervantes,UNAM,E,Mexicana,Dir 751
14090,Ricardo,Herrera,Mejia,IPN,E,Mexicana,Dir 779
14091,Carolina,Lara,Martinez,ITZ,P,Mexicana,Dir 10
14092,Rafael,Molina,Navarro,UNAM,E,Mexicana,Dir 363
14093,Carolina,Bautista,Rojas,UTEZ,P,Mexicana,Dir 938
14094,Pedro,Perez,Flores,UAEM,P,Mexicana,Dir 835
14095,Antonio,Cabrera,Velazquez,UTEZ,E,Mexicana,Dir 521
14096,Paola,Martinez,Vargas,IPN,E,Mexicana,Dir 905
14097,Veronica,Escobar,Reyes,UAEM,E,Mexicana,Dir 600
14098,Lorena,Escobar,Valencia,UTEZ,P,Mexicana,Dir 106
14099,Ruben,Paredes,Reyes,IPN,P,Mexicana,Dir 364
14100,Diana,Medina,Espinoza,UAEM,P,Mexicana,Dir 902
14101,Martha,Escobar,Ruiz,IPN,E,Mexicana,Dir 257
14102,Adriana,Campos,Avila,UPMOR,E,Mexicana,Dir 205
14103,Alejandro,Velazquez,Mendoza,UPMOR,E,Mexicana,Dir 630
14104,Francisco,Martinez,Cordova,UTEZ,E,Mexicana,Dir 848
14105,Javier,Medina,Mendoza,IPN,P,Mexicana,Dir 163
14106,Miguel,Molina,Chavez,IPN,E,Mexicana,Dir 731
14107,Martin,Mendoza,Garza,ITZ,E,Mexicana,Dir 5
14108,Valeria,Munoz,Valencia,UPMOR,P,Mexicana,Dir 524
14109,Monica,Maldonado,Gutierrez,UTEZ,P,Mexicana,Dir 761
14110,Miguel,Flores,Herrera,UPMOR,E,Mexicana,Dir 857
14111,Margarita,Rojas,Ramirez,UPMOR,P,Mexicana,Dir 612
14112,Esteban,Salazar,Chavez,UTEZ,E,Mexicana,Dir 439
14113,Julio,Sosa,Gonzalez,UNAM,E,Mexicana,Dir 232
14114,Rumualdo,Escobar,Garcia,UAEM,E,Mexicana,Dir 959
14115,Antonio,Lara,Dominguez,UNAM,E,Mexicana,Dir 731
14116,Esteban,Castro,Salazar,UAEM,E,Mexicana,Dir 351
14117,Daniela,Munoz,Paredes,ITZ,P,Mexicana,Dir 20
14118,Laura,Valencia,Cervantes,IPN,P,Mexicana,Dir 149
14119,Manuel,Munoz,Martinez,ITZ,P,Mexicana,Dir 412
14120,Carolina,Ortiz,Salazar,UPMOR,P,Mexicana,Dir 188
14121,Teresa,Vega,Mejia,UTEZ,P,Mexicana,Dir 820
14122,Claudia,Mendez,Aguilar,ITZ,P,Mexicana,Dir 488
14123,Miguel,Navarro,Cortes,UAEM,E,Mexicana,Dir 920
14124,Natalia,Castro,Cortes,UPMOR,E,Mexicana,Dir 515
14125,Monica,Diaz,Bautista,UAEM,E,Mexicana,Dir 181
14126,Jose,Gomez,Cortes,UNAM,P,Mexicana,Dir 554
14127,Rumualdo,Valencia,Martinez,UTEZ,E,Mexicana,Dir 962
14128,Martin,Campos,Castro,UTEZ,E,Mexicana,Dir 232
14129,Margarita,Medina,Mendez,IPN,P,Mexicana,Dir 322
14130,Beatriz,Rojas,Avila,UPMOR,E,Mexicana,Dir 761
14131,Raul,Garza,Chavez,ITZ,P,Mexicana,Dir 747
14132,Silvia,Navarro,Lopez,UPMOR,P,Mexicana,Dir 699
14133,Pedro,Vega,Flores,UTEZ,P,Mexicana,Dir 626
14134,Rosa,Gutierrez,Vega,UAEM,P,Mexicana,Dir 47
14135,Esteban,Cordova,Castillo,UAEM,E,Mexicana,Dir 144
14136,Carlos,Campos,Hernandez,UTEZ,P,Mexicana,Dir 973
14137,Luis,Campos,Avila,ITZ,E,Mexicana,Dir 551
14138,Jose,Diaz,Silva,IPN,P,Mexicana,Dir 485
14139,Carlos,Munoz,Gomez,UTEZ,P,Mexicana,Dir 744
14140,Rosa,Sosa,Molina,ITZ,P,Mexicana,Dir 538
14141,Ana,Rodriguez,Garza,UPMOR,P,Mexicana,Dir 203
14142,Teresa,Navarro,Ortiz,UNAM,P,Mexicana,Dir 742
14143,Miguel,Sanchez,Gutierrez,ITZ,P,Mexicana,Dir 831
14144,Ricardo,Avila,Guzman,UPMOR,P,Mexicana,Dir 706
14145,Arturo,Chavez,Dominguez,ITZ,P,Mexicana,Dir 6
14146,Monica,Salazar,Ruiz,UNAM,E,Mexicana,Dir 505
14147,Jose,Cordova,Espinoza,UAEM,E,Mexicana,Dir 539
14148,Jorge,Rios,Mendez,UAEM,E,Mexicana,Dir 383
14149,Carmen,Bautista,Guzman,ITZ,P,Mexicana,Dir 806
14150,Lorena,Sosa,Cordova,UAEM,P,Mexicana,Dir 641
14151,Miguel,Dominguez,Mendoza,IPN,P,Mexicana,Dir 78
14152,Gabriela,Silva,Garza,UTEZ,P,Mexicana,Dir 913
14153,Arturo,Valencia,Vega,IPN,E,Mexicana,Dir 77
14154,Lucia,Castro,Molina,UTEZ,E,Mexicana,Dir 916
14155,Natalia,Rodriguez,Paredes,UPMOR,E,Mexicana,Dir 802
14156,Claudia,Castillo,Navarro,UNAM,E,Mexicana,Dir 388
14157,Gerardo,Sosa,Dominguez,UPMOR,P,Mexicana,Dir 960
14158,Fernando,Chavez,Sanchez,UTEZ,P,Mexicana,Dir 397
14159,Alejandro,Ramos,Ramirez,UTEZ,P,Mexicana,Dir 873
14160,Rosa,Cabrera,Rodriguez,UNAM,P,Mexicana,Dir 189
14161,Pedro,Delgado,Morales,UNAM,E,Mexicana,Dir 178
14162,Veronica,Soto,Diaz,UNAM,P,Mexicana,Dir 597
14163,Gerardo,Cabrera,Rodriguez,ITZ,E,Mexicana,Dir 302
14164,Sofia,Ramirez,Gonzalez,IPN,P,Mexicana,Dir 274
14165,Susana,Paredes,Sanchez,ITZ,E,Mexicana,Dir 695
14166,Jesus,Mejia,Garza,ITZ,E,Mexicana,Dir 923
14167,Gael,Guzman,Perez,UNAM,P,Mexicana,Dir 846
14168,Alejandro,Soto,Maldonado,UPMOR,P,Mexicana,Dir 846
14169,Luis,Ramos,Cruz,IPN,E,Mexicana,Dir 934
14170,Esteban,Ramirez,Cordova,UAEM,E,Mexicana,Dir 471
14171,Sofia,Herrera,Molina,UAEM,P,Mexicana,Dir 276
14172,Gabriela,Soto,Flores,UAEM,P,Mexicana,Dir 612
14173,Daniela,Silva,Hernandez,UPMOR,E,Mexicana,Dir 505
14174,Eduardo,Perez,Valencia,UNAM,E,Mexicana,Dir 632
14175,Gerardo,Perez,Herrera,UAEM,E,Mexicana,Dir 381
14176,Roberto,Vargas,Espinoza,ITZ,E,Mexicana,Dir 84
14177,Susana,Aguilar,Valencia,UAEM,P,Mexicana,Dir 218
14178,Miguel,Avila,Paredes,UNAM,E,Mexicana,Dir 696
14179,Andrea,Soto,Rios,UNAM,E,Mexicana,Dir 324
14180,Rosa,Ruiz,Rodriguez,IPN,E,Mexicana,Dir 783
14181,Roberto,Flores,Ortiz,UNAM,E,Mexicana,Dir 40
14182,Luis,Chavez,Rodriguez,IPN,P,Mexicana,Dir 241
14183,Francisco,Cortes,Rodriguez,UPMOR,P,Mexicana,Dir 792
14184,Adriana,Sanchez,Escobar,UTEZ,P,Mexicana,Dir 494
14185,Jose,Chavez,Rojas,UAEM,E,Mexicana,Dir 405
14186,Sofia,Hernandez,Ruiz,UAEM,P,Mexicana,Dir 655
14187,Diego,Vega,Velazquez,UPMOR,P,Mexicana,Dir 885
14188,Paola,Soto,Perez,UTEZ,E,Mexicana,Dir 872
14189,Rafael,Escobar,Flores,IPN,P,Mexicana,Dir 188
14190,Andrea,Maldonado,Romero,UAEM,P,Mexicana,Dir 381
14191,Ana,Velazquez,Romero,IPN,E,Mexicana,Dir 455
14192,Margarita,Mejia,Rios,UTEZ,E,Mexicana,Dir 216
14193,Lucia,Cortes,Ramos,UPMOR,P,Mexicana,Dir 149
14194,Luis,Rojas,Mendoza,IPN,E,Mexicana,Dir 483
14195,Diego,Gonzalez,Escobar,UAEM,P,Mexicana,Dir 607
14196,Sofia,Hernandez,Lara,UPMOR,P,Mexicana,Dir 37
14197,Ruben,Morales,Cabrera,ITZ,P,Mexicana,Dir 840
14198,Laura,Lopez,Cortes,UAEM,E,Mexicana,Dir 924
14199,Margarita,Diaz,Ruiz,IPN,E,Mexicana,Dir 324
14200,Roberto,Velazquez,Medina,UPMOR,E,Mexicana,Dir 177
14201,Monica,Molina,Medina,UTEZ,E,Mexicana,Dir 490
14202,Gerardo,Paredes,Gonzalez,UTEZ,P,Mexicana,Dir 798
14203,Antonio,Ramos,Velazquez,UAEM,P,Mexicana,Dir 357
14204,Javier,Gonzalez,Romero,IPN,P,Mexicana,Dir 278
14205,Elena,Reyes,Garcia,UNAM,E,Mexicana,Dir 110
14206,Paola,Cordova,Castro,UAEM,P,Mexicana,Dir 761
14207,Hector,Espinoza,Maldonado,UNAM,P,Mexicana,Dir 310
14208,Laura,Garza,Mendez,UTEZ,E,Mexicana,Dir 1000
14209,Elena,Escobar,Flores,UAEM,P,Mexicana,Dir 849
14210,Javier,Perez,Campos,ITZ,P,Mexicana,Dir 464
14211,Oscar,Castillo,Gomez,UPMOR,P,Mexicana,Dir 86
14212,Claudia,Cordova,Campos,UTEZ,P,Mexicana,Dir 344
14213,Martin,Martinez,Aguilar,UTEZ,P,Mexicana,Dir 295
14214,Ruben,Sosa,Salazar,ITZ,P,Mexicana,Dir 854
14215,Martha,Sosa,Garza,UPMOR,E,Mexicana,Dir 667
14216,Carolina,Hernandez,Gomez,IPN,P,Mexicana,Dir 786
14217,Leticia,Rios,Avila,UTEZ,E,Mexicana,Dir 67
14218,Esteban,Reyes,Soto,UTEZ,E,Mexicana,Dir 208
14219,Ruben,Cortes,Ramirez,UNAM,E,Mexicana,Dir 628
14220,Jose,Hernandez,Lopez,IPN,P,Mexicana,Dir 855
14221,Hector,Delgado,Valencia,UAEM,E,Mexicana,Dir 734
14222,Rafael,Flores,Ramirez,UPMOR,P,Mexicana,Dir 647
14223,Gabriela,Diaz,Rios,UNAM,P,Mexicana,Dir 435
14224,Valeria,Sanchez,Lopez,UPMOR,P,Mexicana,Dir 602
14225,Hector,Garza,Gomez,UNAM,P,Mexicana,Dir 630
14226,Pedro,Perez,Dominguez,UAEM,E,Mexicana,Dir 204
14227,Hector,Cervantes,Sosa,UAEM,E,Mexicana,Dir 214
14228,Rafael,Navarro,Mendez,ITZ,P,Mexicana,Dir 54
14229,Carolina,Vega,Escobar,UNAM,E,Mexicana,Dir 416
14230,Manuel,Castro,Maldonado,UPMOR,P,Mexicana,Dir 135
14231,Carlos,Salazar,Gonzalez,ITZ,E,Mexicana,Dir 426
14232,Carmen,Cabrera,Ortiz,UAEM,E,Mexicana,Dir 560
14233,Hector,Gomez,Ruiz,UPMOR,E,Mexicana,Dir 155
14234,Francisco,Guzman,Maldonado,IPN,P,Mexicana,Dir 661
14235,Esteban,Gutierrez,Cervantes,UTEZ,E,Mexicana,Dir 255
14236,Esteban,Cabrera,Sosa,ITZ,P,Mexicana,Dir 577
14237,Rafael,Bautista,Avila,IPN,P,Mexicana,Dir 531
14238,Carlos,Ramirez,Salazar,UAEM,E,Mexicana,Dir 754
14239,Hector,Munoz,Avila,UPMOR,E,Mexicana,Dir 837
14240,Raul,Munoz,Vega,UNAM,E,Mexicana,Dir 782
14241,Julio,Rodriguez,Garza,UNAM,P,Mexicana,Dir 805
14242,Pedro,Mejia,Silva,IPN,E,Mexicana,Dir 874
14243,Rumualdo,Mendoza,Ruiz,UTEZ,P,Mexicana,Dir 642
14244,Carmen,Hernandez,Cordova,IPN,E,Mexicana,Dir 121
14245,Rosa,Romero,Romero,ITZ,E,Mexicana,Dir 839
14246,Ricardo,Paredes,Lara,IPN,P,Mexicana,Dir 842
14247,Lucia,Vargas,Salazar,UNAM,E,Mexicana,Dir 279
14248,Jesus,Cervantes,Escobar,UPMOR,E,Mexicana,Dir 349
14249,Raul,Sosa,Perez,IPN,E,Mexicana,Dir 494
14250,Veronica,Garcia,Herrera,UNAM,P,Mexicana,Dir 506
14251,Gael,Herrera,Soto,UTEZ,P,Mexicana,Dir 181
14252,Esteban,Ruiz,Herrera,IPN,E,Mexicana,Dir 51
14253,Laura,Castillo,Guzman,ITZ,E,Mexicana,Dir 36
14254,Adriana,Romero,Guzman,IPN,P,Mexicana,Dir 492
14255,Raul,Diaz,Avila,UPMOR,P,Mexicana,Dir 282
14256,Martha,Guzman,Cruz,UNAM,P,Mexicana,Dir 241
14257,Maria,Romero,Lopez,UAEM,P,Mexicana,Dir 663
14258,Alejandro,Lara,Campos,IPN,E,Mexicana,Dir 169
14259,Maria,Martinez,Reyes,UPMOR,P,Mexicana,Dir 708
14260,Jose,Flores,Aguilar,IPN,E,Mexicana,Dir 427
14261,Lorena,Medina,Cortes,UTEZ,E,Mexicana,Dir 240
14262,Martin,Diaz,Salazar,UAEM,E,Mexicana,Dir 359
14263,Diana,Dominguez,Cruz,ITZ,E,Mexicana,Dir 742
14264,Laura,Rios,Garcia,UNAM,P,Mexicana,Dir 571
14265,Fernando,Romero,Silva,UTEZ,P,Mexicana,Dir 744
14266,Elena,Soto,Perez,UPMOR,P,Mexicana,Dir 124
14267,Ana,Garcia,Ruiz,UTEZ,E,Mexicana,Dir 850
14268,Veronica,Diaz,Diaz,UPMOR,P,Mexicana,Dir 638
14269,Claudia,Maldonado,Salazar,UAEM,P,Mexicana,Dir 811
14270,Patricia,Diaz,Mendez,UPMOR,P,Mexicana,Dir 525
14271,Julio,Sanchez,Morales,UTEZ,P,Mexicana,Dir 476
14272,Carmen,Diaz,Perez,UPMOR,P,Mexicana,Dir 657
14273,Monica,Rodriguez,Castro,UTEZ,P,Mexicana,Dir 212
14274,Martin,Reyes,Navarro,IPN,P,Mexicana,Dir 253
14275,Teresa,Ramos,Escobar,UPMOR,P,Mexicana,Dir 534
14276,Claudia,Herrera,Navarro,UNAM,P,Mexicana,Dir 619
14277,Susana,Gomez,Munoz,ITZ,E,Mexicana,Dir 76
14278,Carmen,Maldonado,Escobar,UPMOR,E,Mexicana,Dir 184
14279,Javier,Velazquez,Dominguez,IPN,P,Mexicana,Dir 220
14280,Esteban,Rojas,Navarro,UAEM,P,Mexicana,Dir 778
14281,Esteban,Vega,Gutierrez,UNAM,P,Mexicana,Dir 937
14282,Elena,Sosa,Campos,ITZ,P,Mexicana,Dir 449
14283,Eduardo,Ramirez,Diaz,ITZ,E,Mexicana,Dir 882
14284,Carolina,Molina,Gonzalez,UTEZ,P,Mexicana,Dir 481
14285,Arturo,Cervantes,Gutierrez,ITZ,P,Mexicana,Dir 693
14286,Veronica,Avila,Paredes,UNAM,P,Mexicana,Dir 624
14287,Julio,Martinez,Romero,UTEZ,P,Mexicana,Dir 351
14288,Rafael,Cervantes,Delgado,UAEM,E,Mexicana,Dir 454
14289,Victor,Silva,Maldonado,ITZ,P,Mexicana,Dir 925
14290,Lucia,Cordova,Ramos,ITZ,P,Mexicana,Dir 620
14291,Sofia,Herrera,Flores,UTEZ,P,Mexicana,Dir 937
14292,Beatriz,Salazar,Mendoza,ITZ,P,Mexicana,Dir 151
14293,Gael,Mejia,Bautista,UAEM,P,Mexicana,Dir 397
14294,Diana,Reyes,Rodriguez,ITZ,E,Mexicana,Dir 917
14295,Eduardo,Sanchez,Gonzalez,IPN,E,Mexicana,Dir 158
14296,Gerardo,Mejia,Molina,UTEZ,P,Mexicana,Dir 543
14297,Rumualdo,Soto,Romero,UPMOR,P,Mexicana,Dir 651
14298,Julio,Mejia,Ramos,UTEZ,P,Mexicana,Dir 879
14299,Manuel,Espinoza,Mejia,IPN,E,Mexicana,Dir 439
14300,Diana,Escobar,Vargas,IPN,E,Mexicana,Dir 617
14301,Patricia,Gutierrez,Vargas,UPMOR,P,Mexicana,Dir 42
14302,Gerardo,Paredes,Perez,UPMOR,E,Mexicana,Dir 422
14303,Elena,Martinez,Cabrera,UTEZ,P,Mexicana,Dir 913
14304,Hector,Munoz,Vargas,ITZ,E,Mexicana,Dir 426
14305,Patricia,Salazar,Bautista,ITZ,E,Mexicana,Dir 685
14306,Hugo,Aguilar,Sosa,ITZ,E,Mexicana,Dir 610
14307,Maria,Lara,Maldonado,UTEZ,E,Mexicana,Dir 257
14308,Esteban,Perez,Gutierrez,ITZ,E,Mexicana,Dir 858
14309,Leticia,Rios,Romero,UTEZ,E,Mexicana,Dir 486
14310,Paola,Gutierrez,Cervantes,ITZ,E,Mexicana,Dir 946
14311,Diana,Garza,Rios,UAEM,E,Mexicana,Dir 326
14312,Raul,Cervantes,Salazar,UNAM,P,Mexicana,Dir 424
14313,Veronica,Gutierrez,Castillo,UAEM,P,Mexicana,Dir 386
14314,Valeria,Sanchez,Cortes,UPMOR,E,Mexicana,Dir 428
14315,Jose,Garza,Cervantes,IPN,P,Mexicana,Dir 79
14316,Jesus,Morales,Cervantes,UNAM,P,Mexicana,Dir 357
14317,Laura,Bautista,Valencia,UNAM,E,Mexicana,Dir 737
14318,Gabriela,Espinoza,Vargas,UTEZ,E,Mexicana,Dir 704
14319,Carlos,Ramos,Rios,UNAM,E,Mexicana,Dir 888
14320,Victor,Gomez,Mendoza,ITZ,P,Mexicana,Dir 88
14321,Francisco,Mendez,Espinoza,UTEZ,E,Mexicana,Dir 566
14322,Raul,Rodriguez,Cabrera,ITZ,E,Mexicana,Dir 877
14323,Laura,Valencia,Cortes,UAEM,E,Mexicana,Dir 397
14324,Alejandro,Lara,Vargas,ITZ,P,Mexicana,Dir 489
14325,Ruben,Gomez,Mejia,IPN,P,Mexicana,Dir 208
14326,Leticia,Sosa,Escobar,UTEZ,P,Mexicana,Dir 182
14327,Lucia,Delgado,Vega,UTEZ,E,Mexicana,Dir 571
14328,Silvia,Chavez,Campos,IPN,P,Mexicana,Dir 159
14329,Margarita,Cabrera,Avila,ITZ,P,Mexicana,Dir 860
14330,Oscar,Cruz,Cruz,IPN,P,Mexicana,Dir 738
14331,Manuel,Flores,Delgado,IPN,E,Mexicana,Dir 681
14332,Jose,Campos,Cruz,UNAM,E,Mexicana,Dir 336
14333,Raul,Castillo,Vega,UAEM,E,Mexicana,Dir 542
14334,Claudia,Ramos,Espinoza,IPN,P,Mexicana,Dir 509
14335,Carlos,Ramos,Cabrera,ITZ,E,Mexicana,Dir 747
14336,Jorge,Mejia,Mendez,UNAM,P,Mexicana,Dir 537
14337,Alejandro,Castro,Hernandez,ITZ,E,Mexicana,Dir 35
14338,Elena,Gomez,Ramirez,UAEM,P,Mexicana,Dir 795
14339,Oscar,Bautista,Silva,UAEM,P,Mexicana,Dir 976
14340,Eduardo,Hernandez,Flores,IPN,E,Mexicana,Dir 723
14341,Martha,Cervantes,Morales,UTEZ,E,Mexicana,Dir 297
14342,Diego,Avila,Rios,UNAM,P,Mexicana,Dir 255
14343,Manuel,Delgado,Cordova,UNAM,P,Mexicana,Dir 276
14344,Lucia,Sanchez,Sosa,UPMOR,P,Mexicana,Dir 63
14345,Diego,Soto,Rios,UPMOR,P,Mexicana,Dir 392
14346,Ana,Cortes,Ruiz,ITZ,E,Mexicana,Dir 23
14347,Pedro,Martinez,Valencia,ITZ,P,Mexicana,Dir 796
14348,Margarita,Mejia,Avila,UAEM,P,Mexicana,Dir 693
14349,Esteban,Paredes,Garza,UTEZ,P,Mexicana,Dir 800
14350,Rafael,Mendoza,Vargas,UNAM,E,Mexicana,Dir 330
14351,Laura,Ramos,Munoz,UTEZ,E,Mexicana,Dir 506
14352,Francisco,Velazquez,Espinoza,ITZ,E,Mexicana,Dir 776
14353,Eduardo,Mendez,Hernandez,IPN,E,Mexicana,Dir 960
14354,Gerardo,Ramos,Romero,UTEZ,P,Mexicana,Dir 42
14355,Victor,Gonzalez,Sosa,UPMOR,E,Mexicana,Dir 208
14356,Raul,Castillo,Navarro,UTEZ,E,Mexicana,Dir 382
14357,Rumualdo,Ortiz,Molina,UNAM,P,Mexicana,Dir 199
14358,Victor,Munoz,Gonzalez,UPMOR,P,Mexicana,Dir 378
14359,Carolina,Garza,Paredes,IPN,E,Mexicana,Dir 435
14360,Ricardo,Cabrera,Ortiz,UAEM,E,Mexicana,Dir 738
14361,Raul,Vargas,Campos,UPMOR,E,Mexicana,Dir 630
14362,Adriana,Gomez,Martinez,UAEM,E,Mexicana,Dir 561
14363,Patricia,Rojas,Dominguez,UNAM,E,Mexicana,Dir 319
14364,Julio,Castro,Cordova,ITZ,E,Mexicana,Dir 172
14365,Adriana,Dominguez,Bautista,IPN,P,Mexicana,Dir 290
14366,Paola,Soto,Guzman,UNAM,P,Mexicana,Dir 302
14367,Silvia,Cabrera,Rios,UAEM,E,Mexicana,Dir 192
14368,Raul,Chavez,Ortiz,UAEM,E,Mexicana,Dir 124
14369,Adriana,Medina,Lopez,UAEM,P,Mexicana,Dir 506
14370,Alejandro,Cabrera,Soto,UTEZ,E,Mexicana,Dir 618
14371,Beatriz,Paredes,Sanchez,IPN,P,Mexicana,Dir 724
14372,Pedro,Ramirez,Soto,ITZ,E,Mexicana,Dir 468
14373,Hugo,Mejia,Gonzalez,UAEM,E,Mexicana,Dir 513
14374,Adriana,Gonzalez,Morales,UAEM,E,Mexicana,Dir 828
14375,Hugo,Salazar,Navarro,IPN,P,Mexicana,Dir 924
14376,Antonio,Campos,Silva,UAEM,P,Mexicana,Dir 58
14377,Adriana,Rojas,Munoz,UNAM,E,Mexicana,Dir 590
14378,Ana,Guzman,Sanchez,UTEZ,E,Mexicana,Dir 292
14379,Hector,Castro,Silva,UTEZ,E,Mexicana,Dir 427
14380,Diana,Castillo,Cordova,UPMOR,P,Mexicana,Dir 163
14381,Gael,Rodriguez,Chavez,UAEM,E,Mexicana,Dir 48
14382,Raul,Cervantes,Maldonado,UAEM,P,Mexicana,Dir 221
14383,Carmen,Lopez,Gonzalez,UPMOR,E,Mexicana,Dir 722
14384,Carlos,Guzman,Munoz,UTEZ,E,Mexicana,Dir 256
14385,Francisco,Velazquez,Munoz,IPN,P,Mexicana,Dir 943
14386,Hector,Soto,Rojas,ITZ,P,Mexicana,Dir 163
14387,Adriana,Escobar,Garza,ITZ,P,Mexicana,Dir 936
14388,Miguel,Avila,Garza,UPMOR,E,Mexicana,Dir 643
14389,Lorena,Maldonado,Hernandez,ITZ,E,Mexicana,Dir 780
14390,Diego,Sosa,Avila,UNAM,P,Mexicana,Dir 562
14391,Patricia,Soto,Maldonado,IPN,E,Mexicana,Dir 65
14392,Rosa,Cortes,Salazar,IPN,P,Mexicana,Dir 62
14393,Martha,Rojas,Espinoza,UNAM,E,Mexicana,Dir 455
14394,Ruben,Castillo,Garcia,UNAM,P,Mexicana,Dir 656
14395,Carmen,Martinez,Rojas,IPN,P,Mexicana,Dir 975
14396,Martin,Avila,Maldonado,UNAM,E,Mexicana,Dir 924
14397,Carmen,Delgado,Gutierrez,UNAM,E,Mexicana,Dir 699
14398,Oscar,Munoz,Bautista,UNAM,E,Mexicana,Dir 669
14399,Gael,Rodriguez,Garza,UTEZ,P,Mexicana,Dir 985
14400,Julio,Gomez,Cabrera,UPMOR,P,Mexicana,Dir 820
14401,Raul,Hernandez,Vega,UAEM,E,Mexicana,Dir 476
14402,Adriana,Martinez,Martinez,IPN,P,Mexicana,Dir 11
14403,Carolina,Sosa,Herrera,UTEZ,E,Mexicana,Dir 249
14404,Sofia,Navarro,Molina,ITZ,P,Mexicana,Dir 465
14405,Alejandro,Flores,Flores,UPMOR,P,Mexicana,Dir 46
14406,Gerardo,Campos,Castillo,UPMOR,P,Mexicana,Dir 709
14407,Elena,Sanchez,Velazquez,UAEM,P,Mexicana,Dir 415
14408,Rafael,Paredes,Cabrera,UAEM,P,Mexicana,Dir 760
14409,Susana,Rodriguez,Cortes,UNAM,E,Mexicana,Dir 99
14410,Hugo,Mejia,Mendoza,UNAM,E,Mexicana,Dir 624
14411,Paola,Bautista,Sanchez,UPMOR,E,Mexicana,Dir 499
14412,Miguel,Castillo,Escobar,UPMOR,P,Mexicana,Dir 803
14413,Francisco,Escobar,Garza,UAEM,E,Mexicana,Dir 383
14414,Eduardo,Ruiz,Molina,UAEM,P,Mexicana,Dir 701
14415,Elena,Soto,Sosa,ITZ,P,Mexicana,Dir 684
14416,Daniela,Cruz,Mendez,UPMOR,P,Mexicana,Dir 213
14417,Maria,Ramirez,Vargas,IPN,E,Mexicana,Dir 283
14418,Gerardo,Ortiz,Ruiz,UPMOR,P,Mexicana,Dir 254
14419,Oscar,Diaz,Garcia,UPMOR,E,Mexicana,Dir 101
14420,Carlos,Salazar,Castillo,UPMOR,P,Mexicana,Dir 378
14421,Diana,Diaz,Medina,ITZ,E,Mexicana,Dir 291
14422,Ricardo,Gonzalez,Gomez,UNAM,E,Mexicana,Dir 400
14423,Carolina,Diaz,Rios,UPMOR,P,Mexicana,Dir 692
14424,Sofia,Bautista,Velazquez,ITZ,P,Mexicana,Dir 738
14425,Rosa,Cabrera,Medina,UPMOR,P,Mexicana,Dir 828
14426,Rosa,Dominguez,Cordova,UPMOR,P,Mexicana,Dir 143
14427,Alejandro,Gonzalez,Bautista,UAEM,P,Mexicana,Dir 360
14428,Raul,Castro,Sanchez,UTEZ,P,Mexicana,Dir 146
14429,Julio,Silva,Flores,UPMOR,E,Mexicana,Dir 16
14430,Fernando,Garcia,Ruiz,UTEZ,E,Mexicana,Dir 741
14431,Julio,Martinez,Vega,UNAM,E,Mexicana,Dir 803
14432,Monica,Flores,Espinoza,ITZ,P,Mexicana,Dir 332
14433,Gerardo,Herrera,Cortes,UTEZ,P,Mexicana,Dir 309
14434,Jose,Velazquez,Herrera,UPMOR,E,Mexicana,Dir 206
14435,Ricardo,Delgado,Rios,ITZ,E,Mexicana,Dir 544
14436,Antonio,Hernandez,Lara,UTEZ,E,Mexicana,Dir 67
14437,Esteban,Lara,Romero,UTEZ,P,Mexicana,Dir 57
14438,Natalia,Avila,Rojas,UPMOR,E,Mexicana,Dir 946
14439,Elena,Delgado,Herrera,UNAM,P,Mexicana,Dir 279
14440,Paola,Avila,Cervantes,UTEZ,P,Mexicana,Dir 119
14441,Rafael,Flores,Gonzalez,UAEM,E,Mexicana,Dir 642
14442,Gabriela,Herrera,Garcia,UTEZ,P,Mexicana,Dir 102
14443,Ricardo,Cordova,Martinez,UAEM,E,Mexicana,Dir 283
14444,Margarita,Cordova,Castillo,ITZ,E,Mexicana,Dir 769
14445,Luis,Rodriguez,Sanchez,UTEZ,E,Mexicana,Dir 560
14446,Adriana,Garcia,Gomez,ITZ,E,Mexicana,Dir 726
14447,Rumualdo,Ortiz,Molina,UPMOR,E,Mexicana,Dir 939
14448,Lucia,Mejia,Velazquez,ITZ,E,Mexicana,Dir 973
14449,Diana,Gonzalez,Valencia,UTEZ,E,Mexicana,Dir 213
14450,Valeria,Martinez,Delgado,IPN,P,Mexicana,Dir 854
14451,Gerardo,Ramirez,Ramirez,ITZ,E,Mexicana,Dir 288
14452,Sofia,Gomez,Paredes,UTEZ,P,Mexicana,Dir 767
14453,Alejandro,Aguilar,Velazquez,ITZ,P,Mexicana,Dir 175
14454,Gael,Lara,Sanchez,ITZ,P,Mexicana,Dir 377
14455,Silvia,Espinoza,Valencia,UAEM,E,Mexicana,Dir 761
14456,Elena,Aguilar,Cortes,UNAM,P,Mexicana,Dir 415
14457,Leticia,Delgado,Mendez,UAEM,E,Mexicana,Dir 313
14458,Martha,Reyes,Cortes,UAEM,P,Mexicana,Dir 707
14459,Antonio,Ramos,Ortiz,UPMOR,P,Mexicana,Dir 238
14460,Teresa,Espinoza,Rojas,IPN,E,Mexicana,Dir 385
14461,Martin,Rojas,Gomez,IPN,E,Mexicana,Dir 978
14462,Antonio,Cervantes,Perez,UAEM,P,Mexicana,Dir 782
14463,Esteban,Reyes,Paredes,UPMOR,E,Mexicana,Dir 513
14464,Elena,Rojas,Vega,UAEM,P,Mexicana,Dir 60
14465,Lorena,Maldonado,Rojas,ITZ,E,Mexicana,Dir 628
14466,Elena,Garza,Maldonado,ITZ,E,Mexicana,Dir 430
14467,Rumualdo,Ramirez,Escobar,UPMOR,E,Mexicana,Dir 220
14468,Lucia,Flores,Cabrera,UPMOR,E,Mexicana,Dir 737
14469,Teresa,Cervantes,Herrera,IPN,E,Mexicana,Dir 525
14470,Martin,Martinez,Paredes,UPMOR,P,Mexicana,Dir 716
14471,Lorena,Escobar,Vargas,UNAM,P,Mexicana,Dir 716
14472,Valeria,Hernandez,Molina,UTEZ,E,Mexicana,Dir 68
14473,Diana,Ramos,Garcia,UPMOR,P,Mexicana,Dir 193
14474,Lorena,Garza,Mendoza,UAEM,E,Mexicana,Dir 429
14475,Jose,Soto,Flores,UNAM,E,Mexicana,Dir 479
14476,Paola,Flores,Delgado,UNAM,P,Mexicana,Dir 946
14477,Leticia,Guzman,Hernandez,UNAM,P,Mexicana,Dir 390
14478,Eduardo,Cervantes,Castillo,UPMOR,P,Mexicana,Dir 32
14479,Andrea,Vega,Diaz,IPN,P,Mexicana,Dir 678
14480,Beatriz,Cervantes,Lopez,IPN,P,Mexicana,Dir 676
14481,Raul,Chavez,Sosa,UTEZ,P,Mexicana,Dir 368
14482,Daniela,Garcia,Avila,UTEZ,E,Mexicana,Dir 217
14483,Oscar,Mejia,Cortes,UAEM,E,Mexicana,Dir 179
14484,Andrea,Ortiz,Molina,UTEZ,P,Mexicana,Dir 451
14485,Roberto,Cruz,Soto,UNAM,P,Mexicana,Dir 217
14486,Paola,Lara,Lopez,UNAM,E,Mexicana,Dir 39
14487,Luis,Diaz,Espinoza,UPMOR,E,Mexicana,Dir 113
14488,Roberto,Morales,Ruiz,UAEM,E,Mexicana,Dir 824
14489,Antonio,Martinez,Herrera,UPMOR,E,Mexicana,Dir 406
14490,Pedro,Romero,Morales,UAEM,E,Mexicana,Dir 352
14491,Martin,Gomez,Morales,IPN,E,Mexicana,Dir 372
14492,Adriana,Ortiz,Cervantes,IPN,E,Mexicana,Dir 623
14493,Rafael,Valencia,Perez,ITZ,E,Mexicana,Dir 865
14494,Rafael,Guzman,Flores,UPMOR,E,Mexicana,Dir 111
14495,Fernando,Herrera,Valencia,IPN,P,Mexicana,Dir 290
14496,Leticia,Aguilar,Diaz,IPN,E,Mexicana,Dir 353
14497,Gabriela,Gomez,Romero,UPMOR,E,Mexicana,Dir 731
14498,Diego,Rojas,Rios,UNAM,P,Mexicana,Dir 299
14499,Diego,Romero,Guzman,UPMOR,E,Mexicana,Dir 462
14500,Fernando,Garza,Valencia,UNAM,E,Mexicana,Dir 745
14501,Lucia,Morales,Aguilar,UAEM,P,Mexicana,Dir 294
14502,Fernando,Romero,Castro,UNAM,E,Mexicana,Dir 383
14503,Teresa,Aguilar,Paredes,UTEZ,P,Mexicana,Dir 531
14504,Rafael,Garcia,Ortiz,UPMOR,P,Mexicana,Dir 847
14505,Raul,Lopez,Rios,ITZ,E,Mexicana,Dir 279
14506,Antonio,Cordova,Vargas,UPMOR,P,Mexicana,Dir 416
14507,Lucia,Perez,Mejia,UTEZ,P,Mexicana,Dir 807
14508,Carmen,Rojas,Gomez,ITZ,E,Mexicana,Dir 4
14509,Diego,Ramos,Escobar,UPMOR,E,Mexicana,Dir 648
14510,Manuel,Avila,Lara,UTEZ,E,Mexicana,Dir 429
14511,Teresa,Mendez,Maldonado,UNAM,E,Mexicana,Dir 899
14512,Esteban,Rojas,Martinez,UNAM,P,Mexicana,Dir 654
14513,Claudia,Maldonado,Romero,UTEZ,E,Mexicana,Dir 711
14514,Veronica,Lopez,Herrera,ITZ,E,Mexicana,Dir 496
14515,Jorge,Herrera,Gomez,UAEM,E,Mexicana,Dir 376
14516,Rumualdo,Cordova,Gutierrez,UAEM,E,Mexicana,Dir 502
14517,Gabriela,Cervantes,Gutierrez,UNAM,E,Mexicana,Dir 562
14518,Adriana,Cabrera,Herrera,UTEZ,E,Mexicana,Dir 935
14519,Gael,Lopez,Cruz,IPN,E,Mexicana,Dir 971
14520,Luis,Escobar,Velazquez,UAEM,P,Mexicana,Dir 226
14521,Patricia,Medina,Flores,UNAM,P,Mexicana,Dir 627
14522,Susana,Flores,Medina,UTEZ,P,Mexicana,Dir 574
14523,Pedro,Paredes,Cabrera,IPN,E,Mexicana,Dir 867
14524,Roberto,Perez,Paredes,UNAM,E,Mexicana,Dir 628
14525,Jose,Cortes,Ramirez,UPMOR,E,Mexicana,Dir 260
14526,Jesus,Delgado,Vargas,UNAM,P,Mexicana,Dir 299
14527,Teresa,Soto,Campos,ITZ,P,Mexicana,Dir 101
14528,Margarita,Romero,Garza,ITZ,E,Mexicana,Dir 113
14529,Daniela,Aguilar,Perez,ITZ,P,Mexicana,Dir 298
14530,Rafael,Herrera,Delgado,UPMOR,E,Mexicana,Dir 987
14531,Valeria,Vargas,Velazquez,UTEZ,P,Mexicana,Dir 511
14532,Elena,Bautista,Silva,UAEM,P,Mexicana,Dir 684
14533,Miguel,Avila,Castillo,UPMOR,P,Mexicana,Dir 951
14534,Carlos,Mendez,Diaz,IPN,E,Mexicana,Dir 427
14535,Carolina,Ramirez,Vargas,UPMOR,P,Mexicana,Dir 145
14536,Julio,Garza,Campos,UAEM,P,Mexicana,Dir 352
14537,Adriana,Cervantes,Navarro,IPN,E,Mexicana,Dir 396
14538,Carlos,Herrera,Vega,ITZ,P,Mexicana,Dir 83
14539,Martin,Valencia,Gutierrez,UTEZ,P,Mexicana,Dir 338
14540,Julio,Dominguez,Escobar,IPN,E,Mexicana,Dir 575
14541,Valeria,Martinez,Herrera,UPMOR,E,Mexicana,Dir 411
14542,Diana,Mendoza,Campos,UAEM,P,Mexicana,Dir 963
14543,Gerardo,Romero,Medina,UPMOR,E,Mexicana,Dir 605
14544,Gael,Gomez,Vega,UNAM,E,Mexicana,Dir 535
14545,Manuel,Medina,Silva,IPN,E,Mexicana,Dir 246
14546,Lucia,Dominguez,Gonzalez,UNAM,P,Mexicana,Dir 831
14547,Arturo,Castillo,Valencia,UTEZ,P,Mexicana,Dir 198
14548,Ana,Cervantes,Navarro,UNAM,E,Mexicana,Dir 328
14549,Francisco,Navarro,Molina,UPMOR,E,Mexicana,Dir 332
14550,Paola,Salazar,Avila,UNAM,P,Mexicana,Dir 343
14551,Javier,Delgado,Morales,UPMOR,E,Mexicana,Dir 7
14552,Luis,Munoz,Cervantes,UNAM,E,Mexicana,Dir 894
14553,Natalia,Delgado,Chavez,UAEM,E,Mexicana,Dir 15
14554,Rumualdo,Bautista,Ramos,UNAM,E,Mexicana,Dir 586
14555,Daniela,Delgado,Martinez,UPMOR,P,Mexicana,Dir 613
14556,Silvia,Gutierrez,Sosa,UNAM,P,Mexicana,Dir 598
14557,Rumualdo,Valencia,Herrera,UNAM,E,Mexicana,Dir 646
14558,Jorge,Avila,Vega,IPN,E,Mexicana,Dir 507
14559,Leticia,Espinoza,Garza,UAEM,E,Mexicana,Dir 581
14560,Silvia,Velazquez,Navarro,UNAM,P,Mexicana,Dir 211
14561,Veronica,Martinez,Soto,IPN,E,Mexicana,Dir 358
14562,Hector,Medina,Ruiz,ITZ,E,Mexicana,Dir 263
14563,Arturo,Mendez,Ramirez,UTEZ,P,Mexicana,Dir 411
14564,Veronica,Navarro,Garza,ITZ,E,Mexicana,Dir 838
14565,Esteban,Cortes,Soto,IPN,P,Mexicana,Dir 187
14566,Silvia,Martinez,Salazar,ITZ,P,Mexicana,Dir 303
14567,Hugo,Ramirez,Ramos,UNAM,E,Mexicana,Dir 523
14568,Diego,Cortes,Cabrera,UPMOR,P,Mexicana,Dir 312
14569,Luis,Diaz,Maldonado,UAEM,E,Mexicana,Dir 947
14570,Fernando,Salazar,Cabrera,UAEM,E,Mexicana,Dir 231
14571,Valeria,Paredes,Bautista,ITZ,E,Mexicana,Dir 75
14572,Martin,Munoz,Herrera,UNAM,P,Mexicana,Dir 446
14573,Lucia,Salazar,Sanchez,ITZ,P,Mexicana,Dir 603
14574,Julio,Herrera,Escobar,UTEZ,E,Mexicana,Dir 385
14575,Hector,Aguilar,Avila,UNAM,E,Mexicana,Dir 740
14576,Luis,Cruz,Avila,UAEM,P,Mexicana,Dir 254
14577,Carmen,Mendoza,Guzman,UNAM,E,Mexicana,Dir 988
14578,Diego,Vega,Rios,UPMOR,E,Mexicana,Dir 782
14579,Alejandro,Sanchez,Lopez,UAEM,E,Mexicana,Dir 849
14580,Fernando,Castillo,Guzman,UNAM,P,Mexicana,Dir 864
14581,Alejandro,Martinez,Silva,UAEM,P,Mexicana,Dir 808
14582,Martha,Guzman,Rios,UPMOR,P,Mexicana,Dir 142
14583,Jesus,Ramirez,Dominguez,UTEZ,P,Mexicana,Dir 948
14584,Gabriela,Mendez,Munoz,ITZ,E,Mexicana,Dir 189
14585,Luis,Dominguez,Romero,UPMOR,P,Mexicana,Dir 938
14586,Lucia,Campos,Dominguez,UPMOR,P,Mexicana,Dir 177
14587,Ana,Flores,Avila,UPMOR,P,Mexicana,Dir 900
14588,Rafael,Vargas,Escobar,IPN,P,Mexicana,Dir 104
14589,Ana,Paredes,Bautista,UAEM,P,Mexicana,Dir 428
14590,Rosa,Hernandez,Cabrera,UTEZ,P,Mexicana,Dir 191
14591,Elena,Campos,Sanchez,UAEM,E,Mexicana,Dir 494
14592,Margarita,Morales,Ruiz,UPMOR,E,Mexicana,Dir 115
14593,Hector,Gomez,Espinoza,ITZ,E,Mexicana,Dir 57
14594,Rumualdo,Rodriguez,Herrera,ITZ,P,Mexicana,Dir 34
14595,Martha,Aguilar,Rios,IPN,P,Mexicana,Dir 514
14596,Hugo,Espinoza,Silva,UTEZ,P,Mexicana,Dir 28
14597,Jesus,Rios,Dominguez,UTEZ,P,Mexicana,Dir 434
14598,Ruben,Chavez,Medina,ITZ,E,Mexicana,Dir 715
14599,Gerardo,Bautista,Gomez,IPN,P,Mexicana,Dir 588
14600,Antonio,Herrera,Flores,ITZ,P,Mexicana,Dir 875
14601,Teresa,Hernandez,Lopez,UNAM,P,Mexicana,Dir 577
14602,Francisco,Herrera,Gonzalez,UAEM,P,Mexicana,Dir 22
14603,Lorena,Guzman,Munoz,UTEZ,E,Mexicana,Dir 141
14604,Andrea,Vargas,Cortes,UPMOR,E,Mexicana,Dir 804
14605,Carolina,Soto,Paredes,UAEM,P,Mexicana,Dir 486
14606,Luis,Cabrera,Silva,UNAM,P,Mexicana,Dir 945
14607,Miguel,Cruz,Velazquez,UPMOR,E,Mexicana,Dir 970
14608,Beatriz,Reyes,Rojas,UTEZ,P,Mexicana,Dir 984
14609,Jorge,Martinez,Lara,UNAM,P,Mexicana,Dir 493
14610,Diana,Garza,Guzman,UPMOR,E,Mexicana,Dir 343
14611,Luis,Herrera,Vega,UAEM,P,Mexicana,Dir 221
14612,Elena,Rodriguez,Flores,UTEZ,E,Mexicana,Dir 552
14613,Raul,Castillo,Ortiz,ITZ,E,Mexicana,Dir 438
14614,Jorge,Rojas,Rojas,UAEM,P,Mexicana,Dir 947
14615,Hector,Mendez,Mendoza,UTEZ,E,Mexicana,Dir 214
14616,Martha,Escobar,Salazar,UAEM,E,Mexicana,Dir 316
14617,Gerardo,Cruz,Dominguez,ITZ,P,Mexicana,Dir 262
14618,Julio,Medina,Cabrera,UNAM,P,Mexicana,Dir 318
14619,Ana,Romero,Navarro,UPMOR,E,Mexicana,Dir 202
14620,Jose,Sosa,Ortiz,IPN,P,Mexicana,Dir 766
14621,Ricardo,Mendez,Silva,UAEM,E,Mexicana,Dir 232
14622,Francisco,Salazar,Molina,UAEM,E,Mexicana,Dir 77
14623,Arturo,Castro,Ramirez,UTEZ,E,Mexicana,Dir 718
14624,Carlos,Avila,Hernandez,UPMOR,E,Mexicana,Dir 58
14625,Gabriela,Campos,Cabrera,UNAM,E,Mexicana,Dir 360
14626,Ricardo,Gutierrez,Paredes,UPMOR,E,Mexicana,Dir 761
14627,Susana,Espinoza,Escobar,IPN,P,Mexicana,Dir 31
14628,Elena,Soto,Avila,UTEZ,E,Mexicana,Dir 196
14629,Laura,Munoz,Escobar,UTEZ,E,Mexicana,Dir 817
14630,Esteban,Dominguez,Aguilar,IPN,E,Mexicana,Dir 80
14631,Ruben,Flores,Rios,UNAM,E,Mexicana,Dir 850
14632,Arturo,Lara,Navarro,UTEZ,E,Mexicana,Dir 36
14633,Victor,Mendoza,Mendez,UPMOR,E,Mexicana,Dir 1
14634,Julio,Mejia,Aguilar,IPN,P,Mexicana,Dir 616
14635,Victor,Lara,Velazquez,UNAM,P,Mexicana,Dir 320
14636,Silvia,Cortes,Aguilar,UNAM,E,Mexicana,Dir 520
14637,Martha,Escobar,Diaz,UTEZ,P,Mexicana,Dir 437
14638,Valeria,Herrera,Ramirez,ITZ,P,Mexicana,Dir 713
14639,Rumualdo,Medina,Dominguez,ITZ,P,Mexicana,Dir 397
14640,Veronica,Paredes,Lara,UNAM,E,Mexicana,Dir 831
14641,Raul,Soto,Martinez,UPMOR,P,Mexicana,Dir 630
14642,Rumualdo,Silva,Gomez,UPMOR,E,Mexicana,Dir 124
14643,Pedro,Vargas,Gomez,UAEM,P,Mexicana,Dir 19
14644,Oscar,Ortiz,Sosa,UPMOR,P,Mexicana,Dir 45
14645,Rosa,Garza,Castillo,ITZ,E,Mexicana,Dir 32
14646,Claudia,Ortiz,Castillo,UTEZ,P,Mexicana,Dir 904
14647,Jesus,Garcia,Medina,UNAM,P,Mexicana,Dir 697
14648,Carolina,Valencia,Silva,IPN,P,Mexicana,Dir 509
14649,Rosa,Cabrera,Molina,UAEM,P,Mexicana,Dir 67
14650,Carolina,Cordova,Bautista,UPMOR,E,Mexicana,Dir 579
14651,Victor,Castillo,Campos,UTEZ,P,Mexicana,Dir 507
14652,Gerardo,Mendoza,Cruz,UPMOR,E,Mexicana,Dir 705
14653,Luis,Dominguez,Navarro,UAEM,E,Mexicana,Dir 713
14654,Ricardo,Dominguez,Escobar,UTEZ,P,Mexicana,Dir 66
14655,Lucia,Paredes,Cortes,UTEZ,P,Mexicana,Dir 378
14656,Carmen,Rodriguez,Garza,ITZ,E,Mexicana,Dir 749
14657,Diego,Cabrera,Molina,UNAM,E,Mexicana,Dir 996
14658,Martin,Avila,Garza,IPN,P,Mexicana,Dir 730
14659,Carolina,Velazquez,Cortes,UAEM,E,Mexicana,Dir 695
14660,Carlos,Cruz,Lara,UPMOR,P,Mexicana,Dir 960
14661,Lorena,Molina,Mendez,ITZ,E,Mexicana,Dir 956
14662,Pedro,Mendez,Dominguez,UNAM,P,Mexicana,Dir 290
14663,Lorena,Soto,Castillo,UAEM,P,Mexicana,Dir 956
14664,Beatriz,Rodriguez,Valencia,ITZ,P,Mexicana,Dir 406
14665,Patricia,Navarro,Lara,UNAM,E,Mexicana,Dir 995
14666,Carolina,Soto,Ramirez,UPMOR,E,Mexicana,Dir 707
14667,Jesus,Cervantes,Mendez,IPN,P,Mexicana,Dir 297
14668,Susana,Herrera,Navarro,UPMOR,P,Mexicana,Dir 162
14669,Susana,Gonzalez,Maldonado,IPN,E,Mexicana,Dir 12
14670,Teresa,Romero,Maldonado,UNAM,E,Mexicana,Dir 604
14671,Martin,Munoz,Delgado,UPMOR,E,Mexicana,Dir 469
14672,Margarita,Silva,Castillo,ITZ,P,Mexicana,Dir 304
14673,Paola,Bautista,Escobar,ITZ,E,Mexicana,Dir 629
14674,Claudia,Silva,Gonzalez,IPN,P,Mexicana,Dir 757
14675,Roberto,Ortiz,Valencia,UTEZ,E,Mexicana,Dir 185
14676,Miguel,Rojas,Soto,IPN,P,Mexicana,Dir 478
14677,Rumualdo,Mejia,Cervantes,UPMOR,P,Mexicana,Dir 326
14678,Martin,Garza,Espinoza,UNAM,P,Mexicana,Dir 645
14679,Alejandro,Paredes,Paredes,UTEZ,P,Mexicana,Dir 565
14680,Javier,Medina,Gonzalez,UTEZ,E,Mexicana,Dir 433
14681,Teresa,Perez,Aguilar,ITZ,E,Mexicana,Dir 140
14682,Roberto,Gomez,Cabrera,IPN,E,Mexicana,Dir 11
14683,Laura,Vargas,Aguilar,UTEZ,P,Mexicana,Dir 982
14684,Roberto,Lopez,Vargas,UAEM,E,Mexicana,Dir 871
14685,Laura,Mendoza,Guzman,UAEM,E,Mexicana,Dir 111
14686,Maria,Cabrera,Espinoza,IPN,P,Mexicana,Dir 171
14687,Carlos,Lara,Sosa,UPMOR,P,Mexicana,Dir 184
14688,Javier,Rios,Cortes,UNAM,E,Mexicana,Dir 436
14689,Pedro,Ramos,Cabrera,UPMOR,E,Mexicana,Dir 651
14690,Gael,Garcia,Escobar,IPN,E,Mexicana,Dir 310
14691,Julio,Martinez,Escobar,ITZ,P,Mexicana,Dir 23
14692,Lucia,Velazquez,Mendoza,UNAM,P,Mexicana,Dir 268
14693,Hector,Cordova,Ruiz,UPMOR,P,Mexicana,Dir 257
14694,Martha,Navarro,Escobar,UAEM,P,Mexicana,Dir 892
14695,Miguel,Romero,Rios,UTEZ,E,Mexicana,Dir 762
14696,Sofia,Morales,Cordova,UPMOR,P,Mexicana,Dir 32
14697,Miguel,Rodriguez,Salazar,UPMOR,E,Mexicana,Dir 891
14698,Rosa,Flores,Herrera,UPMOR,P,Mexicana,Dir 572
14699,Patricia,Lopez,Navarro,IPN,E,Mexicana,Dir 624
14700,Claudia,Avila,Rios,UAEM,P,Mexicana,Dir 637
14701,Alejandro,Sosa,Escobar,IPN,E,Mexicana,Dir 107
14702,Elena,Ruiz,Ruiz,IPN,P,Mexicana,Dir 410
14703,Esteban,Hernandez,Chavez,ITZ,E,Mexicana,Dir 211
14704,Carolina,Delgado,Salazar,UAEM,P,Mexicana,Dir 885
14705,Maria,Escobar,Ramirez,IPN,P,Mexicana,Dir 608
14706,Diego,Sanchez,Ramirez,IPN,P,Mexicana,Dir 905
14707,Roberto,Romero,Gutierrez,ITZ,P,Mexicana,Dir 448
14708,Margarita,Garcia,Cervantes,UPMOR,P,Mexicana,Dir 624
14709,Julio,Rodriguez,Salazar,ITZ,E,Mexicana,Dir 894
14710,Veronica,Reyes,Cortes,ITZ,E,Mexicana,Dir 146
14711,Julio,Cruz,Martinez,IPN,P,Mexicana,Dir 396
14712,Pedro,Ruiz,Soto,IPN,P,Mexicana,Dir 865
14713,Claudia,Sanchez,Salazar,UAEM,P,Mexicana,Dir 415
14714,Roberto,Espinoza,Dominguez,UPMOR,E,Mexicana,Dir 858
14715,Julio,Sosa,Cordova,IPN,P,Mexicana,Dir 12
14716,Jose,Cortes,Munoz,UAEM,E,Mexicana,Dir 822
14717,Teresa,Perez,Cortes,UNAM,P,Mexicana,Dir 571
14718,Gael,Rojas,Reyes,UPMOR,E,Mexicana,Dir 567
14719,Veronica,Lara,Chavez,ITZ,E,Mexicana,Dir 627
14720,Antonio,Cordova,Morales,UPMOR,P,Mexicana,Dir 402
14721,Carlos,Rodriguez,Soto,UAEM,P,Mexicana,Dir 254
14722,Eduardo,Rojas,Paredes,UPMOR,P,Mexicana,Dir 491
14723,Rosa,Vargas,Ortiz,IPN,E,Mexicana,Dir 742
14724,Gael,Mejia,Paredes,UPMOR,P,Mexicana,Dir 440
14725,Luis,Reyes,Espinoza,ITZ,E,Mexicana,Dir 931
14726,Veronica,Martinez,Aguilar,UTEZ,E,Mexicana,Dir 809
14727,Arturo,Avila,Castillo,UTEZ,E,Mexicana,Dir 824
14728,Esteban,Chavez,Castro,UPMOR,P,Mexicana,Dir 538
14729,Patricia,Herrera,Cordova,UNAM,E,Mexicana,Dir 690
14730,Raul,Maldonado,Valencia,UTEZ,P,Mexicana,Dir 335
14731,Teresa,Velazquez,Munoz,UAEM,P,Mexicana,Dir 784
14732,Pedro,Paredes,Herrera,UNAM,E,Mexicana,Dir 28
14733,Carolina,Rodriguez,Ortiz,UAEM,P,Mexicana,Dir 399
14734,Raul,Rojas,Mendoza,UAEM,P,Mexicana,Dir 916
14735,Miguel,Guzman,Medina,IPN,E,Mexicana,Dir 271
14736,Pedro,Ortiz,Cervantes,UAEM,P,Mexicana,Dir 83
14737,Ana,Rios,Diaz,UPMOR,E,Mexicana,Dir 270
14738,Patricia,Vargas,Diaz,ITZ,E,Mexicana,Dir 41
14739,Gerardo,Ruiz,Diaz,UPMOR,P,Mexicana,Dir 974
14740,Diana,Cervantes,Medina,ITZ,E,Mexicana,Dir 813
14741,Fernando,Navarro,Sanchez,IPN,E,Mexicana,Dir 374
14742,Susana,Valencia,Navarro,UAEM,E,Mexicana,Dir 923
14743,Silvia,Molina,Espinoza,ITZ,P,Mexicana,Dir 873
14744,Sofia,Maldonado,Silva,UAEM,E,Mexicana,Dir 361
14745,Javier,Vargas,Valencia,UPMOR,E,Mexicana,Dir 806
14746,Lorena,Ramos,Garcia,UAEM,P,Mexicana,Dir 869
14747,Valeria,Ortiz,Martinez,UNAM,P,Mexicana,Dir 371
14748,Javier,Cordova,Lopez,UNAM,P,Mexicana,Dir 550
14749,Silvia,Mejia,Soto,ITZ,E,Mexicana,Dir 548
14750,Hugo,Ruiz,Flores,UAEM,P,Mexicana,Dir 884
14751,Carlos,Chavez,Rojas,UTEZ,P,Mexicana,Dir 990
14752,Laura,Reyes,Medina,UPMOR,E,Mexicana,Dir 532
14753,Fernando,Martinez,Guzman,UAEM,P,Mexicana,Dir 845
14754,Teresa,Dominguez,Sosa,UPMOR,E,Mexicana,Dir 151
14755,Roberto,Mendez,Perez,UTEZ,P,Mexicana,Dir 271
14756,Diana,Morales,Ramirez,ITZ,E,Mexicana,Dir 240
14757,Gabriela,Martinez,Bautista,IPN,P,Mexicana,Dir 478
14758,Carmen,Munoz,Salazar,ITZ,P,Mexicana,Dir 633
14759,Francisco,Hernandez,Navarro,UTEZ,E,Mexicana,Dir 437
14760,Margarita,Silva,Gomez,UPMOR,P,Mexicana,Dir 680
14761,Jorge,Gomez,Ortiz,UTEZ,P,Mexicana,Dir 534
14762,Victor,Molina,Maldonado,ITZ,P,Mexicana,Dir 929
14763,Julio,Cabrera,Perez,UNAM,E,Mexicana,Dir 594
14764,Roberto,Gutierrez,Rodriguez,ITZ,P,Mexicana,Dir 299
14765,Diego,Flores,Maldonado,UTEZ,P,Mexicana,Dir 727
14766,Jose,Ramos,Herrera,UTEZ,E,Mexicana,Dir 798
14767,Claudia,Campos,Perez,UNAM,E,Mexicana,Dir 807
14768,Teresa,Perez,Vega,UTEZ,P,Mexicana,Dir 637
14769,Luis,Castillo,Soto,UTEZ,P,Mexicana,Dir 392
14770,Alejandro,Martinez,Gutierrez,UPMOR,E,Mexicana,Dir 668
14771,Miguel,Rodriguez,Rodriguez,IPN,P,Mexicana,Dir 998
14772,Silvia,Vargas,Morales,UPMOR,E,Mexicana,Dir 465
14773,Martha,Munoz,Ruiz,UAEM,E,Mexicana,Dir 208
14774,Carlos,Salazar,Medina,IPN,E,Mexicana,Dir 538
14775,Monica,Cervantes,Dominguez,UNAM,E,Mexicana,Dir 838
14776,Paola,Herrera,Chavez,ITZ,P,Mexicana,Dir 891
14777,Leticia,Ruiz,Delgado,UTEZ,P,Mexicana,Dir 707
14778,Diego,Medina,Romero,IPN,E,Mexicana,Dir 83
14779,Raul,Campos,Herrera,UTEZ,P,Mexicana,Dir 351
14780,Miguel,Valencia,Cabrera,ITZ,P,Mexicana,Dir 428
14781,Jesus,Garcia,Romero,UTEZ,P,Mexicana,Dir 641
14782,Victor,Medina,Romero,ITZ,E,Mexicana,Dir 568
14783,Jose,Lopez,Hernandez,ITZ,E,Mexicana,Dir 747
14784,Paola,Campos,Hernandez,UAEM,P,Mexicana,Dir 356
14785,Claudia,Chavez,Ramos,UTEZ,P,Mexicana,Dir 279
14786,Natalia,Cruz,Mejia,UPMOR,P,Mexicana,Dir 435
14787,Luis,Ramirez,Chavez,IPN,P,Mexicana,Dir 308
14788,Patricia,Soto,Sanchez,ITZ,P,Mexicana,Dir 636
14789,Patricia,Castillo,Molina,ITZ,P,Mexicana,Dir 344
14790,Pedro,Lopez,Mejia,IPN,P,Mexicana,Dir 406
14791,Lorena,Perez,Velazquez,UNAM,E,Mexicana,Dir 841
14792,Javier,Hernandez,Rodriguez,UTEZ,E,Mexicana,Dir 955
14793,Laura,Cortes,Gutierrez,IPN,E,Mexicana,Dir 503
14794,Hugo,Cordova,Garcia,UTEZ,P,Mexicana,Dir 707
14795,Ricardo,Maldonado,Ortiz,UNAM,P,Mexicana,Dir 45
14796,Esteban,Avila,Munoz,UAEM,E,Mexicana,Dir 479
14797,Antonio,Ruiz,Aguilar,ITZ,E,Mexicana,Dir 519
14798,Jorge,Chavez,Garcia,UTEZ,E,Mexicana,Dir 192
14799,Lucia,Cordova,Aguilar,UNAM,P,Mexicana,Dir 853
14800,Hector,Escobar,Bautista,UTEZ,E,Mexicana,Dir 586
14801,Claudia,Sosa,Salazar,UPMOR,E,Mexicana,Dir 170
14802,Beatriz,Rojas,Diaz,UNAM,P,Mexicana,Dir 448
14803,Ana,Gomez,Munoz,ITZ,P,Mexicana,Dir 835
14804,Andrea,Reyes,Hernandez,UTEZ,P,Mexicana,Dir 754
14805,Rosa,Delgado,Cabrera,ITZ,E,Mexicana,Dir 749
14806,Julio,Maldonado,Castillo,ITZ,P,Mexicana,Dir 837
14807,Miguel,Molina,Lopez,UPMOR,P,Mexicana,Dir 128
14808,Patricia,Maldonado,Rodriguez,UNAM,E,Mexicana,Dir 447
14809,Ana,Silva,Gonzalez,UPMOR,P,Mexicana,Dir 40
14810,Eduardo,Ruiz,Molina,UAEM,P,Mexicana,Dir 929
14811,Gabriela,Gomez,Campos,ITZ,E,Mexicana,Dir 855
14812,Roberto,Campos,Garcia,ITZ,P,Mexicana,Dir 441
14813,Manuel,Rios,Vega,UTEZ,P,Mexicana,Dir 804
14814,Adriana,Salazar,Dominguez,ITZ,P,Mexicana,Dir 601
14815,Adriana,Avila,Paredes,IPN,P,Mexicana,Dir 140
14816,Maria,Salazar,Vargas,UAEM,E,Mexicana,Dir 733
14817,Jose,Reyes,Bautista,UPMOR,P,Mexicana,Dir 723
14818,Paola,Velazquez,Espinoza,UNAM,P,Mexicana,Dir 798
14819,Daniela,Mendez,Ruiz,ITZ,E,Mexicana,Dir 867
14820,Daniela,Flores,Herrera,UAEM,E,Mexicana,Dir 724
14821,Antonio,Gonzalez,Sosa,UTEZ,P,Mexicana,Dir 83
14822,Teresa,Vega,Cordova,UNAM,E,Mexicana,Dir 161
14823,Diego,Cabrera,Silva,ITZ,E,Mexicana,Dir 805
14824,Gabriela,Espinoza,Espinoza,IPN,E,Mexicana,Dir 990
14825,Ruben,Medina,Campos,UAEM,P,Mexicana,Dir 50
14826,Jose,Mendoza,Diaz,ITZ,E,Mexicana,Dir 878
14827,Elena,Garcia,Castillo,UPMOR,E,Mexicana,Dir 540
14828,Veronica,Mendez,Bautista,UPMOR,E,Mexicana,Dir 865
14829,Adriana,Velazquez,Martinez,UTEZ,E,Mexicana,Dir 948
14830,Elena,Martinez,Velazquez,UPMOR,P,Mexicana,Dir 281
14831,Luis,Herrera,Castro,UAEM,E,Mexicana,Dir 22
14832,Javier,Delgado,Hernandez,UAEM,P,Mexicana,Dir 359
14833,Elena,Paredes,Hernandez,IPN,P,Mexicana,Dir 862
14834,Jesus,Lara,Molina,UPMOR,E,Mexicana,Dir 266
14835,Martin,Campos,Herrera,UAEM,E,Mexicana,Dir 447
14836,Teresa,Chavez,Velazquez,UAEM,P,Mexicana,Dir 553
14837,Elena,Soto,Ortiz,UAEM,P,Mexicana,Dir 995
14838,Javier,Rios,Maldonado,UAEM,E,Mexicana,Dir 691
14839,Fernando,Castillo,Espinoza,ITZ,E,Mexicana,Dir 660
14840,Sofia,Cervantes,Ortiz,UAEM,P,Mexicana,Dir 975
14841,Ruben,Martinez,Bautista,IPN,P,Mexicana,Dir 548
14842,Ruben,Ramirez,Vargas,UTEZ,E,Mexicana,Dir 90
14843,Francisco,Silva,Gomez,UTEZ,P,Mexicana,Dir 962
14844,Arturo,Castillo,Cruz,UPMOR,E,Mexicana,Dir 6
14845,Maria,Lopez,Campos,IPN,E,Mexicana,Dir 332
14846,Roberto,Silva,Vega,IPN,P,Mexicana,Dir 236
14847,Laura,Espinoza,Ramos,UPMOR,E,Mexicana,Dir 128
14848,Lorena,Castillo,Perez,UTEZ,E,Mexicana,Dir 13
14849,Rafael,Reyes,Sanchez,ITZ,P,Mexicana,Dir 546
14850,Julio,Navarro,Diaz,UNAM,E,Mexicana,Dir 987
14851,Carmen,Gutierrez,Morales,UPMOR,P,Mexicana,Dir 228
14852,Manuel,Chavez,Navarro,UAEM,E,Mexicana,Dir 281
14853,Gael,Diaz,Rodriguez,UTEZ,P,Mexicana,Dir 333
14854,Oscar,Delgado,Aguilar,UNAM,P,Mexicana,Dir 420
14855,Monica,Mendoza,Silva,IPN,E,Mexicana,Dir 770
14856,Lorena,Gonzalez,Rios,UNAM,P,Mexicana,Dir 200
14857,Leticia,Flores,Bautista,IPN,P,Mexicana,Dir 721
14858,Raul,Molina,Vargas,ITZ,P,Mexicana,Dir 864
14859,Javier,Gutierrez,Martinez,UPMOR,E,Mexicana,Dir 296
14860,Oscar,Lara,Escobar,UNAM,P,Mexicana,Dir 925
14861,Hector,Rojas,Lopez,UNAM,P,Mexicana,Dir 593
14862,Daniela,Navarro,Rojas,IPN,E,Mexicana,Dir 988
14863,Monica,Bautista,Castillo,IPN,E,Mexicana,Dir 568
14864,Margarita,Guzman,Mendez,UTEZ,P,Mexicana,Dir 953
14865,Ana,Molina,Ramos,ITZ,P,Mexicana,Dir 275
14866,Patricia,Romero,Salazar,ITZ,E,Mexicana,Dir 546
14867,Manuel,Soto,Ramos,UTEZ,E,Mexicana,Dir 8
14868,Carolina,Cortes,Ramos,UNAM,E,Mexicana,Dir 857
14869,Arturo,Lopez,Martinez,IPN,E,Mexicana,Dir 333
14870,Teresa,Herrera,Sanchez,ITZ,E,Mexicana,Dir 430
14871,Lucia,Garcia,Hernandez,UNAM,E,Mexicana,Dir 142
14872,Maria,Cruz,Mendez,ITZ,P,Mexicana,Dir 317
14873,Lorena,Mendoza,Paredes,UPMOR,P,Mexicana,Dir 59
14874,Daniela,Cortes,Aguilar,UPMOR,P,Mexicana,Dir 95
14875,Carmen,Martinez,Delgado,ITZ,P,Mexicana,Dir 554
14876,Carmen,Rios,Perez,IPN,E,Mexicana,Dir 241
14877,Carolina,Morales,Molina,UPMOR,P,Mexicana,Dir 256
14878,Arturo,Cruz,Velazquez,ITZ,E,Mexicana,Dir 467
14879,Jesus,Diaz,Maldonado,ITZ,P,Mexicana,Dir 742
14880,Jesus,Garcia,Castro,UPMOR,E,Mexicana,Dir 929
14881,Adriana,Garza,Cortes,UAEM,E,Mexicana,Dir 511
14882,Carolina,Vega,Cortes,ITZ,E,Mexicana,Dir 244
14883,Lorena,Guzman,Avila,UNAM,P,Mexicana,Dir 528
14884,Teresa,Gonzalez,Delgado,UNAM,E,Mexicana,Dir 286
14885,Silvia,Paredes,Herrera,IPN,E,Mexicana,Dir 71
14886,Rafael,Gonzalez,Ruiz,UNAM,P,Mexicana,Dir 215
14887,Susana,Ruiz,Silva,UPMOR,P,Mexicana,Dir 897
14888,Diego,Escobar,Navarro,UPMOR,P,Mexicana,Dir 517
14889,Gael,Ramos,Rios,IPN,P,Mexicana,Dir 93
14890,Julio,Ramos,Delgado,UNAM,P,Mexicana,Dir 994
14891,Eduardo,Gomez,Velazquez,UNAM,P,Mexicana,Dir 251
14892,Antonio,Sosa,Munoz,UTEZ,E,Mexicana,Dir 671
14893,Esteban,Mendez,Molina,UPMOR,P,Mexicana,Dir 963
14894,Arturo,Campos,Romero,IPN,P,Mexicana,Dir 486
14895,Jorge,Valencia,Avila,ITZ,E,Mexicana,Dir 137
14896,Manuel,Gonzalez,Vargas,UNAM,E,Mexicana,Dir 631
14897,Claudia,Ortiz,Cortes,ITZ,P,Mexicana,Dir 474
14898,Margarita,Molina,Castro,UTEZ,P,Mexicana,Dir 31
14899,Victor,Rojas,Delgado,ITZ,E,Mexicana,Dir 330
14900,Margarita,Cervantes,Salazar,ITZ,P,Mexicana,Dir 224
14901,Roberto,Gonzalez,Escobar,UAEM,P,Mexicana,Dir 574
14902,Ruben,Castillo,Cervantes,UNAM,E,Mexicana,Dir 865
14903,Jorge,Gomez,Herrera,ITZ,P,Mexicana,Dir 680
14904,Diana,Morales,Morales,IPN,E,Mexicana,Dir 506
14905,Raul,Ramirez,Dominguez,UPMOR,P,Mexicana,Dir 336
14906,Carmen,Avila,Bautista,IPN,E,Mexicana,Dir 605
14907,Gabriela,Gutierrez,Flores,ITZ,P,Mexicana,Dir 164
14908,Raul,Escobar,Avila,UNAM,P,Mexicana,Dir 521
14909,Natalia,Ramos,Ortiz,UPMOR,E,Mexicana,Dir 992
14910,Jesus,Reyes,Medina,UAEM,E,Mexicana,Dir 705
14911,Margarita,Dominguez,Vega,UAEM,P,Mexicana,Dir 806
14912,Rafael,Velazquez,Navarro,UPMOR,P,Mexicana,Dir 503
14913,Javier,Paredes,Garcia,UNAM,P,Mexicana,Dir 505
14914,Victor,Cabrera,Cordova,IPN,P,Mexicana,Dir 657
14915,Jorge,Cabrera,Vargas,UTEZ,P,Mexicana,Dir 688
14916,Alejandro,Hernandez,Cortes,UAEM,P,Mexicana,Dir 989
14917,Andrea,Lara,Aguilar,UAEM,P,Mexicana,Dir 445
14918,Esteban,Herrera,Aguilar,UTEZ,P,Mexicana,Dir 655
14919,Gabriela,Chavez,Escobar,UNAM,E,Mexicana,Dir 90
14920,Carlos,Morales,Bautista,UNAM,E,Mexicana,Dir 868
14921,Valeria,Ruiz,Flores,UTEZ,P,Mexicana,Dir 896
14922,Arturo,Ortiz,Reyes,UPMOR,E,Mexicana,Dir 949
14923,Ruben,Cortes,Silva,IPN,E,Mexicana,Dir 511
14924,Javier,Rios,Salazar,ITZ,P,Mexicana,Dir 576
14925,Arturo,Cortes,Chavez,UPMOR,P,Mexicana,Dir 359
14926,Hector,Escobar,Diaz,UPMOR,E,Mexicana,Dir 178
14927,Esteban,Mendez,Lara,UAEM,P,Mexicana,Dir 820
14928,Carmen,Gonzalez,Munoz,UAEM,P,Mexicana,Dir 490
14929,Laura,Rios,Rios,ITZ,P,Mexicana,Dir 91
14930,Claudia,Soto,Delgado,UNAM,P,Mexicana,Dir 710
14931,Eduardo,Rojas,Salazar,UNAM,E,Mexicana,Dir 626
14932,Patricia,Ruiz,Escobar,UNAM,E,Mexicana,Dir 626
14933,Victor,Paredes,Sanchez,IPN,E,Mexicana,Dir 610
14934,Lucia,Sanchez,Molina,UNAM,P,Mexicana,Dir 696
14935,Roberto,Silva,Rios,ITZ,P,Mexicana,Dir 289
14936,Carlos,Gutierrez,Medina,ITZ,P,Mexicana,Dir 862
14937,Esteban,Garza,Romero,UPMOR,P,Mexicana,Dir 368
14938,Ricardo,Avila,Cortes,UNAM,E,Mexicana,Dir 782
14939,Javier,Gomez,Molina,UPMOR,P,Mexicana,Dir 994
14940,Susana,Soto,Vega,ITZ,P,Mexicana,Dir 322
14941,Susana,Navarro,Ramos,IPN,E,Mexicana,Dir 488
14942,Eduardo,Aguilar,Rios,UPMOR,P,Mexicana,Dir 400
14943,Rumualdo,Vargas,Sosa,ITZ,E,Mexicana,Dir 855
14944,Jorge,Molina,Morales,ITZ,P,Mexicana,Dir 638
14945,Hector,Molina,Cortes,ITZ,E,Mexicana,Dir 217
14946,Paola,Herrera,Mejia,UNAM,P,Mexicana,Dir 639
14947,Sofia,Mejia,Sosa,UTEZ,E,Mexicana,Dir 83
14948,Maria,Cordova,Rios,UPMOR,P,Mexicana,Dir 504
14949,Jorge,Avila,Mendez,UTEZ,P,Mexicana,Dir 808
14950,Carmen,Bautista,Garza,ITZ,E,Mexicana,Dir 159
14951,Diego,Bautista,Garcia,UTEZ,P,Mexicana,Dir 125
14952,Ana,Espinoza,Romero,UPMOR,E,Mexicana,Dir 733
14953,Lucia,Mejia,Bautista,UTEZ,E,Mexicana,Dir 456
14954,Martha,Bautista,Paredes,UTEZ,P,Mexicana,Dir 336
14955,Jose,Bautista,Maldonado,UNAM,P,Mexicana,Dir 410
14956,Diana,Perez,Delgado,UNAM,P,Mexicana,Dir 519
14957,Oscar,Lopez,Velazquez,UNAM,E,Mexicana,Dir 94
14958,Rafael,Cortes,Bautista,UPMOR,E,Mexicana,Dir 851
14959,Francisco,Salazar,Mendez,IPN,P,Mexicana,Dir 931
14960,Diego,Gutierrez,Herrera,ITZ,P,Mexicana,Dir 298
14961,Rafael,Lara,Medina,UNAM,P,Mexicana,Dir 676
14962,Alejandro,Campos,Medina,UNAM,E,Mexicana,Dir 422
14963,Leticia,Reyes,Garcia,UAEM,P,Mexicana,Dir 798
14964,Beatriz,Valencia,Aguilar,IPN,E,Mexicana,Dir 457
14965,Natalia,Vega,Medina,UPMOR,P,Mexicana,Dir 521
14966,Ruben,Morales,Sosa,UPMOR,E,Mexicana,Dir 400
14967,Fernando,Cordova,Romero,IPN,P,Mexicana,Dir 402
14968,Natalia,Avila,Flores,ITZ,P,Mexicana,Dir 165
14969,Fernando,Mendez,Lara,IPN,P,Mexicana,Dir 327
14970,Antonio,Navarro,Escobar,UTEZ,P,Mexicana,Dir 180
14971,Andrea,Gomez,Rios,UNAM,E,Mexicana,Dir 428
14972,Arturo,Sosa,Cabrera,ITZ,P,Mexicana,Dir 598
14973,Julio,Cortes,Martinez,UTEZ,E,Mexicana,Dir 964
14974,Andrea,Molina,Espinoza,ITZ,P,Mexicana,Dir 707
14975,Esteban,Cruz,Medina,UTEZ,E,Mexicana,Dir 34
14976,Ruben,Cordova,Perez,UAEM,P,Mexicana,Dir 542
14977,Paola,Gomez,Diaz,UNAM,P,Mexicana,Dir 7
14978,Esteban,Gonzalez,Mendez,ITZ,E,Mexicana,Dir 989
14979,Laura,Morales,Soto,UNAM,E,Mexicana,Dir 992
14980,Diego,Dominguez,Vargas,UPMOR,P,Mexicana,Dir 535
14981,Arturo,Rodriguez,Velazquez,ITZ,P,Mexicana,Dir 534
14982,Adriana,Castillo,Ortiz,UAEM,E,Mexicana,Dir 720
14983,Gerardo,Mendoza,Romero,ITZ,E,Mexicana,Dir 306
14984,Natalia,Dominguez,Garcia,UNAM,E,Mexicana,Dir 649
14985,Gerardo,Diaz,Delgado,UPMOR,P,Mexicana,Dir 125
14986,Monica,Martinez,Aguilar,UAEM,E,Mexicana,Dir 650
14987,Gael,Diaz,Martinez,ITZ,P,Mexicana,Dir 359
14988,Rafael,Mendoza,Herrera,UNAM,P,Mexicana,Dir 263
14989,Monica,Rios,Lopez,IPN,E,Mexicana,Dir 25
14990,Rumualdo,Maldonado,Silva,ITZ,P,Mexicana,Dir 349
14991,Luis,Navarro,Dominguez,ITZ,E,Mexicana,Dir 456
14992,Diana,Espinoza,Romero,UPMOR,E,Mexicana,Dir 667
14993,Martin,Chavez,Rios,UAEM,P,Mexicana,Dir 194
14994,Rosa,Cortes,Castro,IPN,P,Mexicana,Dir 579
14995,Carlos,Espinoza,Guzman,ITZ,P,Mexicana,Dir 325
14996,Valeria,Mejia,Martinez,UPMOR,P,Mexicana,Dir 243
14997,Diana,Medina,Herrera,UAEM,E,Mexicana,Dir 795
14998,Valeria,Mendoza,Ruiz,UPMOR,E,Mexicana,Dir 380
14999,Jorge,Valencia,Valencia,UNAM,P,Mexicana,Dir 152
15000,Margarita,Diaz,Salazar,UNAM,P,Mexicana,Dir 921
