CLAVE INT,NOMBRE,COSTO,FECHA_INI,FECHA_FIN
1,Taller: Ingenieria de Software,300.0,2023-07-10,2023-07-12
2,Taller: IoT y Domotica,300.0,2023-03-28,2023-03-31
3,Taller: Big Data,300.0,2025-02-01,2025-02-03
4,Taller: Seguridad Industrial,450.0,2025-10-20,2025-10-21
5,Taller: Riesgos Industriales con IA,300.0,2023-06-14,2023-06-16
6,Taller: Diseno de APIs REST,450.0,2025-01-08,2025-01-11
7,Taller: Bases de Datos,300.0,2024-11-11,2024-11-12
8,Taller: Algoritmos Predictivos,300.0,2023-04-28,2023-04-30
9,Taller: Desarrollo Movil,450.0,2024-05-13,2024-05-14
10,Taller: Robotica Industrial,300.0,2023-01-16,2023-01-19
11,Taller: Criptografia,250.0,2024-08-17,2024-08-20
12,Taller: Ingenieria de Software,250.0,2024-04-11,2024-04-12
13,Taller: Modelos Probabilisticos,450.0,2025-01-06,2025-01-07
14,Taller: Blockchain,250.0,2024-11-30,2024-12-01
15,Taller: Contenedores Docker,300.0,2024-08-17,2024-08-19
16,Taller: Diseno de APIs REST,250.0,2024-09-11,2024-09-12
17,Taller: DevOps,250.0,2024-12-07,2024-12-09
18,Taller: Cloud Computing,300.0,2024-08-11,2024-08-14
19,Taller: Machine Learning,250.0,2024-08-15,2024-08-18
20,Taller: Sistemas de Control,450.0,2024-04-29,2024-05-01
21,Taller: Vision Artificial,300.0,2025-11-10,2025-11-13
22,Taller: Robotica Industrial,450.0,2024-04-19,2024-04-22
23,Taller: Telemetria,450.0,2023-03-05,2023-03-07
24,Taller: DevOps,450.0,2024-04-18,2024-04-19
25,Taller: Ingenieria de Software,250.0,2024-06-05,2024-06-07
26,Taller: DevOps,300.0,2026-03-19,2026-03-21
27,Taller: Ciberseguridad,450.0,2025-06-15,2025-06-17
28,Taller: Seguridad Industrial,450.0,2025-01-21,2025-01-22
29,Taller: Contenedores Docker,300.0,2023-11-06,2023-11-07
30,Taller: Pipelines ETL,250.0,2023-02-17,2023-02-20
31,Taller: Vision Artificial,250.0,2023-06-10,2023-06-11
32,Taller: Computacion Cuantica,300.0,2024-07-11,2024-07-12
33,Taller: Software Seguro,250.0,2024-09-04,2024-09-05
34,Taller: DevOps,250.0,2025-06-18,2025-06-20
35,Taller: Contenedores Docker,300.0,2025-08-10,2025-08-11
36,Taller: Vision Artificial,450.0,2026-04-06,2026-04-07
37,Taller: Microservicios,250.0,2025-07-29,2025-07-30
38,Taller: SO Distribuidos,250.0,2025-09-26,2025-09-28
39,Taller: Edge Computing,450.0,2023-08-16,2023-08-18
40,Taller: Telemetria,250.0,2025-12-13,2025-12-16
41,Taller: DevOps,450.0,2025-06-30,2025-07-01
42,Taller: Automatizacion de Pruebas,250.0,2023-10-11,2023-10-13
43,Taller: Redes Fisicas,250.0,2023-07-04,2023-07-06
44,Taller: Machine Learning,250.0,2025-09-19,2025-09-22
45,Taller: Vision Artificial,250.0,2024-02-19,2024-02-20
46,Taller: Pipelines ETL,300.0,2023-06-21,2023-06-24
47,Taller: Contenedores Docker,450.0,2023-03-27,2023-03-28
48,Taller: Cloud Computing,250.0,2025-03-24,2025-03-26
49,Taller: DevOps,450.0,2025-05-16,2025-05-19
50,Taller: Seguridad Industrial,450.0,2023-08-02,2023-08-04
51,Taller: Machine Learning,300.0,2023-09-29,2023-10-02
52,Taller: SO Distribuidos,300.0,2025-02-02,2025-02-03
53,Taller: Robotica Industrial,300.0,2025-05-18,2025-05-21
54,Taller: Telemetria,250.0,2026-02-05,2026-02-07
55,Taller: Pipelines ETL,450.0,2023-07-29,2023-08-01
56,Taller: Business Intelligence,250.0,2023-12-15,2023-12-18
57,Taller: Automatizacion de Pruebas,300.0,2025-10-22,2025-10-24
58,Taller: Pipelines ETL,250.0,2024-09-24,2024-09-27
59,Taller: Backtesting de Algoritmos,300.0,2024-02-15,2024-02-17
60,Taller: Algoritmos Predictivos,300.0,2024-05-16,2024-05-18
61,Taller: Redes Neuronales,250.0,2024-06-22,2024-06-25
62,Taller: Computacion Cuantica,250.0,2023-10-09,2023-10-10
63,Taller: Mineria de Datos,450.0,2025-11-03,2025-11-06
64,Taller: Machine Learning,250.0,2023-08-17,2023-08-18
65,Taller: Pipelines ETL,450.0,2024-09-09,2024-09-10
66,Taller: Robotica Industrial,250.0,2023-08-09,2023-08-10
67,Taller: Bases de Datos,300.0,2023-11-09,2023-11-11
68,Taller: DevOps,250.0,2026-04-28,2026-04-29
69,Taller: Pipelines ETL,300.0,2025-03-03,2025-03-05
70,Taller: Diseno de APIs REST,450.0,2023-01-28,2023-01-31
71,Taller: Software Seguro,300.0,2023-06-25,2023-06-27
72,Taller: Mineria de Datos,300.0,2024-12-14,2024-12-17
73,Taller: Telemetria,300.0,2023-11-14,2023-11-16
74,Taller: Edge Computing,450.0,2025-10-08,2025-10-09
75,Taller: Sistemas Embebidos,250.0,2023-12-28,2023-12-29
76,Taller: Desarrollo Movil,250.0,2024-07-06,2024-07-09
77,Taller: Business Intelligence,250.0,2023-08-16,2023-08-18
78,Taller: Microservicios,250.0,2025-06-26,2025-06-28
79,Taller: Redes Fisicas,250.0,2023-05-11,2023-05-14
80,Taller: Enrutamiento,300.0,2023-06-05,2023-06-06
81,Taller: Criptografia,450.0,2025-02-20,2025-02-22
82,Taller: Vision Artificial,250.0,2025-10-11,2025-10-14
83,Taller: Automatizacion de Pruebas,300.0,2023-04-16,2023-04-19
84,Taller: Business Intelligence,250.0,2025-12-15,2025-12-17
85,Taller: Ingenieria de Software,250.0,2024-03-04,2024-03-05
86,Taller: Sistemas de Control,450.0,2025-07-22,2025-07-25
87,Taller: Edge Computing,450.0,2023-08-19,2023-08-22
88,Taller: Bases de Datos,450.0,2023-05-31,2023-06-01
89,Taller: Business Intelligence,300.0,2025-10-15,2025-10-16
90,Taller: Blockchain,300.0,2026-02-27,2026-03-01
91,Taller: Software Seguro,300.0,2025-02-04,2025-02-05
92,Taller: Contenedores Docker,250.0,2024-01-03,2024-01-06
93,Taller: Robotica Industrial,300.0,2024-06-14,2024-06-16
94,Taller: Telemetria,450.0,2024-11-11,2024-11-13
95,Taller: Riesgos Industriales con IA,250.0,2025-01-05,2025-01-07
96,Taller: Redes Fisicas,250.0,2024-04-09,2024-04-11
97,Taller: Pipelines ETL,300.0,2023-09-04,2023-09-06
98,Taller: Redes Neuronales,300.0,2024-12-16,2024-12-17
99,Taller: SO Distribuidos,300.0,2024-05-07,2024-05-09
100,Taller: Sistemas Embebidos,450.0,2023-04-30,2023-05-01
101,Taller: Riesgos Industriales con IA,450.0,2024-09-03,2024-09-05
102,Taller: Analisis Estadistico,250.0,2023-07-21,2023-07-22
103,Taller: Lenguaje Natural (NLP),250.0,2023-01-19,2023-01-20
104,Taller: Sistemas Embebidos,250.0,2024-08-10,2024-08-11
105,Taller: Pipelines ETL,450.0,2024-06-14,2024-06-16
106,Taller: Telemetria,300.0,2025-10-30,2025-10-31
107,Taller: Ciberseguridad,300.0,2023-01-05,2023-01-06
108,Taller: Riesgos Industriales con IA,250.0,2023-04-19,2023-04-21
109,Taller: IoT y Domotica,450.0,2025-08-22,2025-08-23
110,Taller: Enrutamiento,250.0,2025-07-21,2025-07-23
111,Taller: Backtesting de Algoritmos,300.0,2025-06-26,2025-06-27
112,Taller: Machine Learning,250.0,2023-04-15,2023-04-17
113,Taller: Software Seguro,300.0,2024-06-17,2024-06-19
114,Taller: Computacion Cuantica,300.0,2023-05-08,2023-05-11
115,Taller: SO Distribuidos,300.0,2024-04-09,2024-04-10
116,Taller: Redes Fisicas,250.0,2023-11-05,2023-11-07
117,Taller: Sistemas Embebidos,300.0,2025-09-01,2025-09-03
118,Taller: DevOps,450.0,2023-03-29,2023-03-31
119,Taller: Backtesting de Algoritmos,450.0,2023-02-07,2023-02-10
120,Taller: Sistemas Embebidos,300.0,2024-10-04,2024-10-06
121,Taller: Big Data,450.0,2024-12-24,2024-12-25
122,Taller: Diseno de APIs REST,250.0,2023-12-10,2023-12-11
123,Taller: Desarrollo Movil,250.0,2023-10-20,2023-10-21
124,Taller: Machine Learning,300.0,2026-01-02,2026-01-04
125,Taller: Computacion Cuantica,250.0,2025-05-26,2025-05-29
126,Taller: Optimizacion SQL,450.0,2024-03-28,2024-03-31
127,Taller: Pipelines ETL,250.0,2023-09-27,2023-09-28
128,Taller: Backtesting de Algoritmos,450.0,2024-02-29,2024-03-03
129,Taller: Microservicios,450.0,2023-07-03,2023-07-04
130,Taller: Pipelines ETL,300.0,2024-04-16,2024-04-19
131,Taller: Backtesting de Algoritmos,250.0,2023-09-08,2023-09-10
132,Taller: Diseno de APIs REST,300.0,2025-01-20,2025-01-22
133,Taller: Redes Neuronales,450.0,2023-09-03,2023-09-04
134,Taller: Sistemas de Control,450.0,2024-05-16,2024-05-19
135,Taller: Software Seguro,250.0,2026-01-15,2026-01-16
136,Taller: Telemetria,450.0,2023-03-27,2023-03-30
137,Taller: Redes Neuronales,450.0,2025-03-08,2025-03-10
138,Taller: Realidad Aumentada,450.0,2023-11-24,2023-11-25
139,Taller: Blockchain,450.0,2023-06-15,2023-06-16
140,Taller: Microservicios,450.0,2023-08-19,2023-08-20
141,Taller: Sistemas de Control,450.0,2024-06-12,2024-06-13
142,Taller: Vision Artificial,450.0,2024-11-26,2024-11-29
143,Taller: Redes Fisicas,450.0,2026-04-02,2026-04-03
144,Taller: Computacion Cuantica,250.0,2023-06-29,2023-06-30
145,Taller: Mineria de Datos,300.0,2024-05-15,2024-05-16
146,Taller: Machine Learning,250.0,2025-10-11,2025-10-12
147,Taller: Blockchain,450.0,2023-06-17,2023-06-20
148,Taller: Cableado Estructurado,450.0,2023-11-23,2023-11-26
149,Taller: Ciberseguridad,300.0,2023-12-04,2023-12-05
150,Taller: Blockchain,250.0,2025-06-07,2025-06-10
151,Taller: Software Seguro,250.0,2024-06-19,2024-06-22
152,Taller: Cloud Computing,450.0,2025-04-24,2025-04-26
153,Taller: Seguridad Industrial,450.0,2024-11-25,2024-11-27
154,Taller: Backtesting de Algoritmos,300.0,2023-12-11,2023-12-12
155,Taller: Edge Computing,250.0,2024-03-24,2024-03-25
156,Taller: Riesgos Industriales con IA,300.0,2023-05-09,2023-05-11
157,Taller: Algoritmos Predictivos,250.0,2024-11-25,2024-11-28
158,Taller: Bases de Datos,300.0,2024-07-14,2024-07-15
159,Taller: Contenedores Docker,450.0,2026-01-15,2026-01-17
160,Taller: Riesgos Industriales con IA,250.0,2024-05-04,2024-05-05
161,Taller: Pipelines ETL,450.0,2025-12-09,2025-12-11
162,Taller: Enrutamiento,450.0,2023-12-07,2023-12-10
163,Taller: Software Seguro,450.0,2024-08-22,2024-08-25
164,Taller: Analisis Estadistico,300.0,2025-07-10,2025-07-12
165,Taller: Edge Computing,300.0,2024-05-22,2024-05-24
166,Taller: Computacion Cuantica,250.0,2023-02-22,2023-02-24
167,Taller: Ciberseguridad,450.0,2025-08-31,2025-09-03
168,Taller: Backtesting de Algoritmos,300.0,2023-09-15,2023-09-16
169,Taller: Lenguaje Natural (NLP),450.0,2023-03-27,2023-03-30
170,Taller: Diseno de APIs REST,250.0,2025-08-16,2025-08-18
171,Taller: Cloud Computing,300.0,2023-12-21,2023-12-24
172,Taller: Ciberseguridad,450.0,2023-01-29,2023-01-30
173,Taller: Computacion Cuantica,250.0,2025-06-07,2025-06-09
174,Taller: Software Seguro,450.0,2024-12-30,2025-01-01
175,Taller: Bases de Datos,300.0,2023-06-28,2023-06-29
176,Taller: Analisis Estadistico,250.0,2026-02-22,2026-02-23
177,Taller: Software Seguro,300.0,2024-08-25,2024-08-28
178,Taller: Bases de Datos,300.0,2023-06-17,2023-06-19
179,Taller: Microservicios,300.0,2023-11-26,2023-11-29
180,Taller: Business Intelligence,450.0,2023-03-16,2023-03-17
181,Taller: Redes Neuronales,450.0,2025-07-03,2025-07-04
182,Taller: Algoritmos Predictivos,450.0,2024-11-26,2024-11-29
183,Taller: Analisis Estadistico,250.0,2023-10-25,2023-10-27
184,Taller: Machine Learning,300.0,2025-12-27,2025-12-30
185,Taller: Redes Neuronales,250.0,2023-07-12,2023-07-14
186,Taller: Desarrollo Movil,450.0,2025-11-30,2025-12-02
187,Taller: Pipelines ETL,250.0,2023-01-15,2023-01-16
188,Taller: Enrutamiento,250.0,2024-05-14,2024-05-17
189,Taller: Algoritmos Predictivos,450.0,2025-02-28,2025-03-01
190,Taller: Robotica Industrial,250.0,2023-09-27,2023-09-28
191,Taller: Mineria de Datos,450.0,2023-02-17,2023-02-20
192,Taller: Ingenieria de Software,450.0,2023-10-22,2023-10-24
193,Taller: Microservicios,450.0,2024-01-23,2024-01-26
194,Taller: Pipelines ETL,300.0,2023-10-02,2023-10-03
195,Taller: Big Data,450.0,2026-04-01,2026-04-03
196,Taller: Redes Fisicas,300.0,2024-08-25,2024-08-28
197,Taller: Telemetria,450.0,2023-11-02,2023-11-05
198,Taller: Mineria de Datos,450.0,2024-12-11,2024-12-14
199,Taller: Big Data,300.0,2023-06-04,2023-06-06
200,Taller: Mineria de Datos,250.0,2023-04-22,2023-04-24
201,Taller: DevOps,250.0,2023-06-21,2023-06-23
202,Taller: Software Seguro,250.0,2023-07-03,2023-07-05
203,Taller: Sistemas Embebidos,300.0,2024-07-04,2024-07-07
204,Taller: Seguridad Industrial,300.0,2024-02-08,2024-02-10
205,Taller: Sistemas Embebidos,250.0,2023-12-28,2023-12-29
206,Taller: Pipelines ETL,450.0,2023-10-17,2023-10-19
207,Taller: Edge Computing,250.0,2023-06-24,2023-06-25
208,Taller: Bases de Datos,300.0,2024-07-22,2024-07-23
209,Taller: Desarrollo Movil,300.0,2023-10-11,2023-10-12
210,Taller: Edge Computing,300.0,2023-03-02,2023-03-04
211,Taller: Algoritmos Predictivos,450.0,2025-02-07,2025-02-10
212,Taller: Redes Fisicas,300.0,2023-03-03,2023-03-06
213,Taller: Sistemas de Control,250.0,2024-04-23,2024-04-26
214,Taller: Computacion Cuantica,300.0,2025-11-09,2025-11-12
215,Taller: Algoritmos Predictivos,250.0,2023-12-29,2023-12-30
216,Taller: Enrutamiento,250.0,2023-06-07,2023-06-09
217,Taller: Ciberseguridad,300.0,2023-01-24,2023-01-26
218,Taller: Blockchain,250.0,2024-05-07,2024-05-08
219,Taller: Sistemas Embebidos,250.0,2023-04-22,2023-04-23
220,Taller: Contenedores Docker,450.0,2026-02-05,2026-02-07
221,Taller: Lenguaje Natural (NLP),450.0,2023-04-04,2023-04-07
222,Taller: Backtesting de Algoritmos,450.0,2023-11-30,2023-12-02
223,Taller: Criptografia,300.0,2025-11-21,2025-11-23
224,Taller: Edge Computing,250.0,2024-05-16,2024-05-18
225,Taller: SO Distribuidos,450.0,2024-07-10,2024-07-13
226,Taller: Desarrollo Movil,300.0,2025-03-24,2025-03-26
227,Taller: Telemetria,300.0,2023-12-29,2023-12-30
228,Taller: Backtesting de Algoritmos,450.0,2023-10-27,2023-10-28
229,Taller: Pipelines ETL,300.0,2024-05-27,2024-05-28
230,Taller: Sistemas de Control,300.0,2024-10-14,2024-10-16
231,Taller: Enrutamiento,250.0,2025-08-05,2025-08-06
232,Taller: Lenguaje Natural (NLP),300.0,2024-04-02,2024-04-05
233,Taller: Redes Neuronales,300.0,2023-09-14,2023-09-15
234,Taller: Ingenieria de Software,300.0,2023-06-08,2023-06-10
235,Taller: Machine Learning,300.0,2023-07-29,2023-07-31
236,Taller: Robotica Industrial,450.0,2025-08-20,2025-08-21
237,Taller: Lenguaje Natural (NLP),250.0,2024-03-27,2024-03-29
238,Taller: Cableado Estructurado,300.0,2026-01-09,2026-01-10
239,Taller: Telemetria,300.0,2023-08-30,2023-08-31
240,Taller: Microservicios,450.0,2024-07-21,2024-07-22
241,Taller: Software Seguro,300.0,2023-08-18,2023-08-21
242,Taller: Diseno de APIs REST,250.0,2023-08-19,2023-08-20
243,Taller: Blockchain,450.0,2025-01-27,2025-01-29
244,Taller: Realidad Aumentada,250.0,2023-05-26,2023-05-27
245,Taller: Machine Learning,300.0,2026-01-03,2026-01-04
246,Taller: Machine Learning,250.0,2024-06-18,2024-06-21
247,Taller: DevOps,250.0,2024-03-04,2024-03-07
248,Taller: Contenedores Docker,450.0,2025-03-08,2025-03-10
249,Taller: Modelos Probabilisticos,450.0,2025-03-05,2025-03-08
250,Taller: Business Intelligence,250.0,2023-08-12,2023-08-15
251,Taller: Mineria de Datos,250.0,2023-04-01,2023-04-04
252,Taller: Enrutamiento,300.0,2023-10-12,2023-10-14
253,Taller: Lenguaje Natural (NLP),300.0,2023-04-16,2023-04-17
254,Taller: Sistemas Embebidos,250.0,2023-06-18,2023-06-20
255,Taller: Backtesting de Algoritmos,450.0,2025-01-10,2025-01-11
256,Taller: Optimizacion SQL,450.0,2025-03-14,2025-03-15
257,Taller: Robotica Industrial,300.0,2023-11-04,2023-11-06
258,Taller: Business Intelligence,300.0,2023-02-02,2023-02-04
259,Taller: Riesgos Industriales con IA,450.0,2024-02-16,2024-02-18
260,Taller: Ciberseguridad,300.0,2024-06-05,2024-06-06
261,Taller: Enrutamiento,450.0,2023-04-29,2023-05-01
262,Taller: DevOps,300.0,2026-01-26,2026-01-27
263,Taller: Redes Fisicas,250.0,2023-07-20,2023-07-21
264,Taller: Cableado Estructurado,300.0,2024-07-06,2024-07-07
265,Taller: Automatizacion de Pruebas,450.0,2024-03-17,2024-03-20
266,Taller: Bases de Datos,450.0,2023-08-01,2023-08-03
267,Taller: Edge Computing,450.0,2025-07-31,2025-08-02
268,Taller: Ingenieria de Software,250.0,2025-04-25,2025-04-28
269,Taller: Microservicios,250.0,2023-12-10,2023-12-11
270,Taller: Seguridad Industrial,300.0,2025-05-08,2025-05-09
271,Taller: Telemetria,300.0,2024-11-23,2024-11-25
272,Taller: Automatizacion de Pruebas,450.0,2024-10-20,2024-10-21
273,Taller: Ingenieria de Software,450.0,2024-03-01,2024-03-03
274,Taller: Computacion Cuantica,300.0,2026-03-08,2026-03-11
275,Taller: DevOps,450.0,2025-01-28,2025-01-30
276,Taller: Modelos Probabilisticos,300.0,2023-05-08,2023-05-11
277,Taller: Realidad Aumentada,450.0,2024-01-07,2024-01-08
278,Taller: Big Data,300.0,2024-09-01,2024-09-03
279,Taller: Optimizacion SQL,300.0,2023-11-23,2023-11-26
280,Taller: Software Seguro,450.0,2023-10-02,2023-10-03
281,Taller: DevOps,250.0,2026-03-27,2026-03-29
282,Taller: Modelos Probabilisticos,450.0,2024-06-12,2024-06-14
283,Taller: Computacion Cuantica,250.0,2025-12-27,2025-12-30
284,Taller: Vision Artificial,450.0,2024-09-26,2024-09-29
285,Taller: SO Distribuidos,250.0,2024-11-14,2024-11-15
286,Taller: Mineria de Datos,300.0,2025-06-09,2025-06-12
287,Taller: Pipelines ETL,450.0,2023-02-16,2023-02-19
288,Taller: Software Seguro,250.0,2026-01-05,2026-01-08
289,Taller: Vision Artificial,300.0,2023-10-17,2023-10-20
290,Taller: Cableado Estructurado,450.0,2026-01-29,2026-01-31
291,Taller: Computacion Cuantica,450.0,2025-11-03,2025-11-06
292,Taller: Automatizacion de Pruebas,250.0,2024-03-26,2024-03-27
293,Taller: DevOps,300.0,2023-04-17,2023-04-18
294,Taller: Bases de Datos,250.0,2023-05-03,2023-05-05
295,Taller: Optimizacion SQL,450.0,2024-03-18,2024-03-19
296,Taller: Seguridad Industrial,300.0,2025-03-15,2025-03-18
297,Taller: Mineria de Datos,450.0,2024-05-02,2024-05-05
298,Taller: Modelos Probabilisticos,450.0,2024-03-21,2024-03-24
299,Taller: Blockchain,450.0,2026-03-13,2026-03-16
300,Taller: Diseno de APIs REST,300.0,2025-08-27,2025-08-30
301,Taller: Algoritmos Predictivos,250.0,2025-10-25,2025-10-28
302,Taller: Edge Computing,250.0,2023-08-17,2023-08-18
303,Taller: Diseno de APIs REST,450.0,2026-02-22,2026-02-23
304,Taller: Optimizacion SQL,450.0,2025-11-11,2025-11-13
305,Taller: Machine Learning,450.0,2024-07-19,2024-07-21
306,Taller: Modelos Probabilisticos,450.0,2023-05-04,2023-05-06
307,Taller: Desarrollo Movil,250.0,2025-12-13,2025-12-16
308,Taller: Redes Neuronales,450.0,2023-06-24,2023-06-26
309,Taller: Riesgos Industriales con IA,450.0,2025-04-26,2025-04-27
310,Taller: Contenedores Docker,450.0,2023-02-27,2023-03-01
311,Taller: Diseno de APIs REST,450.0,2026-02-03,2026-02-05
312,Taller: DevOps,300.0,2023-02-20,2023-02-21
313,Taller: Redes Fisicas,450.0,2024-06-29,2024-06-30
314,Taller: Mineria de Datos,250.0,2023-01-25,2023-01-27
315,Taller: Analisis Estadistico,300.0,2024-07-19,2024-07-22
316,Taller: Riesgos Industriales con IA,300.0,2023-09-02,2023-09-04
317,Taller: Diseno de APIs REST,300.0,2024-09-27,2024-09-29
318,Taller: Vision Artificial,450.0,2025-04-15,2025-04-16
319,Taller: Robotica Industrial,300.0,2024-07-26,2024-07-29
320,Taller: Cloud Computing,450.0,2023-01-19,2023-01-20
321,Taller: Automatizacion de Pruebas,250.0,2025-11-06,2025-11-09
322,Taller: Ciberseguridad,450.0,2025-11-14,2025-11-15
323,Taller: Redes Neuronales,300.0,2023-03-05,2023-03-06
324,Taller: Seguridad Industrial,250.0,2023-04-22,2023-04-24
325,Taller: Ciberseguridad,450.0,2023-05-10,2023-05-13
326,Taller: Blockchain,250.0,2023-05-26,2023-05-29
327,Taller: Seguridad Industrial,250.0,2024-07-01,2024-07-04
328,Taller: Diseno de APIs REST,300.0,2023-01-08,2023-01-11
329,Taller: Cableado Estructurado,450.0,2025-08-25,2025-08-28
330,Taller: Robotica Industrial,300.0,2024-02-23,2024-02-25
331,Taller: Ingenieria de Software,300.0,2023-08-10,2023-08-13
332,Taller: Seguridad Industrial,300.0,2025-05-14,2025-05-16
333,Taller: Cableado Estructurado,450.0,2024-07-14,2024-07-16
334,Taller: Diseno de APIs REST,250.0,2024-11-02,2024-11-03
335,Taller: Vision Artificial,300.0,2025-10-15,2025-10-18
336,Taller: Automatizacion de Pruebas,250.0,2025-02-15,2025-02-17
337,Taller: Riesgos Industriales con IA,300.0,2026-01-10,2026-01-11
338,Taller: Modelos Probabilisticos,450.0,2023-07-28,2023-07-29
339,Taller: Mineria de Datos,450.0,2024-08-07,2024-08-10
340,Taller: Software Seguro,450.0,2024-01-23,2024-01-26
341,Taller: Analisis Estadistico,300.0,2025-02-04,2025-02-07
342,Taller: Software Seguro,300.0,2024-06-16,2024-06-19
343,Taller: IoT y Domotica,300.0,2025-11-01,2025-11-04
344,Taller: Contenedores Docker,450.0,2025-08-17,2025-08-18
345,Taller: Mineria de Datos,300.0,2023-05-30,2023-06-01
346,Taller: Software Seguro,450.0,2024-10-17,2024-10-18
347,Taller: Edge Computing,300.0,2024-07-24,2024-07-27
348,Taller: Robotica Industrial,300.0,2026-04-05,2026-04-06
349,Taller: Telemetria,450.0,2025-07-12,2025-07-15
350,Taller: Diseno de APIs REST,450.0,2023-03-25,2023-03-27
351,Taller: Sistemas de Control,300.0,2026-04-25,2026-04-27
352,Taller: Pipelines ETL,250.0,2024-03-02,2024-03-04
353,Taller: Cloud Computing,300.0,2023-11-19,2023-11-22
354,Taller: Computacion Cuantica,300.0,2025-12-09,2025-12-10
355,Taller: Big Data,250.0,2025-01-19,2025-01-22
356,Taller: Riesgos Industriales con IA,250.0,2023-03-04,2023-03-05
357,Taller: Mineria de Datos,300.0,2026-01-28,2026-01-30
358,Taller: Sistemas de Control,450.0,2023-08-01,2023-08-02
359,Taller: Vision Artificial,300.0,2025-11-24,2025-11-27
360,Taller: Big Data,250.0,2024-12-14,2024-12-15
361,Taller: Seguridad Industrial,450.0,2025-07-26,2025-07-27
362,Taller: Contenedores Docker,300.0,2023-02-28,2023-03-02
363,Taller: Realidad Aumentada,300.0,2025-10-10,2025-10-13
364,Taller: Criptografia,300.0,2025-07-15,2025-07-18
365,Taller: Vision Artificial,450.0,2023-03-10,2023-03-12
366,Taller: Computacion Cuantica,450.0,2023-03-04,2023-03-07
367,Taller: Sistemas de Control,250.0,2023-11-14,2023-11-15
368,Taller: Sistemas de Control,300.0,2024-01-30,2024-02-01
369,Taller: Redes Neuronales,300.0,2024-10-18,2024-10-20
370,Taller: Cloud Computing,450.0,2025-07-29,2025-07-31
371,Taller: Robotica Industrial,300.0,2025-05-28,2025-05-30
372,Taller: Robotica Industrial,300.0,2024-09-01,2024-09-02
373,Taller: Blockchain,450.0,2023-01-16,2023-01-17
374,Taller: Desarrollo Movil,250.0,2025-12-09,2025-12-11
375,Taller: Realidad Aumentada,250.0,2024-10-30,2024-10-31
376,Taller: Analisis Estadistico,300.0,2025-06-26,2025-06-28
377,Taller: Sistemas de Control,300.0,2023-05-08,2023-05-09
378,Taller: Diseno de APIs REST,250.0,2024-12-20,2024-12-21
379,Taller: Cloud Computing,300.0,2024-12-20,2024-12-21
380,Taller: Mineria de Datos,450.0,2023-02-12,2023-02-15
381,Taller: Realidad Aumentada,450.0,2026-02-02,2026-02-05
382,Taller: Telemetria,450.0,2025-06-11,2025-06-12
383,Taller: Machine Learning,250.0,2026-03-02,2026-03-03
384,Taller: Big Data,250.0,2025-10-27,2025-10-29
385,Taller: DevOps,300.0,2024-10-09,2024-10-12
386,Taller: Redes Neuronales,250.0,2024-09-03,2024-09-06
387,Taller: Ciberseguridad,450.0,2024-12-16,2024-12-17
388,Taller: Diseno de APIs REST,450.0,2023-08-11,2023-08-12
389,Taller: Contenedores Docker,450.0,2024-06-03,2024-06-05
390,Taller: Blockchain,250.0,2024-05-05,2024-05-07
391,Taller: Optimizacion SQL,450.0,2025-06-19,2025-06-22
392,Taller: Riesgos Industriales con IA,300.0,2023-10-06,2023-10-07
393,Taller: Diseno de APIs REST,250.0,2024-04-01,2024-04-02
394,Taller: DevOps,450.0,2024-12-17,2024-12-18
395,Taller: Modelos Probabilisticos,300.0,2025-04-10,2025-04-12
396,Taller: Algoritmos Predictivos,250.0,2024-08-20,2024-08-22
397,Taller: Criptografia,300.0,2024-07-27,2024-07-28
398,Taller: Edge Computing,450.0,2025-05-13,2025-05-16
399,Taller: Redes Neuronales,250.0,2024-10-03,2024-10-04
400,Taller: Edge Computing,300.0,2023-04-26,2023-04-27
401,Taller: Blockchain,300.0,2025-03-30,2025-03-31
402,Taller: Lenguaje Natural (NLP),450.0,2024-01-29,2024-02-01
403,Taller: Seguridad Industrial,250.0,2024-06-16,2024-06-17
404,Taller: Modelos Probabilisticos,450.0,2023-04-30,2023-05-01
405,Taller: Desarrollo Movil,450.0,2023-10-07,2023-10-08
406,Taller: Seguridad Industrial,450.0,2023-09-18,2023-09-21
407,Taller: Contenedores Docker,250.0,2025-09-17,2025-09-20
408,Taller: Microservicios,450.0,2024-03-09,2024-03-11
409,Taller: Telemetria,300.0,2024-09-30,2024-10-03
410,Taller: SO Distribuidos,250.0,2025-02-23,2025-02-24
411,Taller: Microservicios,450.0,2025-11-22,2025-11-24
412,Taller: DevOps,300.0,2025-08-03,2025-08-06
413,Taller: Riesgos Industriales con IA,300.0,2024-09-20,2024-09-22
414,Taller: Computacion Cuantica,250.0,2024-11-15,2024-11-16
415,Taller: Redes Fisicas,300.0,2023-03-29,2023-03-31
416,Taller: Sistemas Embebidos,450.0,2026-01-23,2026-01-24
417,Taller: Contenedores Docker,250.0,2025-08-16,2025-08-18
418,Taller: Redes Fisicas,300.0,2023-03-31,2023-04-01
419,Taller: Riesgos Industriales con IA,250.0,2024-04-26,2024-04-29
420,Taller: Algoritmos Predictivos,250.0,2025-07-20,2025-07-22
421,Taller: Backtesting de Algoritmos,300.0,2025-09-01,2025-09-02
422,Taller: Lenguaje Natural (NLP),250.0,2023-05-30,2023-06-01
423,Taller: Modelos Probabilisticos,250.0,2023-05-23,2023-05-24
424,Taller: Vision Artificial,250.0,2023-12-18,2023-12-19
425,Taller: IoT y Domotica,450.0,2023-09-18,2023-09-21
426,Taller: Ciberseguridad,300.0,2023-11-02,2023-11-04
427,Taller: Enrutamiento,250.0,2024-06-21,2024-06-22
428,Taller: Ingenieria de Software,300.0,2025-03-12,2025-03-15
429,Taller: Big Data,250.0,2023-03-08,2023-03-10
430,Taller: Enrutamiento,250.0,2023-01-21,2023-01-22
431,Taller: Redes Neuronales,300.0,2026-02-27,2026-03-02
432,Taller: Robotica Industrial,300.0,2026-02-22,2026-02-24
433,Taller: Contenedores Docker,250.0,2024-02-20,2024-02-23
434,Taller: Computacion Cuantica,300.0,2023-01-05,2023-01-06
435,Taller: Ingenieria de Software,250.0,2025-08-25,2025-08-27
436,Taller: Vision Artificial,450.0,2025-08-09,2025-08-11
437,Taller: Desarrollo Movil,250.0,2023-04-02,2023-04-05
438,Taller: Software Seguro,300.0,2025-04-13,2025-04-15
439,Taller: Vision Artificial,450.0,2023-09-18,2023-09-19
440,Taller: Enrutamiento,450.0,2023-01-16,2023-01-19
441,Taller: Telemetria,250.0,2025-08-04,2025-08-05
442,Taller: Desarrollo Movil,250.0,2024-09-07,2024-09-09
443,Taller: Modelos Probabilisticos,250.0,2024-05-08,2024-05-10
444,Taller: Sistemas de Control,300.0,2023-10-26,2023-10-27
445,Taller: Telemetria,300.0,2024-09-10,2024-09-13
446,Taller: Edge Computing,450.0,2026-03-24,2026-03-27
447,Taller: Redes Neuronales,300.0,2025-12-26,2025-12-27
448,Taller: Criptografia,450.0,2025-05-01,2025-05-04
449,Taller: Redes Fisicas,300.0,2023-07-10,2023-07-12
450,Taller: Big Data,450.0,2025-04-25,2025-04-27
451,Taller: Criptografia,450.0,2024-03-29,2024-03-31
452,Taller: Machine Learning,300.0,2023-01-22,2023-01-23
453,Taller: Redes Neuronales,300.0,2025-09-30,2025-10-03
454,Taller: Software Seguro,450.0,2023-11-19,2023-11-20
455,Taller: Software Seguro,250.0,2023-01-14,2023-01-16
456,Taller: Telemetria,300.0,2023-01-07,2023-01-09
457,Taller: Machine Learning,300.0,2024-08-02,2024-08-05
458,Taller: Ciberseguridad,250.0,2025-05-10,2025-05-12
459,Taller: Ingenieria de Software,250.0,2025-03-14,2025-03-17
460,Taller: Modelos Probabilisticos,300.0,2023-07-14,2023-07-16
461,Taller: Riesgos Industriales con IA,300.0,2024-09-09,2024-09-11
462,Taller: Automatizacion de Pruebas,250.0,2025-11-17,2025-11-18
463,Taller: Sistemas de Control,450.0,2024-08-10,2024-08-11
464,Taller: Mineria de Datos,250.0,2023-03-04,2023-03-07
465,Taller: Enrutamiento,250.0,2024-03-17,2024-03-20
466,Taller: Optimizacion SQL,250.0,2025-10-23,2025-10-26
467,Taller: Enrutamiento,250.0,2025-08-12,2025-08-14
468,Taller: Vision Artificial,300.0,2024-12-06,2024-12-08
469,Taller: Riesgos Industriales con IA,450.0,2025-03-27,2025-03-30
470,Taller: Bases de Datos,300.0,2024-06-07,2024-06-10
471,Taller: Cloud Computing,300.0,2024-04-29,2024-04-30
472,Taller: Pipelines ETL,450.0,2025-03-05,2025-03-08
473,Taller: Ingenieria de Software,300.0,2025-04-04,2025-04-05
474,Taller: Pipelines ETL,300.0,2023-11-21,2023-11-23
475,Taller: Desarrollo Movil,250.0,2025-12-14,2025-12-16
476,Taller: Desarrollo Movil,250.0,2024-01-29,2024-01-31
477,Taller: Vision Artificial,450.0,2025-03-02,2025-03-03
478,Taller: Sistemas de Control,250.0,2023-01-05,2023-01-07
479,Taller: DevOps,450.0,2024-07-27,2024-07-30
480,Taller: Criptografia,450.0,2025-05-10,2025-05-13
481,Taller: Edge Computing,250.0,2025-04-30,2025-05-01
482,Taller: Mineria de Datos,250.0,2023-08-05,2023-08-06
483,Taller: Criptografia,300.0,2024-03-11,2024-03-12
484,Taller: Algoritmos Predictivos,300.0,2025-06-22,2025-06-25
485,Taller: Criptografia,250.0,2025-02-01,2025-02-03
486,Taller: Blockchain,250.0,2024-06-03,2024-06-04
487,Taller: Business Intelligence,250.0,2023-10-18,2023-10-21
488,Taller: Sistemas Embebidos,250.0,2024-03-09,2024-03-11
489,Taller: Cloud Computing,450.0,2023-03-01,2023-03-03
490,Taller: Automatizacion de Pruebas,450.0,2025-07-04,2025-07-06
491,Taller: Realidad Aumentada,250.0,2025-08-03,2025-08-05
492,Taller: Computacion Cuantica,450.0,2024-08-04,2024-08-05
493,Taller: Redes Fisicas,300.0,2023-04-23,2023-04-26
494,Taller: Automatizacion de Pruebas,250.0,2025-10-22,2025-10-25
495,Taller: Cableado Estructurado,300.0,2025-09-16,2025-09-19
496,Taller: Modelos Probabilisticos,450.0,2023-05-17,2023-05-20
497,Taller: Algoritmos Predictivos,300.0,2024-10-01,2024-10-02
498,Taller: Contenedores Docker,300.0,2024-09-10,2024-09-12
499,Taller: Redes Neuronales,250.0,2024-07-27,2024-07-29
500,Taller: IoT y Domotica,300.0,2024-06-19,2024-06-22
501,Taller: DevOps,450.0,2025-05-30,2025-05-31
502,Taller: Software Seguro,250.0,2025-11-25,2025-11-27
503,Taller: DevOps,450.0,2023-03-29,2023-04-01
504,Taller: Contenedores Docker,450.0,2023-02-27,2023-03-02
505,Taller: Blockchain,300.0,2025-05-14,2025-05-16
506,Taller: Bases de Datos,450.0,2023-12-13,2023-12-15
507,Taller: Criptografia,300.0,2023-07-11,2023-07-13
508,Taller: Ingenieria de Software,300.0,2026-04-16,2026-04-17
509,Taller: Contenedores Docker,450.0,2024-02-10,2024-02-13
510,Taller: Modelos Probabilisticos,450.0,2023-11-08,2023-11-10
511,Taller: Redes Neuronales,300.0,2025-06-05,2025-06-07
512,Taller: Vision Artificial,450.0,2024-03-30,2024-03-31
513,Taller: Cableado Estructurado,450.0,2025-07-03,2025-07-05
514,Taller: Blockchain,300.0,2023-06-19,2023-06-22
515,Taller: Analisis Estadistico,250.0,2025-06-28,2025-06-30
516,Taller: Modelos Probabilisticos,250.0,2023-03-05,2023-03-06
517,Taller: Software Seguro,450.0,2024-01-01,2024-01-03
518,Taller: Desarrollo Movil,300.0,2024-09-26,2024-09-27
519,Taller: Ingenieria de Software,250.0,2023-05-08,2023-05-09
520,Taller: Criptografia,250.0,2025-03-21,2025-03-23
521,Taller: Desarrollo Movil,300.0,2023-10-02,2023-10-04
522,Taller: Cloud Computing,250.0,2023-06-04,2023-06-07
523,Taller: Blockchain,300.0,2025-09-29,2025-10-01
524,Taller: Backtesting de Algoritmos,300.0,2024-08-07,2024-08-08
525,Taller: Modelos Probabilisticos,300.0,2024-11-28,2024-12-01
526,Taller: Blockchain,250.0,2024-11-10,2024-11-13
527,Taller: IoT y Domotica,450.0,2025-11-07,2025-11-08
528,Taller: Business Intelligence,250.0,2025-10-08,2025-10-11
529,Taller: SO Distribuidos,250.0,2024-08-01,2024-08-04
530,Taller: Automatizacion de Pruebas,300.0,2025-07-16,2025-07-18
531,Taller: Enrutamiento,300.0,2023-02-15,2023-02-17
532,Taller: Redes Fisicas,450.0,2026-04-15,2026-04-16
533,Taller: Desarrollo Movil,250.0,2024-10-10,2024-10-13
534,Taller: SO Distribuidos,450.0,2023-07-20,2023-07-21
535,Taller: Automatizacion de Pruebas,300.0,2023-08-31,2023-09-03
536,Taller: Edge Computing,450.0,2024-08-10,2024-08-13
537,Taller: Computacion Cuantica,250.0,2023-07-05,2023-07-06
538,Taller: Diseno de APIs REST,450.0,2025-09-24,2025-09-25
539,Taller: Mineria de Datos,450.0,2024-06-16,2024-06-17
540,Taller: Microservicios,450.0,2026-04-11,2026-04-13
541,Taller: Computacion Cuantica,450.0,2025-02-12,2025-02-13
542,Taller: Cableado Estructurado,450.0,2025-08-29,2025-09-01
543,Taller: Software Seguro,450.0,2025-08-27,2025-08-30
544,Taller: Robotica Industrial,450.0,2025-11-17,2025-11-19
545,Taller: Modelos Probabilisticos,300.0,2025-04-01,2025-04-04
546,Taller: Blockchain,250.0,2025-09-02,2025-09-04
547,Taller: Algoritmos Predictivos,250.0,2025-12-08,2025-12-11
548,Taller: Blockchain,250.0,2024-03-21,2024-03-24
549,Taller: Pipelines ETL,450.0,2023-11-18,2023-11-20
550,Taller: Big Data,250.0,2023-10-31,2023-11-01
551,Taller: Big Data,250.0,2025-04-07,2025-04-09
552,Taller: Modelos Probabilisticos,450.0,2025-05-06,2025-05-07
553,Taller: IoT y Domotica,450.0,2025-03-10,2025-03-11
554,Taller: Criptografia,250.0,2023-11-18,2023-11-21
555,Taller: Lenguaje Natural (NLP),300.0,2023-05-21,2023-05-24
556,Taller: Riesgos Industriales con IA,450.0,2024-10-27,2024-10-30
557,Taller: Algoritmos Predictivos,250.0,2024-07-15,2024-07-18
558,Taller: Automatizacion de Pruebas,450.0,2024-08-29,2024-08-31
559,Taller: Analisis Estadistico,250.0,2025-07-06,2025-07-07
560,Taller: SO Distribuidos,300.0,2025-11-11,2025-11-12
561,Taller: Diseno de APIs REST,250.0,2024-12-15,2024-12-17
562,Taller: IoT y Domotica,250.0,2025-06-13,2025-06-15
563,Taller: Vision Artificial,300.0,2023-06-06,2023-06-09
564,Taller: Seguridad Industrial,300.0,2024-08-03,2024-08-04
565,Taller: Automatizacion de Pruebas,250.0,2026-04-17,2026-04-20
566,Taller: SO Distribuidos,300.0,2023-04-26,2023-04-27
567,Taller: Computacion Cuantica,300.0,2025-03-09,2025-03-10
568,Taller: Software Seguro,300.0,2024-10-16,2024-10-19
569,Taller: Modelos Probabilisticos,300.0,2025-06-25,2025-06-27
570,Taller: Ciberseguridad,300.0,2025-01-25,2025-01-26
571,Taller: Seguridad Industrial,450.0,2025-07-31,2025-08-02
572,Taller: Algoritmos Predictivos,450.0,2024-03-13,2024-03-15
573,Taller: Lenguaje Natural (NLP),300.0,2025-09-17,2025-09-20
574,Taller: Pipelines ETL,250.0,2024-01-27,2024-01-30
575,Taller: Computacion Cuantica,300.0,2024-08-26,2024-08-27
576,Taller: SO Distribuidos,300.0,2024-03-10,2024-03-11
577,Taller: Redes Fisicas,450.0,2024-04-12,2024-04-13
578,Taller: Desarrollo Movil,450.0,2025-04-19,2025-04-20
579,Taller: Cloud Computing,300.0,2023-01-30,2023-02-01
580,Taller: Mineria de Datos,300.0,2025-01-25,2025-01-27
581,Taller: Diseno de APIs REST,300.0,2024-05-18,2024-05-20
582,Taller: Bases de Datos,300.0,2025-08-07,2025-08-09
583,Taller: Business Intelligence,250.0,2025-05-19,2025-05-22
584,Taller: Algoritmos Predictivos,450.0,2025-10-23,2025-10-25
585,Taller: Desarrollo Movil,300.0,2023-05-05,2023-05-06
586,Taller: SO Distribuidos,450.0,2023-06-05,2023-06-08
587,Taller: Edge Computing,300.0,2024-01-10,2024-01-11
588,Taller: Redes Fisicas,300.0,2024-03-14,2024-03-16
589,Taller: SO Distribuidos,300.0,2023-01-25,2023-01-26
590,Taller: Big Data,450.0,2024-06-29,2024-07-02
591,Taller: Sistemas de Control,250.0,2023-06-25,2023-06-27
592,Taller: Sistemas de Control,250.0,2024-06-03,2024-06-06
593,Taller: Optimizacion SQL,300.0,2023-06-16,2023-06-18
594,Taller: Diseno de APIs REST,300.0,2025-12-08,2025-12-09
595,Taller: Riesgos Industriales con IA,450.0,2023-04-05,2023-04-07
596,Taller: Microservicios,250.0,2024-03-07,2024-03-08
597,Taller: Cloud Computing,300.0,2024-10-30,2024-11-01
598,Taller: Analisis Estadistico,450.0,2025-10-04,2025-10-05
599,Taller: Sistemas de Control,250.0,2025-03-12,2025-03-13
600,Taller: Riesgos Industriales con IA,450.0,2023-11-11,2023-11-13
601,Taller: Algoritmos Predictivos,300.0,2025-12-04,2025-12-07
602,Taller: Computacion Cuantica,250.0,2025-03-12,2025-03-13
603,Taller: Redes Neuronales,300.0,2025-08-09,2025-08-12
604,Taller: Robotica Industrial,250.0,2023-06-04,2023-06-05
605,Taller: Lenguaje Natural (NLP),250.0,2023-11-20,2023-11-21
606,Taller: Algoritmos Predictivos,450.0,2025-04-09,2025-04-11
607,Taller: Sistemas Embebidos,450.0,2025-11-21,2025-11-24
608,Taller: Backtesting de Algoritmos,450.0,2024-06-03,2024-06-04
609,Taller: IoT y Domotica,300.0,2024-03-12,2024-03-15
610,Taller: DevOps,250.0,2025-04-07,2025-04-08
611,Taller: Machine Learning,250.0,2023-05-30,2023-06-02
612,Taller: DevOps,450.0,2025-07-22,2025-07-23
613,Taller: Backtesting de Algoritmos,250.0,2025-01-06,2025-01-08
614,Taller: Enrutamiento,450.0,2023-03-28,2023-03-31
615,Taller: Mineria de Datos,450.0,2025-08-23,2025-08-24
616,Taller: Modelos Probabilisticos,450.0,2025-08-28,2025-08-31
617,Taller: Bases de Datos,300.0,2024-03-25,2024-03-28
618,Taller: Bases de Datos,300.0,2023-07-14,2023-07-16
619,Taller: Optimizacion SQL,300.0,2025-12-04,2025-12-05
620,Taller: Ciberseguridad,250.0,2024-12-23,2024-12-24
621,Taller: Vision Artificial,250.0,2023-10-17,2023-10-19
622,Taller: Machine Learning,450.0,2023-02-09,2023-02-11
623,Taller: Optimizacion SQL,450.0,2023-02-15,2023-02-17
624,Taller: Ingenieria de Software,250.0,2023-09-17,2023-09-19
625,Taller: Realidad Aumentada,450.0,2026-04-05,2026-04-07
626,Taller: IoT y Domotica,450.0,2024-01-21,2024-01-22
627,Taller: Robotica Industrial,250.0,2025-10-30,2025-11-01
628,Taller: Redes Neuronales,450.0,2023-06-01,2023-06-02
629,Taller: Modelos Probabilisticos,300.0,2023-11-20,2023-11-21
630,Taller: Vision Artificial,450.0,2024-09-25,2024-09-26
631,Taller: Ciberseguridad,250.0,2023-05-31,2023-06-02
632,Taller: Diseno de APIs REST,250.0,2023-02-15,2023-02-16
633,Taller: IoT y Domotica,300.0,2024-10-08,2024-10-09
634,Taller: Realidad Aumentada,250.0,2025-06-30,2025-07-02
635,Taller: Ciberseguridad,250.0,2024-08-16,2024-08-19
636,Taller: Algoritmos Predictivos,450.0,2023-11-06,2023-11-07
637,Taller: Lenguaje Natural (NLP),250.0,2024-11-11,2024-11-14
638,Taller: Machine Learning,300.0,2023-04-02,2023-04-04
639,Taller: IoT y Domotica,300.0,2025-05-16,2025-05-17
640,Taller: Realidad Aumentada,250.0,2026-04-15,2026-04-18
641,Taller: Redes Fisicas,250.0,2023-05-02,2023-05-03
642,Taller: IoT y Domotica,300.0,2024-07-08,2024-07-11
643,Taller: Contenedores Docker,450.0,2023-02-25,2023-02-26
644,Taller: Analisis Estadistico,450.0,2023-04-09,2023-04-11
645,Taller: Mineria de Datos,450.0,2025-08-14,2025-08-15
646,Taller: Analisis Estadistico,450.0,2025-12-08,2025-12-11
647,Taller: Microservicios,450.0,2024-08-17,2024-08-19
648,Taller: IoT y Domotica,450.0,2023-02-10,2023-02-11
649,Taller: Analisis Estadistico,300.0,2024-06-30,2024-07-01
650,Taller: Sistemas Embebidos,250.0,2023-12-13,2023-12-16
651,Taller: Desarrollo Movil,250.0,2023-08-24,2023-08-26
652,Taller: Edge Computing,250.0,2023-02-10,2023-02-12
653,Taller: Robotica Industrial,450.0,2023-07-14,2023-07-16
654,Taller: Mineria de Datos,450.0,2024-02-06,2024-02-07
655,Taller: Desarrollo Movil,450.0,2026-03-02,2026-03-04
656,Taller: SO Distribuidos,450.0,2023-02-26,2023-02-28
657,Taller: Sistemas Embebidos,450.0,2024-03-31,2024-04-02
658,Taller: IoT y Domotica,250.0,2025-07-26,2025-07-29
659,Taller: Robotica Industrial,250.0,2026-02-13,2026-02-14
660,Taller: Automatizacion de Pruebas,300.0,2023-03-22,2023-03-25
661,Taller: Lenguaje Natural (NLP),300.0,2025-05-17,2025-05-19
662,Taller: Backtesting de Algoritmos,250.0,2025-09-03,2025-09-05
663,Taller: Big Data,250.0,2025-12-05,2025-12-06
664,Taller: Redes Neuronales,300.0,2024-11-28,2024-11-30
665,Taller: Vision Artificial,250.0,2024-07-19,2024-07-20
666,Taller: Robotica Industrial,450.0,2023-06-01,2023-06-04
667,Taller: DevOps,450.0,2024-11-10,2024-11-13
668,Taller: Big Data,250.0,2026-04-03,2026-04-04
669,Taller: Optimizacion SQL,250.0,2025-08-10,2025-08-12
670,Taller: Redes Fisicas,300.0,2023-03-17,2023-03-19
671,Taller: Cloud Computing,250.0,2026-01-12,2026-01-13
672,Taller: Business Intelligence,250.0,2024-04-29,2024-05-01
673,Taller: Ciberseguridad,450.0,2024-09-08,2024-09-09
674,Taller: Redes Neuronales,250.0,2023-07-26,2023-07-29
675,Taller: Seguridad Industrial,300.0,2025-03-16,2025-03-19
676,Taller: Software Seguro,300.0,2025-04-29,2025-05-01
677,Taller: Blockchain,450.0,2024-01-14,2024-01-17
678,Taller: Lenguaje Natural (NLP),450.0,2023-02-06,2023-02-08
679,Taller: IoT y Domotica,300.0,2023-10-25,2023-10-26
680,Taller: Criptografia,300.0,2025-07-02,2025-07-05
681,Taller: Seguridad Industrial,250.0,2024-06-24,2024-06-26
682,Taller: Ciberseguridad,450.0,2023-09-05,2023-09-08
683,Taller: Ingenieria de Software,450.0,2024-02-07,2024-02-09
684,Taller: Ingenieria de Software,450.0,2023-08-04,2023-08-06
685,Taller: DevOps,450.0,2025-06-25,2025-06-27
686,Taller: Analisis Estadistico,450.0,2023-09-25,2023-09-27
687,Taller: Realidad Aumentada,250.0,2025-09-05,2025-09-06
688,Taller: Mineria de Datos,450.0,2024-09-13,2024-09-14
689,Taller: SO Distribuidos,300.0,2024-04-22,2024-04-25
690,Taller: Business Intelligence,250.0,2024-07-26,2024-07-29
691,Taller: Business Intelligence,250.0,2025-02-27,2025-03-02
692,Taller: Ingenieria de Software,250.0,2025-08-30,2025-09-02
693,Taller: Bases de Datos,250.0,2023-06-15,2023-06-16
694,Taller: Riesgos Industriales con IA,300.0,2025-06-10,2025-06-11
695,Taller: Riesgos Industriales con IA,300.0,2025-09-14,2025-09-17
696,Taller: Backtesting de Algoritmos,300.0,2023-05-12,2023-05-14
697,Taller: Realidad Aumentada,300.0,2023-05-02,2023-05-05
698,Taller: Seguridad Industrial,450.0,2023-12-04,2023-12-06
699,Taller: Sistemas Embebidos,450.0,2025-05-06,2025-05-07
700,Taller: SO Distribuidos,450.0,2024-04-28,2024-04-29
701,Taller: Pipelines ETL,450.0,2023-09-04,2023-09-07
702,Taller: Modelos Probabilisticos,300.0,2024-08-30,2024-09-02
703,Taller: Realidad Aumentada,300.0,2024-08-06,2024-08-09
704,Taller: Cloud Computing,450.0,2023-08-09,2023-08-12
705,Taller: Seguridad Industrial,300.0,2024-04-20,2024-04-22
706,Taller: Cloud Computing,450.0,2026-03-19,2026-03-21
707,Taller: Sistemas de Control,250.0,2023-04-23,2023-04-26
708,Taller: Optimizacion SQL,300.0,2025-06-01,2025-06-04
709,Taller: Lenguaje Natural (NLP),300.0,2026-01-30,2026-02-02
710,Taller: Vision Artificial,250.0,2025-01-09,2025-01-12
711,Taller: Seguridad Industrial,450.0,2026-04-13,2026-04-16
712,Taller: Robotica Industrial,300.0,2025-07-06,2025-07-07
713,Taller: Optimizacion SQL,250.0,2025-07-04,2025-07-05
714,Taller: Telemetria,450.0,2023-05-20,2023-05-22
715,Taller: Riesgos Industriales con IA,300.0,2023-09-25,2023-09-26
716,Taller: Analisis Estadistico,300.0,2024-03-21,2024-03-23
717,Taller: Mineria de Datos,250.0,2026-04-04,2026-04-07
718,Taller: Microservicios,250.0,2024-05-12,2024-05-14
719,Taller: Desarrollo Movil,450.0,2025-03-21,2025-03-23
720,Taller: Big Data,450.0,2024-10-15,2024-10-17
721,Taller: Blockchain,300.0,2024-07-21,2024-07-22
722,Taller: Realidad Aumentada,300.0,2025-02-10,2025-02-11
723,Taller: Bases de Datos,450.0,2024-11-07,2024-11-10
724,Taller: Optimizacion SQL,300.0,2025-03-08,2025-03-11
725,Taller: Modelos Probabilisticos,250.0,2024-02-27,2024-02-28
726,Taller: Diseno de APIs REST,300.0,2025-06-11,2025-06-14
727,Taller: IoT y Domotica,250.0,2025-02-21,2025-02-24
728,Taller: Pipelines ETL,450.0,2023-02-10,2023-02-13
729,Taller: Big Data,300.0,2025-07-07,2025-07-09
730,Taller: Lenguaje Natural (NLP),300.0,2023-10-20,2023-10-22
731,Taller: Bases de Datos,250.0,2026-03-10,2026-03-13
732,Taller: Riesgos Industriales con IA,450.0,2024-11-18,2024-11-21
733,Taller: IoT y Domotica,250.0,2024-06-23,2024-06-26
734,Taller: Pipelines ETL,250.0,2023-08-30,2023-09-01
735,Taller: Big Data,450.0,2023-09-02,2023-09-04
736,Taller: Robotica Industrial,450.0,2026-02-02,2026-02-04
737,Taller: Sistemas Embebidos,450.0,2025-04-29,2025-04-30
738,Taller: SO Distribuidos,250.0,2023-01-22,2023-01-25
739,Taller: Business Intelligence,450.0,2026-01-01,2026-01-03
740,Taller: Pipelines ETL,450.0,2025-03-30,2025-04-01
741,Taller: Redes Fisicas,450.0,2023-12-01,2023-12-04
742,Taller: Redes Neuronales,300.0,2026-04-29,2026-04-30
743,Taller: Lenguaje Natural (NLP),250.0,2025-03-31,2025-04-01
744,Taller: Redes Fisicas,450.0,2024-10-17,2024-10-18
745,Taller: Microservicios,450.0,2026-01-31,2026-02-02
746,Taller: Seguridad Industrial,300.0,2025-03-07,2025-03-09
747,Taller: Cableado Estructurado,250.0,2023-10-29,2023-10-30
748,Taller: Sistemas de Control,300.0,2025-10-22,2025-10-23
749,Taller: Backtesting de Algoritmos,300.0,2023-06-09,2023-06-12
750,Taller: Machine Learning,450.0,2024-10-01,2024-10-04
751,Taller: IoT y Domotica,250.0,2023-08-02,2023-08-03
752,Taller: Sistemas Embebidos,300.0,2025-06-30,2025-07-03
753,Taller: Riesgos Industriales con IA,450.0,2026-02-10,2026-02-13
754,Taller: DevOps,250.0,2024-08-10,2024-08-11
755,Taller: Realidad Aumentada,300.0,2025-01-13,2025-01-16
756,Taller: Machine Learning,300.0,2024-02-24,2024-02-27
757,Taller: Edge Computing,450.0,2025-11-23,2025-11-24
758,Taller: DevOps,300.0,2026-02-11,2026-02-14
759,Taller: DevOps,300.0,2025-11-11,2025-11-12
760,Taller: Computacion Cuantica,300.0,2024-06-13,2024-06-16
761,Taller: Telemetria,250.0,2024-05-04,2024-05-07
762,Taller: Diseno de APIs REST,250.0,2026-04-15,2026-04-17
763,Taller: Modelos Probabilisticos,450.0,2023-04-13,2023-04-16
764,Taller: Machine Learning,300.0,2023-08-19,2023-08-21
765,Taller: Diseno de APIs REST,450.0,2023-02-09,2023-02-11
766,Taller: Algoritmos Predictivos,300.0,2024-01-05,2024-01-06
767,Taller: Automatizacion de Pruebas,450.0,2024-03-07,2024-03-10
768,Taller: Realidad Aumentada,450.0,2023-05-24,2023-05-27
769,Taller: Modelos Probabilisticos,300.0,2025-07-10,2025-07-11
770,Taller: Riesgos Industriales con IA,450.0,2023-04-25,2023-04-26
771,Taller: Computacion Cuantica,450.0,2023-01-27,2023-01-29
772,Taller: Lenguaje Natural (NLP),450.0,2025-03-13,2025-03-14
773,Taller: Ciberseguridad,250.0,2024-02-03,2024-02-06
774,Taller: Computacion Cuantica,250.0,2023-12-16,2023-12-17
775,Taller: IoT y Domotica,250.0,2023-10-20,2023-10-22
776,Taller: Sistemas de Control,250.0,2024-07-21,2024-07-24
777,Taller: Business Intelligence,450.0,2023-12-05,2023-12-07
778,Taller: Analisis Estadistico,450.0,2025-06-20,2025-06-21
779,Taller: Desarrollo Movil,450.0,2024-03-06,2024-03-08
780,Taller: Seguridad Industrial,300.0,2024-05-01,2024-05-03
781,Taller: Backtesting de Algoritmos,300.0,2025-10-13,2025-10-15
782,Taller: Diseno de APIs REST,450.0,2024-04-12,2024-04-14
783,Taller: Software Seguro,450.0,2025-12-28,2025-12-29
784,Taller: Machine Learning,450.0,2024-08-29,2024-08-30
785,Taller: Cloud Computing,250.0,2024-06-21,2024-06-24
786,Taller: Cloud Computing,300.0,2026-04-11,2026-04-13
787,Taller: Mineria de Datos,450.0,2025-02-05,2025-02-08
788,Taller: Telemetria,450.0,2023-03-23,2023-03-25
789,Taller: Ingenieria de Software,250.0,2024-06-11,2024-06-14
790,Taller: Criptografia,300.0,2024-06-20,2024-06-22
791,Taller: Microservicios,450.0,2025-03-22,2025-03-23
792,Taller: Telemetria,450.0,2025-08-14,2025-08-15
793,Taller: DevOps,300.0,2023-03-26,2023-03-29
794,Taller: Big Data,300.0,2024-03-08,2024-03-09
795,Taller: IoT y Domotica,250.0,2023-05-10,2023-05-11
796,Taller: Diseno de APIs REST,250.0,2025-03-07,2025-03-10
797,Taller: Sistemas de Control,300.0,2025-12-15,2025-12-16
798,Taller: Optimizacion SQL,250.0,2026-03-20,2026-03-21
799,Taller: Bases de Datos,300.0,2026-03-18,2026-03-19
800,Taller: Realidad Aumentada,300.0,2025-03-23,2025-03-26
801,Taller: Algoritmos Predictivos,450.0,2025-07-24,2025-07-25
802,Taller: Algoritmos Predictivos,300.0,2023-11-02,2023-11-05
803,Taller: Redes Fisicas,250.0,2023-05-06,2023-05-09
804,Taller: Robotica Industrial,450.0,2023-01-05,2023-01-07
805,Taller: Telemetria,250.0,2025-07-24,2025-07-26
806,Taller: Modelos Probabilisticos,300.0,2023-01-10,2023-01-12
807,Taller: Algoritmos Predictivos,250.0,2024-09-29,2024-10-01
808,Taller: DevOps,300.0,2026-01-10,2026-01-13
809,Taller: Algoritmos Predictivos,250.0,2025-05-25,2025-05-28
810,Taller: Edge Computing,250.0,2024-05-25,2024-05-28
811,Taller: Vision Artificial,250.0,2025-05-01,2025-05-03
812,Taller: Sistemas Embebidos,450.0,2025-01-02,2025-01-05
813,Taller: Seguridad Industrial,450.0,2026-04-16,2026-04-18
814,Taller: Desarrollo Movil,450.0,2024-03-16,2024-03-18
815,Taller: Criptografia,300.0,2024-04-30,2024-05-01
816,Taller: Optimizacion SQL,450.0,2024-01-21,2024-01-22
817,Taller: Blockchain,300.0,2023-12-01,2023-12-02
818,Taller: Redes Fisicas,250.0,2025-01-06,2025-01-07
819,Taller: Robotica Industrial,300.0,2024-03-29,2024-03-30
820,Taller: Diseno de APIs REST,450.0,2024-02-28,2024-03-02
821,Taller: Big Data,300.0,2025-07-01,2025-07-02
822,Taller: Cloud Computing,450.0,2023-08-13,2023-08-15
823,Taller: Diseno de APIs REST,450.0,2024-02-15,2024-02-16
824,Taller: Bases de Datos,300.0,2024-10-25,2024-10-27
825,Taller: Microservicios,250.0,2024-11-03,2024-11-05
826,Taller: Cloud Computing,300.0,2025-10-12,2025-10-14
827,Taller: Riesgos Industriales con IA,250.0,2026-02-05,2026-02-07
828,Taller: Computacion Cuantica,300.0,2023-03-13,2023-03-16
829,Taller: Algoritmos Predictivos,450.0,2026-03-21,2026-03-23
830,Taller: Computacion Cuantica,250.0,2024-10-06,2024-10-09
831,Taller: Computacion Cuantica,450.0,2024-05-13,2024-05-16
832,Taller: Software Seguro,300.0,2025-04-22,2025-04-25
833,Taller: Riesgos Industriales con IA,300.0,2025-11-30,2025-12-01
834,Taller: Blockchain,450.0,2025-05-30,2025-05-31
835,Taller: Telemetria,250.0,2025-07-06,2025-07-08
836,Taller: Diseno de APIs REST,300.0,2025-08-03,2025-08-04
837,Taller: Sistemas de Control,450.0,2024-01-31,2024-02-02
838,Taller: SO Distribuidos,300.0,2023-09-25,2023-09-26
839,Taller: Contenedores Docker,450.0,2024-12-01,2024-12-03
840,Taller: Big Data,450.0,2025-05-04,2025-05-05
841,Taller: Mineria de Datos,250.0,2025-09-04,2025-09-05
842,Taller: Redes Neuronales,250.0,2024-10-26,2024-10-28
843,Taller: Algoritmos Predictivos,250.0,2023-11-14,2023-11-15
844,Taller: Computacion Cuantica,450.0,2024-03-01,2024-03-02
845,Taller: Contenedores Docker,250.0,2026-04-05,2026-04-08
846,Taller: Telemetria,300.0,2024-08-13,2024-08-14
847,Taller: Computacion Cuantica,300.0,2025-07-02,2025-07-05
848,Taller: Ciberseguridad,250.0,2023-08-25,2023-08-27
849,Taller: Analisis Estadistico,250.0,2023-12-20,2023-12-22
850,Taller: Cloud Computing,300.0,2024-04-11,2024-04-12
851,Taller: Lenguaje Natural (NLP),450.0,2025-01-01,2025-01-03
852,Taller: Riesgos Industriales con IA,450.0,2025-06-10,2025-06-13
853,Taller: Cloud Computing,250.0,2025-12-04,2025-12-07
854,Taller: Cloud Computing,300.0,2024-06-11,2024-06-14
855,Taller: Contenedores Docker,250.0,2023-05-29,2023-06-01
856,Taller: Backtesting de Algoritmos,450.0,2025-05-07,2025-05-10
857,Taller: Automatizacion de Pruebas,250.0,2025-04-17,2025-04-18
858,Taller: Algoritmos Predictivos,300.0,2025-09-06,2025-09-09
859,Taller: Edge Computing,300.0,2025-10-23,2025-10-26
860,Taller: Diseno de APIs REST,250.0,2025-06-19,2025-06-22
861,Taller: Telemetria,300.0,2025-05-26,2025-05-27
862,Taller: Ingenieria de Software,450.0,2025-02-10,2025-02-13
863,Taller: Sistemas Embebidos,300.0,2025-07-20,2025-07-23
864,Taller: Cloud Computing,250.0,2025-05-30,2025-06-02
865,Taller: Robotica Industrial,250.0,2024-02-29,2024-03-01
866,Taller: Microservicios,300.0,2024-07-08,2024-07-09
867,Taller: Realidad Aumentada,450.0,2024-06-22,2024-06-23
868,Taller: Backtesting de Algoritmos,250.0,2023-07-27,2023-07-28
869,Taller: Diseno de APIs REST,450.0,2025-08-17,2025-08-20
870,Taller: Big Data,250.0,2025-09-28,2025-10-01
871,Taller: Enrutamiento,250.0,2023-01-22,2023-01-23
872,Taller: Ingenieria de Software,250.0,2025-02-21,2025-02-24
873,Taller: Optimizacion SQL,300.0,2024-05-24,2024-05-27
874,Taller: Business Intelligence,450.0,2024-07-17,2024-07-19
875,Taller: DevOps,250.0,2024-09-25,2024-09-27
876,Taller: Realidad Aumentada,450.0,2023-12-03,2023-12-05
877,Taller: Enrutamiento,250.0,2024-08-01,2024-08-04
878,Taller: Ciberseguridad,250.0,2023-08-04,2023-08-05
879,Taller: Modelos Probabilisticos,450.0,2024-11-01,2024-11-02
880,Taller: Business Intelligence,450.0,2026-01-01,2026-01-03
881,Taller: Ingenieria de Software,250.0,2025-05-06,2025-05-07
882,Taller: Enrutamiento,450.0,2023-02-18,2023-02-21
883,Taller: Criptografia,250.0,2024-06-06,2024-06-09
884,Taller: Machine Learning,250.0,2026-02-22,2026-02-23
885,Taller: Business Intelligence,450.0,2023-07-16,2023-07-17
886,Taller: Algoritmos Predictivos,250.0,2025-07-20,2025-07-22
887,Taller: Microservicios,300.0,2023-12-18,2023-12-21
888,Taller: Algoritmos Predictivos,450.0,2023-09-03,2023-09-06
889,Taller: Big Data,450.0,2025-07-25,2025-07-26
890,Taller: Diseno de APIs REST,250.0,2024-03-31,2024-04-01
891,Taller: Lenguaje Natural (NLP),300.0,2025-06-27,2025-06-30
892,Taller: Algoritmos Predictivos,300.0,2026-02-11,2026-02-12
893,Taller: Contenedores Docker,450.0,2025-06-25,2025-06-26
894,Taller: IoT y Domotica,450.0,2026-04-21,2026-04-23
895,Taller: Redes Neuronales,300.0,2023-12-14,2023-12-16
896,Taller: Analisis Estadistico,450.0,2026-02-09,2026-02-10
897,Taller: Computacion Cuantica,300.0,2024-08-20,2024-08-22
898,Taller: Bases de Datos,250.0,2023-05-02,2023-05-04
899,Taller: Computacion Cuantica,450.0,2023-06-08,2023-06-11
900,Taller: Enrutamiento,300.0,2023-05-27,2023-05-30
901,Taller: Cloud Computing,300.0,2025-11-19,2025-11-22
902,Taller: Riesgos Industriales con IA,450.0,2024-11-23,2024-11-26
903,Taller: Redes Neuronales,300.0,2024-05-29,2024-05-30
904,Taller: DevOps,300.0,2025-08-16,2025-08-19
905,Taller: Blockchain,300.0,2025-08-07,2025-08-08
906,Taller: Ciberseguridad,300.0,2023-12-27,2023-12-28
907,Taller: Cableado Estructurado,250.0,2025-01-04,2025-01-07
908,Taller: Contenedores Docker,250.0,2023-10-16,2023-10-17
909,Taller: DevOps,250.0,2023-11-13,2023-11-15
910,Taller: Automatizacion de Pruebas,250.0,2025-05-09,2025-05-10
911,Taller: Seguridad Industrial,300.0,2025-04-03,2025-04-05
912,Taller: Bases de Datos,250.0,2023-09-24,2023-09-26
913,Taller: Lenguaje Natural (NLP),250.0,2024-11-30,2024-12-02
914,Taller: Automatizacion de Pruebas,250.0,2024-05-02,2024-05-05
915,Taller: Diseno de APIs REST,450.0,2024-02-22,2024-02-25
916,Taller: Computacion Cuantica,250.0,2025-07-28,2025-07-31
917,Taller: Cableado Estructurado,300.0,2025-02-06,2025-02-09
918,Taller: Automatizacion de Pruebas,450.0,2024-01-10,2024-01-12
919,Taller: Modelos Probabilisticos,450.0,2024-07-15,2024-07-18
920,Taller: Analisis Estadistico,250.0,2024-06-26,2024-06-27
921,Taller: Business Intelligence,250.0,2025-02-24,2025-02-25
922,Taller: Big Data,250.0,2023-12-18,2023-12-21
923,Taller: Pipelines ETL,250.0,2024-05-03,2024-05-06
924,Taller: Backtesting de Algoritmos,450.0,2024-06-22,2024-06-24
925,Taller: Seguridad Industrial,450.0,2025-08-25,2025-08-28
926,Taller: Optimizacion SQL,300.0,2024-03-04,2024-03-06
927,Taller: Bases de Datos,450.0,2024-07-23,2024-07-24
928,Taller: Microservicios,450.0,2025-05-01,2025-05-04
929,Taller: Riesgos Industriales con IA,450.0,2026-03-21,2026-03-24
930,Taller: Contenedores Docker,450.0,2026-03-12,2026-03-14
931,Taller: Cableado Estructurado,300.0,2025-12-27,2025-12-30
932,Taller: Microservicios,450.0,2025-09-24,2025-09-27
933,Taller: Riesgos Industriales con IA,250.0,2023-08-20,2023-08-22
934,Taller: Business Intelligence,250.0,2023-02-10,2023-02-13
935,Taller: Contenedores Docker,300.0,2026-01-27,2026-01-30
936,Taller: Diseno de APIs REST,300.0,2023-03-11,2023-03-13
937,Taller: Robotica Industrial,450.0,2025-04-01,2025-04-02
938,Taller: Lenguaje Natural (NLP),300.0,2024-09-13,2024-09-14
939,Taller: Ingenieria de Software,250.0,2024-06-24,2024-06-26
940,Taller: Criptografia,300.0,2023-10-18,2023-10-19
941,Taller: Computacion Cuantica,250.0,2025-07-21,2025-07-22
942,Taller: Business Intelligence,450.0,2023-09-14,2023-09-16
943,Taller: Sistemas de Control,300.0,2023-07-16,2023-07-19
944,Taller: Contenedores Docker,450.0,2025-08-17,2025-08-20
945,Taller: Vision Artificial,450.0,2025-06-23,2025-06-26
946,Taller: Telemetria,250.0,2023-11-16,2023-11-17
947,Taller: Big Data,450.0,2026-02-15,2026-02-17
948,Taller: Lenguaje Natural (NLP),450.0,2024-11-05,2024-11-08
949,Taller: Ingenieria de Software,450.0,2023-03-22,2023-03-25
950,Taller: SO Distribuidos,450.0,2023-07-27,2023-07-29
951,Taller: DevOps,450.0,2023-09-25,2023-09-28
952,Taller: Telemetria,250.0,2023-01-22,2023-01-24
953,Taller: Diseno de APIs REST,300.0,2026-01-14,2026-01-16
954,Taller: Automatizacion de Pruebas,450.0,2025-07-16,2025-07-18
955,Taller: Automatizacion de Pruebas,450.0,2023-09-16,2023-09-17
956,Taller: IoT y Domotica,250.0,2025-02-24,2025-02-27
957,Taller: Criptografia,450.0,2023-05-08,2023-05-11
958,Taller: Lenguaje Natural (NLP),250.0,2024-03-15,2024-03-18
959,Taller: Riesgos Industriales con IA,250.0,2025-07-07,2025-07-09
960,Taller: Diseno de APIs REST,300.0,2024-01-25,2024-01-28
961,Taller: Computacion Cuantica,300.0,2025-02-15,2025-02-17
962,Taller: Backtesting de Algoritmos,450.0,2024-12-13,2024-12-15
963,Taller: DevOps,450.0,2026-04-06,2026-04-08
964,Taller: Algoritmos Predictivos,450.0,2025-07-23,2025-07-25
965,Taller: Software Seguro,450.0,2025-05-21,2025-05-24
966,Taller: IoT y Domotica,250.0,2025-12-13,2025-12-16
967,Taller: SO Distribuidos,450.0,2025-08-12,2025-08-14
968,Taller: Microservicios,450.0,2023-05-14,2023-05-15
969,Taller: Algoritmos Predictivos,450.0,2025-08-26,2025-08-27
970,Taller: Desarrollo Movil,300.0,2025-10-01,2025-10-04
971,Taller: Mineria de Datos,450.0,2025-09-02,2025-09-05
972,Taller: Seguridad Industrial,250.0,2024-01-15,2024-01-17
973,Taller: Cloud Computing,300.0,2023-01-18,2023-01-19
974,Taller: Ciberseguridad,250.0,2023-01-31,2023-02-02
975,Taller: Cloud Computing,450.0,2023-02-01,2023-02-02
976,Taller: Realidad Aumentada,450.0,2024-04-17,2024-04-18
977,Taller: Realidad Aumentada,300.0,2024-01-21,2024-01-22
978,Taller: Diseno de APIs REST,450.0,2023-03-31,2023-04-02
979,Taller: Contenedores Docker,250.0,2023-01-02,2023-01-04
980,Taller: Sistemas de Control,250.0,2024-01-08,2024-01-11
981,Taller: DevOps,450.0,2025-05-29,2025-05-30
982,Taller: Criptografia,300.0,2025-06-24,2025-06-25
983,Taller: Robotica Industrial,250.0,2026-01-09,2026-01-12
984,Taller: DevOps,450.0,2024-04-16,2024-04-17
985,Taller: Cableado Estructurado,450.0,2025-08-31,2025-09-02
986,Taller: Enrutamiento,450.0,2025-02-20,2025-02-21
987,Taller: Cloud Computing,300.0,2024-03-21,2024-03-22
988,Taller: Edge Computing,300.0,2025-11-07,2025-11-08
989,Taller: Enrutamiento,300.0,2023-04-17,2023-04-19
990,Taller: Contenedores Docker,450.0,2024-04-19,2024-04-21
991,Taller: Riesgos Industriales con IA,300.0,2023-07-25,2023-07-26
992,Taller: Enrutamiento,450.0,2024-08-27,2024-08-29
993,Taller: SO Distribuidos,250.0,2025-10-05,2025-10-08
994,Taller: Redes Neuronales,250.0,2024-07-22,2024-07-23
995,Taller: Business Intelligence,450.0,2026-03-28,2026-03-30
996,Taller: Pipelines ETL,450.0,2026-04-13,2026-04-14
997,Taller: Edge Computing,250.0,2023-04-01,2023-04-03
998,Taller: Machine Learning,450.0,2023-12-31,2024-01-02
999,Taller: Lenguaje Natural (NLP),450.0,2023-03-31,2023-04-02
1000,Taller: Lenguaje Natural (NLP),250.0,2024-01-08,2024-01-09
1001,Taller: Blockchain,300.0,2023-04-20,2023-04-22
1002,Taller: Ciberseguridad,450.0,2026-01-02,2026-01-04
1003,Taller: Optimizacion SQL,300.0,2026-02-27,2026-03-02
1004,Taller: Redes Neuronales,250.0,2025-07-17,2025-07-18
1005,Taller: Diseno de APIs REST,250.0,2024-05-14,2024-05-17
1006,Taller: Contenedores Docker,450.0,2025-01-24,2025-01-26
1007,Taller: Automatizacion de Pruebas,300.0,2023-11-17,2023-11-19
1008,Taller: Telemetria,450.0,2023-10-06,2023-10-07
1009,Taller: Realidad Aumentada,450.0,2024-09-09,2024-09-11
1010,Taller: Telemetria,300.0,2025-09-04,2025-09-07
1011,Taller: Realidad Aumentada,450.0,2023-01-02,2023-01-04
1012,Taller: IoT y Domotica,450.0,2025-04-02,2025-04-05
1013,Taller: Seguridad Industrial,250.0,2024-05-10,2024-05-12
1014,Taller: Robotica Industrial,250.0,2024-07-14,2024-07-17
1015,Taller: Microservicios,450.0,2024-06-15,2024-06-18
1016,Taller: Contenedores Docker,300.0,2024-04-21,2024-04-23
1017,Taller: Microservicios,300.0,2023-01-10,2023-01-11
1018,Taller: SO Distribuidos,300.0,2025-08-22,2025-08-24
1019,Taller: Vision Artificial,250.0,2025-02-22,2025-02-24
1020,Taller: Realidad Aumentada,450.0,2025-05-15,2025-05-16
1021,Taller: Ingenieria de Software,300.0,2023-09-30,2023-10-01
1022,Taller: Edge Computing,450.0,2024-12-24,2024-12-25
1023,Taller: Analisis Estadistico,250.0,2023-06-19,2023-06-22
1024,Taller: Seguridad Industrial,300.0,2026-01-10,2026-01-13
1025,Taller: Redes Fisicas,450.0,2023-03-16,2023-03-18
1026,Taller: Modelos Probabilisticos,250.0,2025-02-08,2025-02-09
1027,Taller: Ingenieria de Software,300.0,2025-11-23,2025-11-26
1028,Taller: Redes Fisicas,450.0,2024-02-07,2024-02-08
1029,Taller: Blockchain,450.0,2024-08-22,2024-08-23
1030,Taller: Ciberseguridad,250.0,2025-05-17,2025-05-20
1031,Taller: Bases de Datos,250.0,2023-04-06,2023-04-08
1032,Taller: Redes Fisicas,450.0,2025-08-12,2025-08-15
1033,Taller: Sistemas Embebidos,450.0,2025-08-16,2025-08-19
1034,Taller: Mineria de Datos,300.0,2025-01-19,2025-01-20
1035,Taller: Bases de Datos,250.0,2024-09-01,2024-09-04
1036,Taller: Business Intelligence,300.0,2026-03-27,2026-03-28
1037,Taller: Algoritmos Predictivos,250.0,2023-07-19,2023-07-22
1038,Taller: Cableado Estructurado,450.0,2024-04-20,2024-04-22
1039,Taller: Vision Artificial,300.0,2024-10-02,2024-10-05
1040,Taller: IoT y Domotica,250.0,2025-09-30,2025-10-02
1041,Taller: Backtesting de Algoritmos,450.0,2026-02-13,2026-02-15
1042,Taller: Machine Learning,250.0,2023-04-26,2023-04-28
1043,Taller: Enrutamiento,450.0,2023-04-15,2023-04-17
1044,Taller: SO Distribuidos,250.0,2025-12-20,2025-12-22
1045,Taller: Bases de Datos,450.0,2024-06-21,2024-06-23
1046,Taller: DevOps,250.0,2024-10-03,2024-10-05
1047,Taller: DevOps,450.0,2023-09-13,2023-09-14
1048,Taller: Algoritmos Predictivos,250.0,2025-02-26,2025-02-28
1049,Taller: Software Seguro,300.0,2025-12-30,2025-12-31
1050,Taller: Diseno de APIs REST,450.0,2024-11-09,2024-11-11
1051,Taller: Business Intelligence,450.0,2024-11-13,2024-11-14
1052,Taller: Optimizacion SQL,300.0,2025-04-26,2025-04-27
1053,Taller: Seguridad Industrial,300.0,2025-06-30,2025-07-02
1054,Taller: Cloud Computing,250.0,2024-06-18,2024-06-21
1055,Taller: Ingenieria de Software,300.0,2026-03-21,2026-03-23
1056,Taller: SO Distribuidos,300.0,2023-02-12,2023-02-14
1057,Taller: Analisis Estadistico,250.0,2024-10-05,2024-10-06
1058,Taller: Business Intelligence,450.0,2026-04-10,2026-04-11
1059,Taller: Robotica Industrial,450.0,2023-06-12,2023-06-15
1060,Taller: Criptografia,450.0,2024-08-12,2024-08-13
1061,Taller: Sistemas de Control,450.0,2025-10-07,2025-10-09
1062,Taller: Ciberseguridad,450.0,2025-09-03,2025-09-05
1063,Taller: IoT y Domotica,250.0,2023-11-16,2023-11-17
1064,Taller: Algoritmos Predictivos,450.0,2023-12-21,2023-12-22
1065,Taller: Redes Fisicas,250.0,2024-11-13,2024-11-15
1066,Taller: IoT y Domotica,250.0,2023-11-21,2023-11-23
1067,Taller: Software Seguro,450.0,2023-04-18,2023-04-20
1068,Taller: DevOps,450.0,2023-08-31,2023-09-03
1069,Taller: Robotica Industrial,300.0,2023-01-08,2023-01-10
1070,Taller: Modelos Probabilisticos,250.0,2026-02-10,2026-02-12
1071,Taller: Redes Neuronales,250.0,2026-03-08,2026-03-10
1072,Taller: Blockchain,250.0,2024-04-10,2024-04-13
1073,Taller: Redes Fisicas,450.0,2025-05-04,2025-05-05
1074,Taller: Lenguaje Natural (NLP),300.0,2026-01-20,2026-01-22
1075,Taller: Cableado Estructurado,250.0,2024-08-26,2024-08-29
1076,Taller: Contenedores Docker,300.0,2024-08-06,2024-08-09
1077,Taller: Cableado Estructurado,250.0,2026-04-14,2026-04-15
1078,Taller: Computacion Cuantica,450.0,2024-10-29,2024-10-30
1079,Taller: Cloud Computing,450.0,2025-07-13,2025-07-16
1080,Taller: Realidad Aumentada,300.0,2023-03-26,2023-03-29
1081,Taller: Contenedores Docker,250.0,2024-11-09,2024-11-11
1082,Taller: Diseno de APIs REST,300.0,2026-04-29,2026-05-02
1083,Taller: Sistemas de Control,450.0,2025-11-25,2025-11-26
1084,Taller: Sistemas Embebidos,250.0,2024-11-28,2024-11-29
1085,Taller: Desarrollo Movil,450.0,2025-09-11,2025-09-14
1086,Taller: IoT y Domotica,300.0,2023-08-31,2023-09-02
1087,Taller: Seguridad Industrial,450.0,2025-11-05,2025-11-06
1088,Taller: Redes Neuronales,450.0,2025-10-29,2025-10-30
1089,Taller: Ciberseguridad,250.0,2024-02-13,2024-02-14
1090,Taller: Desarrollo Movil,300.0,2024-08-25,2024-08-27
1091,Taller: DevOps,250.0,2025-07-18,2025-07-20
1092,Taller: Lenguaje Natural (NLP),450.0,2026-04-27,2026-04-28
1093,Taller: DevOps,250.0,2023-05-04,2023-05-07
1094,Taller: Lenguaje Natural (NLP),250.0,2026-02-13,2026-02-16
1095,Taller: Ciberseguridad,250.0,2023-01-07,2023-01-10
1096,Taller: Blockchain,250.0,2026-04-22,2026-04-25
1097,Taller: Business Intelligence,450.0,2024-08-11,2024-08-14
1098,Taller: Pipelines ETL,300.0,2024-01-30,2024-01-31
1099,Taller: Edge Computing,250.0,2023-04-15,2023-04-16
1100,Taller: Optimizacion SQL,250.0,2026-01-21,2026-01-24
1101,Taller: Business Intelligence,450.0,2025-08-10,2025-08-11
1102,Taller: Bases de Datos,250.0,2024-10-08,2024-10-10
1103,Taller: Sistemas Embebidos,250.0,2023-12-31,2024-01-03
1104,Taller: Backtesting de Algoritmos,250.0,2026-04-12,2026-04-14
1105,Taller: Realidad Aumentada,450.0,2026-04-03,2026-04-04
1106,Taller: Cloud Computing,300.0,2025-02-15,2025-02-17
1107,Taller: Modelos Probabilisticos,300.0,2025-12-28,2025-12-30
1108,Taller: Vision Artificial,250.0,2023-02-08,2023-02-10
1109,Taller: Telemetria,450.0,2024-11-04,2024-11-07
1110,Taller: Machine Learning,250.0,2023-03-09,2023-03-10
1111,Taller: Big Data,450.0,2024-12-01,2024-12-02
1112,Taller: Redes Neuronales,300.0,2025-03-24,2025-03-27
1113,Taller: Sistemas Embebidos,300.0,2025-01-06,2025-01-09
1114,Taller: Sistemas de Control,250.0,2026-04-17,2026-04-20
1115,Taller: Big Data,250.0,2025-04-01,2025-04-04
1116,Taller: Redes Fisicas,450.0,2025-07-11,2025-07-14
1117,Taller: Cloud Computing,300.0,2024-04-24,2024-04-25
1118,Taller: Computacion Cuantica,300.0,2025-09-05,2025-09-07
1119,Taller: Cloud Computing,450.0,2024-05-07,2024-05-08
1120,Taller: Edge Computing,450.0,2024-06-05,2024-06-08
1121,Taller: Contenedores Docker,250.0,2026-01-18,2026-01-21
1122,Taller: Big Data,450.0,2025-03-24,2025-03-25
1123,Taller: Vision Artificial,300.0,2023-10-13,2023-10-15
1124,Taller: Computacion Cuantica,250.0,2023-03-18,2023-03-20
1125,Taller: Blockchain,300.0,2024-02-03,2024-02-05
1126,Taller: Machine Learning,450.0,2025-02-01,2025-02-04
1127,Taller: Pipelines ETL,300.0,2026-03-30,2026-03-31
1128,Taller: Cloud Computing,450.0,2024-05-30,2024-06-01
1129,Taller: Desarrollo Movil,450.0,2025-03-07,2025-03-10
1130,Taller: Seguridad Industrial,450.0,2024-11-15,2024-11-17
1131,Taller: Desarrollo Movil,250.0,2023-08-15,2023-08-17
1132,Taller: Cableado Estructurado,300.0,2023-09-05,2023-09-07
1133,Taller: Automatizacion de Pruebas,450.0,2025-02-22,2025-02-23
1134,Taller: Enrutamiento,450.0,2025-10-20,2025-10-22
1135,Taller: Lenguaje Natural (NLP),450.0,2026-03-03,2026-03-04
1136,Taller: Lenguaje Natural (NLP),250.0,2024-04-17,2024-04-19
1137,Taller: Automatizacion de Pruebas,450.0,2024-08-23,2024-08-25
1138,Taller: Riesgos Industriales con IA,300.0,2025-09-07,2025-09-09
1139,Taller: Redes Neuronales,250.0,2025-12-17,2025-12-18
1140,Taller: Riesgos Industriales con IA,300.0,2024-10-10,2024-10-13
1141,Taller: Automatizacion de Pruebas,450.0,2025-09-20,2025-09-21
1142,Taller: Big Data,250.0,2024-04-06,2024-04-07
1143,Taller: DevOps,300.0,2023-11-19,2023-11-20
1144,Taller: Microservicios,450.0,2024-09-11,2024-09-14
1145,Taller: Bases de Datos,300.0,2025-06-12,2025-06-15
1146,Taller: Modelos Probabilisticos,300.0,2023-10-09,2023-10-12
1147,Taller: Algoritmos Predictivos,300.0,2024-03-29,2024-03-30
1148,Taller: Riesgos Industriales con IA,250.0,2025-09-28,2025-09-29
1149,Taller: Machine Learning,250.0,2024-12-18,2024-12-19
1150,Taller: Lenguaje Natural (NLP),250.0,2024-09-09,2024-09-10
1151,Taller: Mineria de Datos,250.0,2024-02-16,2024-02-18
1152,Taller: Contenedores Docker,300.0,2023-02-11,2023-02-13
1153,Taller: Bases de Datos,300.0,2024-07-29,2024-07-31
1154,Taller: Contenedores Docker,300.0,2024-09-02,2024-09-04
1155,Taller: Vision Artificial,300.0,2025-03-29,2025-04-01
1156,Taller: Sistemas de Control,300.0,2026-02-05,2026-02-08
1157,Taller: Analisis Estadistico,450.0,2024-03-07,2024-03-08
1158,Taller: Software Seguro,300.0,2025-11-08,2025-11-10
1159,Taller: Vision Artificial,250.0,2025-05-23,2025-05-26
1160,Taller: Big Data,250.0,2025-12-31,2026-01-02
1161,Taller: Backtesting de Algoritmos,300.0,2024-06-28,2024-06-30
1162,Taller: Ciberseguridad,250.0,2025-03-04,2025-03-05
1163,Taller: Desarrollo Movil,450.0,2023-02-13,2023-02-16
1164,Taller: Automatizacion de Pruebas,450.0,2023-05-20,2023-05-22
1165,Taller: Desarrollo Movil,450.0,2024-05-19,2024-05-21
1166,Taller: Cloud Computing,250.0,2023-09-25,2023-09-28
1167,Taller: Analisis Estadistico,250.0,2023-04-09,2023-04-11
1168,Taller: Analisis Estadistico,300.0,2024-07-03,2024-07-04
1169,Taller: Backtesting de Algoritmos,300.0,2023-07-01,2023-07-03
1170,Taller: Microservicios,250.0,2025-04-23,2025-04-26
1171,Taller: Blockchain,450.0,2023-10-22,2023-10-25
1172,Taller: DevOps,250.0,2026-03-26,2026-03-27
1173,Taller: Software Seguro,300.0,2025-09-20,2025-09-21
1174,Taller: Microservicios,450.0,2025-06-07,2025-06-08
1175,Taller: Robotica Industrial,300.0,2024-06-07,2024-06-08
1176,Taller: DevOps,450.0,2024-11-17,2024-11-18
1177,Taller: Modelos Probabilisticos,300.0,2025-02-17,2025-02-19
1178,Taller: Edge Computing,250.0,2023-08-18,2023-08-19
1179,Taller: Analisis Estadistico,300.0,2024-04-17,2024-04-19
1180,Taller: Algoritmos Predictivos,250.0,2023-06-06,2023-06-07
1181,Taller: Realidad Aumentada,450.0,2025-04-21,2025-04-23
1182,Taller: Seguridad Industrial,300.0,2024-06-18,2024-06-19
1183,Taller: Riesgos Industriales con IA,450.0,2025-11-24,2025-11-26
1184,Taller: Diseno de APIs REST,300.0,2023-11-17,2023-11-20
1185,Taller: Business Intelligence,300.0,2025-09-26,2025-09-28
1186,Taller: Ingenieria de Software,450.0,2023-05-20,2023-05-23
1187,Taller: Sistemas de Control,250.0,2025-04-06,2025-04-08
1188,Taller: Machine Learning,250.0,2023-12-02,2023-12-05
1189,Taller: Riesgos Industriales con IA,450.0,2026-04-05,2026-04-06
1190,Taller: Sistemas Embebidos,450.0,2023-07-27,2023-07-29
1191,Taller: Business Intelligence,300.0,2023-06-03,2023-06-04
1192,Taller: Lenguaje Natural (NLP),250.0,2024-06-30,2024-07-02
1193,Taller: Criptografia,450.0,2026-03-16,2026-03-19
1194,Taller: Edge Computing,450.0,2026-03-21,2026-03-23
1195,Taller: Machine Learning,250.0,2026-02-13,2026-02-14
1196,Taller: Pipelines ETL,300.0,2025-03-04,2025-03-05
1197,Taller: Automatizacion de Pruebas,450.0,2024-09-26,2024-09-28
1198,Taller: Bases de Datos,300.0,2024-06-26,2024-06-27
1199,Taller: Big Data,300.0,2026-04-26,2026-04-28
1200,Taller: Robotica Industrial,450.0,2024-10-11,2024-10-14
1201,Taller: Machine Learning,250.0,2023-12-31,2024-01-02
1202,Taller: Lenguaje Natural (NLP),300.0,2024-01-15,2024-01-18
1203,Taller: Sistemas Embebidos,300.0,2024-05-12,2024-05-13
1204,Taller: Backtesting de Algoritmos,300.0,2023-03-18,2023-03-19
1205,Taller: Machine Learning,450.0,2024-06-15,2024-06-18
1206,Taller: Vision Artificial,300.0,2024-02-20,2024-02-22
1207,Taller: Robotica Industrial,300.0,2023-01-19,2023-01-21
1208,Taller: Criptografia,250.0,2024-09-24,2024-09-25
1209,Taller: Modelos Probabilisticos,300.0,2025-07-05,2025-07-07
1210,Taller: Sistemas Embebidos,250.0,2025-11-18,2025-11-21
1211,Taller: Sistemas Embebidos,450.0,2023-11-06,2023-11-08
1212,Taller: Microservicios,250.0,2023-09-04,2023-09-07
1213,Taller: Cableado Estructurado,250.0,2023-03-17,2023-03-19
1214,Taller: Ingenieria de Software,450.0,2023-02-08,2023-02-11
1215,Taller: Pipelines ETL,300.0,2024-12-18,2024-12-20
1216,Taller: SO Distribuidos,250.0,2023-01-11,2023-01-12
1217,Taller: Redes Fisicas,300.0,2025-07-24,2025-07-25
1218,Taller: SO Distribuidos,250.0,2025-01-16,2025-01-17
1219,Taller: Algoritmos Predictivos,250.0,2025-03-04,2025-03-06
1220,Taller: IoT y Domotica,250.0,2025-11-08,2025-11-11
1221,Taller: Modelos Probabilisticos,450.0,2023-09-05,2023-09-07
1222,Taller: Edge Computing,250.0,2026-04-05,2026-04-06
1223,Taller: Big Data,450.0,2025-10-27,2025-10-28
1224,Taller: Algoritmos Predictivos,300.0,2025-11-22,2025-11-24
1225,Taller: Business Intelligence,300.0,2023-12-23,2023-12-26
1226,Taller: Mineria de Datos,450.0,2023-07-28,2023-07-30
1227,Taller: Cableado Estructurado,250.0,2025-03-09,2025-03-11
1228,Taller: Robotica Industrial,300.0,2023-06-21,2023-06-22
1229,Taller: Criptografia,300.0,2026-02-03,2026-02-06
1230,Taller: Cloud Computing,300.0,2024-07-03,2024-07-04
1231,Taller: Business Intelligence,250.0,2023-06-04,2023-06-07
1232,Taller: Automatizacion de Pruebas,450.0,2025-02-13,2025-02-16
1233,Taller: Modelos Probabilisticos,450.0,2025-07-31,2025-08-02
1234,Taller: Lenguaje Natural (NLP),300.0,2023-09-03,2023-09-05
1235,Taller: Bases de Datos,300.0,2024-01-23,2024-01-26
1236,Taller: Algoritmos Predictivos,300.0,2024-09-16,2024-09-18
1237,Taller: Mineria de Datos,450.0,2024-01-16,2024-01-17
1238,Taller: Cloud Computing,250.0,2025-09-08,2025-09-10
1239,Taller: Riesgos Industriales con IA,450.0,2023-08-09,2023-08-11
1240,Taller: Mineria de Datos,450.0,2024-03-10,2024-03-11
1241,Taller: Automatizacion de Pruebas,300.0,2023-04-28,2023-04-30
1242,Taller: IoT y Domotica,300.0,2026-03-27,2026-03-29
1243,Taller: Edge Computing,250.0,2025-05-23,2025-05-26
1244,Taller: Machine Learning,300.0,2023-10-20,2023-10-22
1245,Taller: Contenedores Docker,450.0,2023-01-10,2023-01-11
1246,Taller: Contenedores Docker,450.0,2023-10-03,2023-10-04
1247,Taller: Algoritmos Predictivos,250.0,2025-09-20,2025-09-22
1248,Taller: IoT y Domotica,300.0,2024-10-13,2024-10-16
1249,Taller: Machine Learning,250.0,2025-12-21,2025-12-24
1250,Taller: Redes Fisicas,250.0,2025-12-14,2025-12-16
1251,Taller: Modelos Probabilisticos,450.0,2024-02-09,2024-02-11
1252,Taller: DevOps,450.0,2023-04-20,2023-04-23
1253,Taller: Seguridad Industrial,300.0,2025-10-01,2025-10-03
1254,Taller: Seguridad Industrial,300.0,2024-08-01,2024-08-02
1255,Taller: Riesgos Industriales con IA,300.0,2025-01-29,2025-02-01
1256,Taller: SO Distribuidos,450.0,2025-07-03,2025-07-05
1257,Taller: Software Seguro,250.0,2024-02-12,2024-02-14
1258,Taller: Seguridad Industrial,250.0,2024-08-08,2024-08-09
1259,Taller: IoT y Domotica,450.0,2025-04-25,2025-04-26
1260,Taller: Computacion Cuantica,450.0,2023-05-27,2023-05-29
1261,Taller: Big Data,300.0,2026-04-04,2026-04-06
1262,Taller: Machine Learning,250.0,2025-05-04,2025-05-07
1263,Taller: Sistemas de Control,450.0,2023-11-23,2023-11-26
1264,Taller: Pipelines ETL,300.0,2025-06-12,2025-06-13
1265,Taller: Bases de Datos,300.0,2023-12-13,2023-12-14
1266,Taller: Redes Neuronales,450.0,2025-04-30,2025-05-03
1267,Taller: DevOps,450.0,2023-12-14,2023-12-16
1268,Taller: Seguridad Industrial,300.0,2025-03-01,2025-03-04
1269,Taller: Cloud Computing,250.0,2024-01-27,2024-01-29
1270,Taller: Contenedores Docker,300.0,2025-01-25,2025-01-27
1271,Taller: Software Seguro,300.0,2023-12-31,2024-01-02
1272,Taller: Sistemas Embebidos,300.0,2025-12-30,2026-01-02
1273,Taller: Riesgos Industriales con IA,300.0,2025-11-12,2025-11-14
1274,Taller: Edge Computing,450.0,2023-07-20,2023-07-22
1275,Taller: Software Seguro,250.0,2023-02-05,2023-02-06
1276,Taller: Backtesting de Algoritmos,450.0,2026-01-29,2026-01-30
1277,Taller: Software Seguro,250.0,2025-03-10,2025-03-13
1278,Taller: Enrutamiento,300.0,2024-11-10,2024-11-11
1279,Taller: Computacion Cuantica,250.0,2023-02-01,2023-02-02
1280,Taller: Edge Computing,300.0,2026-01-25,2026-01-27
1281,Taller: Analisis Estadistico,250.0,2026-04-12,2026-04-14
1282,Taller: Algoritmos Predictivos,300.0,2024-09-30,2024-10-03
1283,Taller: Big Data,250.0,2025-09-16,2025-09-17
1284,Taller: Ciberseguridad,300.0,2025-03-08,2025-03-10
1285,Taller: Bases de Datos,300.0,2023-05-15,2023-05-18
1286,Taller: Bases de Datos,450.0,2025-02-20,2025-02-22
1287,Taller: SO Distribuidos,300.0,2025-02-27,2025-03-02
1288,Taller: Analisis Estadistico,300.0,2025-06-07,2025-06-08
1289,Taller: Diseno de APIs REST,450.0,2024-01-03,2024-01-04
1290,Taller: Lenguaje Natural (NLP),300.0,2025-04-24,2025-04-26
1291,Taller: SO Distribuidos,250.0,2023-10-13,2023-10-16
1292,Taller: Optimizacion SQL,250.0,2024-10-31,2024-11-03
1293,Taller: Ciberseguridad,250.0,2025-05-16,2025-05-19
1294,Taller: Riesgos Industriales con IA,450.0,2023-07-09,2023-07-12
1295,Taller: Bases de Datos,250.0,2024-02-25,2024-02-27
1296,Taller: Seguridad Industrial,250.0,2025-02-16,2025-02-19
1297,Taller: SO Distribuidos,250.0,2026-02-08,2026-02-09
1298,Taller: Machine Learning,300.0,2023-07-28,2023-07-29
1299,Taller: Algoritmos Predictivos,250.0,2023-07-27,2023-07-29
1300,Taller: SO Distribuidos,300.0,2026-01-31,2026-02-01
1301,Taller: Cableado Estructurado,300.0,2023-03-19,2023-03-22
1302,Taller: Edge Computing,300.0,2023-08-04,2023-08-07
1303,Taller: DevOps,300.0,2025-05-25,2025-05-28
1304,Taller: Robotica Industrial,250.0,2025-07-24,2025-07-26
1305,Taller: Edge Computing,450.0,2025-12-29,2026-01-01
1306,Taller: Blockchain,450.0,2024-08-31,2024-09-01
1307,Taller: Robotica Industrial,250.0,2024-12-05,2024-12-06
1308,Taller: Enrutamiento,450.0,2024-01-01,2024-01-02
1309,Taller: SO Distribuidos,300.0,2025-11-29,2025-12-01
1310,Taller: Redes Neuronales,450.0,2024-07-06,2024-07-09
1311,Taller: Sistemas de Control,300.0,2023-05-31,2023-06-02
1312,Taller: Diseno de APIs REST,250.0,2025-04-13,2025-04-16
1313,Taller: Pipelines ETL,300.0,2024-02-04,2024-02-06
1314,Taller: Microservicios,250.0,2025-07-06,2025-07-08
1315,Taller: Sistemas de Control,250.0,2024-04-06,2024-04-09
1316,Taller: Redes Fisicas,300.0,2025-11-12,2025-11-13
1317,Taller: Pipelines ETL,450.0,2024-10-05,2024-10-06
1318,Taller: Robotica Industrial,300.0,2025-05-16,2025-05-18
1319,Taller: Robotica Industrial,300.0,2025-07-02,2025-07-05
1320,Taller: Pipelines ETL,450.0,2024-08-15,2024-08-17
1321,Taller: Telemetria,300.0,2023-05-02,2023-05-03
1322,Taller: Microservicios,300.0,2025-09-30,2025-10-02
1323,Taller: Computacion Cuantica,300.0,2024-05-31,2024-06-02
1324,Taller: Riesgos Industriales con IA,300.0,2026-03-10,2026-03-11
1325,Taller: Business Intelligence,250.0,2026-04-20,2026-04-23
1326,Taller: Ciberseguridad,300.0,2025-09-02,2025-09-05
1327,Taller: Redes Neuronales,300.0,2025-03-14,2025-03-16
1328,Taller: Vision Artificial,450.0,2024-04-20,2024-04-21
1329,Taller: Contenedores Docker,300.0,2025-09-12,2025-09-15
1330,Taller: Criptografia,250.0,2023-10-16,2023-10-18
1331,Taller: Blockchain,250.0,2026-04-20,2026-04-21
1332,Taller: Robotica Industrial,300.0,2024-01-22,2024-01-25
1333,Taller: Sistemas de Control,300.0,2024-02-21,2024-02-22
1334,Taller: Business Intelligence,450.0,2025-08-21,2025-08-22
1335,Taller: Robotica Industrial,450.0,2023-12-27,2023-12-29
1336,Taller: Desarrollo Movil,250.0,2025-04-10,2025-04-11
1337,Taller: Backtesting de Algoritmos,300.0,2025-03-07,2025-03-08
1338,Taller: Riesgos Industriales con IA,250.0,2024-05-13,2024-05-15
1339,Taller: Analisis Estadistico,300.0,2023-07-23,2023-07-24
1340,Taller: Robotica Industrial,250.0,2023-12-12,2023-12-15
1341,Taller: Realidad Aumentada,450.0,2026-01-05,2026-01-08
1342,Taller: Redes Neuronales,450.0,2025-10-23,2025-10-26
1343,Taller: Desarrollo Movil,450.0,2024-09-29,2024-09-30
1344,Taller: Criptografia,300.0,2023-11-01,2023-11-03
1345,Taller: IoT y Domotica,300.0,2025-03-29,2025-04-01
1346,Taller: Optimizacion SQL,300.0,2025-01-27,2025-01-29
1347,Taller: Analisis Estadistico,450.0,2025-10-26,2025-10-29
1348,Taller: Desarrollo Movil,250.0,2025-01-20,2025-01-21
1349,Taller: Realidad Aumentada,450.0,2024-05-02,2024-05-03
1350,Taller: Automatizacion de Pruebas,300.0,2024-06-10,2024-06-12
1351,Taller: Computacion Cuantica,250.0,2026-03-03,2026-03-04
1352,Taller: IoT y Domotica,250.0,2023-09-13,2023-09-14
1353,Taller: Redes Neuronales,250.0,2023-02-06,2023-02-07
1354,Taller: Ciberseguridad,450.0,2023-08-12,2023-08-15
1355,Taller: Cloud Computing,450.0,2025-03-26,2025-03-28
1356,Taller: Mineria de Datos,300.0,2023-03-09,2023-03-10
1357,Taller: Edge Computing,300.0,2025-05-17,2025-05-19
1358,Taller: Vision Artificial,450.0,2025-04-29,2025-05-01
1359,Taller: Modelos Probabilisticos,250.0,2025-04-14,2025-04-16
1360,Taller: SO Distribuidos,250.0,2023-05-06,2023-05-07
1361,Taller: Big Data,450.0,2023-08-11,2023-08-14
1362,Taller: Cableado Estructurado,300.0,2024-11-28,2024-11-29
1363,Taller: Blockchain,250.0,2025-09-14,2025-09-15
1364,Taller: Machine Learning,450.0,2025-08-18,2025-08-21
1365,Taller: Riesgos Industriales con IA,450.0,2023-11-18,2023-11-19
1366,Taller: Optimizacion SQL,250.0,2025-09-03,2025-09-06
1367,Taller: Redes Fisicas,250.0,2026-04-13,2026-04-16
1368,Taller: Automatizacion de Pruebas,300.0,2024-05-23,2024-05-25
1369,Taller: Automatizacion de Pruebas,300.0,2024-08-06,2024-08-07
1370,Taller: Mineria de Datos,250.0,2026-02-27,2026-03-02
1371,Taller: Blockchain,300.0,2026-01-31,2026-02-02
1372,Taller: Mineria de Datos,300.0,2025-06-25,2025-06-28
1373,Taller: Enrutamiento,250.0,2025-03-13,2025-03-14
1374,Taller: Big Data,250.0,2023-01-12,2023-01-15
1375,Taller: Vision Artificial,300.0,2023-11-19,2023-11-21
1376,Taller: Cableado Estructurado,300.0,2023-10-07,2023-10-10
1377,Taller: Algoritmos Predictivos,250.0,2024-09-28,2024-09-30
1378,Taller: Pipelines ETL,250.0,2023-04-19,2023-04-21
1379,Taller: Software Seguro,300.0,2026-01-06,2026-01-08
1380,Taller: Redes Neuronales,300.0,2023-12-04,2023-12-07
1381,Taller: SO Distribuidos,300.0,2023-04-14,2023-04-16
1382,Taller: Backtesting de Algoritmos,450.0,2023-09-11,2023-09-14
1383,Taller: Pipelines ETL,450.0,2023-05-11,2023-05-12
1384,Taller: Microservicios,300.0,2026-03-17,2026-03-18
1385,Taller: Contenedores Docker,450.0,2023-05-15,2023-05-17
1386,Taller: IoT y Domotica,250.0,2023-07-12,2023-07-13
1387,Taller: Sistemas de Control,450.0,2023-03-08,2023-03-11
1388,Taller: IoT y Domotica,300.0,2024-08-26,2024-08-29
1389,Taller: Desarrollo Movil,250.0,2023-07-05,2023-07-06
1390,Taller: Pipelines ETL,450.0,2025-03-16,2025-03-17
1391,Taller: Lenguaje Natural (NLP),300.0,2025-12-30,2025-12-31
1392,Taller: Ingenieria de Software,450.0,2026-03-12,2026-03-13
1393,Taller: Vision Artificial,300.0,2025-10-11,2025-10-13
1394,Taller: Vision Artificial,300.0,2024-01-07,2024-01-08
1395,Taller: Modelos Probabilisticos,250.0,2025-02-03,2025-02-04
1396,Taller: Realidad Aumentada,450.0,2024-08-27,2024-08-28
1397,Taller: Contenedores Docker,300.0,2024-05-10,2024-05-11
1398,Taller: Optimizacion SQL,300.0,2024-12-12,2024-12-13
1399,Taller: Contenedores Docker,300.0,2025-01-26,2025-01-29
1400,Taller: IoT y Domotica,300.0,2025-09-02,2025-09-03
1401,Taller: Software Seguro,300.0,2023-07-23,2023-07-25
1402,Taller: SO Distribuidos,300.0,2025-01-03,2025-01-04
1403,Taller: Software Seguro,300.0,2023-11-19,2023-11-22
1404,Taller: Edge Computing,450.0,2023-04-28,2023-05-01
1405,Taller: Vision Artificial,250.0,2023-01-04,2023-01-05
1406,Taller: Sistemas Embebidos,300.0,2025-04-25,2025-04-28
1407,Taller: Automatizacion de Pruebas,450.0,2026-01-20,2026-01-21
1408,Taller: SO Distribuidos,450.0,2023-10-23,2023-10-26
1409,Taller: Contenedores Docker,300.0,2025-12-15,2025-12-18
1410,Taller: SO Distribuidos,450.0,2023-08-08,2023-08-09
1411,Taller: Modelos Probabilisticos,450.0,2023-02-11,2023-02-12
1412,Taller: Edge Computing,250.0,2026-04-01,2026-04-03
1413,Taller: Microservicios,250.0,2023-05-11,2023-05-12
1414,Taller: Contenedores Docker,250.0,2023-06-02,2023-06-05
1415,Taller: IoT y Domotica,300.0,2024-03-05,2024-03-07
1416,Taller: Pipelines ETL,250.0,2026-04-17,2026-04-18
1417,Taller: Computacion Cuantica,250.0,2025-04-15,2025-04-18
1418,Taller: Optimizacion SQL,250.0,2023-04-29,2023-05-01
1419,Taller: Redes Fisicas,450.0,2024-01-12,2024-01-14
1420,Taller: Software Seguro,250.0,2023-07-10,2023-07-11
1421,Taller: Edge Computing,300.0,2026-02-16,2026-02-19
1422,Taller: Contenedores Docker,300.0,2023-03-25,2023-03-26
1423,Taller: SO Distribuidos,450.0,2025-02-17,2025-02-18
1424,Taller: Big Data,300.0,2025-03-04,2025-03-05
1425,Taller: Realidad Aumentada,300.0,2023-01-30,2023-02-01
1426,Taller: Machine Learning,450.0,2024-06-29,2024-07-02
1427,Taller: Computacion Cuantica,450.0,2024-03-05,2024-03-08
1428,Taller: Sistemas de Control,300.0,2025-07-04,2025-07-05
1429,Taller: Contenedores Docker,250.0,2025-12-29,2025-12-31
1430,Taller: Software Seguro,300.0,2025-12-27,2025-12-29
1431,Taller: Bases de Datos,250.0,2024-09-06,2024-09-08
1432,Taller: Machine Learning,450.0,2024-08-03,2024-08-04
1433,Taller: Robotica Industrial,250.0,2023-12-10,2023-12-12
1434,Taller: Ciberseguridad,450.0,2024-08-07,2024-08-10
1435,Taller: Desarrollo Movil,450.0,2023-03-20,2023-03-21
1436,Taller: Big Data,250.0,2023-12-02,2023-12-04
1437,Taller: Backtesting de Algoritmos,450.0,2023-08-29,2023-08-30
1438,Taller: Bases de Datos,300.0,2025-09-06,2025-09-08
1439,Taller: Backtesting de Algoritmos,250.0,2025-08-01,2025-08-02
1440,Taller: Big Data,300.0,2023-03-02,2023-03-03
1441,Taller: Software Seguro,250.0,2025-06-05,2025-06-08
1442,Taller: Backtesting de Algoritmos,250.0,2023-04-04,2023-04-06
1443,Taller: Seguridad Industrial,450.0,2023-03-19,2023-03-20
1444,Taller: Machine Learning,300.0,2025-01-29,2025-01-31
1445,Taller: Telemetria,300.0,2024-05-15,2024-05-17
1446,Taller: Algoritmos Predictivos,300.0,2024-12-08,2024-12-11
1447,Taller: Ingenieria de Software,250.0,2025-09-18,2025-09-21
1448,Taller: Ciberseguridad,300.0,2023-03-15,2023-03-16
1449,Taller: Realidad Aumentada,300.0,2025-01-30,2025-01-31
1450,Taller: Software Seguro,250.0,2026-01-01,2026-01-02
1451,Taller: DevOps,450.0,2023-05-18,2023-05-20
1452,Taller: Sistemas de Control,300.0,2025-03-11,2025-03-12
1453,Taller: Redes Neuronales,450.0,2025-11-29,2025-11-30
1454,Taller: Big Data,250.0,2023-02-07,2023-02-08
1455,Taller: Desarrollo Movil,450.0,2024-03-01,2024-03-03
1456,Taller: Redes Neuronales,250.0,2023-11-28,2023-11-30
1457,Taller: Contenedores Docker,450.0,2025-04-19,2025-04-21
1458,Taller: Redes Fisicas,300.0,2025-04-15,2025-04-18
1459,Taller: Robotica Industrial,250.0,2024-04-09,2024-04-11
1460,Taller: Desarrollo Movil,300.0,2023-08-22,2023-08-24
1461,Taller: Modelos Probabilisticos,300.0,2023-05-18,2023-05-21
1462,Taller: DevOps,300.0,2023-10-31,2023-11-01
1463,Taller: Riesgos Industriales con IA,450.0,2025-07-13,2025-07-16
1464,Taller: Vision Artificial,450.0,2025-02-21,2025-02-23
1465,Taller: Backtesting de Algoritmos,450.0,2025-09-17,2025-09-18
1466,Taller: Automatizacion de Pruebas,300.0,2023-11-16,2023-11-19
1467,Taller: Cableado Estructurado,450.0,2025-12-02,2025-12-04
1468,Taller: Sistemas Embebidos,250.0,2024-03-12,2024-03-13
1469,Taller: Blockchain,300.0,2025-08-12,2025-08-14
1470,Taller: Cableado Estructurado,450.0,2025-06-12,2025-06-13
1471,Taller: Ingenieria de Software,250.0,2024-12-02,2024-12-04
1472,Taller: Cableado Estructurado,300.0,2023-07-24,2023-07-26
1473,Taller: Software Seguro,450.0,2024-12-02,2024-12-05
1474,Taller: Modelos Probabilisticos,450.0,2026-04-14,2026-04-17
1475,Taller: Telemetria,450.0,2024-12-10,2024-12-11
1476,Taller: Machine Learning,250.0,2024-04-01,2024-04-04
1477,Taller: Bases de Datos,300.0,2024-03-13,2024-03-15
1478,Taller: Edge Computing,300.0,2026-02-10,2026-02-13
1479,Taller: Sistemas de Control,300.0,2024-01-29,2024-01-31
1480,Taller: Desarrollo Movil,450.0,2026-01-23,2026-01-26
1481,Taller: Ciberseguridad,300.0,2023-05-08,2023-05-11
1482,Taller: Automatizacion de Pruebas,250.0,2024-04-08,2024-04-10
1483,Taller: Realidad Aumentada,300.0,2025-05-18,2025-05-20
1484,Taller: Redes Fisicas,300.0,2025-05-19,2025-05-20
1485,Taller: Pipelines ETL,300.0,2023-05-28,2023-05-30
1486,Taller: Realidad Aumentada,250.0,2023-09-06,2023-09-08
1487,Taller: Redes Neuronales,250.0,2025-03-20,2025-03-23
1488,Taller: Algoritmos Predictivos,450.0,2024-08-12,2024-08-13
1489,Taller: Criptografia,300.0,2023-08-29,2023-08-30
1490,Taller: SO Distribuidos,300.0,2024-01-30,2024-02-01
1491,Taller: Riesgos Industriales con IA,300.0,2025-06-28,2025-07-01
1492,Taller: Modelos Probabilisticos,250.0,2024-09-16,2024-09-18
1493,Taller: SO Distribuidos,300.0,2025-12-14,2025-12-17
1494,Taller: Microservicios,450.0,2026-01-24,2026-01-27
1495,Taller: Enrutamiento,300.0,2023-06-24,2023-06-26
1496,Taller: Backtesting de Algoritmos,450.0,2023-03-28,2023-03-29
1497,Taller: Computacion Cuantica,250.0,2023-09-25,2023-09-27
1498,Taller: Ciberseguridad,250.0,2024-10-28,2024-10-30
1499,Taller: Algoritmos Predictivos,450.0,2025-11-17,2025-11-20
1500,Taller: Software Seguro,450.0,2023-09-09,2023-09-12
1501,Taller: Pipelines ETL,250.0,2023-08-07,2023-08-08
1502,Taller: Optimizacion SQL,250.0,2024-06-11,2024-06-14
1503,Taller: Mineria de Datos,450.0,2023-02-17,2023-02-19
1504,Taller: Realidad Aumentada,250.0,2024-10-06,2024-10-08
1505,Taller: Microservicios,300.0,2025-01-21,2025-01-22
1506,Taller: Realidad Aumentada,300.0,2024-11-15,2024-11-18
1507,Taller: Edge Computing,450.0,2026-02-05,2026-02-06
1508,Taller: Backtesting de Algoritmos,450.0,2024-06-01,2024-06-02
1509,Taller: Sistemas de Control,250.0,2023-01-10,2023-01-13
1510,Taller: Cableado Estructurado,450.0,2025-10-10,2025-10-11
1511,Taller: Pipelines ETL,300.0,2023-06-19,2023-06-21
1512,Taller: SO Distribuidos,450.0,2025-05-23,2025-05-26
1513,Taller: Ingenieria de Software,250.0,2025-09-02,2025-09-04
1514,Taller: Edge Computing,250.0,2023-02-05,2023-02-06
1515,Taller: Cableado Estructurado,300.0,2023-05-20,2023-05-23
1516,Taller: Edge Computing,450.0,2024-05-30,2024-06-01
1517,Taller: Bases de Datos,450.0,2023-08-21,2023-08-24
1518,Taller: Algoritmos Predictivos,450.0,2023-04-18,2023-04-20
1519,Taller: Vision Artificial,250.0,2023-02-21,2023-02-23
1520,Taller: Backtesting de Algoritmos,300.0,2026-02-28,2026-03-03
1521,Taller: Redes Neuronales,450.0,2023-09-22,2023-09-24
1522,Taller: Analisis Estadistico,300.0,2025-01-05,2025-01-07
1523,Taller: Desarrollo Movil,300.0,2023-06-16,2023-06-17
1524,Taller: Ingenieria de Software,250.0,2025-12-25,2025-12-26
1525,Taller: SO Distribuidos,300.0,2023-12-11,2023-12-14
1526,Taller: Backtesting de Algoritmos,450.0,2023-06-12,2023-06-14
1527,Taller: Robotica Industrial,450.0,2025-11-28,2025-11-29
1528,Taller: Sistemas Embebidos,250.0,2023-12-22,2023-12-23
1529,Taller: Automatizacion de Pruebas,250.0,2025-01-26,2025-01-27
1530,Taller: Ciberseguridad,300.0,2025-12-03,2025-12-06
1531,Taller: Backtesting de Algoritmos,450.0,2025-01-10,2025-01-11
1532,Taller: Algoritmos Predictivos,250.0,2026-02-22,2026-02-25
1533,Taller: Automatizacion de Pruebas,450.0,2025-08-12,2025-08-13
1534,Taller: Microservicios,450.0,2024-10-29,2024-10-30
1535,Taller: Vision Artificial,450.0,2023-08-13,2023-08-16
1536,Taller: Diseno de APIs REST,250.0,2024-02-06,2024-02-07
1537,Taller: Analisis Estadistico,250.0,2024-01-07,2024-01-08
1538,Taller: Mineria de Datos,450.0,2023-05-31,2023-06-02
1539,Taller: Algoritmos Predictivos,250.0,2023-02-04,2023-02-06
1540,Taller: Redes Fisicas,300.0,2023-05-30,2023-05-31
1541,Taller: Mineria de Datos,300.0,2024-01-08,2024-01-11
1542,Taller: Vision Artificial,300.0,2026-02-05,2026-02-06
1543,Taller: Cloud Computing,250.0,2024-09-14,2024-09-15
1544,Taller: Automatizacion de Pruebas,300.0,2024-10-20,2024-10-21
1545,Taller: Blockchain,450.0,2024-01-30,2024-01-31
1546,Taller: Ciberseguridad,300.0,2025-10-09,2025-10-10
1547,Taller: Analisis Estadistico,300.0,2023-01-17,2023-01-19
1548,Taller: Ciberseguridad,300.0,2023-10-08,2023-10-11
1549,Taller: DevOps,250.0,2024-10-15,2024-10-16
1550,Taller: Sistemas Embebidos,250.0,2025-02-08,2025-02-11
1551,Taller: Machine Learning,450.0,2024-08-28,2024-08-31
1552,Taller: Bases de Datos,250.0,2025-09-16,2025-09-17
1553,Taller: Sistemas Embebidos,450.0,2025-08-10,2025-08-13
1554,Taller: Algoritmos Predictivos,250.0,2024-08-18,2024-08-20
1555,Taller: Contenedores Docker,250.0,2025-11-20,2025-11-22
1556,Taller: Seguridad Industrial,450.0,2024-09-04,2024-09-05
1557,Taller: Business Intelligence,250.0,2026-03-09,2026-03-11
1558,Taller: Lenguaje Natural (NLP),450.0,2024-10-27,2024-10-29
1559,Taller: Telemetria,250.0,2024-10-27,2024-10-29
1560,Taller: Blockchain,250.0,2025-12-05,2025-12-07
1561,Taller: Backtesting de Algoritmos,250.0,2024-08-09,2024-08-10
1562,Taller: Redes Neuronales,250.0,2026-03-30,2026-04-02
1563,Taller: Blockchain,300.0,2024-08-09,2024-08-11
1564,Taller: Algoritmos Predictivos,300.0,2024-10-05,2024-10-07
1565,Taller: Telemetria,250.0,2024-07-17,2024-07-18
1566,Taller: Telemetria,450.0,2025-09-21,2025-09-22
1567,Taller: Microservicios,450.0,2023-04-21,2023-04-22
1568,Taller: Ciberseguridad,300.0,2025-03-20,2025-03-21
1569,Taller: Redes Fisicas,450.0,2025-06-07,2025-06-08
1570,Taller: Blockchain,250.0,2026-01-30,2026-02-02
1571,Taller: Mineria de Datos,300.0,2024-05-10,2024-05-11
1572,Taller: DevOps,250.0,2023-04-13,2023-04-16
1573,Taller: Software Seguro,300.0,2025-06-28,2025-07-01
1574,Taller: Sistemas de Control,300.0,2025-04-18,2025-04-20
1575,Taller: Machine Learning,250.0,2023-05-04,2023-05-06
1576,Taller: Desarrollo Movil,450.0,2025-06-24,2025-06-26
1577,Taller: Microservicios,450.0,2025-11-13,2025-11-14
1578,Taller: Software Seguro,250.0,2023-10-03,2023-10-05
1579,Taller: Sistemas Embebidos,450.0,2025-01-17,2025-01-19
1580,Taller: Redes Neuronales,300.0,2024-12-13,2024-12-15
1581,Taller: Microservicios,450.0,2023-03-12,2023-03-14
1582,Taller: Bases de Datos,250.0,2025-07-08,2025-07-10
1583,Taller: IoT y Domotica,250.0,2024-07-26,2024-07-27
1584,Taller: Sistemas de Control,300.0,2024-11-30,2024-12-02
1585,Taller: Business Intelligence,300.0,2024-11-05,2024-11-07
1586,Taller: DevOps,250.0,2024-07-25,2024-07-28
1587,Taller: SO Distribuidos,300.0,2023-06-08,2023-06-10
1588,Taller: Algoritmos Predictivos,450.0,2023-08-26,2023-08-28
1589,Taller: Diseno de APIs REST,450.0,2023-06-08,2023-06-09
1590,Taller: Redes Fisicas,250.0,2026-03-29,2026-03-30
1591,Taller: Lenguaje Natural (NLP),300.0,2025-09-03,2025-09-06
1592,Taller: Diseno de APIs REST,300.0,2025-10-19,2025-10-20
1593,Taller: DevOps,250.0,2024-03-20,2024-03-22
1594,Taller: Blockchain,300.0,2025-04-23,2025-04-26
1595,Taller: Contenedores Docker,300.0,2023-09-22,2023-09-24
1596,Taller: Pipelines ETL,250.0,2025-04-07,2025-04-08
1597,Taller: Algoritmos Predictivos,300.0,2025-07-17,2025-07-19
1598,Taller: Pipelines ETL,250.0,2025-10-08,2025-10-09
1599,Taller: Software Seguro,300.0,2023-11-17,2023-11-20
1600,Taller: Computacion Cuantica,450.0,2023-10-04,2023-10-06
1601,Taller: Mineria de Datos,450.0,2023-11-17,2023-11-20
1602,Taller: Edge Computing,250.0,2024-08-03,2024-08-06
1603,Taller: Bases de Datos,450.0,2023-12-25,2023-12-27
1604,Taller: SO Distribuidos,300.0,2024-09-25,2024-09-28
1605,Taller: SO Distribuidos,450.0,2023-10-01,2023-10-02
1606,Taller: Edge Computing,250.0,2023-05-21,2023-05-22
1607,Taller: Contenedores Docker,250.0,2023-04-30,2023-05-02
1608,Taller: Redes Neuronales,300.0,2026-04-26,2026-04-28
1609,Taller: Backtesting de Algoritmos,250.0,2025-07-10,2025-07-13
1610,Taller: Cableado Estructurado,450.0,2023-10-30,2023-11-01
1611,Taller: Mineria de Datos,450.0,2023-03-31,2023-04-03
1612,Taller: Seguridad Industrial,250.0,2024-01-10,2024-01-11
1613,Taller: Redes Neuronales,450.0,2026-03-02,2026-03-03
1614,Taller: Analisis Estadistico,250.0,2025-03-11,2025-03-12
1615,Taller: Ciberseguridad,450.0,2025-12-07,2025-12-08
1616,Taller: Lenguaje Natural (NLP),300.0,2023-08-28,2023-08-31
1617,Taller: Criptografia,300.0,2025-10-16,2025-10-19
1618,Taller: Riesgos Industriales con IA,300.0,2023-10-23,2023-10-26
1619,Taller: Analisis Estadistico,300.0,2025-12-18,2025-12-21
1620,Taller: Modelos Probabilisticos,250.0,2025-01-01,2025-01-02
1621,Taller: Pipelines ETL,300.0,2025-01-17,2025-01-19
1622,Taller: Robotica Industrial,300.0,2024-04-21,2024-04-22
1623,Taller: Redes Neuronales,450.0,2025-02-13,2025-02-16
1624,Taller: Microservicios,450.0,2026-02-14,2026-02-16
1625,Taller: Realidad Aumentada,300.0,2023-09-23,2023-09-25
1626,Taller: Realidad Aumentada,450.0,2023-02-11,2023-02-14
1627,Taller: Redes Neuronales,300.0,2025-10-17,2025-10-18
1628,Taller: Redes Neuronales,450.0,2024-02-11,2024-02-13
1629,Taller: Lenguaje Natural (NLP),450.0,2025-12-04,2025-12-05
1630,Taller: Riesgos Industriales con IA,300.0,2025-07-10,2025-07-13
1631,Taller: Automatizacion de Pruebas,250.0,2024-03-23,2024-03-26
1632,Taller: Criptografia,300.0,2024-02-24,2024-02-27
1633,Taller: Cloud Computing,450.0,2024-08-13,2024-08-15
1634,Taller: Analisis Estadistico,250.0,2023-04-25,2023-04-27
1635,Taller: Microservicios,450.0,2024-11-06,2024-11-09
1636,Taller: Microservicios,250.0,2026-02-21,2026-02-22
1637,Taller: SO Distribuidos,450.0,2024-04-06,2024-04-09
1638,Taller: Seguridad Industrial,300.0,2026-02-20,2026-02-22
1639,Taller: Sistemas de Control,300.0,2024-12-01,2024-12-02
1640,Taller: Edge Computing,250.0,2024-07-22,2024-07-25
1641,Taller: Analisis Estadistico,450.0,2024-10-13,2024-10-15
1642,Taller: Seguridad Industrial,300.0,2026-01-25,2026-01-26
1643,Taller: Criptografia,450.0,2025-01-04,2025-01-07
1644,Taller: Mineria de Datos,300.0,2023-03-06,2023-03-09
1645,Taller: Sistemas Embebidos,250.0,2026-02-21,2026-02-24
1646,Taller: Mineria de Datos,300.0,2025-08-10,2025-08-13
1647,Taller: Ingenieria de Software,450.0,2024-08-10,2024-08-12
1648,Taller: Pipelines ETL,450.0,2023-01-10,2023-01-12
1649,Taller: Seguridad Industrial,300.0,2024-09-03,2024-09-06
1650,Taller: Sistemas de Control,250.0,2023-05-05,2023-05-07
1651,Taller: Algoritmos Predictivos,250.0,2025-12-24,2025-12-26
1652,Taller: Sistemas Embebidos,250.0,2025-09-23,2025-09-26
1653,Taller: IoT y Domotica,300.0,2025-10-31,2025-11-03
1654,Taller: Contenedores Docker,300.0,2023-06-09,2023-06-12
1655,Taller: Ciberseguridad,300.0,2024-04-30,2024-05-01
1656,Taller: Ciberseguridad,300.0,2025-07-08,2025-07-10
1657,Taller: Redes Neuronales,450.0,2024-01-13,2024-01-15
1658,Taller: Desarrollo Movil,450.0,2025-04-18,2025-04-21
1659,Taller: Machine Learning,300.0,2025-12-19,2025-12-21
1660,Taller: Enrutamiento,300.0,2025-05-30,2025-06-01
1661,Taller: Riesgos Industriales con IA,250.0,2024-02-24,2024-02-27
1662,Taller: Algoritmos Predictivos,250.0,2023-05-16,2023-05-17
1663,Taller: DevOps,300.0,2023-11-19,2023-11-22
1664,Taller: Redes Neuronales,250.0,2023-02-06,2023-02-07
1665,Taller: Cloud Computing,300.0,2024-09-27,2024-09-28
1666,Taller: Redes Fisicas,300.0,2023-05-12,2023-05-13
1667,Taller: Edge Computing,300.0,2025-05-20,2025-05-23
1668,Taller: Contenedores Docker,300.0,2025-01-22,2025-01-23
1669,Taller: Automatizacion de Pruebas,300.0,2024-07-28,2024-07-30
1670,Taller: Big Data,300.0,2025-08-16,2025-08-19
1671,Taller: Modelos Probabilisticos,450.0,2023-06-29,2023-06-30
1672,Taller: Cloud Computing,300.0,2024-08-09,2024-08-10
1673,Taller: Redes Neuronales,250.0,2025-07-24,2025-07-27
1674,Taller: Seguridad Industrial,300.0,2025-04-07,2025-04-09
1675,Taller: Ingenieria de Software,250.0,2024-10-29,2024-10-30
1676,Taller: Mineria de Datos,450.0,2023-08-23,2023-08-24
1677,Taller: Redes Fisicas,250.0,2025-02-23,2025-02-25
1678,Taller: Robotica Industrial,300.0,2024-06-15,2024-06-17
1679,Taller: Modelos Probabilisticos,250.0,2026-04-30,2026-05-02
1680,Taller: Ingenieria de Software,450.0,2023-02-15,2023-02-16
1681,Taller: Sistemas de Control,450.0,2026-03-07,2026-03-08
1682,Taller: Business Intelligence,250.0,2024-06-12,2024-06-14
1683,Taller: Ingenieria de Software,300.0,2023-11-17,2023-11-19
1684,Taller: Robotica Industrial,250.0,2025-09-03,2025-09-05
1685,Taller: Desarrollo Movil,450.0,2023-03-15,2023-03-16
1686,Taller: Cloud Computing,250.0,2024-07-24,2024-07-25
1687,Taller: Enrutamiento,450.0,2023-01-23,2023-01-25
1688,Taller: Analisis Estadistico,250.0,2024-06-16,2024-06-18
1689,Taller: Big Data,450.0,2024-11-30,2024-12-01
1690,Taller: Vision Artificial,250.0,2023-11-15,2023-11-18
1691,Taller: Ciberseguridad,450.0,2023-04-22,2023-04-23
1692,Taller: IoT y Domotica,250.0,2024-12-23,2024-12-24
1693,Taller: Cableado Estructurado,300.0,2023-12-17,2023-12-19
1694,Taller: SO Distribuidos,450.0,2024-02-04,2024-02-05
1695,Taller: Mineria de Datos,250.0,2025-11-27,2025-11-29
1696,Taller: Machine Learning,450.0,2024-02-20,2024-02-21
1697,Taller: Microservicios,300.0,2024-07-07,2024-07-09
1698,Taller: Riesgos Industriales con IA,300.0,2023-09-03,2023-09-04
1699,Taller: Modelos Probabilisticos,450.0,2025-08-18,2025-08-19
1700,Taller: Telemetria,250.0,2024-04-17,2024-04-18
1701,Taller: Enrutamiento,450.0,2023-05-20,2023-05-21
1702,Taller: Sistemas Embebidos,250.0,2023-10-12,2023-10-15
1703,Taller: Ingenieria de Software,300.0,2025-08-11,2025-08-14
1704,Taller: Redes Fisicas,300.0,2023-01-10,2023-01-11
1705,Taller: IoT y Domotica,300.0,2023-07-03,2023-07-05
1706,Taller: Optimizacion SQL,300.0,2025-03-05,2025-03-07
1707,Taller: Realidad Aumentada,250.0,2024-07-26,2024-07-28
1708,Taller: SO Distribuidos,300.0,2024-09-09,2024-09-11
1709,Taller: Modelos Probabilisticos,300.0,2025-06-22,2025-06-25
1710,Taller: Realidad Aumentada,450.0,2024-07-24,2024-07-27
1711,Taller: Pipelines ETL,250.0,2025-04-26,2025-04-27
1712,Taller: Algoritmos Predictivos,250.0,2023-07-18,2023-07-21
1713,Taller: Microservicios,300.0,2023-08-14,2023-08-16
1714,Taller: Desarrollo Movil,300.0,2024-10-20,2024-10-23
1715,Taller: DevOps,450.0,2026-01-31,2026-02-01
1716,Taller: Diseno de APIs REST,450.0,2024-12-28,2024-12-31
1717,Taller: Optimizacion SQL,250.0,2024-10-15,2024-10-17
1718,Taller: Enrutamiento,300.0,2024-10-31,2024-11-02
1719,Taller: Sistemas Embebidos,450.0,2024-03-12,2024-03-15
1720,Taller: Redes Fisicas,300.0,2023-08-21,2023-08-22
1721,Taller: Backtesting de Algoritmos,300.0,2026-01-23,2026-01-24
1722,Taller: DevOps,250.0,2025-10-28,2025-10-29
1723,Taller: Cloud Computing,300.0,2023-08-07,2023-08-10
1724,Taller: Vision Artificial,300.0,2025-08-07,2025-08-08
1725,Taller: Ingenieria de Software,450.0,2023-11-09,2023-11-10
1726,Taller: Robotica Industrial,300.0,2024-05-27,2024-05-28
1727,Taller: Enrutamiento,450.0,2025-06-22,2025-06-23
1728,Taller: Redes Fisicas,250.0,2025-05-17,2025-05-20
1729,Taller: Business Intelligence,300.0,2025-03-31,2025-04-02
1730,Taller: Vision Artificial,250.0,2025-03-02,2025-03-03
1731,Taller: Vision Artificial,250.0,2023-12-02,2023-12-05
1732,Taller: Sistemas de Control,300.0,2025-03-30,2025-04-02
1733,Taller: Enrutamiento,300.0,2023-11-30,2023-12-01
1734,Taller: Backtesting de Algoritmos,450.0,2023-01-11,2023-01-14
1735,Taller: Blockchain,450.0,2024-04-21,2024-04-22
1736,Taller: Vision Artificial,250.0,2024-04-11,2024-04-12
1737,Taller: Lenguaje Natural (NLP),450.0,2024-08-15,2024-08-16
1738,Taller: Ingenieria de Software,300.0,2024-04-29,2024-05-02
1739,Taller: Edge Computing,250.0,2024-11-29,2024-12-01
1740,Taller: Diseno de APIs REST,450.0,2026-03-01,2026-03-03
1741,Taller: Redes Fisicas,450.0,2026-03-16,2026-03-17
1742,Taller: Enrutamiento,300.0,2024-09-04,2024-09-06
1743,Taller: Software Seguro,250.0,2023-12-08,2023-12-10
1744,Taller: Lenguaje Natural (NLP),250.0,2025-04-15,2025-04-18
1745,Taller: Criptografia,300.0,2024-02-03,2024-02-06
1746,Taller: Riesgos Industriales con IA,450.0,2024-12-01,2024-12-02
1747,Taller: Pipelines ETL,250.0,2023-01-26,2023-01-29
1748,Taller: Redes Fisicas,300.0,2024-12-26,2024-12-29
1749,Taller: Algoritmos Predictivos,450.0,2024-05-20,2024-05-23
1750,Taller: Automatizacion de Pruebas,250.0,2026-03-31,2026-04-01
1751,Taller: Ingenieria de Software,250.0,2024-07-25,2024-07-26
1752,Taller: Seguridad Industrial,450.0,2026-02-08,2026-02-11
1753,Taller: Contenedores Docker,450.0,2023-11-26,2023-11-28
1754,Taller: Contenedores Docker,300.0,2025-04-07,2025-04-10
1755,Taller: Edge Computing,250.0,2024-09-02,2024-09-05
1756,Taller: Pipelines ETL,300.0,2024-08-29,2024-08-31
1757,Taller: Vision Artificial,450.0,2023-08-14,2023-08-16
1758,Taller: Sistemas Embebidos,450.0,2025-06-01,2025-06-02
1759,Taller: Big Data,250.0,2025-03-29,2025-03-31
1760,Taller: Contenedores Docker,450.0,2024-02-26,2024-02-27
1761,Taller: Diseno de APIs REST,250.0,2026-04-24,2026-04-27
1762,Taller: Robotica Industrial,250.0,2023-09-13,2023-09-14
1763,Taller: Microservicios,250.0,2025-08-26,2025-08-29
1764,Taller: Microservicios,300.0,2023-10-01,2023-10-02
1765,Taller: Desarrollo Movil,250.0,2024-04-03,2024-04-04
1766,Taller: Mineria de Datos,300.0,2025-11-21,2025-11-24
1767,Taller: Mineria de Datos,450.0,2025-02-05,2025-02-08
1768,Taller: Automatizacion de Pruebas,300.0,2025-02-20,2025-02-21
1769,Taller: Contenedores Docker,300.0,2024-09-03,2024-09-06
1770,Taller: Vision Artificial,300.0,2025-03-05,2025-03-07
1771,Taller: Cloud Computing,300.0,2025-09-23,2025-09-26
1772,Taller: Vision Artificial,250.0,2024-07-12,2024-07-13
1773,Taller: Vision Artificial,450.0,2024-07-16,2024-07-18
1774,Taller: Microservicios,300.0,2023-07-07,2023-07-08
1775,Taller: Business Intelligence,250.0,2025-10-31,2025-11-01
1776,Taller: Realidad Aumentada,450.0,2023-11-18,2023-11-19
1777,Taller: Automatizacion de Pruebas,450.0,2025-11-18,2025-11-21
1778,Taller: SO Distribuidos,250.0,2025-07-28,2025-07-29
1779,Taller: Pipelines ETL,250.0,2026-02-22,2026-02-24
1780,Taller: Lenguaje Natural (NLP),300.0,2024-09-26,2024-09-28
1781,Taller: Redes Fisicas,450.0,2023-12-02,2023-12-05
1782,Taller: Big Data,250.0,2023-11-19,2023-11-20
1783,Taller: Analisis Estadistico,300.0,2023-11-11,2023-11-14
1784,Taller: Cloud Computing,250.0,2025-07-01,2025-07-03
1785,Taller: Software Seguro,250.0,2024-03-21,2024-03-22
1786,Taller: Contenedores Docker,450.0,2023-04-24,2023-04-27
1787,Taller: Riesgos Industriales con IA,450.0,2026-04-17,2026-04-19
1788,Taller: Redes Neuronales,300.0,2025-11-01,2025-11-03
1789,Taller: Riesgos Industriales con IA,450.0,2023-06-25,2023-06-28
1790,Taller: Desarrollo Movil,300.0,2023-07-26,2023-07-28
1791,Taller: Backtesting de Algoritmos,300.0,2025-05-03,2025-05-06
1792,Taller: Cableado Estructurado,250.0,2024-04-27,2024-04-30
1793,Taller: Contenedores Docker,450.0,2025-07-14,2025-07-17
1794,Taller: Diseno de APIs REST,300.0,2025-05-27,2025-05-29
1795,Taller: Vision Artificial,250.0,2025-08-13,2025-08-15
1796,Taller: Enrutamiento,450.0,2024-01-22,2024-01-25
1797,Taller: Telemetria,450.0,2026-01-01,2026-01-02
1798,Taller: Lenguaje Natural (NLP),250.0,2024-07-11,2024-07-14
1799,Taller: Business Intelligence,450.0,2026-03-19,2026-03-21
1800,Taller: Algoritmos Predictivos,450.0,2025-01-26,2025-01-27
1801,Taller: Telemetria,450.0,2024-10-30,2024-10-31
1802,Taller: Ciberseguridad,250.0,2023-12-05,2023-12-06
1803,Taller: IoT y Domotica,450.0,2024-06-13,2024-06-16
1804,Taller: Robotica Industrial,250.0,2024-05-05,2024-05-07
1805,Taller: Computacion Cuantica,450.0,2025-09-07,2025-09-09
1806,Taller: Backtesting de Algoritmos,450.0,2026-01-26,2026-01-27
1807,Taller: Computacion Cuantica,250.0,2024-07-20,2024-07-22
1808,Taller: SO Distribuidos,250.0,2025-10-08,2025-10-11
1809,Taller: Redes Fisicas,450.0,2025-02-11,2025-02-13
1810,Taller: Computacion Cuantica,300.0,2024-12-18,2024-12-20
1811,Taller: Computacion Cuantica,300.0,2023-08-21,2023-08-22
1812,Taller: Cloud Computing,250.0,2026-01-08,2026-01-09
1813,Taller: SO Distribuidos,300.0,2026-01-18,2026-01-19
1814,Taller: Lenguaje Natural (NLP),450.0,2024-06-10,2024-06-13
1815,Taller: Criptografia,300.0,2025-12-16,2025-12-19
1816,Taller: Contenedores Docker,300.0,2026-02-02,2026-02-03
1817,Taller: Seguridad Industrial,250.0,2024-10-05,2024-10-08
1818,Taller: Ingenieria de Software,300.0,2023-11-25,2023-11-26
1819,Taller: Lenguaje Natural (NLP),300.0,2025-06-21,2025-06-23
1820,Taller: Ciberseguridad,250.0,2024-06-01,2024-06-03
1821,Taller: Microservicios,250.0,2024-02-13,2024-02-15
1822,Taller: Cableado Estructurado,250.0,2025-11-28,2025-11-30
1823,Taller: Edge Computing,250.0,2025-05-09,2025-05-12
1824,Taller: Sistemas Embebidos,250.0,2025-01-13,2025-01-15
1825,Taller: Ingenieria de Software,250.0,2024-11-16,2024-11-18
1826,Taller: Vision Artificial,250.0,2026-03-06,2026-03-08
1827,Taller: Vision Artificial,250.0,2023-12-26,2023-12-27
1828,Taller: Mineria de Datos,450.0,2025-08-22,2025-08-23
1829,Taller: Bases de Datos,250.0,2024-04-08,2024-04-11
1830,Taller: DevOps,300.0,2025-11-18,2025-11-20
1831,Taller: SO Distribuidos,250.0,2024-10-27,2024-10-29
1832,Taller: Desarrollo Movil,300.0,2023-06-02,2023-06-03
1833,Taller: Cloud Computing,300.0,2024-09-10,2024-09-11
1834,Taller: Backtesting de Algoritmos,300.0,2024-07-28,2024-07-30
1835,Taller: Contenedores Docker,250.0,2024-05-20,2024-05-23
1836,Taller: Realidad Aumentada,300.0,2023-05-05,2023-05-06
1837,Taller: Edge Computing,300.0,2023-12-08,2023-12-09
1838,Taller: Ciberseguridad,250.0,2025-02-19,2025-02-21
1839,Taller: Algoritmos Predictivos,450.0,2025-02-09,2025-02-10
1840,Taller: Modelos Probabilisticos,300.0,2023-07-18,2023-07-19
1841,Taller: Backtesting de Algoritmos,300.0,2025-08-28,2025-08-31
1842,Taller: Modelos Probabilisticos,250.0,2024-11-26,2024-11-29
1843,Taller: Analisis Estadistico,450.0,2025-01-28,2025-01-31
1844,Taller: Redes Neuronales,250.0,2023-05-22,2023-05-24
1845,Taller: Cableado Estructurado,300.0,2023-11-15,2023-11-16
1846,Taller: Business Intelligence,450.0,2023-01-13,2023-01-15
1847,Taller: Automatizacion de Pruebas,450.0,2025-03-09,2025-03-12
1848,Taller: Edge Computing,450.0,2025-07-11,2025-07-14
1849,Taller: Software Seguro,300.0,2026-03-25,2026-03-27
1850,Taller: Ingenieria de Software,250.0,2025-11-19,2025-11-21
1851,Taller: Pipelines ETL,450.0,2024-09-15,2024-09-17
1852,Taller: Redes Neuronales,450.0,2024-11-24,2024-11-26
1853,Taller: Telemetria,450.0,2023-09-26,2023-09-29
1854,Taller: Cableado Estructurado,250.0,2023-10-25,2023-10-27
1855,Taller: Sistemas Embebidos,450.0,2024-11-30,2024-12-03
1856,Taller: Vision Artificial,450.0,2024-04-22,2024-04-24
1857,Taller: Edge Computing,450.0,2023-09-13,2023-09-16
1858,Taller: Edge Computing,300.0,2024-11-27,2024-11-28
1859,Taller: Lenguaje Natural (NLP),250.0,2024-05-08,2024-05-11
1860,Taller: Cloud Computing,300.0,2024-04-04,2024-04-06
1861,Taller: Riesgos Industriales con IA,250.0,2024-07-09,2024-07-10
1862,Taller: SO Distribuidos,300.0,2025-11-27,2025-11-28
1863,Taller: Backtesting de Algoritmos,300.0,2024-09-12,2024-09-13
1864,Taller: Cableado Estructurado,300.0,2023-05-24,2023-05-27
1865,Taller: Realidad Aumentada,300.0,2024-01-02,2024-01-03
1866,Taller: Robotica Industrial,250.0,2026-03-24,2026-03-25
1867,Taller: Ingenieria de Software,250.0,2024-02-09,2024-02-10
1868,Taller: Automatizacion de Pruebas,450.0,2025-07-24,2025-07-26
1869,Taller: Telemetria,300.0,2026-01-19,2026-01-21
1870,Taller: Riesgos Industriales con IA,250.0,2023-11-10,2023-11-11
1871,Taller: Cableado Estructurado,300.0,2024-01-28,2024-01-29
1872,Taller: Microservicios,450.0,2025-10-17,2025-10-20
1873,Taller: Seguridad Industrial,250.0,2023-09-21,2023-09-22
1874,Taller: Criptografia,300.0,2025-11-27,2025-11-30
1875,Taller: Sistemas de Control,250.0,2023-04-24,2023-04-26
1876,Taller: Machine Learning,250.0,2023-10-13,2023-10-16
1877,Taller: Robotica Industrial,250.0,2024-02-03,2024-02-05
1878,Taller: Redes Neuronales,450.0,2024-09-09,2024-09-11
1879,Taller: Cableado Estructurado,250.0,2025-09-14,2025-09-16
1880,Taller: Computacion Cuantica,250.0,2025-11-19,2025-11-21
1881,Taller: Contenedores Docker,300.0,2024-05-02,2024-05-04
1882,Taller: Software Seguro,250.0,2023-05-28,2023-05-31
1883,Taller: Contenedores Docker,250.0,2025-08-09,2025-08-12
1884,Taller: Criptografia,450.0,2025-09-05,2025-09-06
1885,Taller: Ingenieria de Software,300.0,2023-01-21,2023-01-22
1886,Taller: Analisis Estadistico,450.0,2023-03-18,2023-03-20
1887,Taller: Modelos Probabilisticos,450.0,2023-10-02,2023-10-03
1888,Taller: IoT y Domotica,450.0,2024-03-08,2024-03-09
1889,Taller: Computacion Cuantica,450.0,2024-07-05,2024-07-08
1890,Taller: Ingenieria de Software,450.0,2024-07-10,2024-07-13
1891,Taller: Big Data,450.0,2025-06-15,2025-06-16
1892,Taller: Pipelines ETL,300.0,2024-10-08,2024-10-09
1893,Taller: Cloud Computing,450.0,2023-07-13,2023-07-14
1894,Taller: Desarrollo Movil,450.0,2023-06-28,2023-06-30
1895,Taller: Pipelines ETL,250.0,2024-07-12,2024-07-13
1896,Taller: Sistemas de Control,450.0,2024-04-18,2024-04-21
1897,Taller: Optimizacion SQL,250.0,2025-06-19,2025-06-21
1898,Taller: Mineria de Datos,250.0,2024-09-19,2024-09-22
1899,Taller: Ciberseguridad,250.0,2023-04-09,2023-04-11
1900,Taller: Mineria de Datos,300.0,2024-09-03,2024-09-06
1901,Taller: Redes Neuronales,300.0,2025-08-08,2025-08-09
1902,Taller: IoT y Domotica,300.0,2026-04-29,2026-04-30
1903,Taller: Big Data,450.0,2024-08-03,2024-08-06
1904,Taller: Computacion Cuantica,450.0,2025-10-25,2025-10-26
1905,Taller: Cableado Estructurado,450.0,2025-03-06,2025-03-09
1906,Taller: Computacion Cuantica,250.0,2025-06-12,2025-06-15
1907,Taller: Lenguaje Natural (NLP),250.0,2023-04-17,2023-04-19
1908,Taller: Ingenieria de Software,450.0,2025-06-13,2025-06-15
1909,Taller: Machine Learning,450.0,2024-02-19,2024-02-20
1910,Taller: Redes Neuronales,450.0,2023-06-05,2023-06-07
1911,Taller: Business Intelligence,300.0,2024-05-12,2024-05-15
1912,Taller: Realidad Aumentada,450.0,2023-01-22,2023-01-24
1913,Taller: Mineria de Datos,300.0,2025-07-13,2025-07-16
1914,Taller: Business Intelligence,250.0,2023-12-28,2023-12-29
1915,Taller: Riesgos Industriales con IA,450.0,2025-06-11,2025-06-13
1916,Taller: Enrutamiento,450.0,2024-09-27,2024-09-30
1917,Taller: Bases de Datos,250.0,2025-08-23,2025-08-25
1918,Taller: Redes Neuronales,250.0,2025-03-14,2025-03-17
1919,Taller: Riesgos Industriales con IA,450.0,2024-05-14,2024-05-17
1920,Taller: Realidad Aumentada,450.0,2023-04-01,2023-04-04
1921,Taller: Sistemas de Control,300.0,2024-11-06,2024-11-08
1922,Taller: Analisis Estadistico,300.0,2025-11-12,2025-11-15
1923,Taller: Contenedores Docker,250.0,2024-01-29,2024-01-31
1924,Taller: Cloud Computing,300.0,2024-07-24,2024-07-27
1925,Taller: Backtesting de Algoritmos,450.0,2023-09-13,2023-09-16
1926,Taller: Redes Neuronales,250.0,2025-08-17,2025-08-20
1927,Taller: Edge Computing,300.0,2024-04-15,2024-04-18
1928,Taller: Diseno de APIs REST,450.0,2024-11-10,2024-11-11
1929,Taller: Sistemas de Control,300.0,2024-03-18,2024-03-20
1930,Taller: Ingenieria de Software,300.0,2024-10-03,2024-10-04
1931,Taller: Enrutamiento,450.0,2023-12-14,2023-12-16
1932,Taller: IoT y Domotica,250.0,2023-09-18,2023-09-21
1933,Taller: Big Data,300.0,2023-10-11,2023-10-12
1934,Taller: Business Intelligence,250.0,2024-08-30,2024-09-02
1935,Taller: Ciberseguridad,450.0,2025-08-25,2025-08-28
1936,Taller: Edge Computing,250.0,2023-12-31,2024-01-02
1937,Taller: Redes Fisicas,300.0,2025-09-11,2025-09-14
1938,Taller: Enrutamiento,300.0,2024-11-18,2024-11-21
1939,Taller: Bases de Datos,300.0,2025-11-06,2025-11-07
1940,Taller: Ingenieria de Software,450.0,2026-04-08,2026-04-09
1941,Taller: Backtesting de Algoritmos,250.0,2025-04-25,2025-04-27
1942,Taller: Sistemas de Control,300.0,2025-06-15,2025-06-16
1943,Taller: Contenedores Docker,300.0,2025-09-06,2025-09-09
1944,Taller: Modelos Probabilisticos,450.0,2025-04-21,2025-04-24
1945,Taller: Vision Artificial,300.0,2025-05-07,2025-05-08
1946,Taller: Sistemas de Control,300.0,2024-09-07,2024-09-10
1947,Taller: Contenedores Docker,450.0,2023-08-04,2023-08-07
1948,Taller: Microservicios,300.0,2023-01-24,2023-01-27
1949,Taller: Modelos Probabilisticos,300.0,2025-03-04,2025-03-07
1950,Taller: Computacion Cuantica,300.0,2025-08-11,2025-08-13
1951,Taller: Cableado Estructurado,250.0,2024-04-18,2024-04-19
1952,Taller: Cloud Computing,300.0,2025-08-16,2025-08-19
1953,Taller: Backtesting de Algoritmos,250.0,2023-11-18,2023-11-20
1954,Taller: Pipelines ETL,450.0,2024-10-29,2024-11-01
1955,Taller: Ingenieria de Software,300.0,2024-10-11,2024-10-13
1956,Taller: Software Seguro,300.0,2025-01-26,2025-01-27
1957,Taller: Optimizacion SQL,250.0,2024-12-19,2024-12-20
1958,Taller: Contenedores Docker,300.0,2023-01-11,2023-01-13
1959,Taller: Algoritmos Predictivos,250.0,2025-07-08,2025-07-10
1960,Taller: Contenedores Docker,300.0,2024-12-25,2024-12-26
1961,Taller: Sistemas de Control,450.0,2026-03-29,2026-03-31
1962,Taller: Vision Artificial,250.0,2023-04-18,2023-04-19
1963,Taller: IoT y Domotica,300.0,2023-10-31,2023-11-02
1964,Taller: Ciberseguridad,450.0,2025-07-23,2025-07-26
1965,Taller: Microservicios,450.0,2024-08-16,2024-08-18
1966,Taller: Sistemas de Control,450.0,2023-05-30,2023-06-02
1967,Taller: Seguridad Industrial,300.0,2023-05-19,2023-05-21
1968,Taller: Robotica Industrial,300.0,2025-02-20,2025-02-23
1969,Taller: Bases de Datos,250.0,2025-11-27,2025-11-28
1970,Taller: Realidad Aumentada,450.0,2026-01-02,2026-01-03
1971,Taller: Cableado Estructurado,250.0,2023-12-08,2023-12-11
1972,Taller: Microservicios,450.0,2024-08-16,2024-08-18
1973,Taller: DevOps,300.0,2025-03-16,2025-03-19
1974,Taller: Software Seguro,450.0,2023-06-15,2023-06-17
1975,Taller: Ingenieria de Software,250.0,2024-09-14,2024-09-16
1976,Taller: Mineria de Datos,450.0,2025-11-06,2025-11-08
1977,Taller: Criptografia,250.0,2025-06-11,2025-06-12
1978,Taller: Automatizacion de Pruebas,250.0,2023-03-10,2023-03-12
1979,Taller: Computacion Cuantica,450.0,2023-10-19,2023-10-21
1980,Taller: Cloud Computing,250.0,2024-08-31,2024-09-03
1981,Taller: IoT y Domotica,450.0,2025-09-08,2025-09-10
1982,Taller: Ingenieria de Software,450.0,2023-07-20,2023-07-21
1983,Taller: Sistemas de Control,450.0,2024-11-12,2024-11-14
1984,Taller: Telemetria,300.0,2023-11-24,2023-11-25
1985,Taller: Software Seguro,450.0,2024-05-28,2024-05-29
1986,Taller: Optimizacion SQL,300.0,2025-06-09,2025-06-10
1987,Taller: Machine Learning,450.0,2024-03-20,2024-03-21
1988,Taller: IoT y Domotica,450.0,2025-08-13,2025-08-15
1989,Taller: IoT y Domotica,450.0,2023-03-24,2023-03-27
1990,Taller: Microservicios,250.0,2026-01-19,2026-01-22
1991,Taller: SO Distribuidos,300.0,2025-05-14,2025-05-17
1992,Taller: Redes Fisicas,450.0,2023-03-16,2023-03-19
1993,Taller: Blockchain,250.0,2024-05-15,2024-05-18
1994,Taller: Cableado Estructurado,450.0,2025-01-23,2025-01-26
1995,Taller: Enrutamiento,450.0,2023-01-14,2023-01-17
1996,Taller: Big Data,250.0,2023-05-11,2023-05-12
1997,Taller: Telemetria,450.0,2023-06-01,2023-06-04
1998,Taller: Computacion Cuantica,300.0,2024-03-07,2024-03-10
1999,Taller: Bases de Datos,250.0,2026-01-10,2026-01-13
2000,Taller: SO Distribuidos,450.0,2024-12-24,2024-12-26
2001,Taller: Realidad Aumentada,450.0,2024-03-06,2024-03-07
2002,Taller: Riesgos Industriales con IA,300.0,2023-07-25,2023-07-26
2003,Taller: Big Data,450.0,2024-03-10,2024-03-11
2004,Taller: Robotica Industrial,450.0,2023-11-27,2023-11-30
2005,Taller: Software Seguro,250.0,2026-02-22,2026-02-23
2006,Taller: Bases de Datos,300.0,2023-08-06,2023-08-09
2007,Taller: Diseno de APIs REST,450.0,2026-03-17,2026-03-19
2008,Taller: Robotica Industrial,450.0,2024-03-28,2024-03-31
2009,Taller: DevOps,300.0,2025-05-24,2025-05-26
2010,Taller: Backtesting de Algoritmos,300.0,2025-08-17,2025-08-18
2011,Taller: Sistemas Embebidos,300.0,2024-01-28,2024-01-29
2012,Taller: Pipelines ETL,250.0,2023-02-05,2023-02-07
2013,Taller: DevOps,450.0,2024-12-27,2024-12-28
2014,Taller: Microservicios,250.0,2024-04-11,2024-04-14
2015,Taller: Analisis Estadistico,300.0,2025-09-26,2025-09-29
2016,Taller: Mineria de Datos,250.0,2025-09-29,2025-09-30
2017,Taller: SO Distribuidos,250.0,2025-06-26,2025-06-28
2018,Taller: Telemetria,250.0,2026-03-17,2026-03-20
2019,Taller: Telemetria,250.0,2025-09-03,2025-09-05
2020,Taller: Blockchain,250.0,2023-02-18,2023-02-19
2021,Taller: Edge Computing,250.0,2023-07-18,2023-07-20
2022,Taller: Ingenieria de Software,250.0,2024-05-04,2024-05-05
2023,Taller: Seguridad Industrial,450.0,2025-04-08,2025-04-11
2024,Taller: Diseno de APIs REST,300.0,2025-11-14,2025-11-17
2025,Taller: Business Intelligence,250.0,2025-02-11,2025-02-13
2026,Taller: Bases de Datos,300.0,2024-09-23,2024-09-26
2027,Taller: Modelos Probabilisticos,300.0,2025-06-13,2025-06-14
2028,Taller: Telemetria,250.0,2024-03-10,2024-03-11
2029,Taller: Backtesting de Algoritmos,300.0,2023-04-30,2023-05-03
2030,Taller: Algoritmos Predictivos,450.0,2023-06-06,2023-06-08
2031,Taller: Riesgos Industriales con IA,450.0,2025-06-19,2025-06-22
2032,Taller: SO Distribuidos,250.0,2023-08-20,2023-08-23
2033,Taller: Software Seguro,250.0,2023-07-05,2023-07-08
2034,Taller: Telemetria,450.0,2025-10-17,2025-10-20
2035,Taller: Diseno de APIs REST,450.0,2025-07-29,2025-07-31
2036,Taller: Robotica Industrial,450.0,2025-12-19,2025-12-21
2037,Taller: Machine Learning,450.0,2023-02-23,2023-02-25
2038,Taller: Bases de Datos,300.0,2023-03-14,2023-03-17
2039,Taller: Backtesting de Algoritmos,300.0,2023-11-30,2023-12-01
2040,Taller: Redes Neuronales,300.0,2025-05-06,2025-05-07
2041,Taller: Realidad Aumentada,250.0,2024-09-19,2024-09-21
2042,Taller: Edge Computing,450.0,2025-01-31,2025-02-01
2043,Taller: Cloud Computing,300.0,2024-04-16,2024-04-19
2044,Taller: Realidad Aumentada,250.0,2025-06-02,2025-06-04
2045,Taller: Desarrollo Movil,250.0,2024-01-21,2024-01-23
2046,Taller: Enrutamiento,450.0,2024-05-20,2024-05-22
2047,Taller: Realidad Aumentada,450.0,2026-04-12,2026-04-15
2048,Taller: Riesgos Industriales con IA,250.0,2023-09-24,2023-09-27
2049,Taller: Optimizacion SQL,450.0,2024-03-25,2024-03-28
2050,Taller: SO Distribuidos,250.0,2025-04-05,2025-04-08
2051,Taller: Mineria de Datos,250.0,2023-04-11,2023-04-14
2052,Taller: Redes Neuronales,250.0,2023-12-26,2023-12-29
2053,Taller: Desarrollo Movil,300.0,2024-03-28,2024-03-31
2054,Taller: Backtesting de Algoritmos,250.0,2023-10-19,2023-10-21
2055,Taller: Criptografia,450.0,2023-11-18,2023-11-19
2056,Taller: Machine Learning,450.0,2023-11-29,2023-11-30
2057,Taller: Backtesting de Algoritmos,450.0,2025-03-25,2025-03-28
2058,Taller: Sistemas Embebidos,450.0,2024-04-16,2024-04-19
2059,Taller: Edge Computing,300.0,2025-04-21,2025-04-22
2060,Taller: Algoritmos Predictivos,250.0,2026-04-19,2026-04-20
2061,Taller: Backtesting de Algoritmos,250.0,2025-04-08,2025-04-11
2062,Taller: Ciberseguridad,250.0,2023-12-21,2023-12-22
2063,Taller: Redes Fisicas,450.0,2024-07-02,2024-07-03
2064,Taller: SO Distribuidos,450.0,2026-04-11,2026-04-13
2065,Taller: Backtesting de Algoritmos,300.0,2025-03-28,2025-03-30
2066,Taller: Criptografia,250.0,2024-04-23,2024-04-26
2067,Taller: IoT y Domotica,450.0,2025-09-06,2025-09-09
2068,Taller: Blockchain,300.0,2024-11-19,2024-11-20
2069,Taller: Seguridad Industrial,300.0,2023-09-22,2023-09-25
2070,Taller: Business Intelligence,450.0,2025-09-30,2025-10-01
2071,Taller: Pipelines ETL,250.0,2026-02-22,2026-02-25
2072,Taller: Big Data,250.0,2025-08-20,2025-08-23
2073,Taller: Analisis Estadistico,250.0,2024-04-08,2024-04-11
2074,Taller: Automatizacion de Pruebas,450.0,2023-06-13,2023-06-15
2075,Taller: Algoritmos Predictivos,250.0,2024-08-02,2024-08-04
2076,Taller: Seguridad Industrial,450.0,2025-11-10,2025-11-13
2077,Taller: Criptografia,300.0,2024-03-22,2024-03-24
2078,Taller: Software Seguro,250.0,2024-07-11,2024-07-12
2079,Taller: Realidad Aumentada,250.0,2023-11-18,2023-11-19
2080,Taller: Computacion Cuantica,300.0,2025-10-17,2025-10-19
2081,Taller: Seguridad Industrial,300.0,2024-09-19,2024-09-21
2082,Taller: Cloud Computing,250.0,2025-11-28,2025-12-01
2083,Taller: Diseno de APIs REST,450.0,2023-09-03,2023-09-06
2084,Taller: Pipelines ETL,300.0,2026-04-24,2026-04-27
2085,Taller: Realidad Aumentada,300.0,2024-07-17,2024-07-18
2086,Taller: Automatizacion de Pruebas,300.0,2026-03-14,2026-03-16
2087,Taller: Riesgos Industriales con IA,300.0,2023-01-15,2023-01-16
2088,Taller: Criptografia,450.0,2025-11-28,2025-11-30
2089,Taller: Big Data,300.0,2024-11-01,2024-11-03
2090,Taller: Blockchain,250.0,2023-02-24,2023-02-25
2091,Taller: Blockchain,250.0,2025-05-21,2025-05-22
2092,Taller: Bases de Datos,300.0,2024-10-31,2024-11-03
2093,Taller: SO Distribuidos,300.0,2024-10-26,2024-10-28
2094,Taller: Sistemas de Control,250.0,2024-05-28,2024-05-30
2095,Taller: Vision Artificial,250.0,2024-06-24,2024-06-25
2096,Taller: Optimizacion SQL,250.0,2023-02-12,2023-02-14
2097,Taller: Riesgos Industriales con IA,450.0,2025-06-08,2025-06-11
2098,Taller: Sistemas de Control,300.0,2026-03-27,2026-03-29
2099,Taller: Machine Learning,300.0,2024-03-29,2024-03-31
2100,Taller: Backtesting de Algoritmos,300.0,2023-10-24,2023-10-27
2101,Taller: Enrutamiento,300.0,2025-01-08,2025-01-10
2102,Taller: Cloud Computing,450.0,2023-01-11,2023-01-12
2103,Taller: Business Intelligence,250.0,2023-02-03,2023-02-05
2104,Taller: Contenedores Docker,450.0,2023-08-03,2023-08-06
2105,Taller: Modelos Probabilisticos,450.0,2025-02-01,2025-02-04
2106,Taller: Bases de Datos,300.0,2025-10-08,2025-10-09
2107,Taller: Algoritmos Predictivos,300.0,2024-03-18,2024-03-19
2108,Taller: Sistemas de Control,450.0,2023-01-21,2023-01-24
2109,Taller: DevOps,450.0,2023-09-26,2023-09-27
2110,Taller: Telemetria,450.0,2024-01-17,2024-01-18
2111,Taller: Analisis Estadistico,450.0,2025-08-10,2025-08-12
2112,Taller: Big Data,450.0,2024-04-01,2024-04-04
2113,Taller: Vision Artificial,250.0,2024-08-14,2024-08-15
2114,Taller: Sistemas Embebidos,450.0,2025-11-18,2025-11-20
2115,Taller: Riesgos Industriales con IA,450.0,2025-03-29,2025-03-30
2116,Taller: Modelos Probabilisticos,300.0,2024-11-14,2024-11-15
2117,Taller: Blockchain,300.0,2024-05-23,2024-05-26
2118,Taller: Enrutamiento,450.0,2024-02-11,2024-02-12
2119,Taller: SO Distribuidos,300.0,2025-04-09,2025-04-12
2120,Taller: Telemetria,450.0,2023-08-08,2023-08-10
2121,Taller: Ingenieria de Software,250.0,2024-03-08,2024-03-11
2122,Taller: Analisis Estadistico,300.0,2025-05-22,2025-05-25
2123,Taller: Business Intelligence,300.0,2024-05-19,2024-05-22
2124,Taller: Microservicios,450.0,2025-04-24,2025-04-26
2125,Taller: Ingenieria de Software,450.0,2024-03-22,2024-03-25
2126,Taller: Telemetria,300.0,2025-02-04,2025-02-06
2127,Taller: Criptografia,450.0,2023-10-22,2023-10-25
2128,Taller: Modelos Probabilisticos,450.0,2026-03-01,2026-03-02
2129,Taller: Telemetria,250.0,2026-04-17,2026-04-20
2130,Taller: Sistemas Embebidos,300.0,2023-03-14,2023-03-16
2131,Taller: Software Seguro,250.0,2026-03-10,2026-03-13
2132,Taller: Software Seguro,250.0,2025-10-21,2025-10-24
2133,Taller: Backtesting de Algoritmos,300.0,2024-12-04,2024-12-06
2134,Taller: Software Seguro,450.0,2024-03-21,2024-03-22
2135,Taller: Contenedores Docker,250.0,2024-04-13,2024-04-16
2136,Taller: Ciberseguridad,450.0,2024-09-23,2024-09-26
2137,Taller: Vision Artificial,250.0,2024-05-16,2024-05-19
2138,Taller: Riesgos Industriales con IA,250.0,2023-05-15,2023-05-16
2139,Taller: Big Data,300.0,2023-11-09,2023-11-12
2140,Taller: Redes Neuronales,300.0,2026-04-08,2026-04-10
2141,Taller: Edge Computing,450.0,2023-07-21,2023-07-24
2142,Taller: Cableado Estructurado,250.0,2024-12-02,2024-12-05
2143,Taller: Redes Neuronales,450.0,2025-10-17,2025-10-19
2144,Taller: Ciberseguridad,300.0,2024-03-29,2024-03-30
2145,Taller: Software Seguro,300.0,2023-03-06,2023-03-09
2146,Taller: Computacion Cuantica,250.0,2024-08-20,2024-08-22
2147,Taller: Optimizacion SQL,450.0,2023-10-19,2023-10-20
2148,Taller: Edge Computing,450.0,2023-10-16,2023-10-17
2149,Taller: Redes Neuronales,250.0,2023-07-10,2023-07-13
2150,Taller: SO Distribuidos,250.0,2023-04-13,2023-04-16
2151,Taller: Lenguaje Natural (NLP),300.0,2024-10-25,2024-10-28
2152,Taller: Microservicios,250.0,2026-02-19,2026-02-20
2153,Taller: Business Intelligence,300.0,2024-07-07,2024-07-08
2154,Taller: Ciberseguridad,450.0,2023-06-25,2023-06-27
2155,Taller: Cableado Estructurado,300.0,2023-02-09,2023-02-12
2156,Taller: Redes Fisicas,250.0,2023-09-13,2023-09-15
2157,Taller: SO Distribuidos,250.0,2025-04-06,2025-04-07
2158,Taller: Edge Computing,250.0,2025-06-24,2025-06-27
2159,Taller: Analisis Estadistico,450.0,2025-03-20,2025-03-21
2160,Taller: Mineria de Datos,250.0,2023-01-22,2023-01-24
2161,Taller: Backtesting de Algoritmos,300.0,2023-04-01,2023-04-02
2162,Taller: Modelos Probabilisticos,250.0,2025-01-09,2025-01-10
2163,Taller: Software Seguro,250.0,2024-08-26,2024-08-28
2164,Taller: Telemetria,250.0,2023-02-28,2023-03-03
2165,Taller: Edge Computing,300.0,2024-04-05,2024-04-08
2166,Taller: Machine Learning,300.0,2025-02-09,2025-02-10
2167,Taller: Realidad Aumentada,450.0,2025-03-15,2025-03-16
2168,Taller: Algoritmos Predictivos,300.0,2025-07-26,2025-07-29
2169,Taller: Criptografia,250.0,2023-05-22,2023-05-23
2170,Taller: Software Seguro,450.0,2024-09-14,2024-09-16
2171,Taller: Pipelines ETL,250.0,2023-11-02,2023-11-04
2172,Taller: Riesgos Industriales con IA,450.0,2024-03-11,2024-03-12
2173,Taller: Machine Learning,250.0,2025-12-28,2025-12-29
2174,Taller: Telemetria,250.0,2025-02-04,2025-02-07
2175,Taller: Automatizacion de Pruebas,300.0,2026-03-01,2026-03-04
2176,Taller: Optimizacion SQL,250.0,2023-10-02,2023-10-05
2177,Taller: Computacion Cuantica,450.0,2023-01-14,2023-01-17
2178,Taller: Cloud Computing,250.0,2024-06-04,2024-06-06
2179,Taller: Ingenieria de Software,250.0,2024-06-28,2024-06-29
2180,Taller: Software Seguro,250.0,2023-08-21,2023-08-22
2181,Taller: Mineria de Datos,450.0,2024-07-29,2024-07-31
2182,Taller: Ingenieria de Software,300.0,2023-02-06,2023-02-08
2183,Taller: Analisis Estadistico,450.0,2023-01-17,2023-01-20
2184,Taller: Ciberseguridad,300.0,2024-11-02,2024-11-04
2185,Taller: Algoritmos Predictivos,250.0,2025-02-10,2025-02-11
2186,Taller: Lenguaje Natural (NLP),450.0,2024-09-12,2024-09-14
2187,Taller: Analisis Estadistico,450.0,2025-06-30,2025-07-02
2188,Taller: Lenguaje Natural (NLP),250.0,2023-03-31,2023-04-01
2189,Taller: Contenedores Docker,450.0,2024-02-21,2024-02-23
2190,Taller: Robotica Industrial,300.0,2025-02-16,2025-02-17
2191,Taller: Optimizacion SQL,300.0,2024-12-26,2024-12-29
2192,Taller: Telemetria,300.0,2023-05-05,2023-05-07
2193,Taller: Mineria de Datos,450.0,2024-01-12,2024-01-14
2194,Taller: Computacion Cuantica,300.0,2023-03-09,2023-03-11
2195,Taller: Telemetria,250.0,2026-02-03,2026-02-06
2196,Taller: Redes Fisicas,450.0,2025-05-31,2025-06-01
2197,Taller: Bases de Datos,450.0,2024-04-20,2024-04-23
2198,Taller: Sistemas Embebidos,450.0,2025-06-05,2025-06-06
2199,Taller: Ciberseguridad,250.0,2025-03-10,2025-03-11
2200,Taller: Seguridad Industrial,250.0,2026-04-24,2026-04-27
2201,Taller: Vision Artificial,250.0,2023-01-30,2023-01-31
2202,Taller: Machine Learning,250.0,2023-12-19,2023-12-21
2203,Taller: Riesgos Industriales con IA,450.0,2023-06-18,2023-06-20
2204,Taller: Bases de Datos,450.0,2025-01-12,2025-01-13
2205,Taller: SO Distribuidos,250.0,2024-11-27,2024-11-28
2206,Taller: Criptografia,300.0,2023-01-17,2023-01-19
2207,Taller: Cableado Estructurado,250.0,2023-05-28,2023-05-31
2208,Taller: Big Data,250.0,2025-01-11,2025-01-13
2209,Taller: Algoritmos Predictivos,450.0,2025-12-31,2026-01-03
2210,Taller: Ciberseguridad,300.0,2025-11-22,2025-11-23
2211,Taller: Robotica Industrial,450.0,2023-09-16,2023-09-17
2212,Taller: Riesgos Industriales con IA,300.0,2023-05-31,2023-06-03
2213,Taller: Seguridad Industrial,300.0,2023-09-08,2023-09-09
2214,Taller: Bases de Datos,250.0,2023-01-18,2023-01-19
2215,Taller: Telemetria,450.0,2023-05-05,2023-05-08
2216,Taller: Desarrollo Movil,300.0,2024-04-25,2024-04-27
2217,Taller: Redes Fisicas,300.0,2026-04-07,2026-04-08
2218,Taller: Lenguaje Natural (NLP),250.0,2025-03-02,2025-03-03
2219,Taller: Redes Fisicas,300.0,2025-07-29,2025-07-31
2220,Taller: Big Data,300.0,2024-10-16,2024-10-17
2221,Taller: Mineria de Datos,300.0,2024-12-18,2024-12-20
2222,Taller: IoT y Domotica,450.0,2026-01-21,2026-01-23
2223,Taller: Robotica Industrial,300.0,2024-12-11,2024-12-13
2224,Taller: Bases de Datos,450.0,2024-06-29,2024-07-02
2225,Taller: Redes Neuronales,450.0,2025-01-30,2025-01-31
2226,Taller: DevOps,250.0,2024-11-17,2024-11-20
2227,Taller: Computacion Cuantica,450.0,2024-08-22,2024-08-25
2228,Taller: Machine Learning,300.0,2023-06-02,2023-06-04
2229,Taller: Riesgos Industriales con IA,250.0,2025-09-19,2025-09-22
2230,Taller: Realidad Aumentada,300.0,2026-03-16,2026-03-19
2231,Taller: Computacion Cuantica,250.0,2026-01-05,2026-01-07
2232,Taller: Big Data,300.0,2026-04-23,2026-04-24
2233,Taller: Vision Artificial,250.0,2024-02-02,2024-02-04
2234,Taller: Mineria de Datos,250.0,2025-04-09,2025-04-11
2235,Taller: Blockchain,250.0,2025-09-03,2025-09-04
2236,Taller: Ciberseguridad,450.0,2023-12-28,2023-12-30
2237,Taller: Realidad Aumentada,300.0,2023-12-13,2023-12-16
2238,Taller: Enrutamiento,300.0,2023-12-15,2023-12-16
2239,Taller: Computacion Cuantica,300.0,2026-01-02,2026-01-03
2240,Taller: Big Data,450.0,2023-06-01,2023-06-02
2241,Taller: Blockchain,250.0,2026-01-14,2026-01-15
2242,Taller: Cloud Computing,450.0,2024-08-16,2024-08-18
2243,Taller: Edge Computing,250.0,2024-09-15,2024-09-16
2244,Taller: Automatizacion de Pruebas,250.0,2023-07-28,2023-07-29
2245,Taller: Modelos Probabilisticos,250.0,2025-01-24,2025-01-26
2246,Taller: Contenedores Docker,300.0,2023-09-29,2023-10-01
2247,Taller: Analisis Estadistico,300.0,2025-01-07,2025-01-10
2248,Taller: Blockchain,450.0,2024-12-14,2024-12-15
2249,Taller: Vision Artificial,450.0,2023-12-12,2023-12-15
2250,Taller: Riesgos Industriales con IA,300.0,2023-06-27,2023-06-29
2251,Taller: Contenedores Docker,250.0,2024-10-22,2024-10-24
2252,Taller: Computacion Cuantica,250.0,2025-08-26,2025-08-29
2253,Taller: Enrutamiento,300.0,2025-03-12,2025-03-14
2254,Taller: SO Distribuidos,450.0,2025-06-13,2025-06-16
2255,Taller: Robotica Industrial,250.0,2025-07-18,2025-07-21
2256,Taller: Cloud Computing,300.0,2024-03-29,2024-03-30
2257,Taller: Lenguaje Natural (NLP),450.0,2024-10-29,2024-11-01
2258,Taller: Modelos Probabilisticos,450.0,2024-07-29,2024-08-01
2259,Taller: Business Intelligence,300.0,2024-11-20,2024-11-21
2260,Taller: Automatizacion de Pruebas,250.0,2024-07-25,2024-07-26
2261,Taller: Desarrollo Movil,300.0,2023-07-10,2023-07-12
2262,Taller: Criptografia,300.0,2023-06-04,2023-06-07
2263,Taller: Modelos Probabilisticos,250.0,2023-10-26,2023-10-29
2264,Taller: Computacion Cuantica,300.0,2025-06-16,2025-06-17
2265,Taller: Computacion Cuantica,250.0,2026-02-18,2026-02-21
2266,Taller: Cableado Estructurado,450.0,2025-03-21,2025-03-22
2267,Taller: Business Intelligence,300.0,2023-01-13,2023-01-16
2268,Taller: Sistemas de Control,300.0,2024-08-14,2024-08-16
2269,Taller: Ingenieria de Software,250.0,2024-12-03,2024-12-06
2270,Taller: Riesgos Industriales con IA,300.0,2024-06-08,2024-06-11
2271,Taller: Cableado Estructurado,450.0,2023-09-19,2023-09-21
2272,Taller: Desarrollo Movil,300.0,2024-08-24,2024-08-27
2273,Taller: Telemetria,250.0,2026-02-14,2026-02-15
2274,Taller: Redes Fisicas,300.0,2026-04-21,2026-04-24
2275,Taller: Software Seguro,450.0,2023-01-04,2023-01-06
2276,Taller: DevOps,300.0,2025-11-20,2025-11-23
2277,Taller: Software Seguro,300.0,2024-07-14,2024-07-17
2278,Taller: Contenedores Docker,300.0,2026-01-28,2026-01-30
2279,Taller: DevOps,250.0,2023-10-02,2023-10-03
2280,Taller: SO Distribuidos,250.0,2023-02-18,2023-02-19
2281,Taller: Sistemas de Control,250.0,2024-03-18,2024-03-19
2282,Taller: Pipelines ETL,450.0,2025-08-13,2025-08-16
2283,Taller: DevOps,300.0,2024-01-06,2024-01-09
2284,Taller: Enrutamiento,250.0,2025-01-28,2025-01-30
2285,Taller: Robotica Industrial,300.0,2023-05-17,2023-05-19
2286,Taller: Vision Artificial,250.0,2023-01-13,2023-01-14
2287,Taller: Software Seguro,450.0,2026-02-13,2026-02-15
2288,Taller: Desarrollo Movil,450.0,2025-02-17,2025-02-18
2289,Taller: DevOps,250.0,2023-06-17,2023-06-20
2290,Taller: Robotica Industrial,250.0,2023-02-10,2023-02-12
2291,Taller: Bases de Datos,450.0,2025-08-16,2025-08-18
2292,Taller: Edge Computing,300.0,2024-03-30,2024-04-01
2293,Taller: Redes Neuronales,250.0,2025-03-16,2025-03-19
2294,Taller: DevOps,300.0,2025-04-02,2025-04-04
2295,Taller: Algoritmos Predictivos,250.0,2023-08-05,2023-08-08
2296,Taller: Pipelines ETL,250.0,2024-07-11,2024-07-13
2297,Taller: Analisis Estadistico,450.0,2023-11-30,2023-12-01
2298,Taller: Analisis Estadistico,250.0,2023-02-07,2023-02-08
2299,Taller: Pipelines ETL,300.0,2024-08-28,2024-08-31
2300,Taller: Machine Learning,450.0,2024-06-24,2024-06-25
2301,Taller: Big Data,300.0,2023-06-04,2023-06-07
2302,Taller: Riesgos Industriales con IA,300.0,2024-10-06,2024-10-09
2303,Taller: Vision Artificial,250.0,2023-06-28,2023-06-30
2304,Taller: Business Intelligence,300.0,2024-04-20,2024-04-21
2305,Taller: Microservicios,450.0,2024-10-01,2024-10-04
2306,Taller: Cableado Estructurado,250.0,2024-04-04,2024-04-06
2307,Taller: Pipelines ETL,250.0,2025-05-22,2025-05-23
2308,Taller: Modelos Probabilisticos,250.0,2025-07-16,2025-07-18
2309,Taller: Big Data,300.0,2024-07-25,2024-07-28
2310,Taller: Computacion Cuantica,250.0,2024-03-08,2024-03-11
2311,Taller: Business Intelligence,250.0,2023-11-07,2023-11-08
2312,Taller: IoT y Domotica,250.0,2024-10-12,2024-10-15
2313,Taller: Software Seguro,300.0,2023-05-12,2023-05-15
2314,Taller: Machine Learning,300.0,2023-03-30,2023-04-01
2315,Taller: Bases de Datos,300.0,2025-04-05,2025-04-06
2316,Taller: Ingenieria de Software,300.0,2026-02-03,2026-02-05
2317,Taller: Automatizacion de Pruebas,450.0,2024-10-02,2024-10-05
2318,Taller: SO Distribuidos,250.0,2025-10-10,2025-10-13
2319,Taller: Lenguaje Natural (NLP),300.0,2023-03-16,2023-03-17
2320,Taller: Edge Computing,300.0,2024-09-04,2024-09-05
2321,Taller: Contenedores Docker,250.0,2025-12-30,2026-01-01
2322,Taller: Optimizacion SQL,250.0,2024-05-16,2024-05-17
2323,Taller: SO Distribuidos,250.0,2023-12-15,2023-12-16
2324,Taller: Contenedores Docker,300.0,2023-01-29,2023-02-01
2325,Taller: Bases de Datos,450.0,2023-11-11,2023-11-14
2326,Taller: Automatizacion de Pruebas,450.0,2025-04-03,2025-04-04
2327,Taller: Telemetria,300.0,2026-03-20,2026-03-22
2328,Taller: Pipelines ETL,300.0,2023-04-23,2023-04-25
2329,Taller: Redes Fisicas,450.0,2025-03-07,2025-03-10
2330,Taller: Backtesting de Algoritmos,300.0,2023-06-24,2023-06-25
2331,Taller: DevOps,300.0,2025-02-27,2025-03-01
2332,Taller: Cloud Computing,250.0,2024-04-03,2024-04-04
2333,Taller: Vision Artificial,250.0,2025-12-14,2025-12-15
2334,Taller: Contenedores Docker,300.0,2024-07-28,2024-07-30
2335,Taller: Ciberseguridad,250.0,2024-01-02,2024-01-05
2336,Taller: Telemetria,450.0,2025-10-01,2025-10-04
2337,Taller: Software Seguro,300.0,2023-08-15,2023-08-17
2338,Taller: Cableado Estructurado,300.0,2023-04-18,2023-04-20
2339,Taller: Edge Computing,450.0,2023-12-18,2023-12-19
2340,Taller: Lenguaje Natural (NLP),250.0,2025-01-05,2025-01-06
2341,Taller: Algoritmos Predictivos,450.0,2025-08-22,2025-08-24
2342,Taller: Pipelines ETL,250.0,2024-10-08,2024-10-09
2343,Taller: Pipelines ETL,250.0,2025-08-25,2025-08-26
2344,Taller: Vision Artificial,250.0,2024-09-05,2024-09-06
2345,Taller: Cloud Computing,250.0,2023-04-29,2023-04-30
2346,Taller: Blockchain,250.0,2024-12-31,2025-01-03
2347,Taller: Modelos Probabilisticos,450.0,2024-09-06,2024-09-09
2348,Taller: Redes Fisicas,300.0,2023-01-05,2023-01-06
2349,Taller: Ingenieria de Software,450.0,2023-09-25,2023-09-27
2350,Taller: Telemetria,250.0,2026-03-03,2026-03-04
2351,Taller: Backtesting de Algoritmos,250.0,2025-06-28,2025-06-29
2352,Taller: Modelos Probabilisticos,300.0,2024-01-17,2024-01-18
2353,Taller: Lenguaje Natural (NLP),250.0,2024-10-27,2024-10-30
2354,Taller: Enrutamiento,300.0,2023-03-17,2023-03-20
2355,Taller: Telemetria,300.0,2025-06-27,2025-06-30
2356,Taller: Telemetria,450.0,2024-01-20,2024-01-23
2357,Taller: Telemetria,450.0,2025-05-28,2025-05-30
2358,Taller: Riesgos Industriales con IA,250.0,2023-04-17,2023-04-18
2359,Taller: Mineria de Datos,300.0,2023-10-01,2023-10-04
2360,Taller: Mineria de Datos,300.0,2024-03-27,2024-03-29
2361,Taller: Redes Neuronales,450.0,2025-06-20,2025-06-21
2362,Taller: Seguridad Industrial,300.0,2025-03-09,2025-03-12
2363,Taller: Edge Computing,300.0,2026-03-27,2026-03-30
2364,Taller: Optimizacion SQL,250.0,2024-04-22,2024-04-25
2365,Taller: Robotica Industrial,300.0,2023-04-16,2023-04-17
2366,Taller: Ingenieria de Software,300.0,2025-02-16,2025-02-17
2367,Taller: Telemetria,250.0,2023-08-27,2023-08-29
2368,Taller: Microservicios,450.0,2025-11-23,2025-11-26
2369,Taller: Blockchain,250.0,2023-01-31,2023-02-03
2370,Taller: Business Intelligence,300.0,2024-11-11,2024-11-14
2371,Taller: Cloud Computing,300.0,2025-08-29,2025-08-31
2372,Taller: Business Intelligence,300.0,2023-10-18,2023-10-20
2373,Taller: Riesgos Industriales con IA,450.0,2025-07-19,2025-07-21
2374,Taller: Algoritmos Predictivos,300.0,2024-01-28,2024-01-30
2375,Taller: Redes Neuronales,450.0,2025-10-16,2025-10-19
2376,Taller: Backtesting de Algoritmos,250.0,2023-02-05,2023-02-08
2377,Taller: Robotica Industrial,450.0,2025-02-04,2025-02-06
2378,Taller: Machine Learning,300.0,2024-02-06,2024-02-09
2379,Taller: Bases de Datos,450.0,2023-04-04,2023-04-05
2380,Taller: Software Seguro,300.0,2024-12-13,2024-12-15
2381,Taller: DevOps,450.0,2025-04-15,2025-04-16
2382,Taller: Analisis Estadistico,300.0,2024-10-11,2024-10-13
2383,Taller: Seguridad Industrial,450.0,2023-08-03,2023-08-04
2384,Taller: Blockchain,250.0,2023-08-25,2023-08-28
2385,Taller: Criptografia,450.0,2026-04-06,2026-04-07
2386,Taller: Contenedores Docker,300.0,2024-06-04,2024-06-06
2387,Taller: Vision Artificial,250.0,2023-07-27,2023-07-29
2388,Taller: Software Seguro,450.0,2025-03-27,2025-03-29
2389,Taller: Vision Artificial,250.0,2025-03-26,2025-03-28
2390,Taller: Redes Fisicas,250.0,2024-01-06,2024-01-08
2391,Taller: Bases de Datos,250.0,2025-08-01,2025-08-04
2392,Taller: Cableado Estructurado,250.0,2024-03-25,2024-03-27
2393,Taller: Criptografia,250.0,2024-05-03,2024-05-04
2394,Taller: Algoritmos Predictivos,450.0,2023-03-25,2023-03-28
2395,Taller: Telemetria,250.0,2025-03-25,2025-03-27
2396,Taller: Vision Artificial,250.0,2023-08-04,2023-08-06
2397,Taller: Redes Fisicas,450.0,2024-01-27,2024-01-28
2398,Taller: SO Distribuidos,450.0,2025-12-28,2025-12-29
2399,Taller: Cableado Estructurado,250.0,2024-11-26,2024-11-27
2400,Taller: Lenguaje Natural (NLP),450.0,2024-01-04,2024-01-06
2401,Taller: Lenguaje Natural (NLP),300.0,2023-06-23,2023-06-24
2402,Taller: Algoritmos Predictivos,450.0,2024-11-28,2024-12-01
2403,Taller: Backtesting de Algoritmos,450.0,2024-11-10,2024-11-12
2404,Taller: Blockchain,300.0,2023-11-15,2023-11-16
2405,Taller: Redes Neuronales,250.0,2025-10-01,2025-10-02
2406,Taller: Edge Computing,300.0,2025-09-13,2025-09-15
2407,Taller: Ingenieria de Software,250.0,2025-11-04,2025-11-07
2408,Taller: Ingenieria de Software,300.0,2023-10-07,2023-10-08
2409,Taller: Blockchain,450.0,2023-05-18,2023-05-19
2410,Taller: Redes Fisicas,450.0,2024-04-13,2024-04-16
2411,Taller: Contenedores Docker,450.0,2025-03-27,2025-03-30
2412,Taller: Ciberseguridad,300.0,2024-06-30,2024-07-03
2413,Taller: Criptografia,300.0,2024-11-13,2024-11-14
2414,Taller: DevOps,300.0,2023-10-23,2023-10-25
2415,Taller: Software Seguro,300.0,2023-12-20,2023-12-23
2416,Taller: Sistemas Embebidos,250.0,2025-09-30,2025-10-01
2417,Taller: Redes Neuronales,250.0,2023-09-21,2023-09-23
2418,Taller: Backtesting de Algoritmos,300.0,2023-03-16,2023-03-17
2419,Taller: Bases de Datos,250.0,2023-11-29,2023-12-02
2420,Taller: Vision Artificial,250.0,2025-05-09,2025-05-11
2421,Taller: Sistemas Embebidos,450.0,2025-03-08,2025-03-10
2422,Taller: Cloud Computing,300.0,2024-01-04,2024-01-06
2423,Taller: Sistemas Embebidos,450.0,2023-10-21,2023-10-22
2424,Taller: Computacion Cuantica,450.0,2025-04-19,2025-04-21
2425,Taller: Vision Artificial,250.0,2025-06-05,2025-06-06
2426,Taller: Optimizacion SQL,300.0,2024-04-06,2024-04-08
2427,Taller: Vision Artificial,300.0,2024-08-19,2024-08-21
2428,Taller: Microservicios,450.0,2026-01-18,2026-01-19
2429,Taller: Telemetria,300.0,2024-06-04,2024-06-06
2430,Taller: Sistemas Embebidos,250.0,2025-08-24,2025-08-27
2431,Taller: Criptografia,450.0,2025-12-15,2025-12-16
2432,Taller: Vision Artificial,450.0,2026-02-19,2026-02-20
2433,Taller: Blockchain,450.0,2023-09-06,2023-09-07
2434,Taller: Desarrollo Movil,300.0,2025-02-26,2025-02-27
2435,Taller: Pipelines ETL,250.0,2023-10-31,2023-11-02
2436,Taller: Ciberseguridad,450.0,2023-08-16,2023-08-17
2437,Taller: Automatizacion de Pruebas,250.0,2023-12-05,2023-12-08
2438,Taller: Backtesting de Algoritmos,300.0,2024-08-17,2024-08-20
2439,Taller: Vision Artificial,250.0,2025-02-17,2025-02-19
2440,Taller: Big Data,250.0,2023-11-20,2023-11-23
2441,Taller: Pipelines ETL,300.0,2024-11-18,2024-11-19
2442,Taller: Automatizacion de Pruebas,450.0,2025-12-17,2025-12-20
2443,Taller: Algoritmos Predictivos,250.0,2023-06-22,2023-06-25
2444,Taller: Robotica Industrial,250.0,2026-04-03,2026-04-04
2445,Taller: Cloud Computing,300.0,2024-01-05,2024-01-06
2446,Taller: Realidad Aumentada,300.0,2025-09-29,2025-10-02
2447,Taller: Enrutamiento,450.0,2023-07-10,2023-07-13
2448,Taller: Machine Learning,450.0,2025-05-19,2025-05-21
2449,Taller: Algoritmos Predictivos,250.0,2024-02-06,2024-02-09
2450,Taller: Sistemas Embebidos,300.0,2023-08-02,2023-08-04
2451,Taller: Diseno de APIs REST,250.0,2023-09-23,2023-09-25
2452,Taller: Modelos Probabilisticos,300.0,2023-04-02,2023-04-05
2453,Taller: Redes Fisicas,250.0,2023-01-31,2023-02-02
2454,Taller: Ciberseguridad,250.0,2024-12-05,2024-12-08
2455,Taller: Backtesting de Algoritmos,450.0,2025-03-08,2025-03-10
2456,Taller: Diseno de APIs REST,450.0,2025-05-11,2025-05-12
2457,Taller: Bases de Datos,250.0,2024-05-21,2024-05-22
2458,Taller: Enrutamiento,300.0,2025-03-13,2025-03-14
2459,Taller: Mineria de Datos,450.0,2025-12-09,2025-12-12
2460,Taller: Backtesting de Algoritmos,300.0,2024-11-08,2024-11-10
2461,Taller: IoT y Domotica,250.0,2025-01-20,2025-01-22
2462,Taller: Computacion Cuantica,300.0,2023-07-02,2023-07-04
2463,Taller: Optimizacion SQL,450.0,2024-05-13,2024-05-14
2464,Taller: Automatizacion de Pruebas,450.0,2023-07-12,2023-07-13
2465,Taller: Microservicios,450.0,2024-11-09,2024-11-11
2466,Taller: Big Data,300.0,2025-12-24,2025-12-26
2467,Taller: Ciberseguridad,300.0,2024-01-17,2024-01-18
2468,Taller: Edge Computing,450.0,2025-05-29,2025-06-01
2469,Taller: Analisis Estadistico,250.0,2023-09-17,2023-09-20
2470,Taller: Analisis Estadistico,250.0,2023-08-16,2023-08-19
2471,Taller: Seguridad Industrial,300.0,2023-11-25,2023-11-26
2472,Taller: Ciberseguridad,450.0,2026-04-25,2026-04-28
2473,Taller: Big Data,450.0,2023-11-04,2023-11-05
2474,Taller: Cableado Estructurado,300.0,2025-08-06,2025-08-07
2475,Taller: Backtesting de Algoritmos,300.0,2025-06-22,2025-06-25
2476,Taller: Cloud Computing,300.0,2023-09-16,2023-09-17
2477,Taller: Seguridad Industrial,300.0,2023-08-02,2023-08-03
2478,Taller: Mineria de Datos,250.0,2025-01-21,2025-01-22
2479,Taller: Ciberseguridad,300.0,2025-08-06,2025-08-07
2480,Taller: Criptografia,450.0,2025-06-01,2025-06-03
2481,Taller: Cloud Computing,450.0,2025-09-01,2025-09-03
2482,Taller: Automatizacion de Pruebas,250.0,2026-04-02,2026-04-05
2483,Taller: Telemetria,450.0,2024-10-15,2024-10-18
2484,Taller: Edge Computing,250.0,2023-05-23,2023-05-25
2485,Taller: Seguridad Industrial,450.0,2023-08-05,2023-08-08
2486,Taller: Criptografia,250.0,2025-03-05,2025-03-08
2487,Taller: Modelos Probabilisticos,250.0,2025-09-28,2025-10-01
2488,Taller: Lenguaje Natural (NLP),450.0,2023-07-06,2023-07-09
2489,Taller: Computacion Cuantica,300.0,2024-01-17,2024-01-20
2490,Taller: Cableado Estructurado,250.0,2023-06-14,2023-06-15
2491,Taller: Enrutamiento,250.0,2023-06-25,2023-06-27
2492,Taller: Backtesting de Algoritmos,250.0,2024-08-02,2024-08-05
2493,Taller: Cloud Computing,250.0,2025-01-19,2025-01-20
2494,Taller: Analisis Estadistico,450.0,2025-05-13,2025-05-14
2495,Taller: Enrutamiento,300.0,2024-05-25,2024-05-27
2496,Taller: Robotica Industrial,450.0,2026-04-28,2026-04-30
2497,Taller: Ingenieria de Software,250.0,2023-11-04,2023-11-06
2498,Taller: Automatizacion de Pruebas,250.0,2024-09-28,2024-09-29
2499,Taller: SO Distribuidos,450.0,2023-05-16,2023-05-18
2500,Taller: Pipelines ETL,250.0,2024-05-27,2024-05-29
2501,Taller: Pipelines ETL,300.0,2025-09-14,2025-09-17
2502,Taller: Mineria de Datos,450.0,2025-07-04,2025-07-06
2503,Taller: Backtesting de Algoritmos,300.0,2025-03-29,2025-03-30
2504,Taller: DevOps,250.0,2025-05-17,2025-05-18
2505,Taller: Seguridad Industrial,300.0,2023-03-16,2023-03-18
2506,Taller: Big Data,300.0,2024-06-05,2024-06-08
2507,Taller: Modelos Probabilisticos,450.0,2025-06-08,2025-06-10
2508,Taller: Software Seguro,450.0,2023-02-02,2023-02-04
2509,Taller: Algoritmos Predictivos,250.0,2023-03-13,2023-03-16
2510,Taller: Modelos Probabilisticos,450.0,2024-09-29,2024-09-30
2511,Taller: Optimizacion SQL,450.0,2025-10-18,2025-10-21
2512,Taller: IoT y Domotica,450.0,2024-11-19,2024-11-21
2513,Taller: Edge Computing,250.0,2023-04-13,2023-04-16
2514,Taller: Mineria de Datos,450.0,2026-02-17,2026-02-18
2515,Taller: SO Distribuidos,250.0,2023-01-03,2023-01-05
2516,Taller: Cloud Computing,250.0,2024-02-21,2024-02-24
2517,Taller: Business Intelligence,450.0,2025-10-29,2025-10-31
2518,Taller: Business Intelligence,450.0,2025-03-21,2025-03-23
2519,Taller: Telemetria,300.0,2023-04-04,2023-04-06
2520,Taller: Lenguaje Natural (NLP),450.0,2025-05-18,2025-05-19
2521,Taller: Criptografia,450.0,2024-09-30,2024-10-03
2522,Taller: Robotica Industrial,250.0,2023-08-26,2023-08-29
2523,Taller: Robotica Industrial,250.0,2024-11-03,2024-11-05
2524,Taller: Mineria de Datos,300.0,2023-04-27,2023-04-28
2525,Taller: Sistemas de Control,250.0,2025-06-07,2025-06-08
2526,Taller: Algoritmos Predictivos,250.0,2023-12-12,2023-12-14
2527,Taller: Enrutamiento,300.0,2025-12-03,2025-12-05
2528,Taller: Edge Computing,250.0,2025-06-20,2025-06-21
2529,Taller: Bases de Datos,300.0,2026-04-13,2026-04-16
2530,Taller: Realidad Aumentada,250.0,2025-06-16,2025-06-17
2531,Taller: Business Intelligence,300.0,2024-06-29,2024-07-01
2532,Taller: Lenguaje Natural (NLP),250.0,2023-04-09,2023-04-10
2533,Taller: Cloud Computing,250.0,2026-01-16,2026-01-18
2534,Taller: Optimizacion SQL,300.0,2023-03-09,2023-03-10
2535,Taller: Seguridad Industrial,250.0,2025-01-31,2025-02-02
2536,Taller: Seguridad Industrial,250.0,2024-11-28,2024-11-29
2537,Taller: Realidad Aumentada,300.0,2023-03-25,2023-03-26
2538,Taller: Cloud Computing,250.0,2024-11-21,2024-11-22
2539,Taller: Microservicios,300.0,2026-04-26,2026-04-28
2540,Taller: Bases de Datos,450.0,2025-12-17,2025-12-19
2541,Taller: Lenguaje Natural (NLP),300.0,2026-04-06,2026-04-07
2542,Taller: Automatizacion de Pruebas,250.0,2023-10-16,2023-10-19
2543,Taller: Sistemas de Control,450.0,2025-08-26,2025-08-27
2544,Taller: Big Data,450.0,2023-02-28,2023-03-03
2545,Taller: Robotica Industrial,300.0,2025-09-09,2025-09-10
2546,Taller: Seguridad Industrial,450.0,2024-12-16,2024-12-18
2547,Taller: Business Intelligence,300.0,2025-09-22,2025-09-24
2548,Taller: Riesgos Industriales con IA,300.0,2023-10-24,2023-10-25
2549,Taller: Redes Neuronales,450.0,2023-05-13,2023-05-16
2550,Taller: Analisis Estadistico,250.0,2026-04-12,2026-04-13
2551,Taller: Lenguaje Natural (NLP),250.0,2023-05-09,2023-05-11
2552,Taller: Redes Neuronales,300.0,2026-03-09,2026-03-11
2553,Taller: Computacion Cuantica,450.0,2026-03-27,2026-03-29
2554,Taller: Vision Artificial,300.0,2023-02-12,2023-02-14
2555,Taller: Sistemas de Control,300.0,2023-04-07,2023-04-09
2556,Taller: Contenedores Docker,250.0,2025-07-31,2025-08-02
2557,Taller: IoT y Domotica,250.0,2024-04-05,2024-04-06
2558,Taller: Criptografia,450.0,2023-01-26,2023-01-28
2559,Taller: Algoritmos Predictivos,300.0,2023-10-07,2023-10-08
2560,Taller: Edge Computing,250.0,2024-03-08,2024-03-09
2561,Taller: DevOps,300.0,2023-11-26,2023-11-29
2562,Taller: Redes Neuronales,300.0,2025-10-28,2025-10-29
2563,Taller: Seguridad Industrial,250.0,2023-10-29,2023-10-30
2564,Taller: IoT y Domotica,300.0,2023-04-23,2023-04-26
2565,Taller: Cloud Computing,250.0,2024-06-03,2024-06-04
2566,Taller: Robotica Industrial,450.0,2024-05-04,2024-05-07
2567,Taller: Vision Artificial,250.0,2023-12-07,2023-12-08
2568,Taller: Enrutamiento,450.0,2025-08-07,2025-08-08
2569,Taller: Realidad Aumentada,300.0,2024-08-19,2024-08-21
2570,Taller: Computacion Cuantica,300.0,2026-03-30,2026-03-31
2571,Taller: Ingenieria de Software,450.0,2024-02-03,2024-02-06
2572,Taller: Optimizacion SQL,450.0,2023-10-13,2023-10-15
2573,Taller: Software Seguro,250.0,2025-03-19,2025-03-20
2574,Taller: Edge Computing,450.0,2023-05-07,2023-05-09
2575,Taller: Software Seguro,250.0,2025-02-02,2025-02-04
2576,Taller: Realidad Aumentada,300.0,2026-04-01,2026-04-04
2577,Taller: Microservicios,450.0,2023-02-09,2023-02-12
2578,Taller: Software Seguro,250.0,2024-02-23,2024-02-24
2579,Taller: Redes Neuronales,250.0,2024-02-26,2024-02-28
2580,Taller: Telemetria,300.0,2023-01-10,2023-01-12
2581,Taller: Big Data,300.0,2026-04-05,2026-04-08
2582,Taller: Cloud Computing,450.0,2024-09-06,2024-09-08
2583,Taller: Blockchain,450.0,2026-02-23,2026-02-24
2584,Taller: Bases de Datos,450.0,2026-04-11,2026-04-13
2585,Taller: Cableado Estructurado,300.0,2024-01-09,2024-01-10
2586,Taller: Business Intelligence,450.0,2025-06-08,2025-06-10
2587,Taller: Criptografia,250.0,2025-01-10,2025-01-11
2588,Taller: Vision Artificial,250.0,2025-02-08,2025-02-10
2589,Taller: Redes Neuronales,450.0,2026-03-24,2026-03-27
2590,Taller: Seguridad Industrial,250.0,2023-03-28,2023-03-29
2591,Taller: Sistemas de Control,250.0,2023-04-18,2023-04-20
2592,Taller: Sistemas de Control,250.0,2024-05-14,2024-05-16
2593,Taller: SO Distribuidos,250.0,2026-04-15,2026-04-16
2594,Taller: Analisis Estadistico,250.0,2024-02-16,2024-02-19
2595,Taller: Cloud Computing,300.0,2024-02-11,2024-02-12
2596,Taller: Riesgos Industriales con IA,300.0,2023-01-22,2023-01-24
2597,Taller: Microservicios,300.0,2025-09-09,2025-09-10
2598,Taller: Telemetria,250.0,2025-03-16,2025-03-17
2599,Taller: Sistemas de Control,250.0,2023-04-25,2023-04-27
2600,Taller: Cableado Estructurado,450.0,2024-11-26,2024-11-29
2601,Taller: Enrutamiento,300.0,2025-12-01,2025-12-02
2602,Taller: Bases de Datos,300.0,2024-11-11,2024-11-14
2603,Taller: Blockchain,300.0,2024-12-23,2024-12-25
2604,Taller: Robotica Industrial,450.0,2023-05-08,2023-05-10
2605,Taller: Desarrollo Movil,300.0,2024-07-17,2024-07-19
2606,Taller: Bases de Datos,450.0,2023-07-24,2023-07-27
2607,Taller: Mineria de Datos,450.0,2023-08-17,2023-08-20
2608,Taller: Software Seguro,250.0,2026-04-18,2026-04-19
2609,Taller: Cloud Computing,450.0,2023-12-15,2023-12-18
2610,Taller: Analisis Estadistico,250.0,2024-03-10,2024-03-11
2611,Taller: Enrutamiento,250.0,2025-09-23,2025-09-26
2612,Taller: Diseno de APIs REST,450.0,2024-04-06,2024-04-08
2613,Taller: Criptografia,250.0,2023-12-07,2023-12-08
2614,Taller: Sistemas Embebidos,250.0,2023-01-31,2023-02-03
2615,Taller: Telemetria,300.0,2026-02-23,2026-02-25
2616,Taller: Cableado Estructurado,250.0,2025-04-17,2025-04-19
2617,Taller: Criptografia,450.0,2025-04-15,2025-04-16
2618,Taller: Redes Neuronales,300.0,2025-09-03,2025-09-05
2619,Taller: Optimizacion SQL,250.0,2025-01-22,2025-01-25
2620,Taller: Sistemas de Control,300.0,2026-04-22,2026-04-24
2621,Taller: Realidad Aumentada,300.0,2024-11-18,2024-11-20
2622,Taller: Ciberseguridad,250.0,2024-10-26,2024-10-27
2623,Taller: Robotica Industrial,450.0,2026-03-05,2026-03-07
2624,Taller: Realidad Aumentada,250.0,2025-08-25,2025-08-28
2625,Taller: Optimizacion SQL,300.0,2024-09-23,2024-09-26
2626,Taller: Big Data,250.0,2026-02-08,2026-02-11
2627,Taller: Lenguaje Natural (NLP),450.0,2026-03-06,2026-03-07
2628,Taller: Sistemas de Control,250.0,2024-01-29,2024-02-01
2629,Taller: Automatizacion de Pruebas,250.0,2023-11-28,2023-11-30
2630,Taller: Computacion Cuantica,250.0,2026-02-11,2026-02-14
2631,Taller: DevOps,250.0,2025-03-18,2025-03-21
2632,Taller: Machine Learning,300.0,2023-05-29,2023-06-01
2633,Taller: Big Data,250.0,2025-07-18,2025-07-20
2634,Taller: Blockchain,250.0,2025-04-01,2025-04-02
2635,Taller: SO Distribuidos,450.0,2023-06-30,2023-07-03
2636,Taller: Optimizacion SQL,300.0,2023-07-25,2023-07-28
2637,Taller: Redes Neuronales,450.0,2024-11-06,2024-11-08
2638,Taller: Software Seguro,250.0,2026-03-02,2026-03-03
2639,Taller: Vision Artificial,300.0,2023-12-28,2023-12-31
2640,Taller: Enrutamiento,250.0,2024-09-15,2024-09-18
2641,Taller: Analisis Estadistico,300.0,2025-01-03,2025-01-04
2642,Taller: Analisis Estadistico,300.0,2025-04-19,2025-04-22
2643,Taller: Bases de Datos,300.0,2025-02-27,2025-03-01
2644,Taller: Machine Learning,450.0,2024-01-10,2024-01-13
2645,Taller: Algoritmos Predictivos,250.0,2024-09-02,2024-09-04
2646,Taller: Cableado Estructurado,450.0,2024-09-25,2024-09-26
2647,Taller: Pipelines ETL,250.0,2025-05-09,2025-05-11
2648,Taller: Backtesting de Algoritmos,450.0,2023-02-22,2023-02-24
2649,Taller: Realidad Aumentada,450.0,2023-09-25,2023-09-28
2650,Taller: Computacion Cuantica,250.0,2024-01-16,2024-01-19
2651,Taller: Telemetria,450.0,2025-10-01,2025-10-03
2652,Taller: Cableado Estructurado,300.0,2023-10-29,2023-11-01
2653,Taller: Backtesting de Algoritmos,300.0,2025-09-26,2025-09-28
2654,Taller: Sistemas Embebidos,250.0,2025-05-06,2025-05-08
2655,Taller: Vision Artificial,450.0,2025-01-09,2025-01-11
2656,Taller: Blockchain,250.0,2025-10-18,2025-10-20
2657,Taller: Ciberseguridad,250.0,2025-09-15,2025-09-16
2658,Taller: Microservicios,450.0,2023-01-21,2023-01-22
2659,Taller: Modelos Probabilisticos,250.0,2023-05-20,2023-05-23
2660,Taller: Blockchain,450.0,2023-06-22,2023-06-25
2661,Taller: Ciberseguridad,250.0,2023-01-14,2023-01-16
2662,Taller: Bases de Datos,450.0,2023-03-03,2023-03-05
2663,Taller: IoT y Domotica,450.0,2025-10-11,2025-10-13
2664,Taller: Enrutamiento,250.0,2023-06-28,2023-06-30
2665,Taller: Riesgos Industriales con IA,300.0,2025-03-13,2025-03-15
2666,Taller: Ciberseguridad,300.0,2023-02-01,2023-02-02
2667,Taller: Diseno de APIs REST,300.0,2023-09-05,2023-09-08
2668,Taller: Lenguaje Natural (NLP),450.0,2023-01-26,2023-01-29
2669,Taller: Seguridad Industrial,450.0,2024-06-23,2024-06-24
2670,Taller: Computacion Cuantica,450.0,2024-11-10,2024-11-13
2671,Taller: Riesgos Industriales con IA,300.0,2025-12-26,2025-12-27
2672,Taller: Robotica Industrial,300.0,2023-01-23,2023-01-24
2673,Taller: Computacion Cuantica,300.0,2024-04-30,2024-05-01
2674,Taller: Cloud Computing,300.0,2023-11-20,2023-11-22
2675,Taller: Riesgos Industriales con IA,300.0,2025-08-29,2025-08-31
2676,Taller: Software Seguro,250.0,2025-07-23,2025-07-26
2677,Taller: Software Seguro,300.0,2025-10-24,2025-10-26
2678,Taller: Diseno de APIs REST,250.0,2025-04-11,2025-04-12
2679,Taller: Mineria de Datos,450.0,2023-10-31,2023-11-03
2680,Taller: Sistemas Embebidos,250.0,2023-09-24,2023-09-25
2681,Taller: Software Seguro,450.0,2024-08-03,2024-08-06
2682,Taller: Sistemas de Control,250.0,2023-01-07,2023-01-09
2683,Taller: Sistemas Embebidos,250.0,2025-11-11,2025-11-12
2684,Taller: Criptografia,450.0,2024-05-15,2024-05-17
2685,Taller: Enrutamiento,250.0,2025-06-28,2025-06-30
2686,Taller: Cableado Estructurado,250.0,2026-03-28,2026-03-30
2687,Taller: Analisis Estadistico,450.0,2023-10-20,2023-10-21
2688,Taller: Enrutamiento,250.0,2024-05-19,2024-05-20
2689,Taller: Telemetria,300.0,2024-04-02,2024-04-03
2690,Taller: Cableado Estructurado,300.0,2026-03-14,2026-03-17
2691,Taller: Redes Fisicas,250.0,2024-09-18,2024-09-19
2692,Taller: Software Seguro,250.0,2025-05-01,2025-05-04
2693,Taller: Business Intelligence,250.0,2024-09-19,2024-09-22
2694,Taller: Cloud Computing,250.0,2026-01-12,2026-01-15
2695,Taller: Criptografia,250.0,2025-11-24,2025-11-25
2696,Taller: Enrutamiento,450.0,2023-07-12,2023-07-13
2697,Taller: Pipelines ETL,450.0,2024-12-24,2024-12-25
2698,Taller: Sistemas de Control,300.0,2024-10-21,2024-10-22
2699,Taller: Business Intelligence,450.0,2025-02-20,2025-02-23
2700,Taller: Backtesting de Algoritmos,250.0,2025-11-26,2025-11-27
2701,Taller: Ingenieria de Software,250.0,2025-06-03,2025-06-06
2702,Taller: Sistemas Embebidos,450.0,2023-09-11,2023-09-13
2703,Taller: Vision Artificial,300.0,2023-07-16,2023-07-19
2704,Taller: Vision Artificial,250.0,2024-08-31,2024-09-02
2705,Taller: Redes Neuronales,300.0,2026-01-20,2026-01-22
2706,Taller: Software Seguro,450.0,2025-08-23,2025-08-26
2707,Taller: Cloud Computing,250.0,2024-09-30,2024-10-03
2708,Taller: Cloud Computing,300.0,2024-12-22,2024-12-23
2709,Taller: Algoritmos Predictivos,300.0,2024-07-08,2024-07-10
2710,Taller: Mineria de Datos,300.0,2025-09-04,2025-09-06
2711,Taller: Redes Neuronales,250.0,2025-01-21,2025-01-24
2712,Taller: Backtesting de Algoritmos,250.0,2024-04-23,2024-04-24
2713,Taller: Automatizacion de Pruebas,250.0,2023-06-01,2023-06-04
2714,Taller: Optimizacion SQL,450.0,2023-05-30,2023-06-02
2715,Taller: Edge Computing,450.0,2026-04-03,2026-04-05
2716,Taller: Cloud Computing,450.0,2024-06-05,2024-06-08
2717,Taller: DevOps,450.0,2023-09-06,2023-09-07
2718,Taller: Blockchain,450.0,2025-12-25,2025-12-28
2719,Taller: Software Seguro,300.0,2026-01-20,2026-01-21
2720,Taller: Software Seguro,250.0,2023-03-11,2023-03-12
2721,Taller: Vision Artificial,300.0,2024-07-07,2024-07-09
2722,Taller: Edge Computing,450.0,2024-08-06,2024-08-08
2723,Taller: Pipelines ETL,250.0,2023-11-12,2023-11-15
2724,Taller: Lenguaje Natural (NLP),450.0,2025-05-22,2025-05-23
2725,Taller: Riesgos Industriales con IA,250.0,2024-08-23,2024-08-26
2726,Taller: Contenedores Docker,450.0,2025-08-14,2025-08-15
2727,Taller: Cloud Computing,250.0,2024-11-29,2024-11-30
2728,Taller: Modelos Probabilisticos,250.0,2025-05-30,2025-06-02
2729,Taller: Enrutamiento,300.0,2025-10-12,2025-10-13
2730,Taller: SO Distribuidos,250.0,2023-07-11,2023-07-13
2731,Taller: Microservicios,300.0,2025-06-26,2025-06-27
2732,Taller: Cableado Estructurado,450.0,2023-06-06,2023-06-09
2733,Taller: Optimizacion SQL,450.0,2023-04-13,2023-04-16
2734,Taller: Pipelines ETL,250.0,2025-07-13,2025-07-14
2735,Taller: Redes Neuronales,300.0,2024-07-18,2024-07-20
2736,Taller: Edge Computing,300.0,2026-02-03,2026-02-05
2737,Taller: Edge Computing,250.0,2024-03-17,2024-03-20
2738,Taller: Pipelines ETL,450.0,2025-10-09,2025-10-10
2739,Taller: Contenedores Docker,300.0,2024-06-16,2024-06-18
2740,Taller: Redes Fisicas,250.0,2024-04-06,2024-04-08
2741,Taller: Contenedores Docker,450.0,2025-06-26,2025-06-28
2742,Taller: Vision Artificial,250.0,2025-06-13,2025-06-16
2743,Taller: Optimizacion SQL,450.0,2023-09-03,2023-09-04
2744,Taller: Edge Computing,450.0,2024-03-07,2024-03-09
2745,Taller: Diseno de APIs REST,450.0,2024-11-03,2024-11-05
2746,Taller: Redes Fisicas,450.0,2025-09-14,2025-09-15
2747,Taller: Cableado Estructurado,250.0,2024-07-28,2024-07-30
2748,Taller: Redes Fisicas,300.0,2026-03-09,2026-03-12
2749,Taller: Blockchain,300.0,2024-11-29,2024-12-02
2750,Taller: Sistemas Embebidos,450.0,2023-01-07,2023-01-09
2751,Taller: Lenguaje Natural (NLP),300.0,2025-12-11,2025-12-13
2752,Taller: Cableado Estructurado,300.0,2024-10-24,2024-10-27
2753,Taller: Bases de Datos,300.0,2023-09-16,2023-09-18
2754,Taller: Business Intelligence,300.0,2025-11-14,2025-11-17
2755,Taller: Contenedores Docker,300.0,2025-05-31,2025-06-02
2756,Taller: Contenedores Docker,300.0,2024-11-19,2024-11-21
2757,Taller: Machine Learning,450.0,2025-11-06,2025-11-09
2758,Taller: Edge Computing,250.0,2026-03-03,2026-03-06
2759,Taller: Bases de Datos,250.0,2026-03-02,2026-03-03
2760,Taller: Analisis Estadistico,300.0,2026-02-27,2026-03-02
2761,Taller: Diseno de APIs REST,300.0,2023-12-08,2023-12-11
2762,Taller: Mineria de Datos,450.0,2023-04-05,2023-04-06
2763,Taller: Vision Artificial,300.0,2023-03-13,2023-03-16
2764,Taller: Redes Fisicas,300.0,2023-07-05,2023-07-06
2765,Taller: SO Distribuidos,250.0,2023-05-04,2023-05-07
2766,Taller: Machine Learning,250.0,2026-04-09,2026-04-11
2767,Taller: Optimizacion SQL,300.0,2025-04-16,2025-04-17
2768,Taller: Cableado Estructurado,450.0,2024-09-04,2024-09-07
2769,Taller: Contenedores Docker,300.0,2024-02-28,2024-02-29
2770,Taller: Riesgos Industriales con IA,450.0,2024-11-08,2024-11-09
2771,Taller: Blockchain,450.0,2024-05-08,2024-05-10
2772,Taller: Realidad Aumentada,250.0,2023-05-04,2023-05-06
2773,Taller: Big Data,250.0,2026-03-04,2026-03-05
2774,Taller: Riesgos Industriales con IA,250.0,2025-02-28,2025-03-03
2775,Taller: Lenguaje Natural (NLP),250.0,2024-07-05,2024-07-07
2776,Taller: Ciberseguridad,250.0,2023-05-01,2023-05-04
2777,Taller: Lenguaje Natural (NLP),250.0,2026-03-01,2026-03-02
2778,Taller: Seguridad Industrial,450.0,2024-11-19,2024-11-22
2779,Taller: Algoritmos Predictivos,300.0,2023-12-19,2023-12-22
2780,Taller: Software Seguro,450.0,2023-05-09,2023-05-10
2781,Taller: IoT y Domotica,450.0,2026-04-09,2026-04-11
2782,Taller: Modelos Probabilisticos,450.0,2026-03-19,2026-03-20
2783,Taller: SO Distribuidos,300.0,2024-07-08,2024-07-10
2784,Taller: Redes Neuronales,250.0,2025-01-22,2025-01-24
2785,Taller: Seguridad Industrial,450.0,2025-08-05,2025-08-07
2786,Taller: Software Seguro,300.0,2024-10-21,2024-10-22
2787,Taller: Realidad Aumentada,250.0,2025-07-04,2025-07-05
2788,Taller: SO Distribuidos,450.0,2023-03-07,2023-03-09
2789,Taller: Pipelines ETL,250.0,2025-03-09,2025-03-11
2790,Taller: Pipelines ETL,300.0,2025-12-14,2025-12-17
2791,Taller: Machine Learning,250.0,2023-05-04,2023-05-07
2792,Taller: Desarrollo Movil,300.0,2025-06-19,2025-06-22
2793,Taller: Redes Neuronales,450.0,2023-10-18,2023-10-19
2794,Taller: Ciberseguridad,250.0,2024-11-28,2024-11-29
2795,Taller: Microservicios,250.0,2025-05-19,2025-05-21
2796,Taller: Backtesting de Algoritmos,450.0,2024-06-09,2024-06-11
2797,Taller: Software Seguro,250.0,2025-12-14,2025-12-15
2798,Taller: Optimizacion SQL,250.0,2023-07-26,2023-07-27
2799,Taller: Blockchain,250.0,2026-02-25,2026-02-28
2800,Taller: Realidad Aumentada,300.0,2024-03-25,2024-03-26
2801,Taller: Sistemas Embebidos,250.0,2023-02-17,2023-02-20
2802,Taller: Realidad Aumentada,450.0,2025-05-28,2025-05-30
2803,Taller: Machine Learning,300.0,2026-01-15,2026-01-17
2804,Taller: Analisis Estadistico,250.0,2025-07-28,2025-07-31
2805,Taller: Criptografia,300.0,2024-09-03,2024-09-04
2806,Taller: Big Data,300.0,2025-01-27,2025-01-30
2807,Taller: Telemetria,250.0,2026-02-14,2026-02-15
2808,Taller: Riesgos Industriales con IA,300.0,2023-09-08,2023-09-10
2809,Taller: IoT y Domotica,300.0,2025-06-14,2025-06-16
2810,Taller: Seguridad Industrial,300.0,2023-10-26,2023-10-28
2811,Taller: Telemetria,300.0,2026-01-17,2026-01-18
2812,Taller: Riesgos Industriales con IA,250.0,2025-11-02,2025-11-04
2813,Taller: Sistemas de Control,250.0,2024-08-04,2024-08-07
2814,Taller: Diseno de APIs REST,300.0,2026-02-27,2026-02-28
2815,Taller: IoT y Domotica,300.0,2026-04-09,2026-04-12
2816,Taller: Enrutamiento,450.0,2023-10-23,2023-10-26
2817,Taller: Criptografia,250.0,2023-09-01,2023-09-04
2818,Taller: Machine Learning,300.0,2023-11-11,2023-11-12
2819,Taller: Diseno de APIs REST,250.0,2025-09-28,2025-10-01
2820,Taller: Ingenieria de Software,250.0,2024-08-08,2024-08-11
2821,Taller: Ingenieria de Software,250.0,2025-06-16,2025-06-17
2822,Taller: Vision Artificial,450.0,2023-02-12,2023-02-13
2823,Taller: Vision Artificial,300.0,2025-08-09,2025-08-10
2824,Taller: Edge Computing,450.0,2023-08-30,2023-09-01
2825,Taller: Big Data,300.0,2023-10-25,2023-10-28
2826,Taller: Edge Computing,300.0,2025-12-04,2025-12-05
2827,Taller: Robotica Industrial,450.0,2024-01-30,2024-02-01
2828,Taller: Robotica Industrial,300.0,2024-09-15,2024-09-17
2829,Taller: Computacion Cuantica,450.0,2023-07-02,2023-07-03
2830,Taller: Microservicios,250.0,2026-03-25,2026-03-27
2831,Taller: Microservicios,450.0,2023-01-12,2023-01-13
2832,Taller: Sistemas de Control,300.0,2026-04-14,2026-04-16
2833,Taller: DevOps,450.0,2024-01-22,2024-01-23
2834,Taller: Blockchain,250.0,2025-05-08,2025-05-10
2835,Taller: IoT y Domotica,250.0,2023-08-20,2023-08-22
2836,Taller: Enrutamiento,450.0,2024-09-20,2024-09-21
2837,Taller: Sistemas Embebidos,250.0,2023-04-06,2023-04-08
2838,Taller: Modelos Probabilisticos,300.0,2024-05-31,2024-06-01
2839,Taller: Seguridad Industrial,450.0,2023-08-10,2023-08-13
2840,Taller: Diseno de APIs REST,300.0,2025-03-13,2025-03-14
2841,Taller: Ingenieria de Software,450.0,2023-08-23,2023-08-24
2842,Taller: Ingenieria de Software,450.0,2024-05-09,2024-05-12
2843,Taller: Bases de Datos,250.0,2026-03-16,2026-03-19
2844,Taller: Analisis Estadistico,250.0,2023-05-04,2023-05-07
2845,Taller: Bases de Datos,300.0,2024-02-04,2024-02-06
2846,Taller: Analisis Estadistico,300.0,2024-10-05,2024-10-06
2847,Taller: Mineria de Datos,450.0,2025-03-08,2025-03-11
2848,Taller: Robotica Industrial,250.0,2026-02-16,2026-02-17
2849,Taller: Robotica Industrial,300.0,2024-11-05,2024-11-08
2850,Taller: SO Distribuidos,250.0,2025-03-06,2025-03-09
2851,Taller: Cloud Computing,250.0,2025-04-13,2025-04-16
2852,Taller: IoT y Domotica,450.0,2025-11-04,2025-11-06
2853,Taller: Big Data,300.0,2024-03-10,2024-03-12
2854,Taller: Enrutamiento,450.0,2023-08-06,2023-08-09
2855,Taller: Riesgos Industriales con IA,250.0,2025-03-05,2025-03-06
2856,Taller: Realidad Aumentada,300.0,2025-03-19,2025-03-21
2857,Taller: Contenedores Docker,250.0,2023-05-16,2023-05-17
2858,Taller: Enrutamiento,250.0,2023-07-04,2023-07-05
2859,Taller: Criptografia,250.0,2025-10-02,2025-10-04
2860,Taller: Redes Fisicas,250.0,2025-10-02,2025-10-03
2861,Taller: IoT y Domotica,300.0,2024-05-23,2024-05-26
2862,Taller: Blockchain,450.0,2023-05-19,2023-05-20
2863,Taller: Enrutamiento,300.0,2025-05-21,2025-05-24
2864,Taller: Sistemas Embebidos,300.0,2024-02-25,2024-02-28
2865,Taller: Lenguaje Natural (NLP),450.0,2023-07-30,2023-08-02
2866,Taller: Algoritmos Predictivos,450.0,2023-04-08,2023-04-10
2867,Taller: Bases de Datos,250.0,2024-07-31,2024-08-02
2868,Taller: Computacion Cuantica,450.0,2024-10-18,2024-10-21
2869,Taller: Robotica Industrial,450.0,2023-06-19,2023-06-21
2870,Taller: Desarrollo Movil,250.0,2023-03-16,2023-03-17
2871,Taller: Seguridad Industrial,250.0,2024-10-01,2024-10-02
2872,Taller: Software Seguro,450.0,2024-03-02,2024-03-04
2873,Taller: Business Intelligence,300.0,2025-04-03,2025-04-06
2874,Taller: Optimizacion SQL,300.0,2025-09-14,2025-09-17
2875,Taller: Enrutamiento,300.0,2025-04-12,2025-04-13
2876,Taller: Riesgos Industriales con IA,450.0,2024-12-31,2025-01-02
2877,Taller: Pipelines ETL,250.0,2026-04-11,2026-04-12
2878,Taller: Desarrollo Movil,300.0,2023-04-07,2023-04-10
2879,Taller: Business Intelligence,300.0,2026-04-05,2026-04-07
2880,Taller: Algoritmos Predictivos,250.0,2024-08-26,2024-08-28
2881,Taller: Microservicios,300.0,2025-10-23,2025-10-24
2882,Taller: Redes Neuronales,300.0,2023-11-06,2023-11-09
2883,Taller: Pipelines ETL,450.0,2024-08-25,2024-08-26
2884,Taller: Modelos Probabilisticos,450.0,2023-06-10,2023-06-11
2885,Taller: Contenedores Docker,450.0,2024-09-23,2024-09-24
2886,Taller: Software Seguro,450.0,2025-04-19,2025-04-22
2887,Taller: Business Intelligence,450.0,2023-10-14,2023-10-17
2888,Taller: DevOps,300.0,2026-04-03,2026-04-05
2889,Taller: DevOps,450.0,2025-11-16,2025-11-18
2890,Taller: Contenedores Docker,450.0,2026-03-09,2026-03-12
2891,Taller: Sistemas de Control,450.0,2023-10-07,2023-10-09
2892,Taller: Bases de Datos,250.0,2024-12-19,2024-12-20
2893,Taller: Edge Computing,450.0,2024-07-04,2024-07-05
2894,Taller: Ciberseguridad,450.0,2025-08-18,2025-08-19
2895,Taller: Redes Neuronales,250.0,2025-08-02,2025-08-05
2896,Taller: Blockchain,250.0,2024-08-11,2024-08-13
2897,Taller: Sistemas de Control,300.0,2025-08-03,2025-08-04
2898,Taller: Robotica Industrial,450.0,2026-03-31,2026-04-02
2899,Taller: Backtesting de Algoritmos,450.0,2024-01-17,2024-01-19
2900,Taller: Pipelines ETL,300.0,2024-06-20,2024-06-22
2901,Taller: Lenguaje Natural (NLP),250.0,2025-07-18,2025-07-19
2902,Taller: Modelos Probabilisticos,300.0,2024-03-11,2024-03-13
2903,Taller: Vision Artificial,250.0,2024-09-15,2024-09-16
2904,Taller: Bases de Datos,250.0,2023-03-06,2023-03-07
2905,Taller: Edge Computing,300.0,2024-02-12,2024-02-13
2906,Taller: Big Data,450.0,2025-06-25,2025-06-28
2907,Taller: Backtesting de Algoritmos,450.0,2024-04-29,2024-04-30
2908,Taller: Cableado Estructurado,450.0,2024-06-22,2024-06-24
2909,Taller: Pipelines ETL,250.0,2024-09-23,2024-09-26
2910,Taller: Software Seguro,250.0,2025-06-07,2025-06-08
2911,Taller: Modelos Probabilisticos,450.0,2023-09-04,2023-09-06
2912,Taller: Desarrollo Movil,450.0,2026-01-09,2026-01-12
2913,Taller: Seguridad Industrial,300.0,2025-09-18,2025-09-20
2914,Taller: Enrutamiento,450.0,2023-05-23,2023-05-26
2915,Taller: Machine Learning,450.0,2023-01-29,2023-01-30
2916,Taller: Microservicios,250.0,2024-06-03,2024-06-06
2917,Taller: Criptografia,300.0,2024-12-11,2024-12-13
2918,Taller: Vision Artificial,250.0,2024-12-02,2024-12-04
2919,Taller: Software Seguro,450.0,2025-07-02,2025-07-05
2920,Taller: Automatizacion de Pruebas,250.0,2026-02-03,2026-02-06
2921,Taller: Blockchain,450.0,2023-11-08,2023-11-09
2922,Taller: Redes Neuronales,450.0,2024-06-27,2024-06-29
2923,Taller: Automatizacion de Pruebas,300.0,2025-03-09,2025-03-10
2924,Taller: Realidad Aumentada,450.0,2025-03-18,2025-03-19
2925,Taller: Desarrollo Movil,250.0,2025-01-16,2025-01-17
2926,Taller: Criptografia,450.0,2023-11-16,2023-11-18
2927,Taller: Microservicios,300.0,2025-02-12,2025-02-14
2928,Taller: Pipelines ETL,450.0,2024-12-16,2024-12-18
2929,Taller: Analisis Estadistico,300.0,2024-08-25,2024-08-28
2930,Taller: Software Seguro,450.0,2024-06-22,2024-06-24
2931,Taller: Lenguaje Natural (NLP),450.0,2024-06-19,2024-06-20
2932,Taller: Ciberseguridad,450.0,2024-07-22,2024-07-23
2933,Taller: Robotica Industrial,300.0,2024-11-10,2024-11-12
2934,Taller: Software Seguro,450.0,2023-03-18,2023-03-19
2935,Taller: Backtesting de Algoritmos,300.0,2024-07-27,2024-07-29
2936,Taller: Big Data,250.0,2023-09-20,2023-09-21
2937,Taller: Modelos Probabilisticos,250.0,2023-01-04,2023-01-05
2938,Taller: Computacion Cuantica,300.0,2026-03-14,2026-03-15
2939,Taller: DevOps,300.0,2023-07-19,2023-07-20
2940,Taller: Computacion Cuantica,300.0,2023-09-01,2023-09-02
2941,Taller: Optimizacion SQL,300.0,2023-11-19,2023-11-20
2942,Taller: Business Intelligence,450.0,2023-12-02,2023-12-04
2943,Taller: Big Data,300.0,2023-09-21,2023-09-24
2944,Taller: Edge Computing,450.0,2026-02-04,2026-02-05
2945,Taller: Modelos Probabilisticos,300.0,2025-01-30,2025-02-02
2946,Taller: Computacion Cuantica,300.0,2023-11-01,2023-11-04
2947,Taller: Microservicios,250.0,2025-05-20,2025-05-21
2948,Taller: Business Intelligence,300.0,2024-10-29,2024-11-01
2949,Taller: Modelos Probabilisticos,450.0,2026-03-14,2026-03-16
2950,Taller: Realidad Aumentada,250.0,2023-10-08,2023-10-09
2951,Taller: Vision Artificial,250.0,2024-06-20,2024-06-21
2952,Taller: Robotica Industrial,300.0,2023-07-26,2023-07-27
2953,Taller: Vision Artificial,250.0,2023-10-15,2023-10-16
2954,Taller: Redes Fisicas,300.0,2024-09-30,2024-10-01
2955,Taller: Business Intelligence,450.0,2025-04-03,2025-04-04
2956,Taller: Lenguaje Natural (NLP),250.0,2025-12-27,2025-12-30
2957,Taller: Criptografia,300.0,2023-08-17,2023-08-18
2958,Taller: Sistemas de Control,450.0,2024-05-13,2024-05-15
2959,Taller: Cloud Computing,250.0,2024-03-27,2024-03-30
2960,Taller: Bases de Datos,300.0,2023-07-13,2023-07-16
2961,Taller: SO Distribuidos,450.0,2025-09-14,2025-09-15
2962,Taller: Enrutamiento,450.0,2025-12-06,2025-12-07
2963,Taller: Computacion Cuantica,300.0,2023-12-10,2023-12-12
2964,Taller: Algoritmos Predictivos,250.0,2025-01-09,2025-01-10
2965,Taller: Business Intelligence,300.0,2023-08-12,2023-08-15
2966,Taller: Contenedores Docker,300.0,2025-09-18,2025-09-21
2967,Taller: Cloud Computing,300.0,2023-02-10,2023-02-13
2968,Taller: Software Seguro,300.0,2023-01-03,2023-01-04
2969,Taller: Contenedores Docker,300.0,2025-10-05,2025-10-08
2970,Taller: Pipelines ETL,250.0,2025-10-31,2025-11-01
2971,Taller: Edge Computing,300.0,2024-01-02,2024-01-04
2972,Taller: Optimizacion SQL,450.0,2024-02-03,2024-02-06
2973,Taller: Enrutamiento,450.0,2025-11-03,2025-11-06
2974,Taller: Software Seguro,250.0,2024-07-29,2024-07-30
2975,Taller: Sistemas Embebidos,300.0,2025-03-10,2025-03-11
2976,Taller: Desarrollo Movil,300.0,2023-10-05,2023-10-06
2977,Taller: Bases de Datos,300.0,2025-08-11,2025-08-12
2978,Taller: Blockchain,250.0,2025-03-01,2025-03-02
2979,Taller: Microservicios,250.0,2024-03-10,2024-03-11
2980,Taller: Algoritmos Predictivos,250.0,2025-09-23,2025-09-26
2981,Taller: IoT y Domotica,250.0,2023-03-16,2023-03-17
2982,Taller: Microservicios,450.0,2026-04-29,2026-05-02
2983,Taller: Desarrollo Movil,450.0,2024-03-26,2024-03-27
2984,Taller: Redes Neuronales,300.0,2024-11-16,2024-11-18
2985,Taller: Software Seguro,450.0,2023-01-02,2023-01-04
2986,Taller: Edge Computing,300.0,2023-05-03,2023-05-06
2987,Taller: Cableado Estructurado,250.0,2024-04-13,2024-04-16
2988,Taller: Blockchain,300.0,2026-04-25,2026-04-27
2989,Taller: Desarrollo Movil,450.0,2026-01-27,2026-01-28
2990,Taller: Machine Learning,450.0,2026-04-13,2026-04-16
2991,Taller: Backtesting de Algoritmos,250.0,2025-05-30,2025-06-01
2992,Taller: Software Seguro,300.0,2025-12-16,2025-12-17
2993,Taller: Riesgos Industriales con IA,250.0,2025-01-01,2025-01-03
2994,Taller: Modelos Probabilisticos,250.0,2024-09-02,2024-09-03
2995,Taller: Riesgos Industriales con IA,450.0,2025-03-15,2025-03-18
2996,Taller: Pipelines ETL,450.0,2024-12-25,2024-12-26
2997,Taller: Ingenieria de Software,250.0,2025-10-03,2025-10-06
2998,Taller: Edge Computing,450.0,2025-06-28,2025-06-30
2999,Taller: Redes Neuronales,450.0,2025-02-26,2025-03-01
3000,Taller: Pipelines ETL,450.0,2025-05-17,2025-05-19
